=== stool ===
775380992 | 455948     87 python3 292952     86 rviz2 176876     80 joint_state_pub 132660     89 snp_motion_plan 
775704576 | 455948     87 python3 292964     86 rviz2 176876     80 joint_state_pub 132660     89 snp_motion_plan 
775905280 | 455948     87 python3 293096     86 rviz2 176876     80 joint_state_pub 132660     89 snp_motion_plan 
775626752 | 455948     87 python3 293108     86 rviz2 176876     80 joint_state_pub 132660     89 snp_motion_plan 
776073216 | 456012     87 python3 293112     86 rviz2 176880     80 joint_state_pub 132660     89 snp_motion_plan 
776187904 | 456012     87 python3 293116     86 rviz2 176880     80 joint_state_pub 132660     89 snp_motion_plan 
775921664 | 456012     87 python3 293116     86 rviz2 176880     80 joint_state_pub 132660     89 snp_motion_plan 
776790016 | 456012     87 python3 293748     86 rviz2 176880     80 joint_state_pub 132660     89 snp_motion_plan 
776536064 | 456012     87 python3 293768     86 rviz2 176880     80 joint_state_pub 132660     89 snp_motion_plan 
776970240 | 456012     87 python3 293772     86 rviz2 176880     80 joint_state_pub 132660     89 snp_motion_plan 
784105472 | 456012     87 python3 293776     86 rviz2 176880     80 joint_state_pub 132660     89 snp_motion_plan 
784310272 | 456012     87 python3 293784     86 rviz2 176880     80 joint_state_pub 132660     89 snp_motion_plan 
784101376 | 456012     87 python3 293804     86 rviz2 176880     80 joint_state_pub 132660     89 snp_motion_plan 
777805824 | 456012     87 python3 293808     86 rviz2 176884     80 joint_state_pub 132660     89 snp_motion_plan 
785039360 | 456012     87 python3 293816     86 rviz2 176884     80 joint_state_pub 132660     89 snp_motion_plan 
793157632 | 456012     87 python3 293820     86 rviz2 176884     80 joint_state_pub 132660     89 snp_motion_plan 
816721920 | 456320     87 python3 294048     86 rviz2 177168     80 joint_state_pub 132952     89 snp_motion_plan 
819101696 | 456328     87 python3 294120     86 rviz2 177172     80 joint_state_pub 132960     89 snp_motion_plan 
818974720 | 456328     87 python3 294124     86 rviz2 177172     80 joint_state_pub 132960     89 snp_motion_plan 
819027968 | 456328     87 python3 294128     86 rviz2 177172     80 joint_state_pub 132960     89 snp_motion_plan 
819183616 | 456328     87 python3 294128     86 rviz2 177172     80 joint_state_pub 132960     89 snp_motion_plan 
818917376 | 456328     87 python3 294132     86 rviz2 177172     80 joint_state_pub 132960     89 snp_motion_plan 
828420096 | 456332     87 python3 294140     86 rviz2 177180     80 joint_state_pub 133944     89 snp_motion_plan 
842031104 | 456332     87 python3 294144     86 rviz2 177180     80 joint_state_pub 146124     89 snp_motion_plan 
1040633856 | 456332     87 python3 347468     89 snp_motion_plan 294144     86 rviz2 177180     80 joint_state_pub 
1264128000 | 566268     89 snp_motion_plan 456332     87 python3 294148     86 rviz2 177184     80 joint_state_pub 
1496535040 | 793964     89 snp_motion_plan 456332     87 python3 294148     86 rviz2 177184     80 joint_state_pub 
1728688128 | 1019388    89 snp_motion_plan 456332     87 python3 294148     86 rviz2 177184     80 joint_state_pub 
1947930624 | 1231880    89 snp_motion_plan 456332     87 python3 294148     86 rviz2 177184     80 joint_state_pub 
2065715200 | 1347396    89 snp_motion_plan 456332     87 python3 294124     86 rviz2 177188     80 joint_state_pub 
2183028736 | 1456780    89 snp_motion_plan 455428     87 python3 293904     86 rviz2 174964     80 joint_state_pub 
2400772096 | 1667548    89 snp_motion_plan 433504     87 python3 290496     86 rviz2 174408     80 joint_state_pub 
2599104512 | 1828672    89 snp_motion_plan 358276     87 python3 201144     86 rviz2 131812     80 joint_state_pub 
2809946112 | 2006056    89 snp_motion_plan 274172     87 python3 133456     86 rviz2 86648      80 joint_state_pub 
2996183040 | 2180768    89 snp_motion_plan 261776     87 python3 117980     86 rviz2 79420      80 joint_state_pub 
3175538688 | 2352864    89 snp_motion_plan 256240     87 python3 113324     86 rviz2 74632      80 joint_state_pub 
2363150336 | 256240     87 python3 112804     86 rviz2 74636      80 joint_state_pub 55472      58 ros2 
781668352 | 256240     87 python3 113312     86 rviz2 74636      80 joint_state_pub 56076      58 ros2 
781893632 | 256240     87 python3 113360     86 rviz2 74640      80 joint_state_pub 56076      58 ros2 
781799424 | 256240     87 python3 113360     86 rviz2 74640      80 joint_state_pub 56076      58 ros2 
782176256 | 256240     87 python3 113360     86 rviz2 74592      80 joint_state_pub 56076      58 ros2 
781983744 | 256240     87 python3 113360     86 rviz2 74592      80 joint_state_pub 56076      58 ros2 
782290944 | 256240     87 python3 113360     86 rviz2 74592      80 joint_state_pub 56076      58 ros2 
782381056 | 256240     87 python3 113376     86 rviz2 74592      80 joint_state_pub 56076      58 ros2 
782782464 | 256240     87 python3 113376     86 rviz2 74592      80 joint_state_pub 56076      58 ros2 
782520320 | 256240     87 python3 113376     86 rviz2 74592      80 joint_state_pub 56076      58 ros2 
785174528 | 256240     87 python3 113280     86 rviz2 74492      80 joint_state_pub 56076      58 ros2 
785563648 | 256240     87 python3 113280     86 rviz2 74492      80 joint_state_pub 56076      58 ros2 
785371136 | 256240     87 python3 113280     86 rviz2 74492      80 joint_state_pub 56076      58 ros2 
785633280 | 256240     87 python3 113280     86 rviz2 74492      80 joint_state_pub 56076      58 ros2 
785502208 | 256240     87 python3 113280     86 rviz2 74492      80 joint_state_pub 56076      58 ros2 
785690624 | 256152     87 python3 113280     86 rviz2 74492      80 joint_state_pub 56076      58 ros2 
797663232 | 256152     87 python3 118392     86 rviz2 74492      80 joint_state_pub 56856      58 ros2 
799756288 | 256152     87 python3 118392     86 rviz2 74492      80 joint_state_pub 56856      58 ros2 
808624128 | 256104     87 python3 118392     86 rviz2 74492      80 joint_state_pub 56856      58 ros2 
808259584 | 256104     87 python3 118392     86 rviz2 74492      80 joint_state_pub 56856      58 ros2 
808898560 | 256104     87 python3 118392     86 rviz2 74492      80 joint_state_pub 56856      58 ros2 
808587264 | 256104     87 python3 118344     86 rviz2 74496      80 joint_state_pub 56756      58 ros2 
808656896 | 256104     87 python3 118344     86 rviz2 74496      80 joint_state_pub 56756      58 ros2 
808566784 | 256104     87 python3 118344     86 rviz2 75364      80 joint_state_pub 56720      58 ros2 
807768064 | 256104     87 python3 118344     86 rviz2 75364      80 joint_state_pub 56720      58 ros2 
808226816 | 256104     87 python3 118344     86 rviz2 75364      80 joint_state_pub 56720      58 ros2 
808038400 | 256104     87 python3 118344     86 rviz2 75364      80 joint_state_pub 56720      58 ros2 
807731200 | 256104     87 python3 118344     86 rviz2 75364      80 joint_state_pub 56720      58 ros2 
807763968 | 256104     87 python3 118344     86 rviz2 75364      80 joint_state_pub 56720      58 ros2 
807686144 | 256104     87 python3 118344     86 rviz2 75364      80 joint_state_pub 56720      58 ros2 
808022016 | 256104     87 python3 118344     86 rviz2 75364      80 joint_state_pub 56720      58 ros2 
807997440 | 256104     87 python3 118344     86 rviz2 75364      80 joint_state_pub 56720      58 ros2 
808075264 | 256104     87 python3 118344     86 rviz2 75364      80 joint_state_pub 56720      58 ros2 
808144896 | 256104     87 python3 118348     86 rviz2 75364      80 joint_state_pub 56720      58 ros2 
808464384 | 256104     87 python3 118348     86 rviz2 75364      80 joint_state_pub 56720      58 ros2 
807940096 | 256104     87 python3 118348     86 rviz2 75368      80 joint_state_pub 56720      58 ros2 
807796736 | 256960     87 python3 118348     86 rviz2 75368      80 joint_state_pub 56720      58 ros2 
807890944 | 256960     87 python3 118348     86 rviz2 75368      80 joint_state_pub 56720      58 ros2 
807661568 | 256960     87 python3 118348     86 rviz2 75368      80 joint_state_pub 56720      58 ros2 
808071168 | 256960     87 python3 118348     86 rviz2 75368      80 joint_state_pub 56720      58 ros2 
807784448 | 256960     87 python3 118348     86 rviz2 75368      80 joint_state_pub 56720      58 ros2 
808050688 | 256960     87 python3 118348     86 rviz2 75368      80 joint_state_pub 56720      58 ros2 
807731200 | 256960     87 python3 118348     86 rviz2 75368      80 joint_state_pub 56720      58 ros2 
807915520 | 256960     87 python3 118348     86 rviz2 75368      80 joint_state_pub 56720      58 ros2 
807849984 | 256960     87 python3 118348     86 rviz2 75368      80 joint_state_pub 56720      58 ros2 
808198144 | 256960     87 python3 118348     86 rviz2 75368      80 joint_state_pub 56720      58 ros2 
808013824 | 256960     87 python3 118348     86 rviz2 75368      80 joint_state_pub 56720      58 ros2 
808067072 | 256960     87 python3 118348     86 rviz2 75368      80 joint_state_pub 56720      58 ros2 
807915520 | 256960     87 python3 118348     86 rviz2 75368      80 joint_state_pub 56720      58 ros2 
808214528 | 256960     87 python3 118348     86 rviz2 75368      80 joint_state_pub 56720      58 ros2 
808054784 | 256960     87 python3 118348     86 rviz2 75368      80 joint_state_pub 56720      58 ros2 
807620608 | 256960     87 python3 118348     86 rviz2 75368      80 joint_state_pub 56720      58 ros2 
807686144 | 256960     87 python3 118348     86 rviz2 75368      80 joint_state_pub 56720      58 ros2 
807919616 | 256960     87 python3 118348     86 rviz2 75368      80 joint_state_pub 56720      58 ros2 
807747584 | 256960     87 python3 118348     86 rviz2 75368      80 joint_state_pub 56720      58 ros2 
807899136 | 256960     87 python3 118348     86 rviz2 75368      80 joint_state_pub 56720      58 ros2 
808087552 | 256960     87 python3 118348     86 rviz2 75368      80 joint_state_pub 56720      58 ros2 
807854080 | 256960     87 python3 118348     86 rviz2 75368      80 joint_state_pub 56720      58 ros2 
807993344 | 256960     87 python3 118348     86 rviz2 75368      80 joint_state_pub 56720      58 ros2 
808263680 | 256960     87 python3 118348     86 rviz2 75368      80 joint_state_pub 56720      58 ros2 
807735296 | 256960     87 python3 118348     86 rviz2 75368      80 joint_state_pub 56720      58 ros2 
807866368 | 256960     87 python3 118348     86 rviz2 75368      80 joint_state_pub 56720      58 ros2 
807628800 | 256960     87 python3 118348     86 rviz2 75368      80 joint_state_pub 56720      58 ros2 
808284160 | 256960     87 python3 118348     86 rviz2 75368      80 joint_state_pub 56720      58 ros2 
807759872 | 256960     87 python3 118104     86 rviz2 75368      80 joint_state_pub 56720      58 ros2 
807600128 | 256960     87 python3 118104     86 rviz2 75368      80 joint_state_pub 56720      58 ros2 
807669760 | 256960     87 python3 118104     86 rviz2 75368      80 joint_state_pub 56720      58 ros2 
807940096 | 256960     87 python3 118104     86 rviz2 75368      80 joint_state_pub 56720      58 ros2 
807800832 | 256960     87 python3 118104     86 rviz2 75368      80 joint_state_pub 56720      58 ros2 
808202240 | 256960     87 python3 118104     86 rviz2 75604      80 joint_state_pub 56720      58 ros2 
808132608 | 256960     87 python3 118104     86 rviz2 75604      80 joint_state_pub 56720      58 ros2 
808206336 | 256960     87 python3 118104     86 rviz2 75604      80 joint_state_pub 56720      58 ros2 
808177664 | 256960     87 python3 118104     86 rviz2 75604      80 joint_state_pub 56720      58 ros2 
808255488 | 256960     87 python3 118104     86 rviz2 75604      80 joint_state_pub 56720      58 ros2 
808210432 | 256960     87 python3 118104     86 rviz2 75604      80 joint_state_pub 56720      58 ros2 
808534016 | 256960     87 python3 118104     86 rviz2 75604      80 joint_state_pub 56720      58 ros2 
807972864 | 256960     87 python3 118104     86 rviz2 75604      80 joint_state_pub 56720      58 ros2 
808189952 | 256960     87 python3 118104     86 rviz2 75604      80 joint_state_pub 56720      58 ros2 
808022016 | 256960     87 python3 118104     86 rviz2 75604      80 joint_state_pub 56720      58 ros2 
808017920 | 256960     87 python3 118104     86 rviz2 75604      80 joint_state_pub 56720      58 ros2 
808448000 | 256960     87 python3 118104     86 rviz2 75604      80 joint_state_pub 56720      58 ros2 
808185856 | 256960     87 python3 118104     86 rviz2 75604      80 joint_state_pub 56720      58 ros2 
808689664 | 256960     87 python3 118104     86 rviz2 75604      80 joint_state_pub 56720      58 ros2 
808013824 | 256960     87 python3 118104     86 rviz2 75608      80 joint_state_pub 56720      58 ros2 
808030208 | 256960     87 python3 118104     86 rviz2 75608      80 joint_state_pub 56720      58 ros2 
808153088 | 256960     87 python3 118104     86 rviz2 75608      80 joint_state_pub 56720      58 ros2 
808243200 | 256960     87 python3 118104     86 rviz2 75608      80 joint_state_pub 56720      58 ros2 
808017920 | 256960     87 python3 118104     86 rviz2 75608      80 joint_state_pub 56720      58 ros2 
808230912 | 256960     87 python3 118104     86 rviz2 75608      80 joint_state_pub 56720      58 ros2 
808382464 | 256960     87 python3 118104     86 rviz2 75608      80 joint_state_pub 56720      58 ros2 
810188800 | 258596     87 python3 119512     86 rviz2 77364      80 joint_state_pub 58176      58 ros2 
810024960 | 258596     87 python3 119512     86 rviz2 77364      80 joint_state_pub 58176      58 ros2 
809738240 | 258596     87 python3 119512     86 rviz2 77364      80 joint_state_pub 58176      58 ros2 
810147840 | 258596     87 python3 119512     86 rviz2 77364      80 joint_state_pub 58176      58 ros2 
809783296 | 258596     87 python3 119512     86 rviz2 77364      80 joint_state_pub 58176      58 ros2 
809701376 | 258596     87 python3 119512     86 rviz2 77364      80 joint_state_pub 58176      58 ros2 
809750528 | 258596     87 python3 119512     86 rviz2 77364      80 joint_state_pub 58176      58 ros2 
809762816 | 258596     87 python3 119512     86 rviz2 77364      80 joint_state_pub 58176      58 ros2 
809771008 | 258596     87 python3 119512     86 rviz2 77364      80 joint_state_pub 58176      58 ros2 
809738240 | 258596     87 python3 119512     86 rviz2 77364      80 joint_state_pub 58176      58 ros2 
809701376 | 258596     87 python3 119512     86 rviz2 77364      80 joint_state_pub 58176      58 ros2 
809631744 | 258596     87 python3 119512     86 rviz2 77364      80 joint_state_pub 58176      58 ros2 
809840640 | 258596     87 python3 119512     86 rviz2 77364      80 joint_state_pub 58176      58 ros2 
810074112 | 258596     87 python3 119512     86 rviz2 77364      80 joint_state_pub 58176      58 ros2 
810627072 | 258596     87 python3 119512     86 rviz2 77364      80 joint_state_pub 58176      58 ros2 
809873408 | 258596     87 python3 119512     86 rviz2 77364      80 joint_state_pub 58176      58 ros2 
810180608 | 258596     87 python3 119512     86 rviz2 77364      80 joint_state_pub 58176      58 ros2 
809660416 | 258596     87 python3 119512     86 rviz2 77364      80 joint_state_pub 58176      58 ros2 
809750528 | 258596     87 python3 119512     86 rviz2 77364      80 joint_state_pub 58176      58 ros2 
809783296 | 258596     87 python3 119512     86 rviz2 77364      80 joint_state_pub 58176      58 ros2 
809709568 | 258596     87 python3 119512     86 rviz2 77364      80 joint_state_pub 58176      58 ros2 
810160128 | 258596     87 python3 119512     86 rviz2 77364      80 joint_state_pub 58176      58 ros2 
809672704 | 258596     87 python3 119512     86 rviz2 77364      80 joint_state_pub 58176      58 ros2 
809861120 | 258596     87 python3 119512     86 rviz2 77364      80 joint_state_pub 58176      58 ros2 
809984000 | 258596     87 python3 119512     86 rviz2 77364      80 joint_state_pub 58176      58 ros2 
809955328 | 258596     87 python3 119512     86 rviz2 77364      80 joint_state_pub 58176      58 ros2 
810188800 | 258596     87 python3 119512     86 rviz2 77364      80 joint_state_pub 58176      58 ros2 
809713664 | 258596     87 python3 119512     86 rviz2 77364      80 joint_state_pub 58176      58 ros2 
809820160 | 258596     87 python3 119512     86 rviz2 77364      80 joint_state_pub 58176      58 ros2 
809779200 | 258596     87 python3 119512     86 rviz2 77364      80 joint_state_pub 58176      58 ros2 
809668608 | 258596     87 python3 119512     86 rviz2 77364      80 joint_state_pub 58176      58 ros2 
818958336 | 258596     87 python3 124620     86 rviz2 77512      80 joint_state_pub 58176      58 ros2 
820936704 | 258596     87 python3 126256     86 rviz2 77512      80 joint_state_pub 58176      58 ros2 
820768768 | 258596     87 python3 126256     86 rviz2 77512      80 joint_state_pub 58176      58 ros2 
821026816 | 258596     87 python3 126256     86 rviz2 77512      80 joint_state_pub 58176      58 ros2 
820781056 | 258596     87 python3 126256     86 rviz2 77512      80 joint_state_pub 58176      58 ros2 
821022720 | 258596     87 python3 126256     86 rviz2 77512      80 joint_state_pub 58176      58 ros2 
824664064 | 258596     87 python3 128596     86 rviz2 77512      80 joint_state_pub 58176      58 ros2 
824246272 | 258596     87 python3 128596     86 rviz2 77512      80 joint_state_pub 58176      58 ros2 
824619008 | 258596     87 python3 128740     86 rviz2 77512      80 joint_state_pub 58176      58 ros2 
825147392 | 258596     87 python3 129112     86 rviz2 77596      80 joint_state_pub 58176      58 ros2 
825434112 | 258596     87 python3 129112     86 rviz2 77596      80 joint_state_pub 58176      58 ros2 
825094144 | 258596     87 python3 129512     86 rviz2 77596      80 joint_state_pub 58176      58 ros2 
826343424 | 258596     87 python3 129512     86 rviz2 77596      80 joint_state_pub 58176      58 ros2 
827408384 | 258596     87 python3 130532     86 rviz2 77596      80 joint_state_pub 58176      58 ros2 
830550016 | 258596     87 python3 132948     86 rviz2 77596      80 joint_state_pub 58176      58 ros2 
830889984 | 258596     87 python3 133364     86 rviz2 77596      80 joint_state_pub 58176      58 ros2 
830873600 | 258596     87 python3 133364     86 rviz2 77596      80 joint_state_pub 58176      58 ros2 
831090688 | 258596     87 python3 133364     86 rviz2 77596      80 joint_state_pub 58176      58 ros2 
831320064 | 258596     87 python3 133364     86 rviz2 77596      80 joint_state_pub 58176      58 ros2 
831246336 | 258596     87 python3 133436     86 rviz2 77596      80 joint_state_pub 58176      58 ros2 
831115264 | 258596     87 python3 133584     86 rviz2 77596      80 joint_state_pub 58176      58 ros2 
831361024 | 258596     87 python3 133688     86 rviz2 77596      80 joint_state_pub 58176      58 ros2 
830967808 | 258596     87 python3 133688     86 rviz2 77596      80 joint_state_pub 58176      58 ros2 
831414272 | 258596     87 python3 133688     86 rviz2 77596      80 joint_state_pub 58176      58 ros2 
831205376 | 258596     87 python3 133688     86 rviz2 77596      80 joint_state_pub 58176      58 ros2 
830939136 | 258596     87 python3 133688     86 rviz2 77596      80 joint_state_pub 58176      58 ros2 
834551808 | 258596     87 python3 137192     86 rviz2 77596      80 joint_state_pub 58176      58 ros2 
835076096 | 258596     87 python3 137192     86 rviz2 77596      80 joint_state_pub 58176      58 ros2 
834793472 | 258596     87 python3 137192     86 rviz2 77596      80 joint_state_pub 58176      58 ros2 
834551808 | 258596     87 python3 137192     86 rviz2 77596      80 joint_state_pub 58176      58 ros2 
835219456 | 258596     87 python3 137192     86 rviz2 77596      80 joint_state_pub 58176      58 ros2 
835518464 | 258596     87 python3 137880     86 rviz2 77596      80 joint_state_pub 58176      58 ros2 
835411968 | 258596     87 python3 137880     86 rviz2 77596      80 joint_state_pub 58176      58 ros2 
835407872 | 258596     87 python3 137880     86 rviz2 77596      80 joint_state_pub 58176      58 ros2 
835489792 | 258596     87 python3 137880     86 rviz2 77596      80 joint_state_pub 58176      58 ros2 
835756032 | 258596     87 python3 137880     86 rviz2 77596      80 joint_state_pub 58176      58 ros2 
835293184 | 258596     87 python3 137880     86 rviz2 77596      80 joint_state_pub 58176      58 ros2 
835555328 | 258596     87 python3 137880     86 rviz2 77596      80 joint_state_pub 58176      58 ros2 
835551232 | 258596     87 python3 137880     86 rviz2 77596      80 joint_state_pub 58176      58 ros2 
835473408 | 258596     87 python3 137880     86 rviz2 77596      80 joint_state_pub 58176      58 ros2 
835514368 | 258596     87 python3 137880     86 rviz2 77596      80 joint_state_pub 58176      58 ros2 
835440640 | 258596     87 python3 137880     86 rviz2 77596      80 joint_state_pub 58176      58 ros2 
835485696 | 258596     87 python3 137880     86 rviz2 77596      80 joint_state_pub 58176      58 ros2 
835854336 | 258596     87 python3 137880     86 rviz2 77596      80 joint_state_pub 58176      58 ros2 
835395584 | 258596     87 python3 137880     86 rviz2 77596      80 joint_state_pub 58176      58 ros2 
835702784 | 258596     87 python3 137992     86 rviz2 77596      80 joint_state_pub 58176      58 ros2 
835989504 | 258596     87 python3 138104     86 rviz2 77596      80 joint_state_pub 58176      58 ros2 
835608576 | 258596     87 python3 138104     86 rviz2 77596      80 joint_state_pub 58176      58 ros2 
836026368 | 258596     87 python3 138104     86 rviz2 77596      80 joint_state_pub 58176      58 ros2 
835481600 | 258596     87 python3 138104     86 rviz2 77596      80 joint_state_pub 58176      58 ros2 
835821568 | 258596     87 python3 138104     86 rviz2 77596      80 joint_state_pub 58176      58 ros2 
835489792 | 258596     87 python3 138104     86 rviz2 77596      80 joint_state_pub 58176      58 ros2 
835538944 | 258596     87 python3 138104     86 rviz2 77596      80 joint_state_pub 58176      58 ros2 
835829760 | 258596     87 python3 138180     86 rviz2 77596      80 joint_state_pub 58176      58 ros2 
835796992 | 258596     87 python3 138180     86 rviz2 77596      80 joint_state_pub 58176      58 ros2 
835829760 | 258596     87 python3 138180     86 rviz2 77596      80 joint_state_pub 58176      58 ros2 
835559424 | 258596     87 python3 138180     86 rviz2 77596      80 joint_state_pub 58176      58 ros2 
835710976 | 258596     87 python3 138180     86 rviz2 77596      80 joint_state_pub 58176      58 ros2 
835833856 | 258596     87 python3 138180     86 rviz2 77596      80 joint_state_pub 58176      58 ros2 
835837952 | 258596     87 python3 138180     86 rviz2 77596      80 joint_state_pub 58176      58 ros2 
841326592 | 258596     87 python3 139604     86 rviz2 77596      80 joint_state_pub 58176      58 ros2 
865271808 | 258596     87 python3 145256     86 rviz2 77596      80 joint_state_pub 58176      58 ros2 
865079296 | 258596     87 python3 145360     86 rviz2 77596      80 joint_state_pub 58176      58 ros2 
865181696 | 258596     87 python3 145360     86 rviz2 77596      80 joint_state_pub 58176      58 ros2 
866263040 | 258596     87 python3 145996     86 rviz2 77596      80 joint_state_pub 58176      58 ros2 
865824768 | 258596     87 python3 145996     86 rviz2 77596      80 joint_state_pub 58176      58 ros2 
866091008 | 258596     87 python3 145996     86 rviz2 77596      80 joint_state_pub 58176      58 ros2 
865742848 | 258596     87 python3 145996     86 rviz2 77596      80 joint_state_pub 58176      58 ros2 
865837056 | 258596     87 python3 145996     86 rviz2 77596      80 joint_state_pub 58176      58 ros2 
865812480 | 258596     87 python3 145996     86 rviz2 77596      80 joint_state_pub 58176      58 ros2 
865898496 | 258596     87 python3 146144     86 rviz2 77596      80 joint_state_pub 58176      58 ros2 
866181120 | 258596     87 python3 146144     86 rviz2 77596      80 joint_state_pub 58176      58 ros2 
866013184 | 258596     87 python3 146144     86 rviz2 77596      80 joint_state_pub 58176      58 ros2 
866066432 | 258596     87 python3 146144     86 rviz2 77596      80 joint_state_pub 58176      58 ros2 
866000896 | 258596     87 python3 146144     86 rviz2 77596      80 joint_state_pub 58176      58 ros2 
866308096 | 258596     87 python3 146144     86 rviz2 77596      80 joint_state_pub 58176      58 ros2 
866287616 | 258596     87 python3 146144     86 rviz2 77596      80 joint_state_pub 58176      58 ros2 
866029568 | 258596     87 python3 146144     86 rviz2 77596      80 joint_state_pub 58176      58 ros2 
865800192 | 258596     87 python3 146144     86 rviz2 77596      80 joint_state_pub 58176      58 ros2 
866041856 | 258596     87 python3 146144     86 rviz2 77596      80 joint_state_pub 58176      58 ros2 
866332672 | 258596     87 python3 146144     86 rviz2 77596      80 joint_state_pub 58176      58 ros2 
866066432 | 258596     87 python3 146144     86 rviz2 77596      80 joint_state_pub 58176      58 ros2 
866115584 | 258596     87 python3 146144     86 rviz2 77596      80 joint_state_pub 58176      58 ros2 
865816576 | 258596     87 python3 146144     86 rviz2 77596      80 joint_state_pub 58176      58 ros2 
866267136 | 258596     87 python3 146144     86 rviz2 77596      80 joint_state_pub 58176      58 ros2 
865763328 | 258596     87 python3 146144     86 rviz2 77596      80 joint_state_pub 58176      58 ros2 
866074624 | 258596     87 python3 146144     86 rviz2 77596      80 joint_state_pub 58176      58 ros2 
865988608 | 258596     87 python3 146264     86 rviz2 77596      80 joint_state_pub 58176      58 ros2 
866664448 | 258596     87 python3 146264     86 rviz2 77596      80 joint_state_pub 58176      58 ros2 
866459648 | 258596     87 python3 146264     86 rviz2 77596      80 joint_state_pub 58176      58 ros2 
866816000 | 258596     87 python3 146804     86 rviz2 77596      80 joint_state_pub 58176      58 ros2 
867061760 | 258596     87 python3 146804     86 rviz2 77596      80 joint_state_pub 58176      58 ros2 
866992128 | 258596     87 python3 146804     86 rviz2 77596      80 joint_state_pub 58176      58 ros2 
866828288 | 258596     87 python3 146804     86 rviz2 77596      80 joint_state_pub 58176      58 ros2 
866729984 | 258596     87 python3 146804     86 rviz2 77596      80 joint_state_pub 58176      58 ros2 
866873344 | 258596     87 python3 146808     86 rviz2 77596      80 joint_state_pub 58176      58 ros2 
867303424 | 258596     87 python3 146808     86 rviz2 77596      80 joint_state_pub 58176      58 ros2 
866750464 | 258596     87 python3 146808     86 rviz2 77596      80 joint_state_pub 58176      58 ros2 
866734080 | 258596     87 python3 146808     86 rviz2 77596      80 joint_state_pub 58176      58 ros2 
866992128 | 258596     87 python3 146808     86 rviz2 77596      80 joint_state_pub 58176      58 ros2 
866729984 | 258596     87 python3 146808     86 rviz2 77596      80 joint_state_pub 58176      58 ros2 
866918400 | 258596     87 python3 146808     86 rviz2 77596      80 joint_state_pub 58176      58 ros2 
866852864 | 258596     87 python3 146808     86 rviz2 77596      80 joint_state_pub 58176      58 ros2 
867037184 | 258596     87 python3 146808     86 rviz2 77596      80 joint_state_pub 58176      58 ros2 
867004416 | 258596     87 python3 146808     86 rviz2 77596      80 joint_state_pub 58176      58 ros2 
867041280 | 258596     87 python3 146808     86 rviz2 77596      80 joint_state_pub 58176      58 ros2 
866975744 | 258596     87 python3 146808     86 rviz2 77596      80 joint_state_pub 58176      58 ros2 
866811904 | 258596     87 python3 146808     86 rviz2 77596      80 joint_state_pub 58176      58 ros2 
867131392 | 258596     87 python3 146808     86 rviz2 77596      80 joint_state_pub 58176      58 ros2 
866725888 | 258596     87 python3 146808     86 rviz2 77596      80 joint_state_pub 58176      58 ros2 
867516416 | 258596     87 python3 146808     86 rviz2 77596      80 joint_state_pub 58176      58 ros2 
866992128 | 258596     87 python3 146808     86 rviz2 77596      80 joint_state_pub 58176      58 ros2 
866959360 | 258596     87 python3 146808     86 rviz2 77596      80 joint_state_pub 58176      58 ros2 
866734080 | 258596     87 python3 146808     86 rviz2 77596      80 joint_state_pub 58176      58 ros2 
867000320 | 258596     87 python3 146808     86 rviz2 77596      80 joint_state_pub 58176      58 ros2 
867094528 | 258596     87 python3 146808     86 rviz2 77596      80 joint_state_pub 58176      58 ros2 
867135488 | 258596     87 python3 146808     86 rviz2 77596      80 joint_state_pub 58176      58 ros2 
866729984 | 258596     87 python3 146808     86 rviz2 77596      80 joint_state_pub 58176      58 ros2 
866996224 | 258596     87 python3 146808     86 rviz2 77596      80 joint_state_pub 58176      58 ros2 
867176448 | 258596     87 python3 146808     86 rviz2 77596      80 joint_state_pub 58176      58 ros2 
866770944 | 258596     87 python3 146808     86 rviz2 77596      80 joint_state_pub 58176      58 ros2 
866770944 | 258596     87 python3 146808     86 rviz2 77596      80 joint_state_pub 58176      58 ros2 
867155968 | 258596     87 python3 146808     86 rviz2 77596      80 joint_state_pub 58176      58 ros2 
867196928 | 258596     87 python3 146808     86 rviz2 77596      80 joint_state_pub 58176      58 ros2 
866996224 | 258596     87 python3 146808     86 rviz2 77596      80 joint_state_pub 58176      58 ros2 
867000320 | 258596     87 python3 146808     86 rviz2 77596      80 joint_state_pub 58176      58 ros2 
867258368 | 258596     87 python3 146808     86 rviz2 77596      80 joint_state_pub 58176      58 ros2 
866762752 | 258596     87 python3 146808     86 rviz2 77596      80 joint_state_pub 58176      58 ros2 
867000320 | 258596     87 python3 146808     86 rviz2 77596      80 joint_state_pub 58176      58 ros2 
866611200 | 258596     87 python3 146808     86 rviz2 77596      80 joint_state_pub 58176      58 ros2 
866770944 | 258596     87 python3 146808     86 rviz2 77596      80 joint_state_pub 58176      58 ros2 
867020800 | 258596     87 python3 146808     86 rviz2 77596      80 joint_state_pub 58176      58 ros2 
867016704 | 258596     87 python3 146808     86 rviz2 77596      80 joint_state_pub 58176      58 ros2 
867008512 | 258596     87 python3 146808     86 rviz2 77596      80 joint_state_pub 58176      58 ros2 
866996224 | 258596     87 python3 146808     86 rviz2 77596      80 joint_state_pub 58176      58 ros2 
866799616 | 258596     87 python3 146808     86 rviz2 77596      80 joint_state_pub 58176      58 ros2 
866697216 | 258596     87 python3 146808     86 rviz2 77596      80 joint_state_pub 58176      58 ros2 
866910208 | 258596     87 python3 146808     86 rviz2 77596      80 joint_state_pub 58176      58 ros2 
867000320 | 258596     87 python3 146808     86 rviz2 77596      80 joint_state_pub 58176      58 ros2 
867115008 | 258596     87 python3 146808     86 rviz2 77596      80 joint_state_pub 58176      58 ros2 
866996224 | 258596     87 python3 146808     86 rviz2 77596      80 joint_state_pub 58176      58 ros2 
867270656 | 258596     87 python3 146808     86 rviz2 77596      80 joint_state_pub 58176      58 ros2 
866615296 | 258596     87 python3 146808     86 rviz2 77596      80 joint_state_pub 58176      58 ros2 
867119104 | 258596     87 python3 146808     86 rviz2 77596      80 joint_state_pub 58176      58 ros2 
867094528 | 258596     87 python3 146808     86 rviz2 77596      80 joint_state_pub 58176      58 ros2 
867237888 | 258596     87 python3 146808     86 rviz2 77596      80 joint_state_pub 58176      58 ros2 
867033088 | 258596     87 python3 146808     86 rviz2 77596      80 joint_state_pub 58176      58 ros2 
867000320 | 258596     87 python3 146808     86 rviz2 77596      80 joint_state_pub 58176      58 ros2 
867422208 | 258596     87 python3 146808     86 rviz2 77596      80 joint_state_pub 58176      58 ros2 
866975744 | 258596     87 python3 146808     86 rviz2 77596      80 joint_state_pub 58176      58 ros2 
867155968 | 258596     87 python3 146808     86 rviz2 77596      80 joint_state_pub 58176      58 ros2 
867405824 | 258596     87 python3 146808     86 rviz2 77596      80 joint_state_pub 58176      58 ros2 
866959360 | 258596     87 python3 146808     86 rviz2 77596      80 joint_state_pub 58176      58 ros2 
866738176 | 258596     87 python3 146808     86 rviz2 77596      80 joint_state_pub 58176      58 ros2 
866738176 | 258596     87 python3 146808     86 rviz2 77596      80 joint_state_pub 58176      58 ros2 
867078144 | 258596     87 python3 146808     86 rviz2 77596      80 joint_state_pub 58176      58 ros2 
866885632 | 258596     87 python3 146808     86 rviz2 77596      80 joint_state_pub 58176      58 ros2 
866795520 | 258596     87 python3 146808     86 rviz2 77596      80 joint_state_pub 58176      58 ros2 
866697216 | 258596     87 python3 146808     86 rviz2 77596      80 joint_state_pub 58176      58 ros2 
866914304 | 258596     87 python3 146808     86 rviz2 77596      80 joint_state_pub 58176      58 ros2 
866742272 | 258596     87 python3 146808     86 rviz2 77596      80 joint_state_pub 58176      58 ros2 
866631680 | 258596     87 python3 146808     86 rviz2 77596      80 joint_state_pub 58176      58 ros2 
866742272 | 258596     87 python3 146808     86 rviz2 77596      80 joint_state_pub 58176      58 ros2 
866746368 | 258596     87 python3 146808     86 rviz2 77596      80 joint_state_pub 58176      58 ros2 
867373056 | 258596     87 python3 146808     86 rviz2 77596      80 joint_state_pub 58176      58 ros2 
866848768 | 258596     87 python3 146808     86 rviz2 77596      80 joint_state_pub 58176      58 ros2 
866787328 | 258596     87 python3 146808     86 rviz2 77596      80 joint_state_pub 58176      58 ros2 
867332096 | 258596     87 python3 146808     86 rviz2 77596      80 joint_state_pub 58176      58 ros2 
867004416 | 258596     87 python3 146808     86 rviz2 77596      80 joint_state_pub 58176      58 ros2 
867225600 | 258596     87 python3 146808     86 rviz2 77596      80 joint_state_pub 58176      58 ros2 
867000320 | 258596     87 python3 146808     86 rviz2 77596      80 joint_state_pub 58176      58 ros2 
867270656 | 258596     87 python3 146808     86 rviz2 77596      80 joint_state_pub 58176      58 ros2 
867057664 | 258596     87 python3 146808     86 rviz2 77596      80 joint_state_pub 58176      58 ros2 
867037184 | 258596     87 python3 146808     86 rviz2 77596      80 joint_state_pub 58176      58 ros2 
867123200 | 258596     87 python3 146808     86 rviz2 77596      80 joint_state_pub 58176      58 ros2 
867262464 | 258596     87 python3 146808     86 rviz2 77596      80 joint_state_pub 58176      58 ros2 
867033088 | 258596     87 python3 146808     86 rviz2 77596      80 joint_state_pub 58176      58 ros2 
866750464 | 258596     87 python3 146808     86 rviz2 77596      80 joint_state_pub 58176      58 ros2 
866926592 | 258596     87 python3 146808     86 rviz2 77596      80 joint_state_pub 58176      58 ros2 
867012608 | 258596     87 python3 146808     86 rviz2 77596      80 joint_state_pub 58176      58 ros2 
867028992 | 258596     87 python3 146808     86 rviz2 77596      80 joint_state_pub 58176      58 ros2 
867000320 | 258596     87 python3 146808     86 rviz2 77596      80 joint_state_pub 58176      58 ros2 
867016704 | 258596     87 python3 146808     86 rviz2 77596      80 joint_state_pub 58176      58 ros2 
867024896 | 258596     87 python3 146808     86 rviz2 77596      80 joint_state_pub 58176      58 ros2 
866828288 | 258596     87 python3 146808     86 rviz2 77596      80 joint_state_pub 58176      58 ros2 
866623488 | 258596     87 python3 146808     86 rviz2 77596      80 joint_state_pub 58176      58 ros2 
866996224 | 258596     87 python3 146808     86 rviz2 77596      80 joint_state_pub 58176      58 ros2 
866832384 | 258596     87 python3 146808     86 rviz2 77596      80 joint_state_pub 58176      58 ros2 
866807808 | 258596     87 python3 146808     86 rviz2 77596      80 joint_state_pub 58176      58 ros2 
867262464 | 258596     87 python3 146808     86 rviz2 77596      80 joint_state_pub 58176      58 ros2 
867004416 | 258596     87 python3 146808     86 rviz2 77596      80 joint_state_pub 58176      58 ros2 
867524608 | 258596     87 python3 146808     86 rviz2 77596      80 joint_state_pub 58176      58 ros2 
867000320 | 258596     87 python3 146808     86 rviz2 77596      80 joint_state_pub 58176      58 ros2 
866742272 | 258596     87 python3 146808     86 rviz2 77596      80 joint_state_pub 58176      58 ros2 
866848768 | 258596     87 python3 146808     86 rviz2 77596      80 joint_state_pub 58176      58 ros2 
867004416 | 258596     87 python3 146808     86 rviz2 77596      80 joint_state_pub 58176      58 ros2 
867028992 | 258596     87 python3 146808     86 rviz2 77596      80 joint_state_pub 58176      58 ros2 
866885632 | 258596     87 python3 146808     86 rviz2 77596      80 joint_state_pub 58176      58 ros2 
867565568 | 258596     87 python3 146808     86 rviz2 77596      80 joint_state_pub 58176      58 ros2 
867045376 | 258596     87 python3 146808     86 rviz2 77596      80 joint_state_pub 58176      58 ros2 
867139584 | 258596     87 python3 146808     86 rviz2 77596      80 joint_state_pub 58176      58 ros2 
867295232 | 258596     87 python3 146808     86 rviz2 77596      80 joint_state_pub 58176      58 ros2 
867225600 | 258596     87 python3 146808     86 rviz2 77596      80 joint_state_pub 58176      58 ros2 
867045376 | 258596     87 python3 146808     86 rviz2 77596      80 joint_state_pub 58176      58 ros2 
867282944 | 258596     87 python3 146808     86 rviz2 77596      80 joint_state_pub 58176      58 ros2 
867008512 | 258596     87 python3 146808     86 rviz2 77596      80 joint_state_pub 58176      58 ros2 
867008512 | 258596     87 python3 146808     86 rviz2 77596      80 joint_state_pub 58176      58 ros2 
867131392 | 258596     87 python3 146808     86 rviz2 77596      80 joint_state_pub 58176      58 ros2 
866721792 | 258596     87 python3 146808     86 rviz2 77596      80 joint_state_pub 58176      58 ros2 
866897920 | 258596     87 python3 146808     86 rviz2 77596      80 joint_state_pub 58176      58 ros2 
866713600 | 258596     87 python3 146808     86 rviz2 77596      80 joint_state_pub 58176      58 ros2 
867020800 | 258596     87 python3 146808     86 rviz2 77596      80 joint_state_pub 58176      58 ros2 
867160064 | 258596     87 python3 146808     86 rviz2 77596      80 joint_state_pub 58176      58 ros2 
866746368 | 258596     87 python3 146808     86 rviz2 77596      80 joint_state_pub 58176      58 ros2 
866754560 | 258596     87 python3 146808     86 rviz2 77596      80 joint_state_pub 58176      58 ros2 
866750464 | 258596     87 python3 146808     86 rviz2 77596      80 joint_state_pub 58176      58 ros2 
866918400 | 258596     87 python3 146808     86 rviz2 77596      80 joint_state_pub 58176      58 ros2 
867270656 | 258596     87 python3 146808     86 rviz2 77596      80 joint_state_pub 58176      58 ros2 
867409920 | 258596     87 python3 146808     86 rviz2 77596      80 joint_state_pub 58176      58 ros2 
866762752 | 258596     87 python3 146808     86 rviz2 77596      80 joint_state_pub 58176      58 ros2 
867373056 | 258596     87 python3 146808     86 rviz2 77596      80 joint_state_pub 58176      58 ros2 
866816000 | 258596     87 python3 146808     86 rviz2 77596      80 joint_state_pub 58176      58 ros2 
867065856 | 258596     87 python3 146808     86 rviz2 77596      80 joint_state_pub 58176      58 ros2 
867274752 | 258596     87 python3 146808     86 rviz2 77596      80 joint_state_pub 58176      58 ros2 
867065856 | 258596     87 python3 146808     86 rviz2 77596      80 joint_state_pub 58176      58 ros2 
866971648 | 258596     87 python3 146808     86 rviz2 77596      80 joint_state_pub 58176      58 ros2 
867012608 | 258596     87 python3 146808     86 rviz2 77596      80 joint_state_pub 58176      58 ros2 
867094528 | 258596     87 python3 146808     86 rviz2 77596      80 joint_state_pub 58176      58 ros2 
866893824 | 258596     87 python3 146808     86 rviz2 77596      80 joint_state_pub 58176      58 ros2 
867012608 | 258596     87 python3 146808     86 rviz2 77596      80 joint_state_pub 58176      58 ros2 
867213312 | 258596     87 python3 146808     86 rviz2 77596      80 joint_state_pub 58176      58 ros2 
866643968 | 258596     87 python3 146808     86 rviz2 77596      80 joint_state_pub 58176      58 ros2 
867274752 | 258596     87 python3 146808     86 rviz2 77596      80 joint_state_pub 58176      58 ros2 
866914304 | 258596     87 python3 146808     86 rviz2 77596      80 joint_state_pub 58176      58 ros2 
867131392 | 258596     87 python3 146808     86 rviz2 77596      80 joint_state_pub 58176      58 ros2 
866996224 | 258596     87 python3 146808     86 rviz2 77596      80 joint_state_pub 58176      58 ros2 
866762752 | 258596     87 python3 146808     86 rviz2 77596      80 joint_state_pub 58176      58 ros2 
866766848 | 258596     87 python3 146808     86 rviz2 77596      80 joint_state_pub 58176      58 ros2 
867020800 | 258596     87 python3 146808     86 rviz2 77596      80 joint_state_pub 58176      58 ros2 
866893824 | 258596     87 python3 146808     86 rviz2 77596      80 joint_state_pub 58176      58 ros2 
866893824 | 258596     87 python3 146808     86 rviz2 77596      80 joint_state_pub 58176      58 ros2 
866738176 | 258596     87 python3 146808     86 rviz2 77596      80 joint_state_pub 58176      58 ros2 
867090432 | 258596     87 python3 146808     86 rviz2 77596      80 joint_state_pub 58176      58 ros2 
866906112 | 258596     87 python3 146808     86 rviz2 77596      80 joint_state_pub 58176      58 ros2 
867131392 | 258596     87 python3 146808     86 rviz2 77596      80 joint_state_pub 58176      58 ros2 
867135488 | 258596     87 python3 146808     86 rviz2 77596      80 joint_state_pub 58176      58 ros2 
867147776 | 258596     87 python3 146808     86 rviz2 77596      80 joint_state_pub 58176      58 ros2 
866820096 | 258596     87 python3 146808     86 rviz2 77596      80 joint_state_pub 58176      58 ros2 
866910208 | 258596     87 python3 146808     86 rviz2 77596      80 joint_state_pub 58176      58 ros2 
866856960 | 258596     87 python3 146808     86 rviz2 77596      80 joint_state_pub 58176      58 ros2 
867123200 | 258596     87 python3 146808     86 rviz2 77596      80 joint_state_pub 58176      58 ros2 
867000320 | 258596     87 python3 146808     86 rviz2 77596      80 joint_state_pub 58176      58 ros2 
867127296 | 258596     87 python3 146808     86 rviz2 77596      80 joint_state_pub 58176      58 ros2 
866947072 | 258596     87 python3 146808     86 rviz2 77596      80 joint_state_pub 58176      58 ros2 
867106816 | 258596     87 python3 146808     86 rviz2 77596      80 joint_state_pub 58176      58 ros2 
867102720 | 258596     87 python3 146808     86 rviz2 77596      80 joint_state_pub 58176      58 ros2 
867119104 | 258596     87 python3 146808     86 rviz2 77596      80 joint_state_pub 58176      58 ros2 
866856960 | 258596     87 python3 146808     86 rviz2 77596      80 joint_state_pub 58176      58 ros2 
867119104 | 258596     87 python3 146808     86 rviz2 77596      80 joint_state_pub 58176      58 ros2 
867381248 | 258596     87 python3 146808     86 rviz2 77596      80 joint_state_pub 58176      58 ros2 
867115008 | 258596     87 python3 146808     86 rviz2 77596      80 joint_state_pub 58176      58 ros2 
866697216 | 258596     87 python3 146808     86 rviz2 77596      80 joint_state_pub 58176      58 ros2 
867053568 | 258596     87 python3 146852     86 rviz2 77596      80 joint_state_pub 58176      58 ros2 
867078144 | 258596     87 python3 146852     86 rviz2 77596      80 joint_state_pub 58176      58 ros2 
866856960 | 258596     87 python3 146852     86 rviz2 77596      80 joint_state_pub 58176      58 ros2 
867250176 | 258596     87 python3 146852     86 rviz2 77596      80 joint_state_pub 58176      58 ros2 
867115008 | 258596     87 python3 146864     86 rviz2 77596      80 joint_state_pub 58176      58 ros2 
867000320 | 258596     87 python3 146864     86 rviz2 77596      80 joint_state_pub 58176      58 ros2 
866971648 | 258596     87 python3 146864     86 rviz2 77596      80 joint_state_pub 58176      58 ros2 
867344384 | 258596     87 python3 146864     86 rviz2 77596      80 joint_state_pub 58176      58 ros2 
867602432 | 258596     87 python3 146864     86 rviz2 77596      80 joint_state_pub 58176      58 ros2 
867151872 | 258596     87 python3 146868     86 rviz2 77596      80 joint_state_pub 58176      58 ros2 
867020800 | 258596     87 python3 146868     86 rviz2 77596      80 joint_state_pub 58176      58 ros2 
867414016 | 258596     87 python3 147160     86 rviz2 77596      80 joint_state_pub 58176      58 ros2 
867672064 | 258596     87 python3 147160     86 rviz2 77596      80 joint_state_pub 58176      58 ros2 
867319808 | 258596     87 python3 147160     86 rviz2 77596      80 joint_state_pub 58176      58 ros2 
867418112 | 258596     87 python3 147160     86 rviz2 77596      80 joint_state_pub 58176      58 ros2 
867442688 | 258596     87 python3 147160     86 rviz2 77596      80 joint_state_pub 58176      58 ros2 
867971072 | 258596     87 python3 147160     86 rviz2 77596      80 joint_state_pub 58176      58 ros2 
867282944 | 258596     87 python3 147160     86 rviz2 77596      80 joint_state_pub 58176      58 ros2 
867323904 | 258596     87 python3 147160     86 rviz2 77596      80 joint_state_pub 58176      58 ros2 
867557376 | 258596     87 python3 147160     86 rviz2 77596      80 joint_state_pub 58176      58 ros2 
867414016 | 258596     87 python3 147160     86 rviz2 77596      80 joint_state_pub 58176      58 ros2 
867450880 | 258596     87 python3 147160     86 rviz2 77596      80 joint_state_pub 58176      58 ros2 
867446784 | 258596     87 python3 147160     86 rviz2 77596      80 joint_state_pub 58176      58 ros2 
867446784 | 258596     87 python3 147160     86 rviz2 77596      80 joint_state_pub 58176      58 ros2 
867610624 | 258596     87 python3 147160     86 rviz2 77596      80 joint_state_pub 58176      58 ros2 
867188736 | 258596     87 python3 147160     86 rviz2 77596      80 joint_state_pub 58176      58 ros2 
867700736 | 258596     87 python3 147160     86 rviz2 77596      80 joint_state_pub 58176      58 ros2 
867598336 | 258596     87 python3 147160     86 rviz2 77596      80 joint_state_pub 58176      58 ros2 
867504128 | 258596     87 python3 147160     86 rviz2 77596      80 joint_state_pub 58176      58 ros2 
867446784 | 258596     87 python3 147160     86 rviz2 77596      80 joint_state_pub 58176      58 ros2 
867704832 | 258596     87 python3 147160     86 rviz2 77596      80 joint_state_pub 58176      58 ros2 
867708928 | 258596     87 python3 147160     86 rviz2 77596      80 joint_state_pub 58176      58 ros2 
867545088 | 258596     87 python3 147160     86 rviz2 77596      80 joint_state_pub 58176      58 ros2 
867356672 | 258596     87 python3 147160     86 rviz2 77596      80 joint_state_pub 58176      58 ros2 
867622912 | 258596     87 python3 147160     86 rviz2 77596      80 joint_state_pub 58176      58 ros2 
867438592 | 258596     87 python3 147160     86 rviz2 77596      80 joint_state_pub 58176      58 ros2 
867721216 | 258596     87 python3 147160     86 rviz2 77596      80 joint_state_pub 58176      58 ros2 
867205120 | 258596     87 python3 147160     86 rviz2 77596      80 joint_state_pub 58176      58 ros2 
867446784 | 258596     87 python3 147160     86 rviz2 77596      80 joint_state_pub 58176      58 ros2 
867598336 | 258596     87 python3 147160     86 rviz2 77596      80 joint_state_pub 58176      58 ros2 
867979264 | 258596     87 python3 147160     86 rviz2 77596      80 joint_state_pub 58176      58 ros2 
867475456 | 258596     87 python3 147160     86 rviz2 77596      80 joint_state_pub 58176      58 ros2 
867336192 | 258596     87 python3 147160     86 rviz2 77596      80 joint_state_pub 58176      58 ros2 
867745792 | 258596     87 python3 147160     86 rviz2 77596      80 joint_state_pub 58176      58 ros2 
867545088 | 258596     87 python3 147160     86 rviz2 77596      80 joint_state_pub 58176      58 ros2 
867442688 | 258596     87 python3 147160     86 rviz2 77596      80 joint_state_pub 58176      58 ros2 
867336192 | 258596     87 python3 147160     86 rviz2 77596      80 joint_state_pub 58176      58 ros2 
867467264 | 258596     87 python3 147160     86 rviz2 77596      80 joint_state_pub 58176      58 ros2 
867446784 | 258596     87 python3 147160     86 rviz2 77596      80 joint_state_pub 58176      58 ros2 
867803136 | 258596     87 python3 147160     86 rviz2 77596      80 joint_state_pub 58176      58 ros2 
867713024 | 258596     87 python3 147160     86 rviz2 77596      80 joint_state_pub 58176      58 ros2 
867192832 | 258596     87 python3 147160     86 rviz2 77596      80 joint_state_pub 58176      58 ros2 
867557376 | 258596     87 python3 147160     86 rviz2 77596      80 joint_state_pub 58176      58 ros2 
867373056 | 258596     87 python3 147160     86 rviz2 77596      80 joint_state_pub 58176      58 ros2 
867344384 | 258596     87 python3 147160     86 rviz2 77596      80 joint_state_pub 58176      58 ros2 
867237888 | 258596     87 python3 147160     86 rviz2 77596      80 joint_state_pub 58176      58 ros2 
867254272 | 258596     87 python3 147160     86 rviz2 77596      80 joint_state_pub 58176      58 ros2 
867237888 | 258596     87 python3 147160     86 rviz2 77596      80 joint_state_pub 58176      58 ros2 
867745792 | 258596     87 python3 147160     86 rviz2 77596      80 joint_state_pub 58176      58 ros2 
867155968 | 258596     87 python3 147160     86 rviz2 77596      80 joint_state_pub 58176      58 ros2 
867192832 | 258596     87 python3 147160     86 rviz2 77596      80 joint_state_pub 58176      58 ros2 
867192832 | 258596     87 python3 147160     86 rviz2 77596      80 joint_state_pub 58176      58 ros2 
867188736 | 258596     87 python3 147160     86 rviz2 77596      80 joint_state_pub 58176      58 ros2 
867033088 | 258596     87 python3 147160     86 rviz2 77596      80 joint_state_pub 58176      58 ros2 
867454976 | 258596     87 python3 147160     86 rviz2 77596      80 joint_state_pub 58176      58 ros2 
867713024 | 258596     87 python3 147160     86 rviz2 77596      80 joint_state_pub 58176      58 ros2 
867192832 | 258596     87 python3 147160     86 rviz2 77596      80 joint_state_pub 58176      58 ros2 
867196928 | 258596     87 python3 147160     86 rviz2 77596      80 joint_state_pub 58176      58 ros2 
867463168 | 258596     87 python3 147160     86 rviz2 77596      80 joint_state_pub 58176      58 ros2 
867459072 | 258596     87 python3 147160     86 rviz2 77596      80 joint_state_pub 58176      58 ros2 
867471360 | 258596     87 python3 147160     86 rviz2 77596      80 joint_state_pub 58176      58 ros2 
867717120 | 258596     87 python3 147160     86 rviz2 77596      80 joint_state_pub 58176      58 ros2 
867065856 | 258596     87 python3 147160     86 rviz2 77596      80 joint_state_pub 58176      58 ros2 
867844096 | 258596     87 python3 147160     86 rviz2 77596      80 joint_state_pub 58176      58 ros2 
867876864 | 258596     87 python3 147160     86 rviz2 77596      80 joint_state_pub 58176      58 ros2 
867459072 | 258596     87 python3 147160     86 rviz2 77596      80 joint_state_pub 58176      58 ros2 
867729408 | 258596     87 python3 147160     86 rviz2 77596      80 joint_state_pub 58176      58 ros2 
867078144 | 258596     87 python3 147160     86 rviz2 77596      80 joint_state_pub 58176      58 ros2 
867459072 | 258596     87 python3 147160     86 rviz2 77596      80 joint_state_pub 58176      58 ros2 
867459072 | 258596     87 python3 147160     86 rviz2 77596      80 joint_state_pub 58176      58 ros2 
868278272 | 258596     87 python3 147160     86 rviz2 77596      80 joint_state_pub 58176      58 ros2 
867717120 | 258596     87 python3 147160     86 rviz2 77596      80 joint_state_pub 58176      58 ros2 
867643392 | 258596     87 python3 147160     86 rviz2 77596      80 joint_state_pub 58176      58 ros2 
867422208 | 258596     87 python3 147160     86 rviz2 77596      80 joint_state_pub 58176      58 ros2 
867459072 | 258596     87 python3 147160     86 rviz2 77596      80 joint_state_pub 58176      58 ros2 
867368960 | 258596     87 python3 147160     86 rviz2 77596      80 joint_state_pub 58176      58 ros2 
867614720 | 258596     87 python3 147160     86 rviz2 77596      80 joint_state_pub 58176      58 ros2 
867319808 | 258596     87 python3 147248     86 rviz2 77596      80 joint_state_pub 58176      58 ros2 
867336192 | 258596     87 python3 147248     86 rviz2 77596      80 joint_state_pub 58176      58 ros2 
867090432 | 258596     87 python3 147248     86 rviz2 77596      80 joint_state_pub 58176      58 ros2 
867733504 | 258596     87 python3 147248     86 rviz2 77596      80 joint_state_pub 58176      58 ros2 
867348480 | 258596     87 python3 147248     86 rviz2 77596      80 joint_state_pub 58176      58 ros2 
867180544 | 258596     87 python3 147248     86 rviz2 77596      80 joint_state_pub 58176      58 ros2 
867201024 | 258596     87 python3 147248     86 rviz2 77596      80 joint_state_pub 58176      58 ros2 
867471360 | 258596     87 python3 147248     86 rviz2 77596      80 joint_state_pub 58176      58 ros2 
867725312 | 258596     87 python3 147248     86 rviz2 77596      80 joint_state_pub 58176      58 ros2 
867471360 | 258596     87 python3 147248     86 rviz2 77596      80 joint_state_pub 58176      58 ros2 
867803136 | 258596     87 python3 147248     86 rviz2 77596      80 joint_state_pub 58176      58 ros2 
867573760 | 258596     87 python3 147248     86 rviz2 77596      80 joint_state_pub 58176      58 ros2 
867471360 | 258596     87 python3 147248     86 rviz2 77596      80 joint_state_pub 58176      58 ros2 
867475456 | 258596     87 python3 147248     86 rviz2 77596      80 joint_state_pub 58176      58 ros2 
867524608 | 258596     87 python3 147348     86 rviz2 77596      80 joint_state_pub 58176      58 ros2 
867774464 | 258596     87 python3 147348     86 rviz2 77596      80 joint_state_pub 58176      58 ros2 
867688448 | 258596     87 python3 147348     86 rviz2 77596      80 joint_state_pub 58176      58 ros2 
867471360 | 258596     87 python3 147348     86 rviz2 77596      80 joint_state_pub 58176      58 ros2 
868102144 | 258596     87 python3 147348     86 rviz2 77596      80 joint_state_pub 58176      58 ros2 
867434496 | 258596     87 python3 147348     86 rviz2 77596      80 joint_state_pub 58176      58 ros2 
867463168 | 258596     87 python3 147348     86 rviz2 77596      80 joint_state_pub 58176      58 ros2 
867721216 | 258596     87 python3 147348     86 rviz2 77596      80 joint_state_pub 58176      58 ros2 
867819520 | 258596     87 python3 147348     86 rviz2 77596      80 joint_state_pub 58176      58 ros2 
867356672 | 258596     87 python3 147348     86 rviz2 77596      80 joint_state_pub 58176      58 ros2 
867504128 | 258596     87 python3 147348     86 rviz2 77596      80 joint_state_pub 58176      58 ros2 
867770368 | 258596     87 python3 147348     86 rviz2 77596      80 joint_state_pub 58176      58 ros2 
867577856 | 258596     87 python3 147348     86 rviz2 77596      80 joint_state_pub 58176      58 ros2 
867741696 | 258596     87 python3 147348     86 rviz2 77596      80 joint_state_pub 58176      58 ros2 
867258368 | 258596     87 python3 147348     86 rviz2 77596      80 joint_state_pub 58176      58 ros2 
868028416 | 258596     87 python3 147348     86 rviz2 77596      80 joint_state_pub 58176      58 ros2 
867356672 | 258596     87 python3 147348     86 rviz2 77596      80 joint_state_pub 58176      58 ros2 
867090432 | 258596     87 python3 147348     86 rviz2 77596      80 joint_state_pub 58176      58 ros2 
867475456 | 258596     87 python3 147348     86 rviz2 77596      80 joint_state_pub 58176      58 ros2 
867078144 | 258596     87 python3 147348     86 rviz2 77596      80 joint_state_pub 58176      58 ros2 
867258368 | 258596     87 python3 147348     86 rviz2 77596      80 joint_state_pub 58176      58 ros2 
867520512 | 258596     87 python3 147348     86 rviz2 77596      80 joint_state_pub 58176      58 ros2 
867586048 | 258596     87 python3 147348     86 rviz2 77596      80 joint_state_pub 58176      58 ros2 
867463168 | 258596     87 python3 147348     86 rviz2 77596      80 joint_state_pub 58176      58 ros2 
867688448 | 258596     87 python3 147348     86 rviz2 77596      80 joint_state_pub 58176      58 ros2 
867213312 | 258596     87 python3 147348     86 rviz2 77596      80 joint_state_pub 58176      58 ros2 
867524608 | 258596     87 python3 147348     86 rviz2 77596      80 joint_state_pub 58176      58 ros2 
867512320 | 258596     87 python3 147348     86 rviz2 77596      80 joint_state_pub 58176      58 ros2 
867713024 | 258596     87 python3 147348     86 rviz2 77596      80 joint_state_pub 58176      58 ros2 
867659776 | 258596     87 python3 147348     86 rviz2 77596      80 joint_state_pub 58176      58 ros2 
867471360 | 258596     87 python3 147348     86 rviz2 77596      80 joint_state_pub 58176      58 ros2 
867733504 | 258596     87 python3 147348     86 rviz2 77596      80 joint_state_pub 58176      58 ros2 
867962880 | 258596     87 python3 147348     86 rviz2 77596      80 joint_state_pub 58176      58 ros2 
867508224 | 258596     87 python3 147348     86 rviz2 77596      80 joint_state_pub 58176      58 ros2 
867471360 | 258596     87 python3 147348     86 rviz2 77596      80 joint_state_pub 58176      58 ros2 
867446784 | 258596     87 python3 147348     86 rviz2 77596      80 joint_state_pub 58176      58 ros2 
867786752 | 258596     87 python3 147348     86 rviz2 77596      80 joint_state_pub 58176      58 ros2 
867475456 | 258596     87 python3 147348     86 rviz2 77596      80 joint_state_pub 58176      58 ros2 
867840000 | 258596     87 python3 147348     86 rviz2 77596      80 joint_state_pub 58176      58 ros2 
867319808 | 258596     87 python3 147348     86 rviz2 77596      80 joint_state_pub 58176      58 ros2 
867749888 | 258596     87 python3 147348     86 rviz2 77596      80 joint_state_pub 58176      58 ros2 
867737600 | 258596     87 python3 147348     86 rviz2 77596      80 joint_state_pub 58176      58 ros2 
867512320 | 258596     87 python3 147348     86 rviz2 77596      80 joint_state_pub 58176      58 ros2 
867471360 | 258596     87 python3 147348     86 rviz2 77596      80 joint_state_pub 58176      58 ros2 
867737600 | 258596     87 python3 147348     86 rviz2 77596      80 joint_state_pub 58176      58 ros2 
867446784 | 258596     87 python3 147348     86 rviz2 77596      80 joint_state_pub 58176      58 ros2 
867213312 | 258596     87 python3 147348     86 rviz2 77596      80 joint_state_pub 58176      58 ros2 
867479552 | 258596     87 python3 147348     86 rviz2 77596      80 joint_state_pub 58176      58 ros2 
867487744 | 258596     87 python3 147348     86 rviz2 77596      80 joint_state_pub 58176      58 ros2 
867471360 | 258596     87 python3 147348     86 rviz2 77596      80 joint_state_pub 58176      58 ros2 
867188736 | 258596     87 python3 147348     86 rviz2 77596      80 joint_state_pub 58176      58 ros2 
867258368 | 258596     87 python3 147348     86 rviz2 77596      80 joint_state_pub 58176      58 ros2 
867311616 | 258596     87 python3 147348     86 rviz2 77596      80 joint_state_pub 58176      58 ros2 
867745792 | 258596     87 python3 147348     86 rviz2 77596      80 joint_state_pub 58176      58 ros2 
867803136 | 258596     87 python3 147348     86 rviz2 77596      80 joint_state_pub 58176      58 ros2 
867741696 | 258596     87 python3 147348     86 rviz2 77596      80 joint_state_pub 58176      58 ros2 
867893248 | 258596     87 python3 147348     86 rviz2 77596      80 joint_state_pub 58176      58 ros2 
867475456 | 258596     87 python3 147348     86 rviz2 77596      80 joint_state_pub 58176      58 ros2 
868044800 | 258596     87 python3 147348     86 rviz2 77596      80 joint_state_pub 58176      58 ros2 
867430400 | 258596     87 python3 147348     86 rviz2 77596      80 joint_state_pub 58176      58 ros2 
867094528 | 258596     87 python3 147348     86 rviz2 77596      80 joint_state_pub 58176      58 ros2 
867520512 | 258596     87 python3 147348     86 rviz2 77596      80 joint_state_pub 58176      58 ros2 
867778560 | 258596     87 python3 147348     86 rviz2 77596      80 joint_state_pub 58176      58 ros2 
867483648 | 258596     87 python3 147348     86 rviz2 77596      80 joint_state_pub 58176      58 ros2 
867721216 | 258596     87 python3 147348     86 rviz2 77596      80 joint_state_pub 58176      58 ros2 
867483648 | 258596     87 python3 147348     86 rviz2 77596      80 joint_state_pub 58176      58 ros2 
867475456 | 258596     87 python3 147348     86 rviz2 77596      80 joint_state_pub 58176      58 ros2 
867741696 | 258596     87 python3 147348     86 rviz2 77596      80 joint_state_pub 58176      58 ros2 
867352576 | 258596     87 python3 147348     86 rviz2 77596      80 joint_state_pub 58176      58 ros2 
867221504 | 258596     87 python3 147348     86 rviz2 77596      80 joint_state_pub 58176      58 ros2 
867483648 | 258596     87 python3 147348     86 rviz2 77596      80 joint_state_pub 58176      58 ros2 
867516416 | 258596     87 python3 147348     86 rviz2 77596      80 joint_state_pub 58176      58 ros2 
867737600 | 258596     87 python3 147348     86 rviz2 77596      80 joint_state_pub 58176      58 ros2 
867573760 | 258596     87 python3 147348     86 rviz2 77596      80 joint_state_pub 58176      58 ros2 
867393536 | 258596     87 python3 147348     86 rviz2 77596      80 joint_state_pub 58176      58 ros2 
867512320 | 258596     87 python3 147348     86 rviz2 77596      80 joint_state_pub 58176      58 ros2 
867635200 | 258596     87 python3 147348     86 rviz2 77596      80 joint_state_pub 58176      58 ros2 
867864576 | 258596     87 python3 147348     86 rviz2 77596      80 joint_state_pub 58176      58 ros2 
867414016 | 258596     87 python3 147348     86 rviz2 77596      80 joint_state_pub 58176      58 ros2 
867745792 | 258596     87 python3 147348     86 rviz2 77596      80 joint_state_pub 58176      58 ros2 
867368960 | 258596     87 python3 147348     86 rviz2 77596      80 joint_state_pub 58176      58 ros2 
867479552 | 258596     87 python3 147348     86 rviz2 77596      80 joint_state_pub 58176      58 ros2 
867479552 | 258596     87 python3 147348     86 rviz2 77596      80 joint_state_pub 58176      58 ros2 
867213312 | 258596     87 python3 147348     86 rviz2 77596      80 joint_state_pub 58176      58 ros2 
867561472 | 258596     87 python3 147348     86 rviz2 77596      80 joint_state_pub 58176      58 ros2 
868003840 | 258596     87 python3 147348     86 rviz2 77596      80 joint_state_pub 58176      58 ros2 
867758080 | 258596     87 python3 147348     86 rviz2 77596      80 joint_state_pub 58176      58 ros2 
867745792 | 258596     87 python3 147348     86 rviz2 77596      80 joint_state_pub 58176      58 ros2 
868007936 | 258596     87 python3 147348     86 rviz2 77596      80 joint_state_pub 58176      58 ros2 
867483648 | 258596     87 python3 147348     86 rviz2 77596      80 joint_state_pub 58176      58 ros2 
867479552 | 258596     87 python3 147348     86 rviz2 77596      80 joint_state_pub 58176      58 ros2 
867483648 | 258596     87 python3 147348     86 rviz2 77596      80 joint_state_pub 58176      58 ros2 
868003840 | 258596     87 python3 147348     86 rviz2 77596      80 joint_state_pub 58176      58 ros2 
867479552 | 258596     87 python3 147348     86 rviz2 77596      80 joint_state_pub 58176      58 ros2 
867229696 | 258596     87 python3 147348     86 rviz2 77596      80 joint_state_pub 58176      58 ros2 
867246080 | 258596     87 python3 147348     86 rviz2 77596      80 joint_state_pub 58176      58 ros2 
867495936 | 258596     87 python3 147348     86 rviz2 77596      80 joint_state_pub 58176      58 ros2 
867385344 | 258596     87 python3 147348     86 rviz2 77596      80 joint_state_pub 58176      58 ros2 
867459072 | 258596     87 python3 147348     86 rviz2 77596      80 joint_state_pub 58176      58 ros2 
867491840 | 258596     87 python3 147348     86 rviz2 77596      80 joint_state_pub 58176      58 ros2 
867512320 | 258596     87 python3 147348     86 rviz2 77596      80 joint_state_pub 58176      58 ros2 
867778560 | 258596     87 python3 147348     86 rviz2 77596      80 joint_state_pub 58176      58 ros2 
867725312 | 258596     87 python3 147348     86 rviz2 77596      80 joint_state_pub 58176      58 ros2 
867713024 | 258596     87 python3 147348     86 rviz2 77596      80 joint_state_pub 58176      58 ros2 
867221504 | 258596     87 python3 147348     86 rviz2 77596      80 joint_state_pub 58176      58 ros2 
868028416 | 258596     87 python3 147444     86 rviz2 78308      80 joint_state_pub 58176      58 ros2 
867565568 | 258596     87 python3 147444     86 rviz2 78308      80 joint_state_pub 58176      58 ros2 
867467264 | 258596     87 python3 147444     86 rviz2 78308      80 joint_state_pub 58176      58 ros2 
867721216 | 258596     87 python3 147444     86 rviz2 78308      80 joint_state_pub 58176      58 ros2 
867778560 | 258596     87 python3 147444     86 rviz2 78308      80 joint_state_pub 58176      58 ros2 
867647488 | 258596     87 python3 147444     86 rviz2 78308      80 joint_state_pub 58176      58 ros2 
867934208 | 258596     87 python3 147444     86 rviz2 78308      80 joint_state_pub 58176      58 ros2 
868249600 | 258596     87 python3 147444     86 rviz2 78308      80 joint_state_pub 58176      58 ros2 
867504128 | 258596     87 python3 147444     86 rviz2 78308      80 joint_state_pub 58176      58 ros2 
867713024 | 258596     87 python3 147444     86 rviz2 78308      80 joint_state_pub 58176      58 ros2 
867766272 | 258596     87 python3 147444     86 rviz2 78308      80 joint_state_pub 58176      58 ros2 
867491840 | 258596     87 python3 147444     86 rviz2 78308      80 joint_state_pub 58176      58 ros2 
868048896 | 258596     87 python3 147444     86 rviz2 78308      80 joint_state_pub 58176      58 ros2 
867270656 | 258596     87 python3 147444     86 rviz2 78308      80 joint_state_pub 58176      58 ros2 
867508224 | 258596     87 python3 147444     86 rviz2 78308      80 joint_state_pub 58176      58 ros2 
867135488 | 258596     87 python3 147444     86 rviz2 78308      80 joint_state_pub 58176      58 ros2 
867463168 | 258596     87 python3 147444     86 rviz2 78308      80 joint_state_pub 58176      58 ros2 
867389440 | 258596     87 python3 147444     86 rviz2 78308      80 joint_state_pub 58176      58 ros2 
867602432 | 258596     87 python3 147444     86 rviz2 78308      80 joint_state_pub 58176      58 ros2 
867246080 | 258596     87 python3 147444     86 rviz2 78308      80 joint_state_pub 58176      58 ros2 
867782656 | 258596     87 python3 147444     86 rviz2 78308      80 joint_state_pub 58176      58 ros2 
867282944 | 258596     87 python3 147444     86 rviz2 78308      80 joint_state_pub 58176      58 ros2 
867532800 | 258596     87 python3 147444     86 rviz2 78308      80 joint_state_pub 58176      58 ros2 
867794944 | 258596     87 python3 147444     86 rviz2 78308      80 joint_state_pub 58176      58 ros2 
867397632 | 258596     87 python3 147444     86 rviz2 78308      80 joint_state_pub 58176      58 ros2 
867508224 | 258596     87 python3 147444     86 rviz2 78308      80 joint_state_pub 58176      58 ros2 
867356672 | 258596     87 python3 147444     86 rviz2 78308      80 joint_state_pub 58176      58 ros2 
867438592 | 258596     87 python3 147444     86 rviz2 78308      80 joint_state_pub 58176      58 ros2 
867692544 | 258596     87 python3 147444     86 rviz2 78308      80 joint_state_pub 58176      58 ros2 
867508224 | 258596     87 python3 147444     86 rviz2 78308      80 joint_state_pub 58176      58 ros2 
867209216 | 258596     87 python3 147444     86 rviz2 78308      80 joint_state_pub 58176      58 ros2 
867278848 | 258596     87 python3 147444     86 rviz2 78308      80 joint_state_pub 58176      58 ros2 
867848192 | 258596     87 python3 147444     86 rviz2 78308      80 joint_state_pub 58176      58 ros2 
867471360 | 258596     87 python3 147444     86 rviz2 78308      80 joint_state_pub 58176      58 ros2 
867532800 | 258596     87 python3 147444     86 rviz2 78308      80 joint_state_pub 58176      58 ros2 
867512320 | 258596     87 python3 147444     86 rviz2 78308      80 joint_state_pub 58176      58 ros2 
867520512 | 258596     87 python3 147444     86 rviz2 78308      80 joint_state_pub 58176      58 ros2 
867811328 | 258596     87 python3 147444     86 rviz2 78308      80 joint_state_pub 58176      58 ros2 
867471360 | 258596     87 python3 147444     86 rviz2 78308      80 joint_state_pub 58176      58 ros2 
867545088 | 258596     87 python3 147444     86 rviz2 78308      80 joint_state_pub 58176      58 ros2 
867483648 | 258596     87 python3 147444     86 rviz2 78308      80 joint_state_pub 58176      58 ros2 
867565568 | 258596     87 python3 147444     86 rviz2 78308      80 joint_state_pub 58176      58 ros2 
867536896 | 258596     87 python3 147444     86 rviz2 78308      80 joint_state_pub 58176      58 ros2 
867143680 | 258596     87 python3 147444     86 rviz2 78308      80 joint_state_pub 58176      58 ros2 
867614720 | 258596     87 python3 147444     86 rviz2 78308      80 joint_state_pub 58176      58 ros2 
867434496 | 258596     87 python3 147444     86 rviz2 78308      80 joint_state_pub 58176      58 ros2 
867561472 | 258596     87 python3 147444     86 rviz2 78308      80 joint_state_pub 58176      58 ros2 
867573760 | 258596     87 python3 147444     86 rviz2 78308      80 joint_state_pub 58176      58 ros2 
867401728 | 258596     87 python3 147444     86 rviz2 78308      80 joint_state_pub 58176      58 ros2 
867524608 | 258596     87 python3 147444     86 rviz2 78308      80 joint_state_pub 58176      58 ros2 
867512320 | 258596     87 python3 147444     86 rviz2 78308      80 joint_state_pub 58176      58 ros2 
867500032 | 258596     87 python3 147444     86 rviz2 78308      80 joint_state_pub 58176      58 ros2 
867811328 | 258596     87 python3 147444     86 rviz2 78308      80 joint_state_pub 58176      58 ros2 
867532800 | 258596     87 python3 147444     86 rviz2 78308      80 joint_state_pub 58176      58 ros2 
867270656 | 258596     87 python3 147444     86 rviz2 78308      80 joint_state_pub 58176      58 ros2 
867565568 | 258596     87 python3 147444     86 rviz2 78308      80 joint_state_pub 58176      58 ros2 
867217408 | 258596     87 python3 147444     86 rviz2 78308      80 joint_state_pub 58176      58 ros2 
867704832 | 258596     87 python3 147444     86 rviz2 78308      80 joint_state_pub 58176      58 ros2 
867487744 | 258596     87 python3 147444     86 rviz2 78308      80 joint_state_pub 58176      58 ros2 
867667968 | 258596     87 python3 147444     86 rviz2 78308      80 joint_state_pub 58176      58 ros2 
867786752 | 258596     87 python3 147444     86 rviz2 78308      80 joint_state_pub 58176      58 ros2 
867487744 | 258596     87 python3 147444     86 rviz2 78308      80 joint_state_pub 58176      58 ros2 
867512320 | 258596     87 python3 147444     86 rviz2 78308      80 joint_state_pub 58176      58 ros2 
867778560 | 258596     87 python3 147444     86 rviz2 78308      80 joint_state_pub 58176      58 ros2 
867516416 | 258596     87 python3 147444     86 rviz2 78308      80 joint_state_pub 58176      58 ros2 
867655680 | 258596     87 python3 147444     86 rviz2 78308      80 joint_state_pub 58176      58 ros2 
867540992 | 258596     87 python3 147444     86 rviz2 78308      80 joint_state_pub 58176      58 ros2 
867516416 | 258596     87 python3 147444     86 rviz2 78308      80 joint_state_pub 58176      58 ros2 
867381248 | 258596     87 python3 147444     86 rviz2 78308      80 joint_state_pub 58176      58 ros2 
867770368 | 258596     87 python3 147444     86 rviz2 78308      80 joint_state_pub 58176      58 ros2 
867700736 | 258596     87 python3 147444     86 rviz2 78308      80 joint_state_pub 58176      58 ros2 
867565568 | 258596     87 python3 147444     86 rviz2 78308      80 joint_state_pub 58176      58 ros2 
867516416 | 258596     87 python3 147444     86 rviz2 78308      80 joint_state_pub 58176      58 ros2 
867778560 | 258596     87 python3 147444     86 rviz2 78308      80 joint_state_pub 58176      58 ros2 
867516416 | 258596     87 python3 147444     86 rviz2 78308      80 joint_state_pub 58176      58 ros2 
867569664 | 258596     87 python3 147444     86 rviz2 78308      80 joint_state_pub 58176      58 ros2 
867254272 | 258596     87 python3 147444     86 rviz2 78308      80 joint_state_pub 58176      58 ros2 
867229696 | 258596     87 python3 147444     86 rviz2 78308      80 joint_state_pub 58176      58 ros2 
867471360 | 258596     87 python3 147444     86 rviz2 78308      80 joint_state_pub 58176      58 ros2 
867250176 | 258596     87 python3 147444     86 rviz2 78308      80 joint_state_pub 58176      58 ros2 
867713024 | 258596     87 python3 147444     86 rviz2 78308      80 joint_state_pub 58176      58 ros2 
867270656 | 258596     87 python3 147444     86 rviz2 78308      80 joint_state_pub 58176      58 ros2 
867405824 | 258596     87 python3 147444     86 rviz2 78308      80 joint_state_pub 58176      58 ros2 
867614720 | 258596     87 python3 147444     86 rviz2 78308      80 joint_state_pub 58176      58 ros2 
867483648 | 258596     87 python3 147444     86 rviz2 78308      80 joint_state_pub 58176      58 ros2 
867520512 | 258596     87 python3 147444     86 rviz2 78308      80 joint_state_pub 58176      58 ros2 
867254272 | 258596     87 python3 147444     86 rviz2 78308      80 joint_state_pub 58176      58 ros2 
867680256 | 258596     87 python3 147444     86 rviz2 78308      80 joint_state_pub 58176      58 ros2 
867151872 | 258596     87 python3 147444     86 rviz2 78308      80 joint_state_pub 58176      58 ros2 
867516416 | 258596     87 python3 147444     86 rviz2 78308      80 joint_state_pub 58176      58 ros2 
867786752 | 258596     87 python3 147444     86 rviz2 78308      80 joint_state_pub 58176      58 ros2 
867454976 | 258596     87 python3 147444     86 rviz2 78308      80 joint_state_pub 58176      58 ros2 
867356672 | 258596     87 python3 147444     86 rviz2 78308      80 joint_state_pub 58176      58 ros2 
867401728 | 258596     87 python3 147444     86 rviz2 78308      80 joint_state_pub 58176      58 ros2 
867557376 | 258596     87 python3 147444     86 rviz2 78308      80 joint_state_pub 58176      58 ros2 
867295232 | 258596     87 python3 147444     86 rviz2 78308      80 joint_state_pub 58176      58 ros2 
867557376 | 258596     87 python3 147444     86 rviz2 78308      80 joint_state_pub 58176      58 ros2 
867590144 | 258596     87 python3 147444     86 rviz2 78308      80 joint_state_pub 58176      58 ros2 
867536896 | 258596     87 python3 147444     86 rviz2 78308      80 joint_state_pub 58176      58 ros2 
867332096 | 258596     87 python3 147444     86 rviz2 78308      80 joint_state_pub 58176      58 ros2 
867520512 | 258596     87 python3 147444     86 rviz2 78308      80 joint_state_pub 58176      58 ros2 
867553280 | 258596     87 python3 147444     86 rviz2 78308      80 joint_state_pub 58176      58 ros2 
867319808 | 258596     87 python3 147444     86 rviz2 78308      80 joint_state_pub 58176      58 ros2 
867782656 | 258596     87 python3 147444     86 rviz2 78308      80 joint_state_pub 58176      58 ros2 
867233792 | 258596     87 python3 147444     86 rviz2 78308      80 joint_state_pub 58176      58 ros2 
867405824 | 258596     87 python3 147444     86 rviz2 78308      80 joint_state_pub 58176      58 ros2 
867532800 | 258596     87 python3 147444     86 rviz2 78308      80 joint_state_pub 58176      58 ros2 
867811328 | 258596     87 python3 147444     86 rviz2 78308      80 joint_state_pub 58176      58 ros2 
867516416 | 258596     87 python3 147444     86 rviz2 78308      80 joint_state_pub 58176      58 ros2 
867524608 | 258596     87 python3 147444     86 rviz2 78308      80 joint_state_pub 58176      58 ros2 
867287040 | 258596     87 python3 147444     86 rviz2 78308      80 joint_state_pub 58176      58 ros2 
867287040 | 258596     87 python3 147444     86 rviz2 78308      80 joint_state_pub 58176      58 ros2 
867463168 | 258596     87 python3 147444     86 rviz2 78308      80 joint_state_pub 58176      58 ros2 
867602432 | 258596     87 python3 147444     86 rviz2 78308      80 joint_state_pub 58176      58 ros2 
867553280 | 258596     87 python3 147444     86 rviz2 78308      80 joint_state_pub 58176      58 ros2 
867557376 | 258596     87 python3 147444     86 rviz2 78308      80 joint_state_pub 58176      58 ros2 
867782656 | 258596     87 python3 147444     86 rviz2 78308      80 joint_state_pub 58176      58 ros2 
868044800 | 258596     87 python3 147444     86 rviz2 78308      80 joint_state_pub 58176      58 ros2 
867889152 | 258596     87 python3 147444     86 rviz2 78308      80 joint_state_pub 58176      58 ros2 
867549184 | 258596     87 python3 147444     86 rviz2 78308      80 joint_state_pub 58176      58 ros2 
867409920 | 258596     87 python3 147444     86 rviz2 78308      80 joint_state_pub 58176      58 ros2 
867536896 | 258596     87 python3 147444     86 rviz2 78308      80 joint_state_pub 58176      58 ros2 
867848192 | 258596     87 python3 147444     86 rviz2 78308      80 joint_state_pub 58176      58 ros2 
867225600 | 258596     87 python3 147444     86 rviz2 78308      80 joint_state_pub 58176      58 ros2 
867299328 | 258596     87 python3 147444     86 rviz2 78308      80 joint_state_pub 58176      58 ros2 
867483648 | 258596     87 python3 147444     86 rviz2 78308      80 joint_state_pub 58176      58 ros2 
867328000 | 258596     87 python3 147444     86 rviz2 78308      80 joint_state_pub 58176      58 ros2 
867270656 | 258596     87 python3 147444     86 rviz2 78308      80 joint_state_pub 58176      58 ros2 
867340288 | 258596     87 python3 147444     86 rviz2 78308      80 joint_state_pub 58176      58 ros2 
867536896 | 258596     87 python3 147444     86 rviz2 78308      80 joint_state_pub 58176      58 ros2 
867491840 | 258596     87 python3 147444     86 rviz2 78308      80 joint_state_pub 58176      58 ros2 
867500032 | 258596     87 python3 147444     86 rviz2 78308      80 joint_state_pub 58176      58 ros2 
867528704 | 258596     87 python3 147444     86 rviz2 78308      80 joint_state_pub 58176      58 ros2 
867872768 | 258596     87 python3 147444     86 rviz2 78308      80 joint_state_pub 58176      58 ros2 
867143680 | 258596     87 python3 147444     86 rviz2 78308      80 joint_state_pub 58176      58 ros2 
867266560 | 258596     87 python3 147444     86 rviz2 78308      80 joint_state_pub 58176      58 ros2 
867528704 | 258596     87 python3 147444     86 rviz2 78308      80 joint_state_pub 58176      58 ros2 
867606528 | 258596     87 python3 147444     86 rviz2 78308      80 joint_state_pub 58176      58 ros2 
867618816 | 258596     87 python3 147444     86 rviz2 78308      80 joint_state_pub 58176      58 ros2 
867303424 | 258596     87 python3 147444     86 rviz2 78308      80 joint_state_pub 58176      58 ros2 
867794944 | 258596     87 python3 147444     86 rviz2 78308      80 joint_state_pub 58176      58 ros2 
867274752 | 258596     87 python3 147444     86 rviz2 78308      80 joint_state_pub 58176      58 ros2 
867160064 | 258596     87 python3 147444     86 rviz2 78308      80 joint_state_pub 58176      58 ros2 
867225600 | 258596     87 python3 147444     86 rviz2 78308      80 joint_state_pub 58176      58 ros2 
867524608 | 258596     87 python3 147444     86 rviz2 78308      80 joint_state_pub 58176      58 ros2 
867524608 | 258596     87 python3 147444     86 rviz2 78308      80 joint_state_pub 58176      58 ros2 
867684352 | 258596     87 python3 147444     86 rviz2 78308      80 joint_state_pub 58176      58 ros2 
867774464 | 258596     87 python3 147444     86 rviz2 78308      80 joint_state_pub 58176      58 ros2 
867586048 | 258596     87 python3 147444     86 rviz2 78308      80 joint_state_pub 58176      58 ros2 
867553280 | 258596     87 python3 147444     86 rviz2 78308      80 joint_state_pub 58176      58 ros2 
867491840 | 258596     87 python3 147444     86 rviz2 78308      80 joint_state_pub 58176      58 ros2 
867676160 | 258596     87 python3 147444     86 rviz2 78308      80 joint_state_pub 58176      58 ros2 
867528704 | 258596     87 python3 147444     86 rviz2 78308      80 joint_state_pub 58176      58 ros2 
867258368 | 258596     87 python3 147444     86 rviz2 78308      80 joint_state_pub 58176      58 ros2 
867266560 | 258596     87 python3 147444     86 rviz2 78308      80 joint_state_pub 58176      58 ros2 
867405824 | 258596     87 python3 147444     86 rviz2 78308      80 joint_state_pub 58176      58 ros2 
868048896 | 258596     87 python3 147444     86 rviz2 78308      80 joint_state_pub 58176      58 ros2 
867307520 | 258596     87 python3 147444     86 rviz2 78308      80 joint_state_pub 58176      58 ros2 
867270656 | 258596     87 python3 147444     86 rviz2 78308      80 joint_state_pub 58176      58 ros2 
867291136 | 258596     87 python3 147444     86 rviz2 78308      80 joint_state_pub 58176      58 ros2 
867274752 | 258596     87 python3 147444     86 rviz2 78312      80 joint_state_pub 58176      58 ros2 
867414016 | 258596     87 python3 147444     86 rviz2 78312      80 joint_state_pub 58176      58 ros2 
867422208 | 258596     87 python3 147444     86 rviz2 78312      80 joint_state_pub 58176      58 ros2 
867844096 | 258596     87 python3 147444     86 rviz2 78312      80 joint_state_pub 58176      58 ros2 
867667968 | 258596     87 python3 147556     86 rviz2 78312      80 joint_state_pub 58176      58 ros2 
867794944 | 258596     87 python3 147556     86 rviz2 78312      80 joint_state_pub 58176      58 ros2 
867164160 | 258596     87 python3 147556     86 rviz2 78312      80 joint_state_pub 58176      58 ros2 
867540992 | 258596     87 python3 147556     86 rviz2 78312      80 joint_state_pub 58176      58 ros2 
867540992 | 258596     87 python3 147556     86 rviz2 78312      80 joint_state_pub 58176      58 ros2 
867504128 | 258596     87 python3 147556     86 rviz2 78312      80 joint_state_pub 58176      58 ros2 
867540992 | 258596     87 python3 147556     86 rviz2 78312      80 joint_state_pub 58176      58 ros2 
867598336 | 258596     87 python3 147556     86 rviz2 78312      80 joint_state_pub 58176      58 ros2 
867291136 | 258596     87 python3 147556     86 rviz2 78312      80 joint_state_pub 58176      58 ros2 
867246080 | 258596     87 python3 147556     86 rviz2 78312      80 joint_state_pub 58176      58 ros2 
867278848 | 258596     87 python3 147556     86 rviz2 78312      80 joint_state_pub 58176      58 ros2 
867524608 | 258596     87 python3 147556     86 rviz2 78312      80 joint_state_pub 58176      58 ros2 
867291136 | 258596     87 python3 147556     86 rviz2 78312      80 joint_state_pub 58176      58 ros2 
867295232 | 258596     87 python3 147556     86 rviz2 78312      80 joint_state_pub 58176      58 ros2 
867536896 | 258596     87 python3 147556     86 rviz2 78312      80 joint_state_pub 58176      58 ros2 
868061184 | 258596     87 python3 147556     86 rviz2 78312      80 joint_state_pub 58176      58 ros2 
867581952 | 258596     87 python3 147556     86 rviz2 78312      80 joint_state_pub 58176      58 ros2 
867803136 | 258596     87 python3 147556     86 rviz2 78312      80 joint_state_pub 58176      58 ros2 
867717120 | 258596     87 python3 147556     86 rviz2 78312      80 joint_state_pub 58176      58 ros2 
867237888 | 258596     87 python3 147556     86 rviz2 78312      80 joint_state_pub 58176      58 ros2 
867827712 | 258596     87 python3 147556     86 rviz2 78312      80 joint_state_pub 58176      58 ros2 
867291136 | 258596     87 python3 147556     86 rviz2 78312      80 joint_state_pub 58176      58 ros2 
867848192 | 258596     87 python3 147556     86 rviz2 78312      80 joint_state_pub 58176      58 ros2 
867553280 | 258596     87 python3 147556     86 rviz2 78312      80 joint_state_pub 58176      58 ros2 
867352576 | 258596     87 python3 147556     86 rviz2 78312      80 joint_state_pub 58176      58 ros2 
867803136 | 258596     87 python3 147556     86 rviz2 78312      80 joint_state_pub 58176      58 ros2 
867807232 | 258596     87 python3 147556     86 rviz2 78312      80 joint_state_pub 58176      58 ros2 
867278848 | 258596     87 python3 147556     86 rviz2 78312      80 joint_state_pub 58176      58 ros2 
867373056 | 258596     87 python3 147556     86 rviz2 78312      80 joint_state_pub 58176      58 ros2 
867536896 | 258596     87 python3 147556     86 rviz2 78312      80 joint_state_pub 58176      58 ros2 
867901440 | 258596     87 python3 147556     86 rviz2 78312      80 joint_state_pub 58176      58 ros2 
867667968 | 258596     87 python3 147556     86 rviz2 78312      80 joint_state_pub 58176      58 ros2 
867647488 | 258596     87 python3 147556     86 rviz2 78312      80 joint_state_pub 58176      58 ros2 
867770368 | 258596     87 python3 147556     86 rviz2 78312      80 joint_state_pub 58176      58 ros2 
867422208 | 258596     87 python3 147556     86 rviz2 78312      80 joint_state_pub 58176      58 ros2 
867545088 | 258596     87 python3 147556     86 rviz2 78312      80 joint_state_pub 58176      58 ros2 
867409920 | 258596     87 python3 147556     86 rviz2 78312      80 joint_state_pub 58176      58 ros2 
867545088 | 258596     87 python3 147556     86 rviz2 78312      80 joint_state_pub 58176      58 ros2 
867811328 | 258596     87 python3 147556     86 rviz2 78312      80 joint_state_pub 58176      58 ros2 
867282944 | 258596     87 python3 147556     86 rviz2 78312      80 joint_state_pub 58176      58 ros2 
867401728 | 258596     87 python3 147556     86 rviz2 78312      80 joint_state_pub 58176      58 ros2 
867581952 | 258596     87 python3 147556     86 rviz2 78312      80 joint_state_pub 58176      58 ros2 
867360768 | 258596     87 python3 147556     86 rviz2 78312      80 joint_state_pub 58176      58 ros2 
868085760 | 258596     87 python3 147556     86 rviz2 78312      80 joint_state_pub 58176      58 ros2 
867545088 | 258596     87 python3 147556     86 rviz2 78312      80 joint_state_pub 58176      58 ros2 
867540992 | 258596     87 python3 147556     86 rviz2 78312      80 joint_state_pub 58176      58 ros2 
867282944 | 258596     87 python3 147556     86 rviz2 78312      80 joint_state_pub 58176      58 ros2 
867553280 | 258596     87 python3 147556     86 rviz2 78312      80 joint_state_pub 58176      58 ros2 
867561472 | 258596     87 python3 147556     86 rviz2 78312      80 joint_state_pub 58176      58 ros2 
867684352 | 258596     87 python3 147556     86 rviz2 78312      80 joint_state_pub 58176      58 ros2 
867807232 | 258596     87 python3 147556     86 rviz2 78312      80 joint_state_pub 58176      58 ros2 
867774464 | 258596     87 python3 147556     86 rviz2 78312      80 joint_state_pub 58176      58 ros2 
867561472 | 258596     87 python3 147556     86 rviz2 78312      80 joint_state_pub 58176      58 ros2 
867684352 | 258596     87 python3 147556     86 rviz2 78312      80 joint_state_pub 58176      58 ros2 
867561472 | 258596     87 python3 147556     86 rviz2 78312      80 joint_state_pub 58176      58 ros2 
867823616 | 258596     87 python3 147556     86 rviz2 78312      80 joint_state_pub 58176      58 ros2 
867495936 | 258596     87 python3 147556     86 rviz2 78312      80 joint_state_pub 58176      58 ros2 
867864576 | 258596     87 python3 147556     86 rviz2 78312      80 joint_state_pub 58176      58 ros2 
867299328 | 258596     87 python3 147556     86 rviz2 78312      80 joint_state_pub 58176      58 ros2 
867680256 | 258596     87 python3 147556     86 rviz2 78312      80 joint_state_pub 58176      58 ros2 
867655680 | 258596     87 python3 147556     86 rviz2 78312      80 joint_state_pub 58176      58 ros2 
867811328 | 258596     87 python3 147556     86 rviz2 78312      80 joint_state_pub 58176      58 ros2 
867282944 | 258596     87 python3 147556     86 rviz2 78312      80 joint_state_pub 58176      58 ros2 
867549184 | 258596     87 python3 147556     86 rviz2 78312      80 joint_state_pub 58176      58 ros2 
867381248 | 258596     87 python3 147556     86 rviz2 78312      80 joint_state_pub 58176      58 ros2 
867213312 | 258596     87 python3 147556     86 rviz2 78312      80 joint_state_pub 58176      58 ros2 
867348480 | 258596     87 python3 147556     86 rviz2 78312      80 joint_state_pub 58176      58 ros2 
867680256 | 258596     87 python3 147556     86 rviz2 78312      80 joint_state_pub 58176      58 ros2 
867835904 | 258596     87 python3 147556     86 rviz2 78312      80 joint_state_pub 58176      58 ros2 
867606528 | 258596     87 python3 147556     86 rviz2 78312      80 joint_state_pub 58176      58 ros2 
867348480 | 258596     87 python3 147556     86 rviz2 78312      80 joint_state_pub 58176      58 ros2 
867811328 | 258596     87 python3 147556     86 rviz2 78312      80 joint_state_pub 58176      58 ros2 
867561472 | 258596     87 python3 147556     86 rviz2 78312      80 joint_state_pub 58176      58 ros2 
867774464 | 258596     87 python3 147556     86 rviz2 78312      80 joint_state_pub 58176      58 ros2 
867176448 | 258596     87 python3 147556     86 rviz2 78312      80 joint_state_pub 58176      58 ros2 
867565568 | 258596     87 python3 147556     86 rviz2 78316      80 joint_state_pub 58176      58 ros2 
867827712 | 258596     87 python3 147556     86 rviz2 78316      80 joint_state_pub 58176      58 ros2 
868130816 | 258596     87 python3 147556     86 rviz2 78316      80 joint_state_pub 58176      58 ros2 
867557376 | 258596     87 python3 147556     86 rviz2 78316      80 joint_state_pub 58176      58 ros2 
867823616 | 258596     87 python3 147556     86 rviz2 78316      80 joint_state_pub 58176      58 ros2 
867561472 | 258596     87 python3 147556     86 rviz2 78316      80 joint_state_pub 58176      58 ros2 
867557376 | 258596     87 python3 147556     86 rviz2 78316      80 joint_state_pub 58176      58 ros2 
867565568 | 258596     87 python3 147556     86 rviz2 78316      80 joint_state_pub 58176      58 ros2 
867819520 | 258596     87 python3 147556     86 rviz2 78316      80 joint_state_pub 58176      58 ros2 
867557376 | 258596     87 python3 147556     86 rviz2 78316      80 joint_state_pub 58176      58 ros2 
867557376 | 258596     87 python3 147556     86 rviz2 78316      80 joint_state_pub 58176      58 ros2 
867299328 | 258596     87 python3 147556     86 rviz2 78316      80 joint_state_pub 58176      58 ros2 
867565568 | 258596     87 python3 147556     86 rviz2 78316      80 joint_state_pub 58176      58 ros2 
867295232 | 258596     87 python3 147556     86 rviz2 78316      80 joint_state_pub 58176      58 ros2 
867553280 | 258596     87 python3 147556     86 rviz2 78316      80 joint_state_pub 58176      58 ros2 
867295232 | 258596     87 python3 147556     86 rviz2 78316      80 joint_state_pub 58176      58 ros2 
867336192 | 258596     87 python3 147556     86 rviz2 78316      80 joint_state_pub 58176      58 ros2 
867557376 | 258596     87 python3 147556     86 rviz2 78316      80 joint_state_pub 58176      58 ros2 
867520512 | 258596     87 python3 147556     86 rviz2 78316      80 joint_state_pub 58176      58 ros2 
867590144 | 258596     87 python3 147556     86 rviz2 78316      80 joint_state_pub 58176      58 ros2 
867520512 | 258596     87 python3 147556     86 rviz2 78316      80 joint_state_pub 58176      58 ros2 
867557376 | 258596     87 python3 147556     86 rviz2 78316      80 joint_state_pub 58176      58 ros2 
867557376 | 258596     87 python3 147556     86 rviz2 78316      80 joint_state_pub 58176      58 ros2 
867831808 | 258596     87 python3 147556     86 rviz2 78316      80 joint_state_pub 58176      58 ros2 
867565568 | 258596     87 python3 147556     86 rviz2 78316      80 joint_state_pub 58176      58 ros2 
867528704 | 258596     87 python3 147556     86 rviz2 78316      80 joint_state_pub 58176      58 ros2 
867565568 | 258596     87 python3 147556     86 rviz2 78316      80 joint_state_pub 58176      58 ros2 
867557376 | 258596     87 python3 147556     86 rviz2 78316      80 joint_state_pub 58176      58 ros2 
867811328 | 258596     87 python3 147556     86 rviz2 78316      80 joint_state_pub 58176      58 ros2 
867557376 | 258596     87 python3 147556     86 rviz2 78316      80 joint_state_pub 58176      58 ros2 
867491840 | 258596     87 python3 147556     86 rviz2 78316      80 joint_state_pub 58176      58 ros2 
867344384 | 258596     87 python3 147556     86 rviz2 78316      80 joint_state_pub 58176      58 ros2 
867631104 | 258596     87 python3 147556     86 rviz2 78316      80 joint_state_pub 58176      58 ros2 
867307520 | 258596     87 python3 147556     86 rviz2 78316      80 joint_state_pub 58176      58 ros2 
867835904 | 258596     87 python3 147556     86 rviz2 78316      80 joint_state_pub 58176      58 ros2 
867852288 | 258596     87 python3 147556     86 rviz2 78316      80 joint_state_pub 58176      58 ros2 
867606528 | 258596     87 python3 147556     86 rviz2 78316      80 joint_state_pub 58176      58 ros2 
867229696 | 258596     87 python3 147556     86 rviz2 78316      80 joint_state_pub 58176      58 ros2 
867872768 | 258596     87 python3 147556     86 rviz2 78316      80 joint_state_pub 58176      58 ros2 
867696640 | 258596     87 python3 147556     86 rviz2 78316      80 joint_state_pub 58176      58 ros2 
867868672 | 258596     87 python3 147556     86 rviz2 78316      80 joint_state_pub 58176      58 ros2 
867368960 | 258596     87 python3 147556     86 rviz2 78316      80 joint_state_pub 58176      58 ros2 
867737600 | 258596     87 python3 147556     86 rviz2 78316      80 joint_state_pub 58176      58 ros2 
867311616 | 258596     87 python3 147556     86 rviz2 78316      80 joint_state_pub 58176      58 ros2 
867602432 | 258596     87 python3 147556     86 rviz2 78316      80 joint_state_pub 58176      58 ros2 
867606528 | 258596     87 python3 147556     86 rviz2 78316      80 joint_state_pub 58176      58 ros2 
868130816 | 258596     87 python3 147556     86 rviz2 78316      80 joint_state_pub 58176      58 ros2 
867598336 | 258596     87 python3 147556     86 rviz2 78316      80 joint_state_pub 58176      58 ros2 
867311616 | 258596     87 python3 147556     86 rviz2 78316      80 joint_state_pub 58176      58 ros2 
867561472 | 258596     87 python3 147556     86 rviz2 78316      80 joint_state_pub 58176      58 ros2 
867766272 | 258596     87 python3 147556     86 rviz2 78316      80 joint_state_pub 58176      58 ros2 
867528704 | 258596     87 python3 147556     86 rviz2 78316      80 joint_state_pub 58176      58 ros2 
867143680 | 258596     87 python3 147556     86 rviz2 78316      80 joint_state_pub 58176      58 ros2 
867491840 | 258596     87 python3 147556     86 rviz2 78316      80 joint_state_pub 58176      58 ros2 
867786752 | 258596     87 python3 147556     86 rviz2 78316      80 joint_state_pub 58176      58 ros2 
867848192 | 258596     87 python3 147556     86 rviz2 78316      80 joint_state_pub 58176      58 ros2 
867622912 | 258596     87 python3 147556     86 rviz2 78316      80 joint_state_pub 58176      58 ros2 
867835904 | 258596     87 python3 147556     86 rviz2 78316      80 joint_state_pub 58176      58 ros2 
867586048 | 258596     87 python3 147556     86 rviz2 78316      80 joint_state_pub 58176      58 ros2 
867577856 | 258596     87 python3 147556     86 rviz2 78316      80 joint_state_pub 58176      58 ros2 
867737600 | 258596     87 python3 147556     86 rviz2 78316      80 joint_state_pub 58176      58 ros2 
867840000 | 258596     87 python3 147556     86 rviz2 78316      80 joint_state_pub 58176      58 ros2 
867700736 | 258596     87 python3 147556     86 rviz2 78316      80 joint_state_pub 58176      58 ros2 
867577856 | 258596     87 python3 147556     86 rviz2 78316      80 joint_state_pub 58176      58 ros2 
867856384 | 258596     87 python3 147556     86 rviz2 78316      80 joint_state_pub 58176      58 ros2 
867647488 | 258596     87 python3 147556     86 rviz2 78316      80 joint_state_pub 58176      58 ros2 
868085760 | 258596     87 python3 147556     86 rviz2 78316      80 joint_state_pub 58176      58 ros2 
867704832 | 258596     87 python3 147556     86 rviz2 78316      80 joint_state_pub 58176      58 ros2 
867540992 | 258596     87 python3 147556     86 rviz2 78316      80 joint_state_pub 58176      58 ros2 
867565568 | 258596     87 python3 147556     86 rviz2 78316      80 joint_state_pub 58176      58 ros2 
867618816 | 258596     87 python3 147556     86 rviz2 78316      80 joint_state_pub 58176      58 ros2 
867622912 | 258596     87 python3 147556     86 rviz2 78316      80 joint_state_pub 58176      58 ros2 
867340288 | 258596     87 python3 147556     86 rviz2 78316      80 joint_state_pub 58176      58 ros2 
867545088 | 258596     87 python3 147556     86 rviz2 78316      80 joint_state_pub 58176      58 ros2 
867848192 | 258596     87 python3 147556     86 rviz2 78316      80 joint_state_pub 58176      58 ros2 
867602432 | 258596     87 python3 147556     86 rviz2 78316      80 joint_state_pub 58176      58 ros2 
867840000 | 258596     87 python3 147556     86 rviz2 78316      80 joint_state_pub 58176      58 ros2 
867565568 | 258596     87 python3 147556     86 rviz2 78316      80 joint_state_pub 58176      58 ros2 
867721216 | 258596     87 python3 147556     86 rviz2 78320      80 joint_state_pub 58176      58 ros2 
867713024 | 258596     87 python3 147556     86 rviz2 78320      80 joint_state_pub 58176      58 ros2 
867840000 | 258596     87 python3 147556     86 rviz2 78320      80 joint_state_pub 58176      58 ros2 
867573760 | 258596     87 python3 147556     86 rviz2 78320      80 joint_state_pub 58176      58 ros2 
867946496 | 258596     87 python3 147556     86 rviz2 78320      80 joint_state_pub 58176      58 ros2 
867586048 | 258596     87 python3 147556     86 rviz2 78320      80 joint_state_pub 58176      58 ros2 
867508224 | 258596     87 python3 147556     86 rviz2 78320      80 joint_state_pub 58176      58 ros2 
867577856 | 258596     87 python3 147556     86 rviz2 78320      80 joint_state_pub 58176      58 ros2 
867667968 | 258596     87 python3 147556     86 rviz2 78320      80 joint_state_pub 58176      58 ros2 
867528704 | 258596     87 python3 147556     86 rviz2 78320      80 joint_state_pub 58176      58 ros2 
867979264 | 258596     87 python3 147556     86 rviz2 78320      80 joint_state_pub 58176      58 ros2 
867840000 | 258596     87 python3 147556     86 rviz2 78320      80 joint_state_pub 58176      58 ros2 
867610624 | 258596     87 python3 147556     86 rviz2 78320      80 joint_state_pub 58176      58 ros2 
867258368 | 258596     87 python3 147556     86 rviz2 78320      80 joint_state_pub 58176      58 ros2 
868110336 | 258596     87 python3 147556     86 rviz2 78320      80 joint_state_pub 58176      58 ros2 
867852288 | 258596     87 python3 147556     86 rviz2 78320      80 joint_state_pub 58176      58 ros2 
867852288 | 258596     87 python3 147556     86 rviz2 78320      80 joint_state_pub 58176      58 ros2 
867848192 | 258596     87 python3 147556     86 rviz2 78320      80 joint_state_pub 58176      58 ros2 
867332096 | 258596     87 python3 147556     86 rviz2 78320      80 joint_state_pub 58176      58 ros2 
867848192 | 258596     87 python3 147556     86 rviz2 78320      80 joint_state_pub 58176      58 ros2 
867651584 | 258596     87 python3 147556     86 rviz2 78320      80 joint_state_pub 58176      58 ros2 
867590144 | 258596     87 python3 147556     86 rviz2 78320      80 joint_state_pub 58176      58 ros2 
867647488 | 258596     87 python3 147556     86 rviz2 78320      80 joint_state_pub 58176      58 ros2 
867397632 | 258596     87 python3 147556     86 rviz2 78320      80 joint_state_pub 58176      58 ros2 
867565568 | 258596     87 python3 147556     86 rviz2 78320      80 joint_state_pub 58176      58 ros2 
867819520 | 258596     87 python3 147556     86 rviz2 78320      80 joint_state_pub 58176      58 ros2 
867336192 | 258596     87 python3 147556     86 rviz2 78320      80 joint_state_pub 58176      58 ros2 
867581952 | 258596     87 python3 147556     86 rviz2 78320      80 joint_state_pub 58176      58 ros2 
867364864 | 258596     87 python3 147556     86 rviz2 78320      80 joint_state_pub 58176      58 ros2 
867844096 | 258596     87 python3 147556     86 rviz2 78320      80 joint_state_pub 58176      58 ros2 
867868672 | 258596     87 python3 147556     86 rviz2 78320      80 joint_state_pub 58176      58 ros2 
868020224 | 258596     87 python3 147556     86 rviz2 78320      80 joint_state_pub 58176      58 ros2 
868073472 | 258596     87 python3 147556     86 rviz2 78320      80 joint_state_pub 58176      58 ros2 
867844096 | 258596     87 python3 147556     86 rviz2 78320      80 joint_state_pub 58176      58 ros2 
867614720 | 258596     87 python3 147556     86 rviz2 78320      80 joint_state_pub 58176      58 ros2 
867422208 | 258596     87 python3 147556     86 rviz2 78320      80 joint_state_pub 58176      58 ros2 
867352576 | 258596     87 python3 147556     86 rviz2 78320      80 joint_state_pub 58176      58 ros2 
867217408 | 258596     87 python3 147556     86 rviz2 78320      80 joint_state_pub 58176      58 ros2 
867401728 | 258596     87 python3 147556     86 rviz2 78320      80 joint_state_pub 58176      58 ros2 
867856384 | 258596     87 python3 147556     86 rviz2 78320      80 joint_state_pub 58176      58 ros2 
867848192 | 258596     87 python3 147556     86 rviz2 78320      80 joint_state_pub 58176      58 ros2 
867491840 | 258596     87 python3 147556     86 rviz2 78320      80 joint_state_pub 58176      58 ros2 
867844096 | 258596     87 python3 147556     86 rviz2 78320      80 joint_state_pub 58176      58 ros2 
867323904 | 258596     87 python3 147556     86 rviz2 78320      80 joint_state_pub 58176      58 ros2 
867590144 | 258596     87 python3 147556     86 rviz2 78320      80 joint_state_pub 58176      58 ros2 
867860480 | 258596     87 python3 147556     86 rviz2 78320      80 joint_state_pub 58176      58 ros2 
867852288 | 258596     87 python3 147556     86 rviz2 78320      80 joint_state_pub 58176      58 ros2 
867328000 | 258596     87 python3 147556     86 rviz2 78320      80 joint_state_pub 58176      58 ros2 
867954688 | 258596     87 python3 147556     86 rviz2 78320      80 joint_state_pub 58176      58 ros2 
868179968 | 258596     87 python3 147556     86 rviz2 78320      80 joint_state_pub 58176      58 ros2 
867643392 | 258596     87 python3 147556     86 rviz2 78320      80 joint_state_pub 58176      58 ros2 
867987456 | 258596     87 python3 147556     86 rviz2 78320      80 joint_state_pub 58176      58 ros2 
867893248 | 258596     87 python3 147556     86 rviz2 78320      80 joint_state_pub 58176      58 ros2 
867323904 | 258596     87 python3 147556     86 rviz2 78320      80 joint_state_pub 58176      58 ros2 
867479552 | 258596     87 python3 147556     86 rviz2 78320      80 joint_state_pub 58176      58 ros2 
867590144 | 258596     87 python3 147556     86 rviz2 78320      80 joint_state_pub 58176      58 ros2 
867540992 | 258596     87 python3 147556     86 rviz2 78320      80 joint_state_pub 58176      58 ros2 
867938304 | 258596     87 python3 147556     86 rviz2 78320      80 joint_state_pub 58176      58 ros2 
867590144 | 258596     87 python3 147556     86 rviz2 78320      80 joint_state_pub 58176      58 ros2 
867856384 | 258596     87 python3 147556     86 rviz2 78320      80 joint_state_pub 58176      58 ros2 
867852288 | 258596     87 python3 147556     86 rviz2 78320      80 joint_state_pub 58176      58 ros2 
867598336 | 258596     87 python3 147556     86 rviz2 78320      80 joint_state_pub 58176      58 ros2 
867631104 | 258596     87 python3 147556     86 rviz2 78320      80 joint_state_pub 58176      58 ros2 
867852288 | 258596     87 python3 147556     86 rviz2 78320      80 joint_state_pub 58176      58 ros2 
867745792 | 258596     87 python3 147556     86 rviz2 78320      80 joint_state_pub 58176      58 ros2 
867414016 | 258596     87 python3 147556     86 rviz2 78320      80 joint_state_pub 58176      58 ros2 
867590144 | 258596     87 python3 147556     86 rviz2 78320      80 joint_state_pub 58176      58 ros2 
867434496 | 258596     87 python3 147556     86 rviz2 78320      80 joint_state_pub 58176      58 ros2 
867594240 | 258596     87 python3 147556     86 rviz2 78320      80 joint_state_pub 58176      58 ros2 
867618816 | 258596     87 python3 147556     86 rviz2 78320      80 joint_state_pub 58176      58 ros2 
867495936 | 258596     87 python3 147556     86 rviz2 78320      80 joint_state_pub 58176      58 ros2 
867590144 | 258596     87 python3 147556     86 rviz2 78320      80 joint_state_pub 58176      58 ros2 
867856384 | 258596     87 python3 147556     86 rviz2 78320      80 joint_state_pub 58176      58 ros2 
867766272 | 258596     87 python3 147556     86 rviz2 78320      80 joint_state_pub 58176      58 ros2 
867725312 | 258596     87 python3 147556     86 rviz2 78320      80 joint_state_pub 58176      58 ros2 
867233792 | 258596     87 python3 147556     86 rviz2 78320      80 joint_state_pub 58176      58 ros2 
867377152 | 258596     87 python3 147556     86 rviz2 78320      80 joint_state_pub 58176      58 ros2 
867606528 | 258596     87 python3 147556     86 rviz2 78320      80 joint_state_pub 58176      58 ros2 
867766272 | 258596     87 python3 147556     86 rviz2 78324      80 joint_state_pub 58176      58 ros2 
867508224 | 258596     87 python3 147556     86 rviz2 78324      80 joint_state_pub 58176      58 ros2 
867311616 | 258596     87 python3 147556     86 rviz2 78324      80 joint_state_pub 58176      58 ros2 
867635200 | 258596     87 python3 147556     86 rviz2 78324      80 joint_state_pub 58176      58 ros2 
867635200 | 258596     87 python3 147556     86 rviz2 78324      80 joint_state_pub 58176      58 ros2 
867971072 | 258596     87 python3 147556     86 rviz2 78324      80 joint_state_pub 58176      58 ros2 
867442688 | 258596     87 python3 147556     86 rviz2 78324      80 joint_state_pub 58176      58 ros2 
867446784 | 258596     87 python3 147556     86 rviz2 78324      80 joint_state_pub 58176      58 ros2 
867512320 | 258596     87 python3 147556     86 rviz2 78324      80 joint_state_pub 58176      58 ros2 
867885056 | 258596     87 python3 147556     86 rviz2 78332      80 joint_state_pub 58176      58 ros2 
867926016 | 258596     87 python3 147556     86 rviz2 78332      80 joint_state_pub 58176      58 ros2 
868163584 | 258596     87 python3 147556     86 rviz2 78332      80 joint_state_pub 58176      58 ros2 
867602432 | 258596     87 python3 147556     86 rviz2 78332      80 joint_state_pub 58176      58 ros2 
867872768 | 258596     87 python3 147556     86 rviz2 78332      80 joint_state_pub 58176      58 ros2 
867880960 | 258596     87 python3 147556     86 rviz2 78332      80 joint_state_pub 58176      58 ros2 
867688448 | 258596     87 python3 147556     86 rviz2 78332      80 joint_state_pub 58176      58 ros2 
867618816 | 258596     87 python3 147556     86 rviz2 78332      80 joint_state_pub 58176      58 ros2 
867225600 | 258596     87 python3 147556     86 rviz2 78332      80 joint_state_pub 58176      58 ros2 
867500032 | 258596     87 python3 147556     86 rviz2 78332      80 joint_state_pub 58176      58 ros2 
867614720 | 258596     87 python3 147556     86 rviz2 78332      80 joint_state_pub 58176      58 ros2 
867618816 | 258596     87 python3 147556     86 rviz2 78332      80 joint_state_pub 58176      58 ros2 
867237888 | 258596     87 python3 147556     86 rviz2 78332      80 joint_state_pub 58176      58 ros2 
867381248 | 258596     87 python3 147556     86 rviz2 78332      80 joint_state_pub 58176      58 ros2 
867872768 | 258596     87 python3 147556     86 rviz2 78332      80 joint_state_pub 58176      58 ros2 
867672064 | 258596     87 python3 147556     86 rviz2 78332      80 joint_state_pub 58176      58 ros2 
867864576 | 258596     87 python3 147556     86 rviz2 78332      80 joint_state_pub 58176      58 ros2 
867618816 | 258596     87 python3 147556     86 rviz2 78332      80 joint_state_pub 58176      58 ros2 
867647488 | 258596     87 python3 147556     86 rviz2 78332      80 joint_state_pub 58176      58 ros2 
867643392 | 258596     87 python3 147556     86 rviz2 78332      80 joint_state_pub 58176      58 ros2 
867446784 | 258596     87 python3 147556     86 rviz2 78332      80 joint_state_pub 58176      58 ros2 
867381248 | 258596     87 python3 147556     86 rviz2 78332      80 joint_state_pub 58176      58 ros2 
867381248 | 258596     87 python3 147556     86 rviz2 78332      80 joint_state_pub 58176      58 ros2 
867876864 | 258596     87 python3 147556     86 rviz2 78332      80 joint_state_pub 58176      58 ros2 
867422208 | 258596     87 python3 147556     86 rviz2 78332      80 joint_state_pub 58176      58 ros2 
867606528 | 258596     87 python3 147556     86 rviz2 78332      80 joint_state_pub 58176      58 ros2 
867569664 | 258596     87 python3 147556     86 rviz2 78332      80 joint_state_pub 58176      58 ros2 
867880960 | 258596     87 python3 147556     86 rviz2 78332      80 joint_state_pub 58176      58 ros2 
867602432 | 258596     87 python3 147556     86 rviz2 78332      80 joint_state_pub 58176      58 ros2 
867627008 | 258596     87 python3 147556     86 rviz2 78332      80 joint_state_pub 58176      58 ros2 
867602432 | 258596     87 python3 147556     86 rviz2 78332      80 joint_state_pub 58176      58 ros2 
867614720 | 258596     87 python3 147556     86 rviz2 78332      80 joint_state_pub 58176      58 ros2 
867500032 | 258596     87 python3 147556     86 rviz2 78332      80 joint_state_pub 58176      58 ros2 
867876864 | 258596     87 python3 147556     86 rviz2 78332      80 joint_state_pub 58176      58 ros2 
867835904 | 258596     87 python3 147556     86 rviz2 78332      80 joint_state_pub 58176      58 ros2 
867885056 | 258596     87 python3 147556     86 rviz2 78332      80 joint_state_pub 58176      58 ros2 
867762176 | 258596     87 python3 147556     86 rviz2 78332      80 joint_state_pub 58176      58 ros2 
867885056 | 258596     87 python3 147556     86 rviz2 78332      80 joint_state_pub 58176      58 ros2 
867532800 | 258596     87 python3 147556     86 rviz2 78332      80 joint_state_pub 58176      58 ros2 
867610624 | 258596     87 python3 147556     86 rviz2 78332      80 joint_state_pub 58176      58 ros2 
867487744 | 258596     87 python3 147556     86 rviz2 78332      80 joint_state_pub 58176      58 ros2 
867348480 | 258596     87 python3 147556     86 rviz2 78332      80 joint_state_pub 58176      58 ros2 
867758080 | 258596     87 python3 147556     86 rviz2 78332      80 joint_state_pub 58176      58 ros2 
867487744 | 258596     87 python3 147556     86 rviz2 78332      80 joint_state_pub 58176      58 ros2 
867766272 | 258596     87 python3 147556     86 rviz2 78332      80 joint_state_pub 58176      58 ros2 
867610624 | 258596     87 python3 147556     86 rviz2 78332      80 joint_state_pub 58176      58 ros2 
867868672 | 258596     87 python3 147556     86 rviz2 78332      80 joint_state_pub 58176      58 ros2 
867889152 | 258596     87 python3 147556     86 rviz2 78332      80 joint_state_pub 58176      58 ros2 
867672064 | 258596     87 python3 147556     86 rviz2 78332      80 joint_state_pub 58176      58 ros2 
867614720 | 258596     87 python3 147556     86 rviz2 78332      80 joint_state_pub 58176      58 ros2 
867377152 | 258596     87 python3 147556     86 rviz2 78332      80 joint_state_pub 58176      58 ros2 
867459072 | 258596     87 python3 147556     86 rviz2 78332      80 joint_state_pub 58176      58 ros2 
867917824 | 258596     87 python3 147556     86 rviz2 78332      80 joint_state_pub 58176      58 ros2 
868134912 | 258596     87 python3 147556     86 rviz2 78332      80 joint_state_pub 58176      58 ros2 
867356672 | 258596     87 python3 147556     86 rviz2 78332      80 joint_state_pub 58176      58 ros2 
867676160 | 258596     87 python3 147556     86 rviz2 78332      80 joint_state_pub 58176      58 ros2 
867897344 | 258596     87 python3 147556     86 rviz2 78332      80 joint_state_pub 58176      58 ros2 
867397632 | 258596     87 python3 147556     86 rviz2 78332      80 joint_state_pub 58176      58 ros2 
867524608 | 258596     87 python3 147556     86 rviz2 78332      80 joint_state_pub 58176      58 ros2 
867524608 | 258596     87 python3 147556     86 rviz2 78332      80 joint_state_pub 58176      58 ros2 
867934208 | 258596     87 python3 147556     86 rviz2 78332      80 joint_state_pub 58176      58 ros2 
867885056 | 258596     87 python3 147556     86 rviz2 78332      80 joint_state_pub 58176      58 ros2 
867487744 | 258596     87 python3 147556     86 rviz2 78332      80 joint_state_pub 58176      58 ros2 
867614720 | 258596     87 python3 147556     86 rviz2 78332      80 joint_state_pub 58176      58 ros2 
867622912 | 258596     87 python3 147556     86 rviz2 78332      80 joint_state_pub 58176      58 ros2 
867614720 | 258596     87 python3 147556     86 rviz2 78332      80 joint_state_pub 58176      58 ros2 
867979264 | 258596     87 python3 147556     86 rviz2 78332      80 joint_state_pub 58176      58 ros2 
867360768 | 258596     87 python3 147556     86 rviz2 78332      80 joint_state_pub 58176      58 ros2 
867618816 | 258596     87 python3 147556     86 rviz2 78332      80 joint_state_pub 58176      58 ros2 
867729408 | 258596     87 python3 147556     86 rviz2 78332      80 joint_state_pub 58176      58 ros2 
867479552 | 258596     87 python3 147556     86 rviz2 78336      80 joint_state_pub 58176      58 ros2 
867889152 | 258596     87 python3 147556     86 rviz2 78336      80 joint_state_pub 58176      58 ros2 
867622912 | 258596     87 python3 147556     86 rviz2 78336      80 joint_state_pub 58176      58 ros2 
867885056 | 258596     87 python3 147556     86 rviz2 78336      80 joint_state_pub 58176      58 ros2 
867426304 | 258596     87 python3 147556     86 rviz2 78336      80 joint_state_pub 58176      58 ros2 
867614720 | 258596     87 python3 147556     86 rviz2 78336      80 joint_state_pub 58176      58 ros2 
867610624 | 258596     87 python3 147556     86 rviz2 78336      80 joint_state_pub 58176      58 ros2 
867356672 | 258596     87 python3 147556     86 rviz2 78336      80 joint_state_pub 58176      58 ros2 
867803136 | 258596     87 python3 147556     86 rviz2 78336      80 joint_state_pub 58176      58 ros2 
867520512 | 258596     87 python3 147556     86 rviz2 78336      80 joint_state_pub 58176      58 ros2 
867512320 | 258596     87 python3 147556     86 rviz2 78336      80 joint_state_pub 58176      58 ros2 
867323904 | 258596     87 python3 147556     86 rviz2 78336      80 joint_state_pub 58176      58 ros2 
867618816 | 258596     87 python3 147556     86 rviz2 78336      80 joint_state_pub 58176      58 ros2 
867885056 | 258596     87 python3 147556     86 rviz2 78336      80 joint_state_pub 58176      58 ros2 
867885056 | 258596     87 python3 147556     86 rviz2 78336      80 joint_state_pub 58176      58 ros2 
867323904 | 258596     87 python3 147556     86 rviz2 78336      80 joint_state_pub 58176      58 ros2 
867463168 | 258596     87 python3 147556     86 rviz2 78336      80 joint_state_pub 58176      58 ros2 
867241984 | 258596     87 python3 147556     86 rviz2 78336      80 joint_state_pub 58176      58 ros2 
867905536 | 258596     87 python3 147556     86 rviz2 78336      80 joint_state_pub 58176      58 ros2 
867217408 | 258596     87 python3 147556     86 rviz2 78336      80 joint_state_pub 58176      58 ros2 
867618816 | 258596     87 python3 147556     86 rviz2 78336      80 joint_state_pub 58176      58 ros2 
867921920 | 258596     87 python3 147556     86 rviz2 78336      80 joint_state_pub 58176      58 ros2 
867602432 | 258596     87 python3 147556     86 rviz2 78336      80 joint_state_pub 58176      58 ros2 
868159488 | 258596     87 python3 147556     86 rviz2 78336      80 joint_state_pub 58176      58 ros2 
867622912 | 258596     87 python3 147556     86 rviz2 78336      80 joint_state_pub 58176      58 ros2 
867880960 | 258596     87 python3 147556     86 rviz2 78336      80 joint_state_pub 58176      58 ros2 
867586048 | 258596     87 python3 147556     86 rviz2 78336      80 joint_state_pub 58176      58 ros2 
867381248 | 258596     87 python3 147556     86 rviz2 78336      80 joint_state_pub 58176      58 ros2 
867241984 | 258596     87 python3 147556     86 rviz2 78336      80 joint_state_pub 58176      58 ros2 
867885056 | 258596     87 python3 147556     86 rviz2 78336      80 joint_state_pub 58176      58 ros2 
867356672 | 258596     87 python3 147556     86 rviz2 78336      80 joint_state_pub 58176      58 ros2 
868143104 | 258596     87 python3 147556     86 rviz2 78336      80 joint_state_pub 58176      58 ros2 
867360768 | 258596     87 python3 147556     86 rviz2 78336      80 joint_state_pub 58176      58 ros2 
867360768 | 258596     87 python3 147556     86 rviz2 78336      80 joint_state_pub 58176      58 ros2 
867676160 | 258596     87 python3 147556     86 rviz2 78336      80 joint_state_pub 58176      58 ros2 
867885056 | 258596     87 python3 147556     86 rviz2 78336      80 joint_state_pub 58176      58 ros2 
867684352 | 258596     87 python3 147556     86 rviz2 78336      80 joint_state_pub 58176      58 ros2 
867475456 | 258596     87 python3 147556     86 rviz2 78336      80 joint_state_pub 58176      58 ros2 
867639296 | 258596     87 python3 147556     86 rviz2 78336      80 joint_state_pub 58176      58 ros2 
867508224 | 258596     87 python3 147556     86 rviz2 78336      80 joint_state_pub 58176      58 ros2 
867336192 | 258596     87 python3 147556     86 rviz2 78336      80 joint_state_pub 58176      58 ros2 
867897344 | 258596     87 python3 147556     86 rviz2 78336      80 joint_state_pub 58176      58 ros2 
867487744 | 258596     87 python3 147556     86 rviz2 78336      80 joint_state_pub 58176      58 ros2 
867536896 | 258596     87 python3 147556     86 rviz2 78336      80 joint_state_pub 58176      58 ros2 
867635200 | 258596     87 python3 147556     86 rviz2 78336      80 joint_state_pub 58176      58 ros2 
867512320 | 258596     87 python3 147556     86 rviz2 78336      80 joint_state_pub 58176      58 ros2 
867377152 | 258596     87 python3 147556     86 rviz2 78336      80 joint_state_pub 58176      58 ros2 
867344384 | 258596     87 python3 147556     86 rviz2 78336      80 joint_state_pub 58176      58 ros2 
867377152 | 258596     87 python3 147556     86 rviz2 78336      80 joint_state_pub 58176      58 ros2 
867377152 | 258596     87 python3 147556     86 rviz2 78336      80 joint_state_pub 58176      58 ros2 
867536896 | 258596     87 python3 147556     86 rviz2 78336      80 joint_state_pub 58176      58 ros2 
867344384 | 258596     87 python3 147556     86 rviz2 78336      80 joint_state_pub 58176      58 ros2 
867377152 | 258596     87 python3 147556     86 rviz2 78336      80 joint_state_pub 58176      58 ros2 
867639296 | 258596     87 python3 147556     86 rviz2 78336      80 joint_state_pub 58176      58 ros2 
867635200 | 258596     87 python3 147556     86 rviz2 78336      80 joint_state_pub 58176      58 ros2 
867377152 | 258596     87 python3 147556     86 rviz2 78336      80 joint_state_pub 58176      58 ros2 
867782656 | 258596     87 python3 147556     86 rviz2 78336      80 joint_state_pub 58176      58 ros2 
867774464 | 258596     87 python3 147556     86 rviz2 78336      80 joint_state_pub 58176      58 ros2 
867864576 | 258596     87 python3 147556     86 rviz2 78336      80 joint_state_pub 58176      58 ros2 
867692544 | 258596     87 python3 147556     86 rviz2 78336      80 joint_state_pub 58176      58 ros2 
867639296 | 258596     87 python3 147556     86 rviz2 78336      80 joint_state_pub 58176      58 ros2 
867512320 | 258596     87 python3 147556     86 rviz2 78336      80 joint_state_pub 58176      58 ros2 
867905536 | 258596     87 python3 147556     86 rviz2 78336      80 joint_state_pub 58176      58 ros2 
867667968 | 258596     87 python3 147556     86 rviz2 78336      80 joint_state_pub 58176      58 ros2 
867610624 | 258596     87 python3 147556     86 rviz2 78336      80 joint_state_pub 58176      58 ros2 
867643392 | 258596     87 python3 147556     86 rviz2 78336      80 joint_state_pub 58176      58 ros2 
867778560 | 258596     87 python3 147556     86 rviz2 78336      80 joint_state_pub 58176      58 ros2 
867639296 | 258596     87 python3 147556     86 rviz2 78336      80 joint_state_pub 58176      58 ros2 
867651584 | 258596     87 python3 147556     86 rviz2 78336      80 joint_state_pub 58176      58 ros2 
867483648 | 258596     87 python3 147556     86 rviz2 78336      80 joint_state_pub 58176      58 ros2 
867934208 | 258596     87 python3 147556     86 rviz2 78336      80 joint_state_pub 58176      58 ros2 
867672064 | 258596     87 python3 147556     86 rviz2 78336      80 joint_state_pub 58176      58 ros2 
867483648 | 258596     87 python3 147556     86 rviz2 78336      80 joint_state_pub 58176      58 ros2 
868143104 | 258596     87 python3 147556     86 rviz2 78336      80 joint_state_pub 58176      58 ros2 
867667968 | 258596     87 python3 147556     86 rviz2 78336      80 joint_state_pub 58176      58 ros2 
867942400 | 258596     87 python3 147556     86 rviz2 78336      80 joint_state_pub 58176      58 ros2 
867639296 | 258596     87 python3 147556     86 rviz2 78336      80 joint_state_pub 58176      58 ros2 
867700736 | 258596     87 python3 147556     86 rviz2 78336      80 joint_state_pub 58176      58 ros2 
868220928 | 258596     87 python3 147556     86 rviz2 78336      80 joint_state_pub 58176      58 ros2 
868044800 | 258596     87 python3 147556     86 rviz2 78340      80 joint_state_pub 58176      58 ros2 
867491840 | 258596     87 python3 147556     86 rviz2 78340      80 joint_state_pub 58176      58 ros2 
867909632 | 258596     87 python3 147556     86 rviz2 78340      80 joint_state_pub 58176      58 ros2 
867385344 | 258596     87 python3 147556     86 rviz2 78340      80 joint_state_pub 58176      58 ros2 
867725312 | 258596     87 python3 147556     86 rviz2 78340      80 joint_state_pub 58176      58 ros2 
867270656 | 258596     87 python3 147556     86 rviz2 78340      80 joint_state_pub 58176      58 ros2 
867647488 | 258596     87 python3 147556     86 rviz2 78340      80 joint_state_pub 58176      58 ros2 
867385344 | 258596     87 python3 147556     86 rviz2 78340      80 joint_state_pub 58176      58 ros2 
867520512 | 258596     87 python3 147556     86 rviz2 78340      80 joint_state_pub 58176      58 ros2 
867880960 | 258596     87 python3 147556     86 rviz2 78340      80 joint_state_pub 58176      58 ros2 
867647488 | 258596     87 python3 147556     86 rviz2 78340      80 joint_state_pub 58176      58 ros2 
867909632 | 258596     87 python3 147556     86 rviz2 78340      80 joint_state_pub 58176      58 ros2 
867229696 | 258596     87 python3 147556     86 rviz2 78340      80 joint_state_pub 58176      58 ros2 
867704832 | 258596     87 python3 147556     86 rviz2 78340      80 joint_state_pub 58176      58 ros2 
867389440 | 258596     87 python3 147556     86 rviz2 78340      80 joint_state_pub 58176      58 ros2 
867430400 | 258596     87 python3 147556     86 rviz2 78340      80 joint_state_pub 58176      58 ros2 
867786752 | 258596     87 python3 147556     86 rviz2 78340      80 joint_state_pub 58176      58 ros2 
867655680 | 258596     87 python3 147556     86 rviz2 78340      80 joint_state_pub 58176      58 ros2 
867700736 | 258596     87 python3 147556     86 rviz2 78340      80 joint_state_pub 58176      58 ros2 
867774464 | 258596     87 python3 147556     86 rviz2 78340      80 joint_state_pub 58176      58 ros2 
867676160 | 258596     87 python3 147556     86 rviz2 78340      80 joint_state_pub 58176      58 ros2 
867942400 | 258596     87 python3 147556     86 rviz2 78340      80 joint_state_pub 58176      58 ros2 
867393536 | 258596     87 python3 147556     86 rviz2 78340      80 joint_state_pub 58176      58 ros2 
867434496 | 258596     87 python3 147556     86 rviz2 78340      80 joint_state_pub 58176      58 ros2 
867368960 | 258596     87 python3 147556     86 rviz2 78340      80 joint_state_pub 58176      58 ros2 
867696640 | 258596     87 python3 147556     86 rviz2 78340      80 joint_state_pub 58176      58 ros2 
867684352 | 258596     87 python3 147556     86 rviz2 78340      80 joint_state_pub 58176      58 ros2 
868057088 | 258596     87 python3 147556     86 rviz2 78340      80 joint_state_pub 58176      58 ros2 
867655680 | 258596     87 python3 147556     86 rviz2 78340      80 joint_state_pub 58176      58 ros2 
867651584 | 258596     87 python3 147556     86 rviz2 78340      80 joint_state_pub 58176      58 ros2 
867405824 | 258596     87 python3 147556     86 rviz2 78340      80 joint_state_pub 58176      58 ros2 
868179968 | 258596     87 python3 147556     86 rviz2 78340      80 joint_state_pub 58176      58 ros2 
867291136 | 258596     87 python3 147556     86 rviz2 78340      80 joint_state_pub 58176      58 ros2 
867700736 | 258596     87 python3 147556     86 rviz2 78340      80 joint_state_pub 58176      58 ros2 
867749888 | 258596     87 python3 147556     86 rviz2 78340      80 joint_state_pub 58176      58 ros2 
867917824 | 258596     87 python3 147556     86 rviz2 78340      80 joint_state_pub 58176      58 ros2 
867938304 | 258596     87 python3 147556     86 rviz2 78340      80 joint_state_pub 58176      58 ros2 
867561472 | 258596     87 python3 147556     86 rviz2 78340      80 joint_state_pub 58176      58 ros2 
867745792 | 258596     87 python3 147556     86 rviz2 78340      80 joint_state_pub 58176      58 ros2 
867532800 | 258596     87 python3 147556     86 rviz2 78340      80 joint_state_pub 58176      58 ros2 
867745792 | 258596     87 python3 147556     86 rviz2 78340      80 joint_state_pub 58176      58 ros2 
867409920 | 258596     87 python3 147556     86 rviz2 78340      80 joint_state_pub 58176      58 ros2 
868196352 | 258596     87 python3 147556     86 rviz2 78340      80 joint_state_pub 58176      58 ros2 
867708928 | 258596     87 python3 147556     86 rviz2 78340      80 joint_state_pub 58176      58 ros2 
867655680 | 258596     87 python3 147556     86 rviz2 78340      80 joint_state_pub 58176      58 ros2 
867913728 | 258596     87 python3 147556     86 rviz2 78340      80 joint_state_pub 58176      58 ros2 
867409920 | 258596     87 python3 147556     86 rviz2 78340      80 joint_state_pub 58176      58 ros2 
867569664 | 258596     87 python3 147556     86 rviz2 78340      80 joint_state_pub 58176      58 ros2 
867356672 | 258596     87 python3 147556     86 rviz2 78340      80 joint_state_pub 58176      58 ros2 
867540992 | 258596     87 python3 147556     86 rviz2 78340      80 joint_state_pub 58176      58 ros2 
867512320 | 258596     87 python3 147556     86 rviz2 78340      80 joint_state_pub 58176      58 ros2 
867549184 | 258596     87 python3 147556     86 rviz2 78340      80 joint_state_pub 58176      58 ros2 
867921920 | 258596     87 python3 147556     86 rviz2 78340      80 joint_state_pub 58176      58 ros2 
867926016 | 258596     87 python3 147556     86 rviz2 78340      80 joint_state_pub 58176      58 ros2 
867913728 | 258596     87 python3 147556     86 rviz2 78340      80 joint_state_pub 58176      58 ros2 
867667968 | 258596     87 python3 147556     86 rviz2 78340      80 joint_state_pub 58176      58 ros2 
867667968 | 258596     87 python3 147556     86 rviz2 78340      80 joint_state_pub 58176      58 ros2 
867946496 | 258596     87 python3 147556     86 rviz2 78340      80 joint_state_pub 58176      58 ros2 
867438592 | 258596     87 python3 147556     86 rviz2 78340      80 joint_state_pub 58176      58 ros2 
867655680 | 258596     87 python3 147556     86 rviz2 78340      80 joint_state_pub 58176      58 ros2 
867393536 | 258596     87 python3 147556     86 rviz2 78340      80 joint_state_pub 58176      58 ros2 
867401728 | 258596     87 python3 147556     86 rviz2 78340      80 joint_state_pub 58176      58 ros2 
868212736 | 258596     87 python3 147556     86 rviz2 78340      80 joint_state_pub 58176      58 ros2 
867921920 | 258596     87 python3 147556     86 rviz2 78340      80 joint_state_pub 58176      58 ros2 
867442688 | 258596     87 python3 147556     86 rviz2 78340      80 joint_state_pub 58176      58 ros2 
867504128 | 258596     87 python3 147556     86 rviz2 78340      80 joint_state_pub 58176      58 ros2 
867659776 | 258596     87 python3 147556     86 rviz2 78340      80 joint_state_pub 58176      58 ros2 
867954688 | 258596     87 python3 147556     86 rviz2 78340      80 joint_state_pub 58176      58 ros2 
868454400 | 258596     87 python3 147556     86 rviz2 78340      80 joint_state_pub 58176      58 ros2 
867667968 | 258596     87 python3 147556     86 rviz2 78340      80 joint_state_pub 58176      58 ros2 
867672064 | 258596     87 python3 147556     86 rviz2 78340      80 joint_state_pub 58176      58 ros2 
867663872 | 258596     87 python3 147556     86 rviz2 78340      80 joint_state_pub 58176      58 ros2 
867663872 | 258596     87 python3 147556     86 rviz2 78340      80 joint_state_pub 58176      58 ros2 
867926016 | 258596     87 python3 147556     86 rviz2 78340      80 joint_state_pub 58176      58 ros2 
867713024 | 258596     87 python3 147556     86 rviz2 78340      80 joint_state_pub 58176      58 ros2 
867950592 | 258596     87 python3 147556     86 rviz2 78340      80 joint_state_pub 58176      58 ros2 
867401728 | 258596     87 python3 147556     86 rviz2 78340      80 joint_state_pub 58176      58 ros2 
867729408 | 258596     87 python3 147556     86 rviz2 78340      80 joint_state_pub 58176      58 ros2 
867434496 | 258596     87 python3 147556     86 rviz2 78344      80 joint_state_pub 58176      58 ros2 
867553280 | 258596     87 python3 147556     86 rviz2 78344      80 joint_state_pub 58176      58 ros2 
867704832 | 258596     87 python3 147556     86 rviz2 78344      80 joint_state_pub 58176      58 ros2 
867704832 | 258596     87 python3 147556     86 rviz2 78344      80 joint_state_pub 58176      58 ros2 
867409920 | 258596     87 python3 147556     86 rviz2 78344      80 joint_state_pub 58176      58 ros2 
867672064 | 258596     87 python3 147556     86 rviz2 78344      80 joint_state_pub 58176      58 ros2 
867553280 | 258596     87 python3 147556     86 rviz2 78344      80 joint_state_pub 58176      58 ros2 
867954688 | 258596     87 python3 147556     86 rviz2 78344      80 joint_state_pub 58176      58 ros2 
868208640 | 258596     87 python3 147556     86 rviz2 78344      80 joint_state_pub 58176      58 ros2 
867684352 | 258596     87 python3 147556     86 rviz2 78344      80 joint_state_pub 58176      58 ros2 
868212736 | 258596     87 python3 147556     86 rviz2 78344      80 joint_state_pub 58176      58 ros2 
868044800 | 258596     87 python3 147556     86 rviz2 78344      80 joint_state_pub 58176      58 ros2 
868016128 | 258596     87 python3 147556     86 rviz2 78344      80 joint_state_pub 58176      58 ros2 
867725312 | 258596     87 python3 147556     86 rviz2 78344      80 joint_state_pub 58176      58 ros2 
867667968 | 258596     87 python3 147556     86 rviz2 78344      80 joint_state_pub 58176      58 ros2 
867934208 | 258596     87 python3 147556     86 rviz2 78344      80 joint_state_pub 58176      58 ros2 
867721216 | 258596     87 python3 147556     86 rviz2 78344      80 joint_state_pub 58176      58 ros2 
867938304 | 258596     87 python3 147556     86 rviz2 78344      80 joint_state_pub 58176      58 ros2 
867917824 | 258596     87 python3 147556     86 rviz2 78344      80 joint_state_pub 58176      58 ros2 
867700736 | 258596     87 python3 147556     86 rviz2 78344      80 joint_state_pub 58176      58 ros2 
867672064 | 258596     87 python3 147556     86 rviz2 78344      80 joint_state_pub 58176      58 ros2 
867639296 | 258596     87 python3 147556     86 rviz2 78344      80 joint_state_pub 58176      58 ros2 
867549184 | 258596     87 python3 147556     86 rviz2 78344      80 joint_state_pub 58176      58 ros2 
868196352 | 258596     87 python3 147556     86 rviz2 78344      80 joint_state_pub 58176      58 ros2 
867672064 | 258596     87 python3 147556     86 rviz2 78344      80 joint_state_pub 58176      58 ros2 
867725312 | 258596     87 python3 147556     86 rviz2 78344      80 joint_state_pub 58176      58 ros2 
867696640 | 258596     87 python3 147556     86 rviz2 78344      80 joint_state_pub 58176      58 ros2 
867680256 | 258596     87 python3 147556     86 rviz2 78344      80 joint_state_pub 58176      58 ros2 
867958784 | 258596     87 python3 147556     86 rviz2 78344      80 joint_state_pub 58176      58 ros2 
867430400 | 258596     87 python3 147556     86 rviz2 78344      80 joint_state_pub 58176      58 ros2 
867958784 | 258596     87 python3 147556     86 rviz2 78344      80 joint_state_pub 58176      58 ros2 
867934208 | 258596     87 python3 147556     86 rviz2 78344      80 joint_state_pub 58176      58 ros2 
868216832 | 258596     87 python3 147556     86 rviz2 78344      80 joint_state_pub 58176      58 ros2 
867672064 | 258596     87 python3 147556     86 rviz2 78344      80 joint_state_pub 58176      58 ros2 
867938304 | 258596     87 python3 147556     86 rviz2 78344      80 joint_state_pub 58176      58 ros2 
867934208 | 258596     87 python3 147556     86 rviz2 78344      80 joint_state_pub 58176      58 ros2 
867586048 | 258596     87 python3 147556     86 rviz2 78344      80 joint_state_pub 58176      58 ros2 
868233216 | 258596     87 python3 147556     86 rviz2 78344      80 joint_state_pub 58176      58 ros2 
867459072 | 258596     87 python3 147556     86 rviz2 78344      80 joint_state_pub 58176      58 ros2 
868052992 | 258596     87 python3 147556     86 rviz2 78344      80 joint_state_pub 58176      58 ros2 
867946496 | 258596     87 python3 147556     86 rviz2 78344      80 joint_state_pub 58176      58 ros2 
867872768 | 258596     87 python3 147556     86 rviz2 78344      80 joint_state_pub 58176      58 ros2 
867938304 | 258596     87 python3 147556     86 rviz2 78344      80 joint_state_pub 58176      58 ros2 
868204544 | 258596     87 python3 147556     86 rviz2 78344      80 joint_state_pub 58176      58 ros2 
867680256 | 258596     87 python3 147556     86 rviz2 78344      80 joint_state_pub 58176      58 ros2 
868233216 | 258596     87 python3 147556     86 rviz2 78344      80 joint_state_pub 58176      58 ros2 
867799040 | 258596     87 python3 147556     86 rviz2 78344      80 joint_state_pub 58176      58 ros2 
867717120 | 258596     87 python3 147556     86 rviz2 78344      80 joint_state_pub 58176      58 ros2 
868052992 | 258596     87 python3 147556     86 rviz2 78344      80 joint_state_pub 58176      58 ros2 
867565568 | 258596     87 python3 147556     86 rviz2 78344      80 joint_state_pub 58176      58 ros2 
867692544 | 258596     87 python3 147556     86 rviz2 78344      80 joint_state_pub 58176      58 ros2 
867700736 | 258596     87 python3 147556     86 rviz2 78344      80 joint_state_pub 58176      58 ros2 
867684352 | 258596     87 python3 147556     86 rviz2 78344      80 joint_state_pub 58176      58 ros2 
867946496 | 258596     87 python3 147556     86 rviz2 78344      80 joint_state_pub 58176      58 ros2 
867495936 | 258596     87 python3 147556     86 rviz2 78344      80 joint_state_pub 58176      58 ros2 
867438592 | 258596     87 python3 147556     86 rviz2 78344      80 joint_state_pub 58176      58 ros2 
867422208 | 258596     87 python3 147556     86 rviz2 78344      80 joint_state_pub 58176      58 ros2 
867680256 | 258596     87 python3 147556     86 rviz2 78344      80 joint_state_pub 58176      58 ros2 
867975168 | 258596     87 python3 147556     86 rviz2 78344      80 joint_state_pub 58176      58 ros2 
867987456 | 258596     87 python3 147556     86 rviz2 78344      80 joint_state_pub 58176      58 ros2 
867692544 | 258596     87 python3 147556     86 rviz2 78344      80 joint_state_pub 58176      58 ros2 
867696640 | 258596     87 python3 147556     86 rviz2 78344      80 joint_state_pub 58176      58 ros2 
867942400 | 258596     87 python3 147556     86 rviz2 78344      80 joint_state_pub 58176      58 ros2 
867680256 | 258596     87 python3 147556     86 rviz2 78344      80 joint_state_pub 58176      58 ros2 
867704832 | 258596     87 python3 147556     86 rviz2 78344      80 joint_state_pub 58176      58 ros2 
867684352 | 258596     87 python3 147556     86 rviz2 78344      80 joint_state_pub 58176      58 ros2 
867381248 | 258596     87 python3 147556     86 rviz2 78344      80 joint_state_pub 58176      58 ros2 
867950592 | 258596     87 python3 147556     86 rviz2 78344      80 joint_state_pub 58176      58 ros2 
867942400 | 258596     87 python3 147556     86 rviz2 78344      80 joint_state_pub 58176      58 ros2 
868024320 | 258596     87 python3 147556     86 rviz2 78344      80 joint_state_pub 58176      58 ros2 
867938304 | 258596     87 python3 147556     86 rviz2 78344      80 joint_state_pub 58176      58 ros2 
867418112 | 258596     87 python3 147556     86 rviz2 78344      80 joint_state_pub 58176      58 ros2 
867680256 | 258596     87 python3 147556     86 rviz2 78344      80 joint_state_pub 58176      58 ros2 
867799040 | 258596     87 python3 147556     86 rviz2 78344      80 joint_state_pub 58176      58 ros2 
867991552 | 258596     87 python3 147556     86 rviz2 78344      80 joint_state_pub 58176      58 ros2 
867688448 | 258596     87 python3 147556     86 rviz2 78344      80 joint_state_pub 58176      58 ros2 
867950592 | 258596     87 python3 147556     86 rviz2 78344      80 joint_state_pub 58176      58 ros2 
867950592 | 258596     87 python3 147556     86 rviz2 78344      80 joint_state_pub 58176      58 ros2 
867696640 | 258596     87 python3 147556     86 rviz2 78344      80 joint_state_pub 58176      58 ros2 
867688448 | 258596     87 python3 147556     86 rviz2 78344      80 joint_state_pub 58176      58 ros2 
867442688 | 258596     87 python3 147556     86 rviz2 78344      80 joint_state_pub 58176      58 ros2 
867848192 | 258596     87 python3 147556     86 rviz2 78344      80 joint_state_pub 58176      58 ros2 
867962880 | 258596     87 python3 147556     86 rviz2 78344      80 joint_state_pub 58176      58 ros2 
867450880 | 258596     87 python3 147556     86 rviz2 78344      80 joint_state_pub 58176      58 ros2 
867749888 | 258596     87 python3 147556     86 rviz2 78344      80 joint_state_pub 58176      58 ros2 
867688448 | 258596     87 python3 147556     86 rviz2 78344      80 joint_state_pub 58176      58 ros2 
868225024 | 258596     87 python3 147556     86 rviz2 78344      80 joint_state_pub 58176      58 ros2 
867696640 | 258596     87 python3 147556     86 rviz2 78344      80 joint_state_pub 58176      58 ros2 
867913728 | 258596     87 python3 147556     86 rviz2 78344      80 joint_state_pub 58176      58 ros2 
867741696 | 258596     87 python3 147556     86 rviz2 78344      80 joint_state_pub 58176      58 ros2 
867704832 | 258596     87 python3 147556     86 rviz2 78344      80 joint_state_pub 58176      58 ros2 
868196352 | 258596     87 python3 147556     86 rviz2 78344      80 joint_state_pub 58176      58 ros2 
868311040 | 258596     87 python3 147556     86 rviz2 78344      80 joint_state_pub 58176      58 ros2 
867688448 | 258596     87 python3 147556     86 rviz2 78344      80 joint_state_pub 58176      58 ros2 
867950592 | 258596     87 python3 147556     86 rviz2 78344      80 joint_state_pub 58176      58 ros2 
867696640 | 258596     87 python3 147556     86 rviz2 78344      80 joint_state_pub 58176      58 ros2 
867680256 | 258596     87 python3 147556     86 rviz2 78344      80 joint_state_pub 58176      58 ros2 
867524608 | 258596     87 python3 147556     86 rviz2 78344      80 joint_state_pub 58176      58 ros2 
867700736 | 258596     87 python3 147556     86 rviz2 78344      80 joint_state_pub 58176      58 ros2 
867708928 | 258596     87 python3 147556     86 rviz2 78344      80 joint_state_pub 58176      58 ros2 
867692544 | 258596     87 python3 147556     86 rviz2 78344      80 joint_state_pub 58176      58 ros2 
867651584 | 258596     87 python3 147556     86 rviz2 78344      80 joint_state_pub 58176      58 ros2 
867692544 | 258596     87 python3 147556     86 rviz2 78344      80 joint_state_pub 58176      58 ros2 
867553280 | 258596     87 python3 147556     86 rviz2 78344      80 joint_state_pub 58176      58 ros2 
867602432 | 258596     87 python3 147556     86 rviz2 78344      80 joint_state_pub 58176      58 ros2 
867725312 | 258596     87 python3 147556     86 rviz2 78344      80 joint_state_pub 58176      58 ros2 
867782656 | 258596     87 python3 147556     86 rviz2 78344      80 joint_state_pub 58176      58 ros2 
867745792 | 258596     87 python3 147556     86 rviz2 78344      80 joint_state_pub 58176      58 ros2 
867688448 | 258596     87 python3 147556     86 rviz2 78344      80 joint_state_pub 58176      58 ros2 
867688448 | 258596     87 python3 147556     86 rviz2 78344      80 joint_state_pub 58176      58 ros2 
867700736 | 258596     87 python3 147556     86 rviz2 78344      80 joint_state_pub 58176      58 ros2 
867434496 | 258596     87 python3 147556     86 rviz2 78344      80 joint_state_pub 58176      58 ros2 
867688448 | 258596     87 python3 147556     86 rviz2 78344      80 joint_state_pub 58176      58 ros2 
867528704 | 258596     87 python3 147556     86 rviz2 78344      80 joint_state_pub 58176      58 ros2 
867950592 | 258596     87 python3 147556     86 rviz2 78344      80 joint_state_pub 58176      58 ros2 
867958784 | 258596     87 python3 147556     86 rviz2 78344      80 joint_state_pub 58176      58 ros2 
867700736 | 258596     87 python3 147556     86 rviz2 78344      80 joint_state_pub 58176      58 ros2 
867950592 | 258596     87 python3 147556     86 rviz2 78344      80 joint_state_pub 58176      58 ros2 
867651584 | 258596     87 python3 147556     86 rviz2 78344      80 joint_state_pub 58176      58 ros2 
867438592 | 258596     87 python3 147556     86 rviz2 78344      80 joint_state_pub 58176      58 ros2 
867434496 | 258596     87 python3 147556     86 rviz2 78344      80 joint_state_pub 58176      58 ros2 
867721216 | 258596     87 python3 147556     86 rviz2 78344      80 joint_state_pub 58176      58 ros2 
868216832 | 258596     87 python3 147556     86 rviz2 78344      80 joint_state_pub 58176      58 ros2 
867917824 | 258596     87 python3 147556     86 rviz2 78344      80 joint_state_pub 58176      58 ros2 
867954688 | 258596     87 python3 147556     86 rviz2 78344      80 joint_state_pub 58176      58 ros2 
867876864 | 258596     87 python3 147556     86 rviz2 78344      80 joint_state_pub 58176      58 ros2 
867680256 | 258596     87 python3 147556     86 rviz2 78344      80 joint_state_pub 58176      58 ros2 
867835904 | 258596     87 python3 147556     86 rviz2 78344      80 joint_state_pub 58176      58 ros2 
867909632 | 258596     87 python3 147556     86 rviz2 78344      80 joint_state_pub 58176      58 ros2 
868016128 | 258596     87 python3 147556     86 rviz2 78344      80 joint_state_pub 58176      58 ros2 
867438592 | 258596     87 python3 147556     86 rviz2 78344      80 joint_state_pub 58176      58 ros2 
867946496 | 258596     87 python3 147556     86 rviz2 78344      80 joint_state_pub 58176      58 ros2 
867954688 | 258596     87 python3 147556     86 rviz2 78344      80 joint_state_pub 58176      58 ros2 
867659776 | 258596     87 python3 147556     86 rviz2 78344      80 joint_state_pub 58176      58 ros2 
867790848 | 258596     87 python3 147556     86 rviz2 78344      80 joint_state_pub 58176      58 ros2 
869056512 | 258596     87 python3 147556     86 rviz2 78344      80 joint_state_pub 58176      58 ros2 
872226816 | 258676     87 python3 147600     86 rviz2 78328      80 joint_state_pub 58264      58 ros2 
840368128 | 258676     87 python3 147496     86 rviz2 78328      80 joint_state_pub 58264      58 ros2 
