=== comesh ===
1377148928 | 451936    100 python3 280304     99 rviz2 177620     93 joint_state_pub 131960    102 snp_motion_plan 
1377648640 | 451936    100 python3 280200     99 rviz2 177620     93 joint_state_pub 131960    102 snp_motion_plan 
1377677312 | 451936    100 python3 280200     99 rviz2 177620     93 joint_state_pub 131856    102 snp_motion_plan 
1377914880 | 451936    100 python3 280200     99 rviz2 177624     93 joint_state_pub 131856    102 snp_motion_plan 
1377841152 | 451936    100 python3 280200     99 rviz2 177624     93 joint_state_pub 131856    102 snp_motion_plan 
1377943552 | 451936    100 python3 280200     99 rviz2 177624     93 joint_state_pub 131856    102 snp_motion_plan 
1378271232 | 451936    100 python3 280200     99 rviz2 177624     93 joint_state_pub 131792    102 snp_motion_plan 
1377759232 | 451936    100 python3 280200     99 rviz2 177624     93 joint_state_pub 131792    102 snp_motion_plan 
1377751040 | 451936    100 python3 280136     99 rviz2 177624     93 joint_state_pub 131792    102 snp_motion_plan 
1377742848 | 451936    100 python3 280136     99 rviz2 177624     93 joint_state_pub 131792    102 snp_motion_plan 
1385783296 | 451936    100 python3 280136     99 rviz2 177624     93 joint_state_pub 131792    102 snp_motion_plan 
1385566208 | 451936    100 python3 280136     99 rviz2 177624     93 joint_state_pub 131792    102 snp_motion_plan 
1379401728 | 451936    100 python3 280136     99 rviz2 177624     93 joint_state_pub 131792    102 snp_motion_plan 
1385259008 | 451936    100 python3 280136     99 rviz2 177624     93 joint_state_pub 131792    102 snp_motion_plan 
1388699648 | 451872    100 python3 280136     99 rviz2 177624     93 joint_state_pub 131792    102 snp_motion_plan 
1403097088 | 451924    100 python3 280188     99 rviz2 177680     93 joint_state_pub 131844    102 snp_motion_plan 
1411350528 | 451976    100 python3 280240     99 rviz2 177796     93 joint_state_pub 131896    102 snp_motion_plan 
1412739072 | 452040    100 python3 280240     99 rviz2 177800     93 joint_state_pub 131960    102 snp_motion_plan 
1420853248 | 452044    100 python3 280312     99 rviz2 177804     93 joint_state_pub 131964    102 snp_motion_plan 
1427779584 | 452052    100 python3 280320     99 rviz2 177808     93 joint_state_pub 131980    102 snp_motion_plan 
1428144128 | 452052    100 python3 280320     99 rviz2 177808     93 joint_state_pub 131916    102 snp_motion_plan 
1428017152 | 452052    100 python3 280320     99 rviz2 177744     93 joint_state_pub 131916    102 snp_motion_plan 
1428492288 | 452052    100 python3 280256     99 rviz2 177744     93 joint_state_pub 131916    102 snp_motion_plan 
1428389888 | 451988    100 python3 280256     99 rviz2 177744     93 joint_state_pub 131916    102 snp_motion_plan 
1439195136 | 451988    100 python3 280256     99 rviz2 177744     93 joint_state_pub 141432    102 snp_motion_plan 
1607372800 | 451988    100 python3 315556    102 snp_motion_plan 280256     99 rviz2 177744     93 joint_state_pub 
1850499072 | 553724    102 snp_motion_plan 451988    100 python3 280256     99 rviz2 177744     93 joint_state_pub 
2096144384 | 789704    102 snp_motion_plan 451988    100 python3 280256     99 rviz2 177744     93 joint_state_pub 
2342080512 | 1031552   102 snp_motion_plan 451988    100 python3 280256     99 rviz2 177744     93 joint_state_pub 
2596884480 | 1280800   102 snp_motion_plan 451988    100 python3 280256     99 rviz2 177744     93 joint_state_pub 
2813124608 | 1490504   102 snp_motion_plan 451980    100 python3 280180     99 rviz2 177724     93 joint_state_pub 
2925080576 | 1664380   102 snp_motion_plan 449988    100 python3 277076     99 rviz2 177340     93 joint_state_pub 
3009953792 | 1830036   102 snp_motion_plan 420140    100 python3 200976     99 rviz2 150764     93 joint_state_pub 
3093618688 | 1973272   102 snp_motion_plan 370264    100 python3 163832     99 rviz2 112620     93 joint_state_pub 
3094679552 | 2208192   102 snp_motion_plan 270548    100 python3 112888     99 rviz2 82156      93 joint_state_pub 
2943557632 | 253900    100 python3 104904     99 rviz2 73856      93 joint_state_pub 56504      58 ros2 
814403584 | 253900    100 python3 104920     99 rviz2 73856      93 joint_state_pub 56824      58 ros2 
814972928 | 253836    100 python3 104920     99 rviz2 73856      93 joint_state_pub 56824      58 ros2 
815136768 | 253836    100 python3 104920     99 rviz2 73856      93 joint_state_pub 56824      58 ros2 
815947776 | 253836    100 python3 104920     99 rviz2 73856      93 joint_state_pub 56824      58 ros2 
816111616 | 253836    100 python3 105436     99 rviz2 73792      93 joint_state_pub 56824      58 ros2 
816508928 | 253836    100 python3 105436     99 rviz2 73792      93 joint_state_pub 56824      58 ros2 
818266112 | 253836    100 python3 105336     99 rviz2 73700      93 joint_state_pub 56824      58 ros2 
818143232 | 253836    100 python3 105336     99 rviz2 73700      93 joint_state_pub 56824      58 ros2 
818118656 | 253836    100 python3 105336     99 rviz2 73700      93 joint_state_pub 56824      58 ros2 
818352128 | 253836    100 python3 105336     99 rviz2 73700      93 joint_state_pub 56824      58 ros2 
818114560 | 253836    100 python3 105336     99 rviz2 73700      93 joint_state_pub 56824      58 ros2 
819372032 | 253836    100 python3 105336     99 rviz2 73700      93 joint_state_pub 56824      58 ros2 
818311168 | 253836    100 python3 105336     99 rviz2 73700      93 joint_state_pub 56824      58 ros2 
818393088 | 253836    100 python3 105336     99 rviz2 73700      93 joint_state_pub 56824      58 ros2 
818421760 | 253836    100 python3 105336     99 rviz2 73700      93 joint_state_pub 56824      58 ros2 
818348032 | 253836    100 python3 105336     99 rviz2 73700      93 joint_state_pub 56824      58 ros2 
818384896 | 253836    100 python3 105336     99 rviz2 73700      93 joint_state_pub 56724      58 ros2 
817999872 | 253836    100 python3 105336     99 rviz2 73700      93 joint_state_pub 56724      58 ros2 
818200576 | 253836    100 python3 105336     99 rviz2 73700      93 joint_state_pub 56724      58 ros2 
818454528 | 253740    100 python3 105336     99 rviz2 73700      93 joint_state_pub 56724      58 ros2 
818696192 | 253740    100 python3 105364     99 rviz2 73700      93 joint_state_pub 56724      58 ros2 
818524160 | 253740    100 python3 105364     99 rviz2 73700      93 joint_state_pub 56724      58 ros2 
818311168 | 253740    100 python3 105300     99 rviz2 73700      93 joint_state_pub 56724      58 ros2 
817868800 | 253740    100 python3 105300     99 rviz2 73700      93 joint_state_pub 56660      58 ros2 
818466816 | 253740    100 python3 105300     99 rviz2 74212      93 joint_state_pub 56660      58 ros2 
818266112 | 253740    100 python3 105300     99 rviz2 74212      93 joint_state_pub 56660      58 ros2 
818675712 | 253740    100 python3 105300     99 rviz2 74212      93 joint_state_pub 56660      58 ros2 
818532352 | 253740    100 python3 105300     99 rviz2 74212      93 joint_state_pub 56660      58 ros2 
818626560 | 253740    100 python3 105300     99 rviz2 74212      93 joint_state_pub 56660      58 ros2 
818495488 | 253740    100 python3 105300     99 rviz2 74212      93 joint_state_pub 56660      58 ros2 
818675712 | 253740    100 python3 105300     99 rviz2 74212      93 joint_state_pub 56660      58 ros2 
818847744 | 253740    100 python3 105300     99 rviz2 74212      93 joint_state_pub 56660      58 ros2 
818532352 | 253740    100 python3 105300     99 rviz2 74212      93 joint_state_pub 56660      58 ros2 
818155520 | 253740    100 python3 105300     99 rviz2 74212      93 joint_state_pub 56660      58 ros2 
818319360 | 253740    100 python3 105300     99 rviz2 74212      93 joint_state_pub 56660      58 ros2 
818528256 | 253740    100 python3 105300     99 rviz2 74212      93 joint_state_pub 56660      58 ros2 
818262016 | 253740    100 python3 105300     99 rviz2 74212      93 joint_state_pub 56660      58 ros2 
818868224 | 253740    100 python3 105300     99 rviz2 74212      93 joint_state_pub 56660      58 ros2 
818266112 | 253740    100 python3 105300     99 rviz2 74212      93 joint_state_pub 56660      58 ros2 
818786304 | 253740    100 python3 105300     99 rviz2 74212      93 joint_state_pub 56660      58 ros2 
818532352 | 253740    100 python3 105300     99 rviz2 74212      93 joint_state_pub 56660      58 ros2 
818696192 | 253740    100 python3 105300     99 rviz2 74212      93 joint_state_pub 56660      58 ros2 
818438144 | 253740    100 python3 105300     99 rviz2 74212      93 joint_state_pub 56660      58 ros2 
818827264 | 253740    100 python3 105300     99 rviz2 74212      93 joint_state_pub 56660      58 ros2 
818536448 | 253740    100 python3 105300     99 rviz2 74212      93 joint_state_pub 56660      58 ros2 
818495488 | 253740    100 python3 105300     99 rviz2 74212      93 joint_state_pub 56660      58 ros2 
818794496 | 253740    100 python3 105300     99 rviz2 74212      93 joint_state_pub 56660      58 ros2 
818270208 | 253740    100 python3 105300     99 rviz2 74212      93 joint_state_pub 56660      58 ros2 
818618368 | 253740    100 python3 105300     99 rviz2 74212      93 joint_state_pub 56660      58 ros2 
818286592 | 253740    100 python3 105300     99 rviz2 74212      93 joint_state_pub 56660      58 ros2 
818536448 | 253740    100 python3 105300     99 rviz2 74212      93 joint_state_pub 56660      58 ros2 
826601472 | 253740    100 python3 109628     99 rviz2 74448      93 joint_state_pub 56660      58 ros2 
830107648 | 253740    100 python3 112196     99 rviz2 74448      93 joint_state_pub 56660      58 ros2 
829706240 | 253740    100 python3 112196     99 rviz2 74448      93 joint_state_pub 56660      58 ros2 
830259200 | 253740    100 python3 112196     99 rviz2 74448      93 joint_state_pub 56660      58 ros2 
829915136 | 253740    100 python3 112196     99 rviz2 74448      93 joint_state_pub 56660      58 ros2 
830173184 | 253740    100 python3 112196     99 rviz2 74448      93 joint_state_pub 56660      58 ros2 
830066688 | 253740    100 python3 112196     99 rviz2 74448      93 joint_state_pub 56660      58 ros2 
830074880 | 253740    100 python3 112196     99 rviz2 74448      93 joint_state_pub 56660      58 ros2 
829906944 | 253740    100 python3 112196     99 rviz2 74448      93 joint_state_pub 56660      58 ros2 
830078976 | 253740    100 python3 112196     99 rviz2 74448      93 joint_state_pub 56660      58 ros2 
829911040 | 253740    100 python3 112196     99 rviz2 74448      93 joint_state_pub 56660      58 ros2 
830193664 | 253740    100 python3 112196     99 rviz2 74448      93 joint_state_pub 56660      58 ros2 
829820928 | 253740    100 python3 112196     99 rviz2 74448      93 joint_state_pub 56660      58 ros2 
829960192 | 253740    100 python3 112196     99 rviz2 74448      93 joint_state_pub 56660      58 ros2 
830197760 | 253740    100 python3 112196     99 rviz2 74448      93 joint_state_pub 56660      58 ros2 
830357504 | 253740    100 python3 112196     99 rviz2 74448      93 joint_state_pub 56660      58 ros2 
829865984 | 253740    100 python3 112196     99 rviz2 74448      93 joint_state_pub 56660      58 ros2 
829673472 | 253740    100 python3 112196     99 rviz2 74448      93 joint_state_pub 56660      58 ros2 
829902848 | 253740    100 python3 112196     99 rviz2 74448      93 joint_state_pub 56660      58 ros2 
830173184 | 253740    100 python3 112196     99 rviz2 74448      93 joint_state_pub 56660      58 ros2 
829906944 | 253740    100 python3 112196     99 rviz2 74448      93 joint_state_pub 56660      58 ros2 
829902848 | 253740    100 python3 112196     99 rviz2 74448      93 joint_state_pub 56660      58 ros2 
829644800 | 253740    100 python3 112196     99 rviz2 74448      93 joint_state_pub 56660      58 ros2 
829648896 | 253740    100 python3 112196     99 rviz2 74448      93 joint_state_pub 56660      58 ros2 
830427136 | 253740    100 python3 112196     99 rviz2 74448      93 joint_state_pub 56660      58 ros2 
829648896 | 253740    100 python3 112196     99 rviz2 74448      93 joint_state_pub 56660      58 ros2 
830189568 | 253740    100 python3 112196     99 rviz2 74448      93 joint_state_pub 56660      58 ros2 
829919232 | 253740    100 python3 112196     99 rviz2 74448      93 joint_state_pub 56660      58 ros2 
830107648 | 253740    100 python3 112196     99 rviz2 74448      93 joint_state_pub 56660      58 ros2 
829657088 | 253740    100 python3 112196     99 rviz2 74448      93 joint_state_pub 56660      58 ros2 
829915136 | 253740    100 python3 112196     99 rviz2 74448      93 joint_state_pub 56660      58 ros2 
829886464 | 253740    100 python3 112196     99 rviz2 74448      93 joint_state_pub 56660      58 ros2 
829661184 | 253740    100 python3 112196     99 rviz2 74448      93 joint_state_pub 56660      58 ros2 
829820928 | 253740    100 python3 112196     99 rviz2 74448      93 joint_state_pub 56660      58 ros2 
829915136 | 253740    100 python3 112196     99 rviz2 74448      93 joint_state_pub 56660      58 ros2 
830029824 | 253740    100 python3 112196     99 rviz2 74448      93 joint_state_pub 56660      58 ros2 
830017536 | 253740    100 python3 112196     99 rviz2 74448      93 joint_state_pub 56660      58 ros2 
832446464 | 254356    100 python3 112840     99 rviz2 75024      93 joint_state_pub 57272      58 ros2 
832262144 | 254356    100 python3 112840     99 rviz2 75024      93 joint_state_pub 57272      58 ros2 
832200704 | 254356    100 python3 112840     99 rviz2 75024      93 joint_state_pub 57272      58 ros2 
832331776 | 254356    100 python3 112840     99 rviz2 75024      93 joint_state_pub 57272      58 ros2 
831963136 | 254356    100 python3 112840     99 rviz2 75024      93 joint_state_pub 57272      58 ros2 
832335872 | 254356    100 python3 112840     99 rviz2 75024      93 joint_state_pub 57272      58 ros2 
831864832 | 254356    100 python3 112840     99 rviz2 75024      93 joint_state_pub 57272      58 ros2 
831750144 | 254356    100 python3 112840     99 rviz2 75024      93 joint_state_pub 57272      58 ros2 
831934464 | 254356    100 python3 112840     99 rviz2 75024      93 joint_state_pub 57272      58 ros2 
832393216 | 254356    100 python3 112840     99 rviz2 75024      93 joint_state_pub 57272      58 ros2 
832397312 | 254356    100 python3 112840     99 rviz2 75024      93 joint_state_pub 57272      58 ros2 
832393216 | 254356    100 python3 112840     99 rviz2 75024      93 joint_state_pub 57272      58 ros2 
832131072 | 254356    100 python3 112840     99 rviz2 75024      93 joint_state_pub 57272      58 ros2 
832397312 | 254356    100 python3 112840     99 rviz2 75024      93 joint_state_pub 57272      58 ros2 
832393216 | 254356    100 python3 112840     99 rviz2 75024      93 joint_state_pub 57272      58 ros2 
832131072 | 254356    100 python3 112840     99 rviz2 75024      93 joint_state_pub 57272      58 ros2 
832102400 | 254356    100 python3 112840     99 rviz2 75024      93 joint_state_pub 57272      58 ros2 
831832064 | 254356    100 python3 112840     99 rviz2 75024      93 joint_state_pub 57272      58 ros2 
832094208 | 254356    100 python3 112840     99 rviz2 75024      93 joint_state_pub 57272      58 ros2 
831705088 | 254356    100 python3 112840     99 rviz2 75024      93 joint_state_pub 57272      58 ros2 
831868928 | 254356    100 python3 112840     99 rviz2 75024      93 joint_state_pub 57272      58 ros2 
832233472 | 254356    100 python3 112840     99 rviz2 75024      93 joint_state_pub 57272      58 ros2 
832163840 | 254356    100 python3 112840     99 rviz2 75024      93 joint_state_pub 57272      58 ros2 
832094208 | 254356    100 python3 112840     99 rviz2 75024      93 joint_state_pub 57272      58 ros2 
832131072 | 254356    100 python3 112840     99 rviz2 75024      93 joint_state_pub 57272      58 ros2 
832135168 | 254356    100 python3 112840     99 rviz2 75024      93 joint_state_pub 57272      58 ros2 
832667648 | 254356    100 python3 112840     99 rviz2 75024      93 joint_state_pub 57272      58 ros2 
832135168 | 254356    100 python3 112840     99 rviz2 75024      93 joint_state_pub 57272      58 ros2 
832659456 | 254356    100 python3 112840     99 rviz2 75024      93 joint_state_pub 57272      58 ros2 
832135168 | 254356    100 python3 112840     99 rviz2 75024      93 joint_state_pub 57272      58 ros2 
831840256 | 254356    100 python3 112840     99 rviz2 75024      93 joint_state_pub 57272      58 ros2 
832434176 | 254356    100 python3 112840     99 rviz2 75024      93 joint_state_pub 57272      58 ros2 
832167936 | 254356    100 python3 112840     99 rviz2 75024      93 joint_state_pub 57272      58 ros2 
832405504 | 254356    100 python3 112840     99 rviz2 75024      93 joint_state_pub 57272      58 ros2 
832139264 | 254356    100 python3 112840     99 rviz2 75024      93 joint_state_pub 57272      58 ros2 
832139264 | 254356    100 python3 112840     99 rviz2 75024      93 joint_state_pub 57272      58 ros2 
832405504 | 254356    100 python3 112840     99 rviz2 75024      93 joint_state_pub 57272      58 ros2 
832143360 | 254356    100 python3 112840     99 rviz2 75024      93 joint_state_pub 57272      58 ros2 
832204800 | 254356    100 python3 112840     99 rviz2 75024      93 joint_state_pub 57272      58 ros2 
832180224 | 254356    100 python3 112840     99 rviz2 75024      93 joint_state_pub 57272      58 ros2 
831913984 | 254356    100 python3 112840     99 rviz2 75024      93 joint_state_pub 57272      58 ros2 
832016384 | 254356    100 python3 112840     99 rviz2 75024      93 joint_state_pub 57272      58 ros2 
832344064 | 254356    100 python3 112840     99 rviz2 75024      93 joint_state_pub 57272      58 ros2 
832405504 | 254356    100 python3 112840     99 rviz2 75024      93 joint_state_pub 57272      58 ros2 
832143360 | 254356    100 python3 112840     99 rviz2 75024      93 joint_state_pub 57272      58 ros2 
832139264 | 254356    100 python3 112840     99 rviz2 75024      93 joint_state_pub 57272      58 ros2 
832409600 | 254356    100 python3 112840     99 rviz2 75024      93 joint_state_pub 57272      58 ros2 
832372736 | 254356    100 python3 112840     99 rviz2 75024      93 joint_state_pub 57272      58 ros2 
832147456 | 254356    100 python3 112840     99 rviz2 75024      93 joint_state_pub 57272      58 ros2 
832413696 | 254356    100 python3 112840     99 rviz2 75024      93 joint_state_pub 57272      58 ros2 
831881216 | 254356    100 python3 112840     99 rviz2 75024      93 joint_state_pub 57272      58 ros2 
832147456 | 254356    100 python3 112840     99 rviz2 75024      93 joint_state_pub 57272      58 ros2 
831885312 | 254356    100 python3 112840     99 rviz2 75024      93 joint_state_pub 57272      58 ros2 
831995904 | 254356    100 python3 112840     99 rviz2 75024      93 joint_state_pub 57272      58 ros2 
832139264 | 254356    100 python3 112908     99 rviz2 75024      93 joint_state_pub 57272      58 ros2 
833085440 | 254356    100 python3 112908     99 rviz2 75024      93 joint_state_pub 57272      58 ros2 
832536576 | 254356    100 python3 112908     99 rviz2 75024      93 joint_state_pub 57272      58 ros2 
832036864 | 254356    100 python3 112908     99 rviz2 75024      93 joint_state_pub 57272      58 ros2 
832262144 | 254356    100 python3 112908     99 rviz2 75024      93 joint_state_pub 57272      58 ros2 
832098304 | 254356    100 python3 112908     99 rviz2 75024      93 joint_state_pub 57272      58 ros2 
832241664 | 254356    100 python3 112908     99 rviz2 75024      93 joint_state_pub 57272      58 ros2 
832278528 | 254356    100 python3 112908     99 rviz2 75024      93 joint_state_pub 57272      58 ros2 
832208896 | 254356    100 python3 112908     99 rviz2 75024      93 joint_state_pub 57272      58 ros2 
832290816 | 254356    100 python3 112908     99 rviz2 75024      93 joint_state_pub 57272      58 ros2 
832278528 | 254356    100 python3 112908     99 rviz2 75024      93 joint_state_pub 57272      58 ros2 
832086016 | 254356    100 python3 112908     99 rviz2 75024      93 joint_state_pub 57272      58 ros2 
832020480 | 254356    100 python3 112908     99 rviz2 75024      93 joint_state_pub 57272      58 ros2 
832122880 | 254356    100 python3 112908     99 rviz2 75024      93 joint_state_pub 57272      58 ros2 
832016384 | 254356    100 python3 112908     99 rviz2 75024      93 joint_state_pub 57272      58 ros2 
833372160 | 254356    100 python3 113496     99 rviz2 75024      93 joint_state_pub 57272      58 ros2 
833097728 | 254356    100 python3 113496     99 rviz2 75024      93 joint_state_pub 57272      58 ros2 
833363968 | 254356    100 python3 113496     99 rviz2 75024      93 joint_state_pub 57272      58 ros2 
833417216 | 254356    100 python3 113496     99 rviz2 75024      93 joint_state_pub 57272      58 ros2 
833359872 | 254356    100 python3 113496     99 rviz2 75024      93 joint_state_pub 57272      58 ros2 
833363968 | 254356    100 python3 113496     99 rviz2 75024      93 joint_state_pub 57272      58 ros2 
833093632 | 254356    100 python3 113496     99 rviz2 75024      93 joint_state_pub 57272      58 ros2 
833122304 | 254356    100 python3 113496     99 rviz2 75024      93 joint_state_pub 57272      58 ros2 
833540096 | 254356    100 python3 113496     99 rviz2 75024      93 joint_state_pub 57272      58 ros2 
833400832 | 254356    100 python3 113496     99 rviz2 75024      93 joint_state_pub 57272      58 ros2 
833363968 | 254356    100 python3 113496     99 rviz2 75024      93 joint_state_pub 57272      58 ros2 
833630208 | 254356    100 python3 113496     99 rviz2 75024      93 joint_state_pub 57272      58 ros2 
833282048 | 254356    100 python3 113496     99 rviz2 75024      93 joint_state_pub 57272      58 ros2 
833712128 | 254356    100 python3 113496     99 rviz2 75024      93 joint_state_pub 57272      58 ros2 
833359872 | 254356    100 python3 113496     99 rviz2 75024      93 joint_state_pub 57272      58 ros2 
833417216 | 254356    100 python3 113496     99 rviz2 75024      93 joint_state_pub 57272      58 ros2 
833269760 | 254356    100 python3 113496     99 rviz2 75024      93 joint_state_pub 57272      58 ros2 
833327104 | 254356    100 python3 113496     99 rviz2 75024      93 joint_state_pub 57272      58 ros2 
833097728 | 254356    100 python3 113496     99 rviz2 75024      93 joint_state_pub 57272      58 ros2 
833355776 | 254356    100 python3 113496     99 rviz2 75024      93 joint_state_pub 57272      58 ros2 
833626112 | 254356    100 python3 113496     99 rviz2 75024      93 joint_state_pub 57272      58 ros2 
833359872 | 254356    100 python3 113496     99 rviz2 75024      93 joint_state_pub 57272      58 ros2 
833101824 | 254356    100 python3 113496     99 rviz2 75024      93 joint_state_pub 57272      58 ros2 
833658880 | 254356    100 python3 113496     99 rviz2 75024      93 joint_state_pub 57272      58 ros2 
833622016 | 254356    100 python3 113496     99 rviz2 75024      93 joint_state_pub 57272      58 ros2 
833642496 | 254356    100 python3 113496     99 rviz2 75024      93 joint_state_pub 57272      58 ros2 
833441792 | 254356    100 python3 113496     99 rviz2 75024      93 joint_state_pub 57272      58 ros2 
833626112 | 254356    100 python3 113496     99 rviz2 75024      93 joint_state_pub 57272      58 ros2 
833363968 | 254356    100 python3 113496     99 rviz2 75024      93 joint_state_pub 57272      58 ros2 
833339392 | 254356    100 python3 113496     99 rviz2 75024      93 joint_state_pub 57272      58 ros2 
833495040 | 254356    100 python3 113496     99 rviz2 75024      93 joint_state_pub 57272      58 ros2 
833765376 | 254356    100 python3 113496     99 rviz2 75024      93 joint_state_pub 57272      58 ros2 
833454080 | 254356    100 python3 113496     99 rviz2 75024      93 joint_state_pub 57272      58 ros2 
833376256 | 254356    100 python3 113496     99 rviz2 75024      93 joint_state_pub 57272      58 ros2 
833064960 | 254356    100 python3 113496     99 rviz2 75024      93 joint_state_pub 57272      58 ros2 
833204224 | 254356    100 python3 113496     99 rviz2 75024      93 joint_state_pub 57272      58 ros2 
833667072 | 254356    100 python3 113496     99 rviz2 75024      93 joint_state_pub 57272      58 ros2 
833376256 | 254356    100 python3 113496     99 rviz2 75024      93 joint_state_pub 57272      58 ros2 
833118208 | 254356    100 python3 113496     99 rviz2 75024      93 joint_state_pub 57272      58 ros2 
833392640 | 254356    100 python3 113496     99 rviz2 75024      93 joint_state_pub 57272      58 ros2 
833466368 | 254356    100 python3 113496     99 rviz2 75024      93 joint_state_pub 57272      58 ros2 
833368064 | 254356    100 python3 113496     99 rviz2 75024      93 joint_state_pub 57272      58 ros2 
833228800 | 254356    100 python3 113496     99 rviz2 75024      93 joint_state_pub 57272      58 ros2 
833323008 | 254356    100 python3 113496     99 rviz2 75024      93 joint_state_pub 57272      58 ros2 
833376256 | 254356    100 python3 113496     99 rviz2 75024      93 joint_state_pub 57272      58 ros2 
833421312 | 254356    100 python3 113496     99 rviz2 75024      93 joint_state_pub 57272      58 ros2 
833409024 | 254356    100 python3 113496     99 rviz2 75024      93 joint_state_pub 57272      58 ros2 
833368064 | 254356    100 python3 113496     99 rviz2 75024      93 joint_state_pub 57272      58 ros2 
833368064 | 254356    100 python3 113496     99 rviz2 75024      93 joint_state_pub 57272      58 ros2 
833527808 | 254356    100 python3 113496     99 rviz2 75024      93 joint_state_pub 57272      58 ros2 
833630208 | 254356    100 python3 113496     99 rviz2 75024      93 joint_state_pub 57272      58 ros2 
833462272 | 254356    100 python3 113496     99 rviz2 75024      93 joint_state_pub 57272      58 ros2 
833159168 | 254356    100 python3 113496     99 rviz2 75024      93 joint_state_pub 57272      58 ros2 
833417216 | 254356    100 python3 113496     99 rviz2 75024      93 joint_state_pub 57272      58 ros2 
833105920 | 254356    100 python3 113496     99 rviz2 75024      93 joint_state_pub 57272      58 ros2 
833372160 | 254356    100 python3 113496     99 rviz2 75024      93 joint_state_pub 57272      58 ros2 
833458176 | 254356    100 python3 113496     99 rviz2 75024      93 joint_state_pub 57272      58 ros2 
833384448 | 254356    100 python3 113496     99 rviz2 75024      93 joint_state_pub 57272      58 ros2 
833368064 | 254356    100 python3 113496     99 rviz2 75024      93 joint_state_pub 57272      58 ros2 
833134592 | 254356    100 python3 113496     99 rviz2 75024      93 joint_state_pub 57272      58 ros2 
833216512 | 254356    100 python3 113496     99 rviz2 75024      93 joint_state_pub 57272      58 ros2 
833368064 | 254356    100 python3 113496     99 rviz2 75024      93 joint_state_pub 57272      58 ros2 
833368064 | 254356    100 python3 113496     99 rviz2 75024      93 joint_state_pub 57272      58 ros2 
833474560 | 254356    100 python3 113496     99 rviz2 75024      93 joint_state_pub 57272      58 ros2 
833470464 | 254356    100 python3 113496     99 rviz2 75024      93 joint_state_pub 57272      58 ros2 
833576960 | 254356    100 python3 113496     99 rviz2 75024      93 joint_state_pub 57272      58 ros2 
833155072 | 254356    100 python3 113496     99 rviz2 75024      93 joint_state_pub 57272      58 ros2 
833245184 | 254356    100 python3 113496     99 rviz2 75024      93 joint_state_pub 57272      58 ros2 
833847296 | 254356    100 python3 113496     99 rviz2 75024      93 joint_state_pub 57272      58 ros2 
833630208 | 254356    100 python3 113496     99 rviz2 75024      93 joint_state_pub 57272      58 ros2 
833110016 | 254356    100 python3 113496     99 rviz2 75024      93 joint_state_pub 57272      58 ros2 
833376256 | 254356    100 python3 113496     99 rviz2 75024      93 joint_state_pub 57272      58 ros2 
833105920 | 254356    100 python3 113496     99 rviz2 75024      93 joint_state_pub 57272      58 ros2 
833187840 | 254356    100 python3 113496     99 rviz2 75024      93 joint_state_pub 57272      58 ros2 
833265664 | 254356    100 python3 113496     99 rviz2 75024      93 joint_state_pub 57272      58 ros2 
833642496 | 254356    100 python3 113496     99 rviz2 75024      93 joint_state_pub 57272      58 ros2 
833892352 | 254356    100 python3 113496     99 rviz2 75024      93 joint_state_pub 57272      58 ros2 
833368064 | 254356    100 python3 113496     99 rviz2 75024      93 joint_state_pub 57272      58 ros2 
833249280 | 254356    100 python3 113496     99 rviz2 75024      93 joint_state_pub 57272      58 ros2 
833085440 | 254356    100 python3 113496     99 rviz2 75024      93 joint_state_pub 57272      58 ros2 
832995328 | 254356    100 python3 113496     99 rviz2 75024      93 joint_state_pub 57272      58 ros2 
833662976 | 254356    100 python3 113496     99 rviz2 75024      93 joint_state_pub 57272      58 ros2 
833605632 | 254356    100 python3 113496     99 rviz2 75024      93 joint_state_pub 57272      58 ros2 
833236992 | 254356    100 python3 113496     99 rviz2 75024      93 joint_state_pub 57272      58 ros2 
833454080 | 254356    100 python3 113496     99 rviz2 75024      93 joint_state_pub 57272      58 ros2 
833212416 | 254356    100 python3 113496     99 rviz2 75024      93 joint_state_pub 57272      58 ros2 
833085440 | 254356    100 python3 113496     99 rviz2 75024      93 joint_state_pub 57272      58 ros2 
833634304 | 254356    100 python3 113496     99 rviz2 75024      93 joint_state_pub 57272      58 ros2 
833560576 | 254356    100 python3 113496     99 rviz2 75024      93 joint_state_pub 57272      58 ros2 
833658880 | 254356    100 python3 113496     99 rviz2 75024      93 joint_state_pub 57272      58 ros2 
833236992 | 254356    100 python3 113496     99 rviz2 75024      93 joint_state_pub 57272      58 ros2 
833101824 | 254356    100 python3 113496     99 rviz2 75024      93 joint_state_pub 57272      58 ros2 
833667072 | 254356    100 python3 113496     99 rviz2 75024      93 joint_state_pub 57272      58 ros2 
833421312 | 254356    100 python3 113496     99 rviz2 75024      93 joint_state_pub 57272      58 ros2 
833421312 | 254356    100 python3 113496     99 rviz2 75024      93 joint_state_pub 57272      58 ros2 
833327104 | 254356    100 python3 113496     99 rviz2 75024      93 joint_state_pub 57272      58 ros2 
833224704 | 254356    100 python3 113496     99 rviz2 75024      93 joint_state_pub 57272      58 ros2 
833114112 | 254356    100 python3 113496     99 rviz2 75024      93 joint_state_pub 57272      58 ros2 
833138688 | 254356    100 python3 113496     99 rviz2 75024      93 joint_state_pub 57272      58 ros2 
833081344 | 254356    100 python3 113496     99 rviz2 75024      93 joint_state_pub 57272      58 ros2 
833368064 | 254356    100 python3 113496     99 rviz2 75024      93 joint_state_pub 57272      58 ros2 
833245184 | 254356    100 python3 113496     99 rviz2 75024      93 joint_state_pub 57272      58 ros2 
833634304 | 254356    100 python3 113496     99 rviz2 75024      93 joint_state_pub 57272      58 ros2 
833765376 | 254356    100 python3 113496     99 rviz2 75024      93 joint_state_pub 57272      58 ros2 
833335296 | 254356    100 python3 113496     99 rviz2 75024      93 joint_state_pub 57272      58 ros2 
833388544 | 254356    100 python3 113496     99 rviz2 75024      93 joint_state_pub 57272      58 ros2 
833368064 | 254356    100 python3 113496     99 rviz2 75024      93 joint_state_pub 57272      58 ros2 
833114112 | 254356    100 python3 113496     99 rviz2 75024      93 joint_state_pub 57272      58 ros2 
833372160 | 254356    100 python3 113496     99 rviz2 75024      93 joint_state_pub 57272      58 ros2 
833372160 | 254356    100 python3 113496     99 rviz2 75024      93 joint_state_pub 57272      58 ros2 
833708032 | 254356    100 python3 113496     99 rviz2 75024      93 joint_state_pub 57272      58 ros2 
833572864 | 254356    100 python3 113496     99 rviz2 75024      93 joint_state_pub 57272      58 ros2 
833372160 | 254356    100 python3 113496     99 rviz2 75024      93 joint_state_pub 57272      58 ros2 
833376256 | 254356    100 python3 113496     99 rviz2 75024      93 joint_state_pub 57272      58 ros2 
833429504 | 254356    100 python3 113496     99 rviz2 75024      93 joint_state_pub 57272      58 ros2 
833171456 | 254356    100 python3 113496     99 rviz2 75024      93 joint_state_pub 57272      58 ros2 
833146880 | 254356    100 python3 113496     99 rviz2 75024      93 joint_state_pub 57272      58 ros2 
832983040 | 254356    100 python3 113496     99 rviz2 75024      93 joint_state_pub 57272      58 ros2 
833380352 | 254356    100 python3 113496     99 rviz2 75024      93 joint_state_pub 57272      58 ros2 
833343488 | 254356    100 python3 113496     99 rviz2 75024      93 joint_state_pub 57272      58 ros2 
833744896 | 254356    100 python3 113496     99 rviz2 75024      93 joint_state_pub 57272      58 ros2 
833114112 | 254356    100 python3 113496     99 rviz2 75024      93 joint_state_pub 57272      58 ros2 
833445888 | 254356    100 python3 113496     99 rviz2 75024      93 joint_state_pub 57272      58 ros2 
833241088 | 254356    100 python3 113496     99 rviz2 75024      93 joint_state_pub 57272      58 ros2 
833388544 | 254356    100 python3 113496     99 rviz2 75024      93 joint_state_pub 57272      58 ros2 
833519616 | 254356    100 python3 113496     99 rviz2 75024      93 joint_state_pub 57272      58 ros2 
833658880 | 254356    100 python3 113496     99 rviz2 75024      93 joint_state_pub 57272      58 ros2 
833359872 | 254356    100 python3 113496     99 rviz2 75024      93 joint_state_pub 57272      58 ros2 
833699840 | 254356    100 python3 113496     99 rviz2 75024      93 joint_state_pub 57272      58 ros2 
833396736 | 254356    100 python3 113496     99 rviz2 75024      93 joint_state_pub 57272      58 ros2 
833114112 | 254356    100 python3 113496     99 rviz2 75024      93 joint_state_pub 57272      58 ros2 
833339392 | 254356    100 python3 113496     99 rviz2 75024      93 joint_state_pub 57272      58 ros2 
833114112 | 254356    100 python3 113496     99 rviz2 75024      93 joint_state_pub 57272      58 ros2 
833466368 | 254356    100 python3 113496     99 rviz2 75024      93 joint_state_pub 57272      58 ros2 
833519616 | 254356    100 python3 113496     99 rviz2 75024      93 joint_state_pub 57272      58 ros2 
832987136 | 254356    100 python3 113496     99 rviz2 75024      93 joint_state_pub 57272      58 ros2 
833118208 | 254356    100 python3 113496     99 rviz2 75024      93 joint_state_pub 57272      58 ros2 
833282048 | 254356    100 python3 113496     99 rviz2 75024      93 joint_state_pub 57272      58 ros2 
833114112 | 254356    100 python3 113496     99 rviz2 75024      93 joint_state_pub 57272      58 ros2 
833376256 | 254356    100 python3 113496     99 rviz2 75024      93 joint_state_pub 57272      58 ros2 
833392640 | 254356    100 python3 113496     99 rviz2 75024      93 joint_state_pub 57272      58 ros2 
833409024 | 254356    100 python3 113496     99 rviz2 75024      93 joint_state_pub 57272      58 ros2 
833376256 | 254356    100 python3 113496     99 rviz2 75024      93 joint_state_pub 57272      58 ros2 
833470464 | 254356    100 python3 113496     99 rviz2 75024      93 joint_state_pub 57272      58 ros2 
833642496 | 254356    100 python3 113496     99 rviz2 75024      93 joint_state_pub 57272      58 ros2 
832958464 | 254356    100 python3 113496     99 rviz2 75024      93 joint_state_pub 57272      58 ros2 
833515520 | 254356    100 python3 113496     99 rviz2 75024      93 joint_state_pub 57272      58 ros2 
833376256 | 254356    100 python3 113496     99 rviz2 75024      93 joint_state_pub 57272      58 ros2 
833114112 | 254356    100 python3 113496     99 rviz2 75024      93 joint_state_pub 57272      58 ros2 
833204224 | 254356    100 python3 113496     99 rviz2 75024      93 joint_state_pub 57272      58 ros2 
833114112 | 254356    100 python3 113496     99 rviz2 75024      93 joint_state_pub 57272      58 ros2 
833515520 | 254356    100 python3 113496     99 rviz2 75024      93 joint_state_pub 57272      58 ros2 
833187840 | 254356    100 python3 113496     99 rviz2 75024      93 joint_state_pub 57272      58 ros2 
833236992 | 254356    100 python3 113496     99 rviz2 75024      93 joint_state_pub 57272      58 ros2 
833404928 | 254356    100 python3 113496     99 rviz2 75024      93 joint_state_pub 57272      58 ros2 
833638400 | 254356    100 python3 113496     99 rviz2 75024      93 joint_state_pub 57272      58 ros2 
833372160 | 254356    100 python3 113496     99 rviz2 75024      93 joint_state_pub 57272      58 ros2 
832991232 | 254356    100 python3 113496     99 rviz2 75024      93 joint_state_pub 57272      58 ros2 
833257472 | 254356    100 python3 113496     99 rviz2 75024      93 joint_state_pub 57272      58 ros2 
833384448 | 254356    100 python3 113496     99 rviz2 75024      93 joint_state_pub 57272      58 ros2 
833679360 | 254356    100 python3 113496     99 rviz2 75024      93 joint_state_pub 57272      58 ros2 
833179648 | 254356    100 python3 113496     99 rviz2 75024      93 joint_state_pub 57272      58 ros2 
833380352 | 254356    100 python3 113496     99 rviz2 75024      93 joint_state_pub 57272      58 ros2 
833523712 | 254356    100 python3 113496     99 rviz2 75024      93 joint_state_pub 57272      58 ros2 
833695744 | 254356    100 python3 113496     99 rviz2 75024      93 joint_state_pub 57272      58 ros2 
833433600 | 254356    100 python3 113496     99 rviz2 75024      93 joint_state_pub 57272      58 ros2 
833380352 | 254356    100 python3 113496     99 rviz2 75024      93 joint_state_pub 57272      58 ros2 
833118208 | 254356    100 python3 113496     99 rviz2 75024      93 joint_state_pub 57272      58 ros2 
833118208 | 254356    100 python3 113496     99 rviz2 75024      93 joint_state_pub 57272      58 ros2 
833413120 | 254356    100 python3 113496     99 rviz2 75024      93 joint_state_pub 57272      58 ros2 
833114112 | 254356    100 python3 113496     99 rviz2 75024      93 joint_state_pub 57272      58 ros2 
833642496 | 254356    100 python3 113496     99 rviz2 75024      93 joint_state_pub 57272      58 ros2 
833118208 | 254356    100 python3 113496     99 rviz2 75024      93 joint_state_pub 57272      58 ros2 
833118208 | 254356    100 python3 113496     99 rviz2 75024      93 joint_state_pub 57272      58 ros2 
833343488 | 254356    100 python3 113496     99 rviz2 75024      93 joint_state_pub 57272      58 ros2 
833462272 | 254356    100 python3 113496     99 rviz2 75024      93 joint_state_pub 57272      58 ros2 
833388544 | 254356    100 python3 113496     99 rviz2 75024      93 joint_state_pub 57272      58 ros2 
833126400 | 254356    100 python3 113496     99 rviz2 75024      93 joint_state_pub 57272      58 ros2 
833236992 | 254356    100 python3 113496     99 rviz2 75024      93 joint_state_pub 57272      58 ros2 
833142784 | 254356    100 python3 113496     99 rviz2 75024      93 joint_state_pub 57272      58 ros2 
833343488 | 254356    100 python3 113496     99 rviz2 75024      93 joint_state_pub 57272      58 ros2 
833208320 | 254356    100 python3 113496     99 rviz2 75024      93 joint_state_pub 57272      58 ros2 
833122304 | 254356    100 python3 113496     99 rviz2 75024      93 joint_state_pub 57272      58 ros2 
833175552 | 254356    100 python3 113496     99 rviz2 75024      93 joint_state_pub 57272      58 ros2 
834027520 | 254356    100 python3 113496     99 rviz2 75024      93 joint_state_pub 57272      58 ros2 
833429504 | 254356    100 python3 113496     99 rviz2 75024      93 joint_state_pub 57272      58 ros2 
833675264 | 254356    100 python3 113496     99 rviz2 75024      93 joint_state_pub 57272      58 ros2 
833486848 | 254356    100 python3 113496     99 rviz2 75024      93 joint_state_pub 57272      58 ros2 
833372160 | 254356    100 python3 113496     99 rviz2 75024      93 joint_state_pub 57272      58 ros2 
833433600 | 254356    100 python3 113496     99 rviz2 75024      93 joint_state_pub 57272      58 ros2 
833261568 | 254356    100 python3 113496     99 rviz2 75024      93 joint_state_pub 57272      58 ros2 
833114112 | 254356    100 python3 113496     99 rviz2 75024      93 joint_state_pub 57272      58 ros2 
833417216 | 254356    100 python3 113496     99 rviz2 75024      93 joint_state_pub 57272      58 ros2 
833589248 | 254356    100 python3 113496     99 rviz2 75024      93 joint_state_pub 57272      58 ros2 
833380352 | 254356    100 python3 113496     99 rviz2 75024      93 joint_state_pub 57272      58 ros2 
833642496 | 254356    100 python3 113496     99 rviz2 75024      93 joint_state_pub 57272      58 ros2 
833429504 | 254356    100 python3 113496     99 rviz2 75024      93 joint_state_pub 57272      58 ros2 
833466368 | 254356    100 python3 113496     99 rviz2 75024      93 joint_state_pub 57272      58 ros2 
833933312 | 254356    100 python3 113496     99 rviz2 75024      93 joint_state_pub 57272      58 ros2 
833085440 | 254356    100 python3 113496     99 rviz2 75024      93 joint_state_pub 57272      58 ros2 
833384448 | 254356    100 python3 113496     99 rviz2 75024      93 joint_state_pub 57272      58 ros2 
833515520 | 254356    100 python3 113496     99 rviz2 75024      93 joint_state_pub 57272      58 ros2 
833515520 | 254356    100 python3 113496     99 rviz2 75024      93 joint_state_pub 57272      58 ros2 
833703936 | 254356    100 python3 113496     99 rviz2 75024      93 joint_state_pub 57272      58 ros2 
832966656 | 254356    100 python3 113496     99 rviz2 75024      93 joint_state_pub 57272      58 ros2 
833384448 | 254356    100 python3 113496     99 rviz2 75024      93 joint_state_pub 57272      58 ros2 
833273856 | 254356    100 python3 113496     99 rviz2 75024      93 joint_state_pub 57272      58 ros2 
833560576 | 254356    100 python3 113496     99 rviz2 75024      93 joint_state_pub 57272      58 ros2 
833323008 | 254356    100 python3 113496     99 rviz2 75024      93 joint_state_pub 57272      58 ros2 
833482752 | 254356    100 python3 113496     99 rviz2 75024      93 joint_state_pub 57272      58 ros2 
833474560 | 254356    100 python3 113496     99 rviz2 75024      93 joint_state_pub 57272      58 ros2 
833572864 | 254356    100 python3 113496     99 rviz2 75024      93 joint_state_pub 57272      58 ros2 
833695744 | 254356    100 python3 113496     99 rviz2 75024      93 joint_state_pub 57272      58 ros2 
833740800 | 254356    100 python3 113496     99 rviz2 75024      93 joint_state_pub 57272      58 ros2 
833622016 | 254356    100 python3 113496     99 rviz2 75024      93 joint_state_pub 57272      58 ros2 
833282048 | 254356    100 python3 113496     99 rviz2 75024      93 joint_state_pub 57272      58 ros2 
833445888 | 254356    100 python3 113496     99 rviz2 75024      93 joint_state_pub 57272      58 ros2 
834048000 | 254356    100 python3 113496     99 rviz2 75024      93 joint_state_pub 57272      58 ros2 
833470464 | 254356    100 python3 113496     99 rviz2 75024      93 joint_state_pub 57272      58 ros2 
833785856 | 254356    100 python3 113496     99 rviz2 75024      93 joint_state_pub 57272      58 ros2 
833220608 | 254356    100 python3 113496     99 rviz2 75024      93 joint_state_pub 57272      58 ros2 
833089536 | 254356    100 python3 113496     99 rviz2 75024      93 joint_state_pub 57272      58 ros2 
833085440 | 254356    100 python3 113496     99 rviz2 75024      93 joint_state_pub 57272      58 ros2 
833212416 | 254356    100 python3 113496     99 rviz2 75024      93 joint_state_pub 57272      58 ros2 
833347584 | 254356    100 python3 113496     99 rviz2 75024      93 joint_state_pub 57272      58 ros2 
833425408 | 254356    100 python3 113496     99 rviz2 75024      93 joint_state_pub 57272      58 ros2 
833523712 | 254356    100 python3 113496     99 rviz2 75024      93 joint_state_pub 57272      58 ros2 
833171456 | 254356    100 python3 113496     99 rviz2 75024      93 joint_state_pub 57272      58 ros2 
833269760 | 254356    100 python3 113496     99 rviz2 75024      93 joint_state_pub 57272      58 ros2 
833482752 | 254356    100 python3 113496     99 rviz2 75024      93 joint_state_pub 57272      58 ros2 
833216512 | 254356    100 python3 113496     99 rviz2 75024      93 joint_state_pub 57272      58 ros2 
833171456 | 254356    100 python3 113496     99 rviz2 75024      93 joint_state_pub 57272      58 ros2 
833314816 | 254356    100 python3 113496     99 rviz2 75024      93 joint_state_pub 57272      58 ros2 
833441792 | 254356    100 python3 113496     99 rviz2 75024      93 joint_state_pub 57272      58 ros2 
833208320 | 254356    100 python3 113496     99 rviz2 75024      93 joint_state_pub 57272      58 ros2 
833470464 | 254356    100 python3 113496     99 rviz2 75024      93 joint_state_pub 57272      58 ros2 
833331200 | 254356    100 python3 113496     99 rviz2 75024      93 joint_state_pub 57272      58 ros2 
833212416 | 254356    100 python3 113496     99 rviz2 75024      93 joint_state_pub 57272      58 ros2 
833478656 | 254356    100 python3 113496     99 rviz2 75024      93 joint_state_pub 57272      58 ros2 
833273856 | 254356    100 python3 113496     99 rviz2 75024      93 joint_state_pub 57272      58 ros2 
833662976 | 254356    100 python3 113496     99 rviz2 75024      93 joint_state_pub 57272      58 ros2 
833531904 | 254356    100 python3 113496     99 rviz2 75024      93 joint_state_pub 57272      58 ros2 
833748992 | 254356    100 python3 113496     99 rviz2 75024      93 joint_state_pub 57272      58 ros2 
833478656 | 254356    100 python3 113496     99 rviz2 75024      93 joint_state_pub 57272      58 ros2 
833179648 | 254356    100 python3 113496     99 rviz2 75024      93 joint_state_pub 57272      58 ros2 
833478656 | 254356    100 python3 113496     99 rviz2 75024      93 joint_state_pub 57272      58 ros2 
833355776 | 254356    100 python3 113496     99 rviz2 75024      93 joint_state_pub 57272      58 ros2 
833064960 | 254356    100 python3 113496     99 rviz2 75024      93 joint_state_pub 57272      58 ros2 
833224704 | 254356    100 python3 113496     99 rviz2 75024      93 joint_state_pub 57272      58 ros2 
833724416 | 254356    100 python3 113496     99 rviz2 75024      93 joint_state_pub 57272      58 ros2 
833392640 | 254356    100 python3 113496     99 rviz2 75024      93 joint_state_pub 57272      58 ros2 
833531904 | 254356    100 python3 113496     99 rviz2 75024      93 joint_state_pub 57272      58 ros2 
833380352 | 254356    100 python3 113496     99 rviz2 75024      93 joint_state_pub 57272      58 ros2 
833593344 | 254356    100 python3 113496     99 rviz2 75024      93 joint_state_pub 57272      58 ros2 
833789952 | 254356    100 python3 113496     99 rviz2 75024      93 joint_state_pub 57272      58 ros2 
834019328 | 254356    100 python3 113496     99 rviz2 75024      93 joint_state_pub 57272      58 ros2 
833228800 | 254356    100 python3 113496     99 rviz2 75024      93 joint_state_pub 57272      58 ros2 
833740800 | 254356    100 python3 113496     99 rviz2 75024      93 joint_state_pub 57272      58 ros2 
833802240 | 254356    100 python3 113496     99 rviz2 75024      93 joint_state_pub 57272      58 ros2 
833101824 | 254356    100 python3 113496     99 rviz2 75024      93 joint_state_pub 57272      58 ros2 
834007040 | 254356    100 python3 113496     99 rviz2 75024      93 joint_state_pub 57272      58 ros2 
833482752 | 254356    100 python3 113496     99 rviz2 75024      93 joint_state_pub 57272      58 ros2 
833449984 | 254356    100 python3 113496     99 rviz2 75024      93 joint_state_pub 57272      58 ros2 
833224704 | 254356    100 python3 113496     99 rviz2 75024      93 joint_state_pub 57272      58 ros2 
833482752 | 254356    100 python3 113496     99 rviz2 75024      93 joint_state_pub 57272      58 ros2 
833499136 | 254356    100 python3 113496     99 rviz2 75024      93 joint_state_pub 57272      58 ros2 
833617920 | 254356    100 python3 113496     99 rviz2 75024      93 joint_state_pub 57272      58 ros2 
833232896 | 254356    100 python3 113496     99 rviz2 75024      93 joint_state_pub 57272      58 ros2 
833617920 | 254356    100 python3 113496     99 rviz2 75024      93 joint_state_pub 57272      58 ros2 
833486848 | 254356    100 python3 113496     99 rviz2 75024      93 joint_state_pub 57272      58 ros2 
833216512 | 254356    100 python3 113496     99 rviz2 75024      93 joint_state_pub 57272      58 ros2 
833314816 | 254356    100 python3 113496     99 rviz2 75024      93 joint_state_pub 57272      58 ros2 
833630208 | 254356    100 python3 113496     99 rviz2 75024      93 joint_state_pub 57272      58 ros2 
833564672 | 254356    100 python3 113496     99 rviz2 75024      93 joint_state_pub 57272      58 ros2 
833888256 | 254356    100 python3 113496     99 rviz2 75024      93 joint_state_pub 57272      58 ros2 
833282048 | 254356    100 python3 113496     99 rviz2 75024      93 joint_state_pub 57272      58 ros2 
833486848 | 254356    100 python3 113496     99 rviz2 75024      93 joint_state_pub 57272      58 ros2 
834048000 | 254356    100 python3 113496     99 rviz2 75024      93 joint_state_pub 57272      58 ros2 
833753088 | 254356    100 python3 113496     99 rviz2 75024      93 joint_state_pub 57272      58 ros2 
833224704 | 254356    100 python3 113496     99 rviz2 75024      93 joint_state_pub 57272      58 ros2 
833748992 | 254356    100 python3 113496     99 rviz2 75024      93 joint_state_pub 57272      58 ros2 
833486848 | 254356    100 python3 113496     99 rviz2 75024      93 joint_state_pub 57272      58 ros2 
833347584 | 254356    100 python3 113496     99 rviz2 75024      93 joint_state_pub 57272      58 ros2 
833503232 | 254356    100 python3 113496     99 rviz2 75024      93 joint_state_pub 57272      58 ros2 
833482752 | 254356    100 python3 113496     99 rviz2 75024      93 joint_state_pub 57272      58 ros2 
833486848 | 254356    100 python3 113496     99 rviz2 75024      93 joint_state_pub 57272      58 ros2 
833753088 | 254356    100 python3 113496     99 rviz2 75024      93 joint_state_pub 57272      58 ros2 
833748992 | 254356    100 python3 113496     99 rviz2 75024      93 joint_state_pub 57272      58 ros2 
833449984 | 254356    100 python3 113496     99 rviz2 75024      93 joint_state_pub 57272      58 ros2 
833626112 | 254356    100 python3 113496     99 rviz2 75024      93 joint_state_pub 57272      58 ros2 
833396736 | 254356    100 python3 113496     99 rviz2 75024      93 joint_state_pub 57272      58 ros2 
833548288 | 254356    100 python3 113496     99 rviz2 75024      93 joint_state_pub 57272      58 ros2 
833486848 | 254356    100 python3 113496     99 rviz2 75024      93 joint_state_pub 57272      58 ros2 
833224704 | 254356    100 python3 113496     99 rviz2 75024      93 joint_state_pub 57272      58 ros2 
833261568 | 254356    100 python3 113496     99 rviz2 75024      93 joint_state_pub 57272      58 ros2 
833224704 | 254356    100 python3 113496     99 rviz2 75024      93 joint_state_pub 57272      58 ros2 
833581056 | 254356    100 python3 113496     99 rviz2 75024      93 joint_state_pub 57272      58 ros2 
833642496 | 254356    100 python3 113496     99 rviz2 75024      93 joint_state_pub 57272      58 ros2 
833589248 | 254356    100 python3 113496     99 rviz2 75024      93 joint_state_pub 57272      58 ros2 
833867776 | 254356    100 python3 113496     99 rviz2 75024      93 joint_state_pub 57272      58 ros2 
833466368 | 254356    100 python3 113496     99 rviz2 75024      93 joint_state_pub 57272      58 ros2 
833859584 | 254356    100 python3 113496     99 rviz2 75024      93 joint_state_pub 57272      58 ros2 
833314816 | 254356    100 python3 113496     99 rviz2 75024      93 joint_state_pub 57272      58 ros2 
833425408 | 254356    100 python3 113496     99 rviz2 75024      93 joint_state_pub 57272      58 ros2 
833495040 | 254356    100 python3 113496     99 rviz2 75024      93 joint_state_pub 57272      58 ros2 
833753088 | 254356    100 python3 113496     99 rviz2 75024      93 joint_state_pub 57272      58 ros2 
833757184 | 254356    100 python3 113496     99 rviz2 75024      93 joint_state_pub 57272      58 ros2 
833310720 | 254356    100 python3 113496     99 rviz2 75024      93 joint_state_pub 57272      58 ros2 
833490944 | 254356    100 python3 113496     99 rviz2 75024      93 joint_state_pub 57272      58 ros2 
833490944 | 254356    100 python3 113496     99 rviz2 75024      93 joint_state_pub 57272      58 ros2 
833585152 | 254356    100 python3 113496     99 rviz2 75024      93 joint_state_pub 57272      58 ros2 
833384448 | 254356    100 python3 113496     99 rviz2 75024      93 joint_state_pub 57272      58 ros2 
833228800 | 254356    100 python3 113496     99 rviz2 75024      93 joint_state_pub 57272      58 ros2 
833228800 | 254356    100 python3 113496     99 rviz2 75024      93 joint_state_pub 57272      58 ros2 
833224704 | 254356    100 python3 113496     99 rviz2 75024      93 joint_state_pub 57272      58 ros2 
833232896 | 254356    100 python3 113496     99 rviz2 75024      93 joint_state_pub 57272      58 ros2 
833490944 | 254356    100 python3 113496     99 rviz2 75024      93 joint_state_pub 57272      58 ros2 
833146880 | 254356    100 python3 113496     99 rviz2 75024      93 joint_state_pub 57272      58 ros2 
833556480 | 254356    100 python3 113496     99 rviz2 75024      93 joint_state_pub 57272      58 ros2 
833495040 | 254356    100 python3 113496     99 rviz2 75024      93 joint_state_pub 57272      58 ros2 
833495040 | 254356    100 python3 113496     99 rviz2 75024      93 joint_state_pub 57272      58 ros2 
833458176 | 254356    100 python3 113496     99 rviz2 75024      93 joint_state_pub 57272      58 ros2 
833458176 | 254356    100 python3 113496     99 rviz2 75024      93 joint_state_pub 57272      58 ros2 
833495040 | 254356    100 python3 113496     99 rviz2 75024      93 joint_state_pub 57272      58 ros2 
833495040 | 254356    100 python3 113496     99 rviz2 75024      93 joint_state_pub 57272      58 ros2 
833232896 | 254356    100 python3 113496     99 rviz2 75024      93 joint_state_pub 57272      58 ros2 
833495040 | 254356    100 python3 113496     99 rviz2 75024      93 joint_state_pub 57272      58 ros2 
833757184 | 254356    100 python3 113496     99 rviz2 75024      93 joint_state_pub 57272      58 ros2 
833490944 | 254356    100 python3 113496     99 rviz2 75024      93 joint_state_pub 57272      58 ros2 
833888256 | 254356    100 python3 113496     99 rviz2 75024      93 joint_state_pub 57272      58 ros2 
833290240 | 254356    100 python3 113496     99 rviz2 75024      93 joint_state_pub 57272      58 ros2 
833294336 | 254356    100 python3 113496     99 rviz2 75024      93 joint_state_pub 57272      58 ros2 
833576960 | 254356    100 python3 113496     99 rviz2 75024      93 joint_state_pub 57272      58 ros2 
833970176 | 254356    100 python3 113496     99 rviz2 75024      93 joint_state_pub 57272      58 ros2 
833515520 | 254356    100 python3 113496     99 rviz2 75024      93 joint_state_pub 57272      58 ros2 
833335296 | 254356    100 python3 113496     99 rviz2 75024      93 joint_state_pub 57272      58 ros2 
833495040 | 254356    100 python3 113496     99 rviz2 75024      93 joint_state_pub 57272      58 ros2 
833232896 | 254356    100 python3 113496     99 rviz2 75024      93 joint_state_pub 57272      58 ros2 
833556480 | 254356    100 python3 113496     99 rviz2 75024      93 joint_state_pub 57272      58 ros2 
833495040 | 254356    100 python3 113496     99 rviz2 75024      93 joint_state_pub 57272      58 ros2 
833490944 | 254356    100 python3 113496     99 rviz2 75024      93 joint_state_pub 57272      58 ros2 
833110016 | 254356    100 python3 113496     99 rviz2 75024      93 joint_state_pub 57272      58 ros2 
833396736 | 254356    100 python3 113496     99 rviz2 75024      93 joint_state_pub 57272      58 ros2 
833363968 | 254356    100 python3 113496     99 rviz2 75024      93 joint_state_pub 57272      58 ros2 
833417216 | 254356    100 python3 113496     99 rviz2 75024      93 joint_state_pub 57272      58 ros2 
833851392 | 254356    100 python3 113496     99 rviz2 75024      93 joint_state_pub 57272      58 ros2 
833110016 | 254356    100 python3 113496     99 rviz2 75024      93 joint_state_pub 57272      58 ros2 
833323008 | 254356    100 python3 113496     99 rviz2 75024      93 joint_state_pub 57272      58 ros2 
833593344 | 254356    100 python3 113496     99 rviz2 75024      93 joint_state_pub 57272      58 ros2 
833753088 | 254356    100 python3 113496     99 rviz2 75024      93 joint_state_pub 57272      58 ros2 
833454080 | 254356    100 python3 113496     99 rviz2 75024      93 joint_state_pub 57272      58 ros2 
833802240 | 254356    100 python3 113496     99 rviz2 75024      93 joint_state_pub 57272      58 ros2 
833245184 | 254356    100 python3 113496     99 rviz2 75024      93 joint_state_pub 57272      58 ros2 
833232896 | 254356    100 python3 113496     99 rviz2 75024      93 joint_state_pub 57272      58 ros2 
833335296 | 254356    100 python3 113496     99 rviz2 75024      93 joint_state_pub 57272      58 ros2 
833515520 | 254356    100 python3 113496     99 rviz2 75024      93 joint_state_pub 57272      58 ros2 
833536000 | 254356    100 python3 113496     99 rviz2 75024      93 joint_state_pub 57272      58 ros2 
833613824 | 254356    100 python3 113496     99 rviz2 75024      93 joint_state_pub 57272      58 ros2 
833523712 | 254356    100 python3 113496     99 rviz2 75024      93 joint_state_pub 57272      58 ros2 
833249280 | 254356    100 python3 113496     99 rviz2 75024      93 joint_state_pub 57272      58 ros2 
833236992 | 254356    100 python3 113496     99 rviz2 75024      93 joint_state_pub 57272      58 ros2 
833814528 | 254356    100 python3 113496     99 rviz2 75024      93 joint_state_pub 57272      58 ros2 
833503232 | 254356    100 python3 113496     99 rviz2 75024      93 joint_state_pub 57272      58 ros2 
833110016 | 254356    100 python3 113496     99 rviz2 75024      93 joint_state_pub 57272      58 ros2 
833466368 | 254356    100 python3 113496     99 rviz2 75024      93 joint_state_pub 57272      58 ros2 
833765376 | 254356    100 python3 113496     99 rviz2 75024      93 joint_state_pub 57272      58 ros2 
833585152 | 254356    100 python3 113496     99 rviz2 75024      93 joint_state_pub 57272      58 ros2 
833642496 | 254356    100 python3 113496     99 rviz2 75024      93 joint_state_pub 57272      58 ros2 
833400832 | 254356    100 python3 113496     99 rviz2 75024      93 joint_state_pub 57272      58 ros2 
833773568 | 254356    100 python3 113496     99 rviz2 75024      93 joint_state_pub 57272      58 ros2 
833503232 | 254356    100 python3 113496     99 rviz2 75024      93 joint_state_pub 57272      58 ros2 
833765376 | 254356    100 python3 113496     99 rviz2 75024      93 joint_state_pub 57272      58 ros2 
833568768 | 254356    100 python3 113496     99 rviz2 75024      93 joint_state_pub 57272      58 ros2 
833740800 | 254356    100 python3 113496     99 rviz2 75024      93 joint_state_pub 57272      58 ros2 
833859584 | 254356    100 python3 113496     99 rviz2 75024      93 joint_state_pub 57272      58 ros2 
833339392 | 254356    100 python3 113496     99 rviz2 75024      93 joint_state_pub 57272      58 ros2 
833236992 | 254356    100 python3 113496     99 rviz2 75024      93 joint_state_pub 57272      58 ros2 
833515520 | 254356    100 python3 113496     99 rviz2 75024      93 joint_state_pub 57272      58 ros2 
833515520 | 254356    100 python3 113496     99 rviz2 75024      93 joint_state_pub 57272      58 ros2 
833744896 | 254356    100 python3 113496     99 rviz2 75024      93 joint_state_pub 57272      58 ros2 
833503232 | 254356    100 python3 113496     99 rviz2 75024      93 joint_state_pub 57272      58 ros2 
833515520 | 254356    100 python3 113496     99 rviz2 75024      93 joint_state_pub 57272      58 ros2 
833241088 | 254356    100 python3 113496     99 rviz2 75024      93 joint_state_pub 57272      58 ros2 
833503232 | 254356    100 python3 113496     99 rviz2 75024      93 joint_state_pub 57272      58 ros2 
833249280 | 254356    100 python3 113496     99 rviz2 75024      93 joint_state_pub 57272      58 ros2 
833765376 | 254356    100 python3 113496     99 rviz2 75024      93 joint_state_pub 57272      58 ros2 
833331200 | 254356    100 python3 113496     99 rviz2 75024      93 joint_state_pub 57272      58 ros2 
833515520 | 254356    100 python3 113496     99 rviz2 75024      93 joint_state_pub 57272      58 ros2 
833253376 | 254356    100 python3 113496     99 rviz2 75024      93 joint_state_pub 57272      58 ros2 
833138688 | 254356    100 python3 113496     99 rviz2 75024      93 joint_state_pub 57272      58 ros2 
833376256 | 254356    100 python3 113496     99 rviz2 75024      93 joint_state_pub 57272      58 ros2 
833773568 | 254356    100 python3 113496     99 rviz2 75024      93 joint_state_pub 57272      58 ros2 
833728512 | 254356    100 python3 113496     99 rviz2 75024      93 joint_state_pub 57272      58 ros2 
833380352 | 254356    100 python3 113496     99 rviz2 75024      93 joint_state_pub 57272      58 ros2 
833511424 | 254356    100 python3 113496     99 rviz2 75024      93 joint_state_pub 57272      58 ros2 
833765376 | 254356    100 python3 113496     99 rviz2 75024      93 joint_state_pub 57272      58 ros2 
833490944 | 254356    100 python3 113496     99 rviz2 75024      93 joint_state_pub 57272      58 ros2 
833781760 | 254356    100 python3 113496     99 rviz2 75024      93 joint_state_pub 57272      58 ros2 
833277952 | 254356    100 python3 113496     99 rviz2 75024      93 joint_state_pub 57272      58 ros2 
833675264 | 254356    100 python3 113496     99 rviz2 75024      93 joint_state_pub 57272      58 ros2 
833241088 | 254356    100 python3 113496     99 rviz2 75024      93 joint_state_pub 57272      58 ros2 
833769472 | 254356    100 python3 113496     99 rviz2 75024      93 joint_state_pub 57272      58 ros2 
833208320 | 254356    100 python3 113496     99 rviz2 75024      93 joint_state_pub 57272      58 ros2 
833245184 | 254356    100 python3 113496     99 rviz2 75024      93 joint_state_pub 57272      58 ros2 
833245184 | 254356    100 python3 113496     99 rviz2 75024      93 joint_state_pub 57272      58 ros2 
833470464 | 254356    100 python3 113496     99 rviz2 75024      93 joint_state_pub 57272      58 ros2 
833339392 | 254356    100 python3 113496     99 rviz2 75024      93 joint_state_pub 57272      58 ros2 
833241088 | 254356    100 python3 113496     99 rviz2 75024      93 joint_state_pub 57272      58 ros2 
833118208 | 254356    100 python3 113496     99 rviz2 75024      93 joint_state_pub 57272      58 ros2 
833769472 | 254356    100 python3 113496     99 rviz2 75024      93 joint_state_pub 57272      58 ros2 
833265664 | 254356    100 python3 113496     99 rviz2 75024      93 joint_state_pub 57272      58 ros2 
833523712 | 254356    100 python3 113496     99 rviz2 75024      93 joint_state_pub 57272      58 ros2 
833253376 | 254356    100 python3 113496     99 rviz2 75024      93 joint_state_pub 57272      58 ros2 
833392640 | 254356    100 python3 113496     99 rviz2 75024      93 joint_state_pub 57272      58 ros2 
833253376 | 254356    100 python3 113496     99 rviz2 75024      93 joint_state_pub 57272      58 ros2 
833212416 | 254356    100 python3 113496     99 rviz2 75024      93 joint_state_pub 57272      58 ros2 
833249280 | 254356    100 python3 113496     99 rviz2 75024      93 joint_state_pub 57272      58 ros2 
833511424 | 254356    100 python3 113496     99 rviz2 75024      93 joint_state_pub 57272      58 ros2 
833798144 | 254356    100 python3 113496     99 rviz2 75024      93 joint_state_pub 57272      58 ros2 
833249280 | 254356    100 python3 113496     99 rviz2 75024      93 joint_state_pub 57272      58 ros2 
833773568 | 254356    100 python3 113496     99 rviz2 75024      93 joint_state_pub 57272      58 ros2 
833417216 | 254356    100 python3 113496     99 rviz2 75024      93 joint_state_pub 57272      58 ros2 
833511424 | 254356    100 python3 113496     99 rviz2 75024      93 joint_state_pub 57272      58 ros2 
833912832 | 254356    100 python3 113496     99 rviz2 75024      93 joint_state_pub 57272      58 ros2 
833773568 | 254356    100 python3 113496     99 rviz2 75024      93 joint_state_pub 57272      58 ros2 
833511424 | 254356    100 python3 113496     99 rviz2 75024      93 joint_state_pub 57272      58 ros2 
833601536 | 254356    100 python3 113496     99 rviz2 75024      93 joint_state_pub 57272      58 ros2 
833413120 | 254356    100 python3 113496     99 rviz2 75024      93 joint_state_pub 57272      58 ros2 
833511424 | 254356    100 python3 113496     99 rviz2 75024      93 joint_state_pub 57272      58 ros2 
833277952 | 254356    100 python3 113496     99 rviz2 75024      93 joint_state_pub 57272      58 ros2 
833499136 | 254356    100 python3 113496     99 rviz2 75024      93 joint_state_pub 57272      58 ros2 
833478656 | 254356    100 python3 113496     99 rviz2 75024      93 joint_state_pub 57272      58 ros2 
833724416 | 254356    100 python3 113496     99 rviz2 75024      93 joint_state_pub 57272      58 ros2 
833490944 | 254356    100 python3 113496     99 rviz2 75024      93 joint_state_pub 57272      58 ros2 
833515520 | 254356    100 python3 113496     99 rviz2 75024      93 joint_state_pub 57272      58 ros2 
833478656 | 254356    100 python3 113496     99 rviz2 75024      93 joint_state_pub 57272      58 ros2 
833847296 | 254356    100 python3 113496     99 rviz2 75024      93 joint_state_pub 57272      58 ros2 
833536000 | 254356    100 python3 113496     99 rviz2 75024      93 joint_state_pub 57272      58 ros2 
833519616 | 254356    100 python3 113496     99 rviz2 75024      93 joint_state_pub 57272      58 ros2 
833253376 | 254356    100 python3 113496     99 rviz2 75024      93 joint_state_pub 57272      58 ros2 
833466368 | 254356    100 python3 113496     99 rviz2 75024      93 joint_state_pub 57272      58 ros2 
833421312 | 254356    100 python3 113496     99 rviz2 75024      93 joint_state_pub 57272      58 ros2 
833773568 | 254356    100 python3 113496     99 rviz2 75024      93 joint_state_pub 57272      58 ros2 
833695744 | 254356    100 python3 113496     99 rviz2 75024      93 joint_state_pub 57272      58 ros2 
833515520 | 254356    100 python3 113496     99 rviz2 75024      93 joint_state_pub 57272      58 ros2 
833515520 | 254356    100 python3 113496     99 rviz2 75024      93 joint_state_pub 57272      58 ros2 
833527808 | 254356    100 python3 113496     99 rviz2 75024      93 joint_state_pub 57272      58 ros2 
833515520 | 254356    100 python3 113496     99 rviz2 75024      93 joint_state_pub 57272      58 ros2 
833515520 | 254356    100 python3 113496     99 rviz2 75024      93 joint_state_pub 57272      58 ros2 
833216512 | 254356    100 python3 113496     99 rviz2 75024      93 joint_state_pub 57272      58 ros2 
833531904 | 254356    100 python3 113496     99 rviz2 75024      93 joint_state_pub 57272      58 ros2 
833544192 | 254356    100 python3 113496     99 rviz2 75024      93 joint_state_pub 57272      58 ros2 
833400832 | 254356    100 python3 113496     99 rviz2 75024      93 joint_state_pub 57272      58 ros2 
833777664 | 254356    100 python3 113496     99 rviz2 75024      93 joint_state_pub 57272      58 ros2 
833638400 | 254356    100 python3 113496     99 rviz2 75024      93 joint_state_pub 57272      58 ros2 
833253376 | 254356    100 python3 113496     99 rviz2 75024      93 joint_state_pub 57272      58 ros2 
833515520 | 254356    100 python3 113496     99 rviz2 75024      93 joint_state_pub 57272      58 ros2 
833409024 | 254356    100 python3 113496     99 rviz2 75024      93 joint_state_pub 57272      58 ros2 
833818624 | 254356    100 python3 113496     99 rviz2 75024      93 joint_state_pub 57272      58 ros2 
833531904 | 254356    100 python3 113496     99 rviz2 75024      93 joint_state_pub 57272      58 ros2 
833654784 | 254356    100 python3 113496     99 rviz2 75024      93 joint_state_pub 57272      58 ros2 
833806336 | 254356    100 python3 113496     99 rviz2 75024      93 joint_state_pub 57272      58 ros2 
833253376 | 254356    100 python3 113496     99 rviz2 75024      93 joint_state_pub 57272      58 ros2 
833253376 | 254356    100 python3 113496     99 rviz2 75024      93 joint_state_pub 57272      58 ros2 
833511424 | 254356    100 python3 113496     99 rviz2 75024      93 joint_state_pub 57272      58 ros2 
833523712 | 254356    100 python3 113496     99 rviz2 75024      93 joint_state_pub 57272      58 ros2 
833478656 | 254356    100 python3 113496     99 rviz2 75024      93 joint_state_pub 57272      58 ros2 
833253376 | 254356    100 python3 113496     99 rviz2 75024      93 joint_state_pub 57272      58 ros2 
833732608 | 254356    100 python3 113496     99 rviz2 75024      93 joint_state_pub 57272      58 ros2 
833212416 | 254356    100 python3 113496     99 rviz2 75024      93 joint_state_pub 57272      58 ros2 
833515520 | 254356    100 python3 113496     99 rviz2 75024      93 joint_state_pub 57272      58 ros2 
833515520 | 254356    100 python3 113496     99 rviz2 75024      93 joint_state_pub 57272      58 ros2 
833515520 | 254356    100 python3 113496     99 rviz2 75024      93 joint_state_pub 57272      58 ros2 
833523712 | 254356    100 python3 113496     99 rviz2 75024      93 joint_state_pub 57272      58 ros2 
833351680 | 254356    100 python3 113496     99 rviz2 75024      93 joint_state_pub 57272      58 ros2 
833552384 | 254356    100 python3 113496     99 rviz2 75024      93 joint_state_pub 57272      58 ros2 
833257472 | 254356    100 python3 113496     99 rviz2 75024      93 joint_state_pub 57272      58 ros2 
833683456 | 254356    100 python3 113496     99 rviz2 75024      93 joint_state_pub 57272      58 ros2 
834011136 | 254356    100 python3 113496     99 rviz2 75024      93 joint_state_pub 57272      58 ros2 
833523712 | 254356    100 python3 113496     99 rviz2 75024      93 joint_state_pub 57272      58 ros2 
833642496 | 254356    100 python3 113496     99 rviz2 75024      93 joint_state_pub 57272      58 ros2 
833478656 | 254356    100 python3 113496     99 rviz2 75024      93 joint_state_pub 57272      58 ros2 
833482752 | 254356    100 python3 113496     99 rviz2 75024      93 joint_state_pub 57272      58 ros2 
833261568 | 254356    100 python3 113496     99 rviz2 75024      93 joint_state_pub 57272      58 ros2 
834023424 | 254356    100 python3 113496     99 rviz2 75024      93 joint_state_pub 57272      58 ros2 
833785856 | 254356    100 python3 113496     99 rviz2 75024      93 joint_state_pub 57272      58 ros2 
833531904 | 254356    100 python3 113496     99 rviz2 75024      93 joint_state_pub 57272      58 ros2 
833802240 | 254356    100 python3 113496     99 rviz2 75024      93 joint_state_pub 57272      58 ros2 
833269760 | 254356    100 python3 113496     99 rviz2 75024      93 joint_state_pub 57272      58 ros2 
833859584 | 254356    100 python3 113496     99 rviz2 75024      93 joint_state_pub 57272      58 ros2 
833523712 | 254356    100 python3 113496     99 rviz2 75024      93 joint_state_pub 57272      58 ros2 
833523712 | 254356    100 python3 113496     99 rviz2 75024      93 joint_state_pub 57272      58 ros2 
833523712 | 254356    100 python3 113496     99 rviz2 75024      93 joint_state_pub 57272      58 ros2 
833523712 | 254356    100 python3 113496     99 rviz2 75024      93 joint_state_pub 57272      58 ros2 
833265664 | 254356    100 python3 113496     99 rviz2 75024      93 joint_state_pub 57272      58 ros2 
833486848 | 254356    100 python3 113496     99 rviz2 75024      93 joint_state_pub 57272      58 ros2 
833658880 | 254356    100 python3 113496     99 rviz2 75024      93 joint_state_pub 57272      58 ros2 
833261568 | 254356    100 python3 113496     99 rviz2 75024      93 joint_state_pub 57272      58 ros2 
833646592 | 254356    100 python3 113496     99 rviz2 75024      93 joint_state_pub 57272      58 ros2 
833744896 | 254356    100 python3 113496     99 rviz2 75024      93 joint_state_pub 57272      58 ros2 
833515520 | 254356    100 python3 113496     99 rviz2 75024      93 joint_state_pub 57272      58 ros2 
833310720 | 254356    100 python3 113496     99 rviz2 75024      93 joint_state_pub 57272      58 ros2 
833593344 | 254356    100 python3 113496     99 rviz2 75024      93 joint_state_pub 57272      58 ros2 
833515520 | 254356    100 python3 113496     99 rviz2 75024      93 joint_state_pub 57272      58 ros2 
833523712 | 254356    100 python3 113496     99 rviz2 75024      93 joint_state_pub 57272      58 ros2 
833536000 | 254356    100 python3 113496     99 rviz2 75024      93 joint_state_pub 57272      58 ros2 
833261568 | 254356    100 python3 113496     99 rviz2 75024      93 joint_state_pub 57272      58 ros2 
833789952 | 254356    100 python3 113496     99 rviz2 75024      93 joint_state_pub 57272      58 ros2 
833568768 | 254356    100 python3 113496     99 rviz2 75024      93 joint_state_pub 57272      58 ros2 
833609728 | 254356    100 python3 113496     99 rviz2 75024      93 joint_state_pub 57272      58 ros2 
833368064 | 254356    100 python3 113496     99 rviz2 75024      93 joint_state_pub 57272      58 ros2 
833277952 | 254356    100 python3 113496     99 rviz2 75024      93 joint_state_pub 57272      58 ros2 
833781760 | 254356    100 python3 113496     99 rviz2 75024      93 joint_state_pub 57272      58 ros2 
833667072 | 254356    100 python3 113496     99 rviz2 75024      93 joint_state_pub 57272      58 ros2 
833794048 | 254356    100 python3 113496     99 rviz2 75024      93 joint_state_pub 57272      58 ros2 
833527808 | 254356    100 python3 113496     99 rviz2 75024      93 joint_state_pub 57272      58 ros2 
833789952 | 254356    100 python3 113496     99 rviz2 75024      93 joint_state_pub 57272      58 ros2 
833527808 | 254356    100 python3 113496     99 rviz2 75024      93 joint_state_pub 57272      58 ros2 
833527808 | 254356    100 python3 113496     99 rviz2 75024      93 joint_state_pub 57272      58 ros2 
833531904 | 254356    100 python3 113496     99 rviz2 75024      93 joint_state_pub 57272      58 ros2 
833527808 | 254356    100 python3 113496     99 rviz2 75024      93 joint_state_pub 57272      58 ros2 
833585152 | 254356    100 python3 113496     99 rviz2 75024      93 joint_state_pub 57272      58 ros2 
833531904 | 254356    100 python3 113496     99 rviz2 75024      93 joint_state_pub 57272      58 ros2 
833699840 | 254356    100 python3 113496     99 rviz2 75024      93 joint_state_pub 57272      58 ros2 
833527808 | 254356    100 python3 113496     99 rviz2 75024      93 joint_state_pub 57272      58 ros2 
833789952 | 254356    100 python3 113496     99 rviz2 75024      93 joint_state_pub 57272      58 ros2 
833527808 | 254356    100 python3 113496     99 rviz2 75024      93 joint_state_pub 57272      58 ros2 
833835008 | 254356    100 python3 113496     99 rviz2 75024      93 joint_state_pub 57272      58 ros2 
833261568 | 254356    100 python3 113496     99 rviz2 75024      93 joint_state_pub 57272      58 ros2 
833802240 | 254356    100 python3 113496     99 rviz2 75024      93 joint_state_pub 57272      58 ros2 
833544192 | 254356    100 python3 113496     99 rviz2 75024      93 joint_state_pub 57272      58 ros2 
833159168 | 254356    100 python3 113496     99 rviz2 75024      93 joint_state_pub 57272      58 ros2 
833531904 | 254356    100 python3 113496     99 rviz2 75024      93 joint_state_pub 57272      58 ros2 
833232896 | 254356    100 python3 113496     99 rviz2 75024      93 joint_state_pub 57272      58 ros2 
834056192 | 254356    100 python3 113496     99 rviz2 75024      93 joint_state_pub 57272      58 ros2 
833380352 | 254356    100 python3 113496     99 rviz2 75024      93 joint_state_pub 57272      58 ros2 
833290240 | 254356    100 python3 113496     99 rviz2 75024      93 joint_state_pub 57272      58 ros2 
833523712 | 254356    100 python3 113496     99 rviz2 75024      93 joint_state_pub 57272      58 ros2 
833531904 | 254356    100 python3 113496     99 rviz2 75024      93 joint_state_pub 57272      58 ros2 
833908736 | 254356    100 python3 113496     99 rviz2 75024      93 joint_state_pub 57272      58 ros2 
833531904 | 254356    100 python3 113496     99 rviz2 75024      93 joint_state_pub 57272      58 ros2 
833626112 | 254356    100 python3 113496     99 rviz2 75024      93 joint_state_pub 57272      58 ros2 
833531904 | 254356    100 python3 113496     99 rviz2 75024      93 joint_state_pub 57272      58 ros2 
833536000 | 254356    100 python3 113496     99 rviz2 75024      93 joint_state_pub 57272      58 ros2 
833536000 | 254356    100 python3 113496     99 rviz2 75024      93 joint_state_pub 57272      58 ros2 
833867776 | 254356    100 python3 113496     99 rviz2 75024      93 joint_state_pub 57272      58 ros2 
833531904 | 254356    100 python3 113496     99 rviz2 75024      93 joint_state_pub 57272      58 ros2 
833527808 | 254356    100 python3 113496     99 rviz2 75024      93 joint_state_pub 57272      58 ros2 
833531904 | 254356    100 python3 113496     99 rviz2 75024      93 joint_state_pub 57272      58 ros2 
833794048 | 254356    100 python3 113496     99 rviz2 75024      93 joint_state_pub 57272      58 ros2 
833802240 | 254356    100 python3 113496     99 rviz2 75024      93 joint_state_pub 57272      58 ros2 
833556480 | 254356    100 python3 113496     99 rviz2 75024      93 joint_state_pub 57272      58 ros2 
833409024 | 254356    100 python3 113496     99 rviz2 75024      93 joint_state_pub 57272      58 ros2 
833642496 | 254356    100 python3 113496     99 rviz2 75024      93 joint_state_pub 57272      58 ros2 
833540096 | 254356    100 python3 113496     99 rviz2 75024      93 joint_state_pub 57272      58 ros2 
833810432 | 254356    100 python3 113496     99 rviz2 75024      93 joint_state_pub 57272      58 ros2 
834080768 | 254356    100 python3 113496     99 rviz2 75024      93 joint_state_pub 57272      58 ros2 
833605632 | 254356    100 python3 113496     99 rviz2 75024      93 joint_state_pub 57272      58 ros2 
833376256 | 254356    100 python3 113496     99 rviz2 75024      93 joint_state_pub 57272      58 ros2 
833830912 | 254356    100 python3 113496     99 rviz2 75024      93 joint_state_pub 57272      58 ros2 
833540096 | 254356    100 python3 113496     99 rviz2 75024      93 joint_state_pub 57272      58 ros2 
833794048 | 254356    100 python3 113496     99 rviz2 75024      93 joint_state_pub 57272      58 ros2 
833536000 | 254356    100 python3 113496     99 rviz2 75024      93 joint_state_pub 57272      58 ros2 
833609728 | 254356    100 python3 113496     99 rviz2 75024      93 joint_state_pub 57272      58 ros2 
833277952 | 254356    100 python3 113496     99 rviz2 75024      93 joint_state_pub 57272      58 ros2 
833847296 | 254356    100 python3 113496     99 rviz2 75024      93 joint_state_pub 57272      58 ros2 
833409024 | 254356    100 python3 113496     99 rviz2 75024      93 joint_state_pub 57272      58 ros2 
833609728 | 254356    100 python3 113496     99 rviz2 75024      93 joint_state_pub 57272      58 ros2 
833548288 | 254356    100 python3 113496     99 rviz2 75024      93 joint_state_pub 57272      58 ros2 
833568768 | 254356    100 python3 113496     99 rviz2 75024      93 joint_state_pub 57272      58 ros2 
833536000 | 254356    100 python3 113496     99 rviz2 75024      93 joint_state_pub 57272      58 ros2 
833536000 | 254356    100 python3 113496     99 rviz2 75024      93 joint_state_pub 57272      58 ros2 
833626112 | 254356    100 python3 113496     99 rviz2 75024      93 joint_state_pub 57272      58 ros2 
833277952 | 254356    100 python3 113496     99 rviz2 75024      93 joint_state_pub 57272      58 ros2 
833155072 | 254356    100 python3 113496     99 rviz2 75024      93 joint_state_pub 57272      58 ros2 
833286144 | 254356    100 python3 113496     99 rviz2 75024      93 joint_state_pub 57272      58 ros2 
833548288 | 254356    100 python3 113496     99 rviz2 75024      93 joint_state_pub 57272      58 ros2 
833601536 | 254356    100 python3 113496     99 rviz2 75024      93 joint_state_pub 57272      58 ros2 
833560576 | 254356    100 python3 113496     99 rviz2 75024      93 joint_state_pub 57272      58 ros2 
833810432 | 254356    100 python3 113496     99 rviz2 75024      93 joint_state_pub 57272      58 ros2 
833277952 | 254356    100 python3 113496     99 rviz2 75024      93 joint_state_pub 57272      58 ros2 
833822720 | 254356    100 python3 113496     99 rviz2 75024      93 joint_state_pub 57272      58 ros2 
833634304 | 254356    100 python3 113496     99 rviz2 75024      93 joint_state_pub 57272      58 ros2 
833499136 | 254356    100 python3 113496     99 rviz2 75024      93 joint_state_pub 57272      58 ros2 
833531904 | 254356    100 python3 113496     99 rviz2 75024      93 joint_state_pub 57272      58 ros2 
833572864 | 254356    100 python3 113496     99 rviz2 75024      93 joint_state_pub 57272      58 ros2 
833761280 | 254356    100 python3 113496     99 rviz2 75024      93 joint_state_pub 57272      58 ros2 
833273856 | 254356    100 python3 113496     99 rviz2 75024      93 joint_state_pub 57272      58 ros2 
833536000 | 254356    100 python3 113496     99 rviz2 75024      93 joint_state_pub 57272      58 ros2 
833282048 | 254356    100 python3 113496     99 rviz2 75024      93 joint_state_pub 57272      58 ros2 
833245184 | 254356    100 python3 113496     99 rviz2 75024      93 joint_state_pub 57272      58 ros2 
833855488 | 254356    100 python3 113496     99 rviz2 75024      93 joint_state_pub 57272      58 ros2 
833638400 | 254356    100 python3 113496     99 rviz2 75024      93 joint_state_pub 57272      58 ros2 
833540096 | 254356    100 python3 113496     99 rviz2 75024      93 joint_state_pub 57272      58 ros2 
833691648 | 254356    100 python3 113496     99 rviz2 75024      93 joint_state_pub 57272      58 ros2 
833507328 | 254356    100 python3 113496     99 rviz2 75024      93 joint_state_pub 57272      58 ros2 
833789952 | 254356    100 python3 113496     99 rviz2 75024      93 joint_state_pub 57272      58 ros2 
833282048 | 254356    100 python3 113496     99 rviz2 75024      93 joint_state_pub 57272      58 ros2 
833552384 | 254356    100 python3 113496     99 rviz2 75024      93 joint_state_pub 57272      58 ros2 
833552384 | 254356    100 python3 113496     99 rviz2 75024      93 joint_state_pub 57272      58 ros2 
833810432 | 254356    100 python3 113496     99 rviz2 75024      93 joint_state_pub 57272      58 ros2 
833630208 | 254356    100 python3 113496     99 rviz2 75024      93 joint_state_pub 57272      58 ros2 
833773568 | 254356    100 python3 113496     99 rviz2 75024      93 joint_state_pub 57272      58 ros2 
833282048 | 254356    100 python3 113496     99 rviz2 75024      93 joint_state_pub 57272      58 ros2 
834068480 | 254356    100 python3 113496     99 rviz2 75024      93 joint_state_pub 57272      58 ros2 
833282048 | 254356    100 python3 113496     99 rviz2 75024      93 joint_state_pub 57272      58 ros2 
833806336 | 254356    100 python3 113496     99 rviz2 75024      93 joint_state_pub 57272      58 ros2 
833708032 | 254356    100 python3 113496     99 rviz2 75024      93 joint_state_pub 57272      58 ros2 
833286144 | 254356    100 python3 113496     99 rviz2 75024      93 joint_state_pub 57272      58 ros2 
833282048 | 254356    100 python3 113496     99 rviz2 75024      93 joint_state_pub 57272      58 ros2 
833634304 | 254356    100 python3 113496     99 rviz2 75024      93 joint_state_pub 57272      58 ros2 
833531904 | 254356    100 python3 113496     99 rviz2 75024      93 joint_state_pub 57272      58 ros2 
833335296 | 254356    100 python3 113496     99 rviz2 75024      93 joint_state_pub 57272      58 ros2 
833454080 | 254356    100 python3 113496     99 rviz2 75024      93 joint_state_pub 57272      58 ros2 
833806336 | 254356    100 python3 113496     99 rviz2 75024      93 joint_state_pub 57272      58 ros2 
833544192 | 254356    100 python3 113496     99 rviz2 75024      93 joint_state_pub 57272      58 ros2 
833650688 | 254356    100 python3 113496     99 rviz2 75024      93 joint_state_pub 57272      58 ros2 
833294336 | 254356    100 python3 113496     99 rviz2 75024      93 joint_state_pub 57272      58 ros2 
833617920 | 254356    100 python3 113496     99 rviz2 75024      93 joint_state_pub 57272      58 ros2 
833806336 | 254356    100 python3 113496     99 rviz2 75024      93 joint_state_pub 57272      58 ros2 
833806336 | 254356    100 python3 113496     99 rviz2 75024      93 joint_state_pub 57272      58 ros2 
833806336 | 254356    100 python3 113496     99 rviz2 75024      93 joint_state_pub 57272      58 ros2 
833429504 | 254356    100 python3 113496     99 rviz2 75024      93 joint_state_pub 57272      58 ros2 
833339392 | 254356    100 python3 113496     99 rviz2 75024      93 joint_state_pub 57272      58 ros2 
833286144 | 254356    100 python3 113496     99 rviz2 75024      93 joint_state_pub 57272      58 ros2 
833273856 | 254356    100 python3 113496     99 rviz2 75024      93 joint_state_pub 57272      58 ros2 
833540096 | 254356    100 python3 113496     99 rviz2 75024      93 joint_state_pub 57272      58 ros2 
833601536 | 254356    100 python3 113496     99 rviz2 75024      93 joint_state_pub 57272      58 ros2 
833343488 | 254356    100 python3 113496     99 rviz2 75024      93 joint_state_pub 57272      58 ros2 
833482752 | 254356    100 python3 113496     99 rviz2 75024      93 joint_state_pub 57272      58 ros2 
833343488 | 254356    100 python3 113496     99 rviz2 75024      93 joint_state_pub 57272      58 ros2 
833548288 | 254356    100 python3 113496     99 rviz2 75024      93 joint_state_pub 57272      58 ros2 
833630208 | 254356    100 python3 113496     99 rviz2 75024      93 joint_state_pub 57272      58 ros2 
833703936 | 254356    100 python3 113496     99 rviz2 75024      93 joint_state_pub 57272      58 ros2 
833822720 | 254356    100 python3 113496     99 rviz2 75024      93 joint_state_pub 57272      58 ros2 
833544192 | 254356    100 python3 113496     99 rviz2 75024      93 joint_state_pub 57272      58 ros2 
833548288 | 254356    100 python3 113496     99 rviz2 75024      93 joint_state_pub 57272      58 ros2 
833548288 | 254356    100 python3 113496     99 rviz2 75024      93 joint_state_pub 57272      58 ros2 
833597440 | 254356    100 python3 113496     99 rviz2 75024      93 joint_state_pub 57272      58 ros2 
833564672 | 254356    100 python3 113496     99 rviz2 75024      93 joint_state_pub 57272      58 ros2 
833597440 | 254356    100 python3 113496     99 rviz2 75024      93 joint_state_pub 57272      58 ros2 
833691648 | 254356    100 python3 113496     99 rviz2 75024      93 joint_state_pub 57272      58 ros2 
833286144 | 254356    100 python3 113496     99 rviz2 75024      93 joint_state_pub 57272      58 ros2 
834084864 | 254356    100 python3 113496     99 rviz2 75024      93 joint_state_pub 57272      58 ros2 
833560576 | 254356    100 python3 113496     99 rviz2 75024      93 joint_state_pub 57272      58 ros2 
833609728 | 254356    100 python3 113496     99 rviz2 75024      93 joint_state_pub 57272      58 ros2 
833511424 | 254356    100 python3 113496     99 rviz2 75024      93 joint_state_pub 57272      58 ros2 
833286144 | 254356    100 python3 113496     99 rviz2 75024      93 joint_state_pub 57272      58 ros2 
833806336 | 254356    100 python3 113496     99 rviz2 75024      93 joint_state_pub 57272      58 ros2 
833380352 | 254356    100 python3 113496     99 rviz2 75024      93 joint_state_pub 57272      58 ros2 
833814528 | 254356    100 python3 113496     99 rviz2 75024      93 joint_state_pub 57272      58 ros2 
833585152 | 254356    100 python3 113496     99 rviz2 75024      93 joint_state_pub 57272      58 ros2 
834367488 | 254356    100 python3 113496     99 rviz2 75024      93 joint_state_pub 57272      58 ros2 
833822720 | 254356    100 python3 113496     99 rviz2 75024      93 joint_state_pub 57272      58 ros2 
833417216 | 254356    100 python3 113496     99 rviz2 75024      93 joint_state_pub 57272      58 ros2 
833695744 | 254356    100 python3 113496     99 rviz2 75024      93 joint_state_pub 57272      58 ros2 
833290240 | 254356    100 python3 113496     99 rviz2 75024      93 joint_state_pub 57272      58 ros2 
833552384 | 254356    100 python3 113496     99 rviz2 75024      93 joint_state_pub 57272      58 ros2 
833552384 | 254356    100 python3 113496     99 rviz2 75024      93 joint_state_pub 57272      58 ros2 
833691648 | 254356    100 python3 113496     99 rviz2 75024      93 joint_state_pub 57272      58 ros2 
833908736 | 254356    100 python3 113496     99 rviz2 75024      93 joint_state_pub 57272      58 ros2 
833609728 | 254356    100 python3 113496     99 rviz2 75024      93 joint_state_pub 57272      58 ros2 
833523712 | 254356    100 python3 113496     99 rviz2 75024      93 joint_state_pub 57272      58 ros2 
833695744 | 254356    100 python3 113496     99 rviz2 75024      93 joint_state_pub 57272      58 ros2 
833822720 | 254356    100 python3 113496     99 rviz2 75024      93 joint_state_pub 57272      58 ros2 
833429504 | 254356    100 python3 113496     99 rviz2 75024      93 joint_state_pub 57272      58 ros2 
833871872 | 254356    100 python3 113496     99 rviz2 75024      93 joint_state_pub 57272      58 ros2 
833347584 | 254356    100 python3 113496     99 rviz2 75024      93 joint_state_pub 57272      58 ros2 
833720320 | 254356    100 python3 113496     99 rviz2 75024      93 joint_state_pub 57272      58 ros2 
833400832 | 254356    100 python3 113496     99 rviz2 75024      93 joint_state_pub 57272      58 ros2 
833736704 | 254356    100 python3 113496     99 rviz2 75024      93 joint_state_pub 57272      58 ros2 
833667072 | 254356    100 python3 113496     99 rviz2 75024      93 joint_state_pub 57272      58 ros2 
833400832 | 254356    100 python3 113496     99 rviz2 75024      93 joint_state_pub 57272      58 ros2 
833306624 | 254356    100 python3 113496     99 rviz2 75024      93 joint_state_pub 57272      58 ros2 
833716224 | 254356    100 python3 113496     99 rviz2 75024      93 joint_state_pub 57272      58 ros2 
834134016 | 254356    100 python3 113496     99 rviz2 75024      93 joint_state_pub 57272      58 ros2 
833302528 | 254356    100 python3 113496     99 rviz2 75024      93 joint_state_pub 57272      58 ros2 
833568768 | 254356    100 python3 113496     99 rviz2 75024      93 joint_state_pub 57272      58 ros2 
833654784 | 254356    100 python3 113496     99 rviz2 75024      93 joint_state_pub 57272      58 ros2 
833753088 | 254356    100 python3 113496     99 rviz2 75024      93 joint_state_pub 57272      58 ros2 
833691648 | 254356    100 python3 113496     99 rviz2 75024      93 joint_state_pub 57272      58 ros2 
833564672 | 254356    100 python3 113496     99 rviz2 75024      93 joint_state_pub 57272      58 ros2 
833835008 | 254356    100 python3 113496     99 rviz2 75024      93 joint_state_pub 57272      58 ros2 
833576960 | 254356    100 python3 113496     99 rviz2 75024      93 joint_state_pub 57272      58 ros2 
834134016 | 254356    100 python3 113496     99 rviz2 75024      93 joint_state_pub 57272      58 ros2 
833732608 | 254356    100 python3 113496     99 rviz2 75024      93 joint_state_pub 57272      58 ros2 
833298432 | 254356    100 python3 113496     99 rviz2 75024      93 joint_state_pub 57272      58 ros2 
833568768 | 254356    100 python3 113496     99 rviz2 75024      93 joint_state_pub 57272      58 ros2 
833298432 | 254356    100 python3 113496     99 rviz2 75024      93 joint_state_pub 57272      58 ros2 
833966080 | 254356    100 python3 113496     99 rviz2 75024      93 joint_state_pub 57272      58 ros2 
833568768 | 254356    100 python3 113496     99 rviz2 75024      93 joint_state_pub 57272      58 ros2 
833560576 | 254356    100 python3 113496     99 rviz2 75024      93 joint_state_pub 57272      58 ros2 
833822720 | 254356    100 python3 113496     99 rviz2 75024      93 joint_state_pub 57272      58 ros2 
833699840 | 254356    100 python3 113496     99 rviz2 75024      93 joint_state_pub 57272      58 ros2 
833355776 | 254356    100 python3 113496     99 rviz2 75024      93 joint_state_pub 57272      58 ros2 
833617920 | 254356    100 python3 113496     99 rviz2 75024      93 joint_state_pub 57272      58 ros2 
833462272 | 254356    100 python3 113496     99 rviz2 75024      93 joint_state_pub 57272      58 ros2 
833175552 | 254356    100 python3 113496     99 rviz2 75024      93 joint_state_pub 57272      58 ros2 
834084864 | 254356    100 python3 113496     99 rviz2 75024      93 joint_state_pub 57272      58 ros2 
833421312 | 254356    100 python3 113496     99 rviz2 75024      93 joint_state_pub 57272      58 ros2 
833568768 | 254356    100 python3 113496     99 rviz2 75024      93 joint_state_pub 57272      58 ros2 
833646592 | 254356    100 python3 113496     99 rviz2 75024      93 joint_state_pub 57272      58 ros2 
833581056 | 254356    100 python3 113496     99 rviz2 75024      93 joint_state_pub 57272      58 ros2 
834113536 | 254356    100 python3 113496     99 rviz2 75024      93 joint_state_pub 57272      58 ros2 
833433600 | 254356    100 python3 113496     99 rviz2 75024      93 joint_state_pub 57272      58 ros2 
833646592 | 254356    100 python3 113496     99 rviz2 75024      93 joint_state_pub 57272      58 ros2 
833327104 | 254356    100 python3 113496     99 rviz2 75024      93 joint_state_pub 57272      58 ros2 
833822720 | 254356    100 python3 113496     99 rviz2 75024      93 joint_state_pub 57272      58 ros2 
833302528 | 254356    100 python3 113496     99 rviz2 75024      93 joint_state_pub 57272      58 ros2 
833531904 | 254356    100 python3 113496     99 rviz2 75024      93 joint_state_pub 57272      58 ros2 
833568768 | 254356    100 python3 113496     99 rviz2 75024      93 joint_state_pub 57272      58 ros2 
833310720 | 254356    100 python3 113496     99 rviz2 75024      93 joint_state_pub 57272      58 ros2 
833523712 | 254356    100 python3 113496     99 rviz2 75024      93 joint_state_pub 57272      58 ros2 
833564672 | 254356    100 python3 113496     99 rviz2 75024      93 joint_state_pub 57272      58 ros2 
833302528 | 254356    100 python3 113496     99 rviz2 75024      93 joint_state_pub 57272      58 ros2 
833839104 | 254356    100 python3 113496     99 rviz2 75024      93 joint_state_pub 57272      58 ros2 
833941504 | 254356    100 python3 113496     99 rviz2 75024      93 joint_state_pub 57272      58 ros2 
833654784 | 254356    100 python3 113496     99 rviz2 75024      93 joint_state_pub 57272      58 ros2 
833941504 | 254356    100 python3 113496     99 rviz2 75024      93 joint_state_pub 57272      58 ros2 
833593344 | 254356    100 python3 113496     99 rviz2 75024      93 joint_state_pub 57272      58 ros2 
833331200 | 254356    100 python3 113496     99 rviz2 75024      93 joint_state_pub 57272      58 ros2 
833699840 | 254356    100 python3 113496     99 rviz2 75024      93 joint_state_pub 57272      58 ros2 
833404928 | 254356    100 python3 113496     99 rviz2 75024      93 joint_state_pub 57272      58 ros2 
833331200 | 254356    100 python3 113496     99 rviz2 75024      93 joint_state_pub 57272      58 ros2 
833576960 | 254356    100 python3 113496     99 rviz2 75024      93 joint_state_pub 57272      58 ros2 
833855488 | 254356    100 python3 113496     99 rviz2 75024      93 joint_state_pub 57272      58 ros2 
833306624 | 254356    100 python3 113496     99 rviz2 75024      93 joint_state_pub 57272      58 ros2 
833306624 | 254356    100 python3 113496     99 rviz2 75024      93 joint_state_pub 57272      58 ros2 
833445888 | 254356    100 python3 113496     99 rviz2 75024      93 joint_state_pub 57272      58 ros2 
833359872 | 254356    100 python3 113496     99 rviz2 75024      93 joint_state_pub 57272      58 ros2 
833880064 | 254356    100 python3 113496     99 rviz2 75024      93 joint_state_pub 57272      58 ros2 
833306624 | 254356    100 python3 113496     99 rviz2 75024      93 joint_state_pub 57272      58 ros2 
833462272 | 254356    100 python3 113496     99 rviz2 75024      93 joint_state_pub 57272      58 ros2 
833388544 | 254356    100 python3 113496     99 rviz2 75024      93 joint_state_pub 57272      58 ros2 
833871872 | 254356    100 python3 113496     99 rviz2 75024      93 joint_state_pub 57272      58 ros2 
833875968 | 254356    100 python3 113496     99 rviz2 75024      93 joint_state_pub 57272      58 ros2 
833519616 | 254356    100 python3 113496     99 rviz2 75024      93 joint_state_pub 57272      58 ros2 
833323008 | 254356    100 python3 113496     99 rviz2 75024      93 joint_state_pub 57272      58 ros2 
833310720 | 254356    100 python3 113496     99 rviz2 75024      93 joint_state_pub 57272      58 ros2 
834002944 | 254356    100 python3 113496     99 rviz2 75024      93 joint_state_pub 57272      58 ros2 
833789952 | 254356    100 python3 113496     99 rviz2 75024      93 joint_state_pub 57272      58 ros2 
833404928 | 254356    100 python3 113496     99 rviz2 75024      93 joint_state_pub 57272      58 ros2 
833589248 | 254356    100 python3 113496     99 rviz2 75024      93 joint_state_pub 57272      58 ros2 
833568768 | 254356    100 python3 113496     99 rviz2 75024      93 joint_state_pub 57272      58 ros2 
833593344 | 254356    100 python3 113496     99 rviz2 75024      93 joint_state_pub 57272      58 ros2 
833748992 | 254356    100 python3 113496     99 rviz2 75024      93 joint_state_pub 57272      58 ros2 
833568768 | 254356    100 python3 113496     99 rviz2 75024      93 joint_state_pub 57272      58 ros2 
833691648 | 254356    100 python3 113496     99 rviz2 75024      93 joint_state_pub 57272      58 ros2 
833572864 | 254356    100 python3 113496     99 rviz2 75024      93 joint_state_pub 57272      58 ros2 
833310720 | 254356    100 python3 113496     99 rviz2 75024      93 joint_state_pub 57272      58 ros2 
833388544 | 254356    100 python3 113496     99 rviz2 75024      93 joint_state_pub 57272      58 ros2 
833310720 | 254356    100 python3 113496     99 rviz2 75024      93 joint_state_pub 57272      58 ros2 
833572864 | 254356    100 python3 113496     99 rviz2 75024      93 joint_state_pub 57272      58 ros2 
833572864 | 254356    100 python3 113496     99 rviz2 75024      93 joint_state_pub 57272      58 ros2 
833458176 | 254356    100 python3 113496     99 rviz2 75024      93 joint_state_pub 57272      58 ros2 
833855488 | 254356    100 python3 113496     99 rviz2 75024      93 joint_state_pub 57272      58 ros2 
833335296 | 254356    100 python3 113496     99 rviz2 75024      93 joint_state_pub 57272      58 ros2 
833404928 | 254356    100 python3 113496     99 rviz2 75024      93 joint_state_pub 57272      58 ros2 
833363968 | 254356    100 python3 113496     99 rviz2 75024      93 joint_state_pub 57272      58 ros2 
833716224 | 254356    100 python3 113496     99 rviz2 75024      93 joint_state_pub 57272      58 ros2 
833757184 | 254356    100 python3 113496     99 rviz2 75024      93 joint_state_pub 57272      58 ros2 
833888256 | 254356    100 python3 113496     99 rviz2 75024      93 joint_state_pub 57272      58 ros2 
833384448 | 254356    100 python3 113496     99 rviz2 75024      93 joint_state_pub 57272      58 ros2 
833347584 | 254356    100 python3 113496     99 rviz2 75024      93 joint_state_pub 57272      58 ros2 
833576960 | 254356    100 python3 113496     99 rviz2 75024      93 joint_state_pub 57272      58 ros2 
833708032 | 254356    100 python3 113496     99 rviz2 75024      93 joint_state_pub 57272      58 ros2 
833839104 | 254356    100 python3 113496     99 rviz2 75024      93 joint_state_pub 57272      58 ros2 
833343488 | 254356    100 python3 113496     99 rviz2 75024      93 joint_state_pub 57272      58 ros2 
833802240 | 254356    100 python3 113496     99 rviz2 75024      93 joint_state_pub 57272      58 ros2 
834043904 | 254356    100 python3 113496     99 rviz2 75024      93 joint_state_pub 57272      58 ros2 
833605632 | 254356    100 python3 113496     99 rviz2 75024      93 joint_state_pub 57272      58 ros2 
833376256 | 254356    100 python3 113496     99 rviz2 75024      93 joint_state_pub 57272      58 ros2 
833388544 | 254356    100 python3 113496     99 rviz2 75024      93 joint_state_pub 57272      58 ros2 
833785856 | 254356    100 python3 113496     99 rviz2 75024      93 joint_state_pub 57272      58 ros2 
833765376 | 254356    100 python3 113496     99 rviz2 75024      93 joint_state_pub 57272      58 ros2 
833576960 | 254356    100 python3 113496     99 rviz2 75024      93 joint_state_pub 57272      58 ros2 
833392640 | 254356    100 python3 113496     99 rviz2 75024      93 joint_state_pub 57272      58 ros2 
833687552 | 254356    100 python3 113496     99 rviz2 75024      93 joint_state_pub 57272      58 ros2 
833585152 | 254356    100 python3 113496     99 rviz2 75024      93 joint_state_pub 57272      58 ros2 
833671168 | 254356    100 python3 113496     99 rviz2 75024      93 joint_state_pub 57272      58 ros2 
833581056 | 254356    100 python3 113496     99 rviz2 75024      93 joint_state_pub 57272      58 ros2 
833585152 | 254356    100 python3 113496     99 rviz2 75024      93 joint_state_pub 57272      58 ros2 
833581056 | 254356    100 python3 113496     99 rviz2 75024      93 joint_state_pub 57272      58 ros2 
833581056 | 254356    100 python3 113496     99 rviz2 75024      93 joint_state_pub 57272      58 ros2 
833581056 | 254356    100 python3 113496     99 rviz2 75024      93 joint_state_pub 57272      58 ros2 
833626112 | 254356    100 python3 113496     99 rviz2 75024      93 joint_state_pub 57272      58 ros2 
833478656 | 254356    100 python3 113496     99 rviz2 75024      93 joint_state_pub 57272      58 ros2 
833978368 | 254356    100 python3 113496     99 rviz2 75024      93 joint_state_pub 57272      58 ros2 
833556480 | 254356    100 python3 113496     99 rviz2 75024      93 joint_state_pub 57272      58 ros2 
833581056 | 254356    100 python3 113496     99 rviz2 75024      93 joint_state_pub 57272      58 ros2 
833585152 | 254356    100 python3 113496     99 rviz2 75024      93 joint_state_pub 57272      58 ros2 
833847296 | 254356    100 python3 113496     99 rviz2 75024      93 joint_state_pub 57272      58 ros2 
833585152 | 254356    100 python3 113496     99 rviz2 75024      93 joint_state_pub 57272      58 ros2 
833847296 | 254356    100 python3 113496     99 rviz2 75024      93 joint_state_pub 57272      58 ros2 
833323008 | 254356    100 python3 113496     99 rviz2 75024      93 joint_state_pub 57272      58 ros2 
833744896 | 254356    100 python3 113496     99 rviz2 75024      93 joint_state_pub 57272      58 ros2 
833318912 | 254356    100 python3 113496     99 rviz2 75024      93 joint_state_pub 57272      58 ros2 
833667072 | 254356    100 python3 113496     99 rviz2 75024      93 joint_state_pub 57272      58 ros2 
833511424 | 254356    100 python3 113496     99 rviz2 75024      93 joint_state_pub 57272      58 ros2 
835239936 | 254356    100 python3 115780     99 rviz2 75024      93 joint_state_pub 57272      58 ros2 
842231808 | 254356    100 python3 119852     99 rviz2 75024      93 joint_state_pub 57272      58 ros2 
844181504 | 254356    100 python3 120256     99 rviz2 76020      93 joint_state_pub 57272      58 ros2 
843763712 | 254356    100 python3 120256     99 rviz2 76020      93 joint_state_pub 57272      58 ros2 
844185600 | 254356    100 python3 120256     99 rviz2 76020      93 joint_state_pub 57272      58 ros2 
844197888 | 254356    100 python3 120256     99 rviz2 76020      93 joint_state_pub 57272      58 ros2 
843948032 | 254356    100 python3 120256     99 rviz2 76020      93 joint_state_pub 57272      58 ros2 
844021760 | 254356    100 python3 120256     99 rviz2 76020      93 joint_state_pub 57272      58 ros2 
844189696 | 254356    100 python3 120256     99 rviz2 76020      93 joint_state_pub 57272      58 ros2 
844095488 | 254356    100 python3 120256     99 rviz2 76020      93 joint_state_pub 57272      58 ros2 
843919360 | 254356    100 python3 120256     99 rviz2 76020      93 joint_state_pub 57272      58 ros2 
844447744 | 254356    100 python3 120256     99 rviz2 76020      93 joint_state_pub 57272      58 ros2 
844447744 | 254356    100 python3 120256     99 rviz2 76020      93 joint_state_pub 57272      58 ros2 
844181504 | 254356    100 python3 120256     99 rviz2 76020      93 joint_state_pub 57272      58 ros2 
844185600 | 254356    100 python3 120256     99 rviz2 76020      93 joint_state_pub 57272      58 ros2 
844201984 | 254356    100 python3 120256     99 rviz2 76020      93 joint_state_pub 57272      58 ros2 
844062720 | 254356    100 python3 120256     99 rviz2 76020      93 joint_state_pub 57272      58 ros2 
844111872 | 254356    100 python3 120256     99 rviz2 76020      93 joint_state_pub 57272      58 ros2 
843923456 | 254356    100 python3 120256     99 rviz2 76020      93 joint_state_pub 57272      58 ros2 
844046336 | 254356    100 python3 120256     99 rviz2 76020      93 joint_state_pub 57272      58 ros2 
844201984 | 254356    100 python3 120256     99 rviz2 76020      93 joint_state_pub 57272      58 ros2 
844263424 | 254356    100 python3 120256     99 rviz2 76020      93 joint_state_pub 57272      58 ros2 
844226560 | 254356    100 python3 120256     99 rviz2 76020      93 joint_state_pub 57272      58 ros2 
844206080 | 254356    100 python3 120256     99 rviz2 76020      93 joint_state_pub 57272      58 ros2 
844193792 | 254356    100 python3 120256     99 rviz2 76020      93 joint_state_pub 57272      58 ros2 
844455936 | 254356    100 python3 120256     99 rviz2 76020      93 joint_state_pub 57272      58 ros2 
844185600 | 254356    100 python3 120256     99 rviz2 76020      93 joint_state_pub 57272      58 ros2 
844156928 | 254356    100 python3 120256     99 rviz2 76020      93 joint_state_pub 57272      58 ros2 
844468224 | 254356    100 python3 120256     99 rviz2 76020      93 joint_state_pub 57272      58 ros2 
844455936 | 254356    100 python3 120256     99 rviz2 76020      93 joint_state_pub 57272      58 ros2 
844197888 | 254356    100 python3 120256     99 rviz2 76020      93 joint_state_pub 57272      58 ros2 
843821056 | 254356    100 python3 120256     99 rviz2 76020      93 joint_state_pub 57272      58 ros2 
843911168 | 254356    100 python3 120256     99 rviz2 76020      93 joint_state_pub 57272      58 ros2 
843943936 | 254356    100 python3 120256     99 rviz2 76020      93 joint_state_pub 57272      58 ros2 
844472320 | 254356    100 python3 120256     99 rviz2 76020      93 joint_state_pub 57272      58 ros2 
844197888 | 254356    100 python3 120256     99 rviz2 76020      93 joint_state_pub 57272      58 ros2 
844197888 | 254356    100 python3 120256     99 rviz2 76020      93 joint_state_pub 57272      58 ros2 
844460032 | 254356    100 python3 120256     99 rviz2 76020      93 joint_state_pub 57272      58 ros2 
844169216 | 254356    100 python3 120256     99 rviz2 76020      93 joint_state_pub 57272      58 ros2 
844197888 | 254356    100 python3 120256     99 rviz2 76020      93 joint_state_pub 57272      58 ros2 
843898880 | 254356    100 python3 120256     99 rviz2 76020      93 joint_state_pub 57272      58 ros2 
843943936 | 254356    100 python3 120256     99 rviz2 76020      93 joint_state_pub 57272      58 ros2 
843890688 | 254356    100 python3 120256     99 rviz2 76020      93 joint_state_pub 57272      58 ros2 
844193792 | 254356    100 python3 120256     99 rviz2 76020      93 joint_state_pub 57272      58 ros2 
844267520 | 254356    100 python3 120256     99 rviz2 76020      93 joint_state_pub 57272      58 ros2 
844468224 | 254356    100 python3 120256     99 rviz2 76020      93 joint_state_pub 57272      58 ros2 
844746752 | 254356    100 python3 120256     99 rviz2 76020      93 joint_state_pub 57272      58 ros2 
844025856 | 254356    100 python3 120256     99 rviz2 76020      93 joint_state_pub 57272      58 ros2 
844247040 | 254356    100 python3 120256     99 rviz2 76020      93 joint_state_pub 57272      58 ros2 
843935744 | 254356    100 python3 120256     99 rviz2 76020      93 joint_state_pub 57272      58 ros2 
844156928 | 254356    100 python3 120256     99 rviz2 76020      93 joint_state_pub 57272      58 ros2 
844193792 | 254356    100 python3 120256     99 rviz2 76020      93 joint_state_pub 57272      58 ros2 
844185600 | 254356    100 python3 120256     99 rviz2 76020      93 joint_state_pub 57272      58 ros2 
843935744 | 254356    100 python3 120256     99 rviz2 76020      93 joint_state_pub 57272      58 ros2 
844451840 | 254356    100 python3 120256     99 rviz2 76020      93 joint_state_pub 57272      58 ros2 
844754944 | 254356    100 python3 120256     99 rviz2 76020      93 joint_state_pub 57272      58 ros2 
844193792 | 254356    100 python3 120256     99 rviz2 76020      93 joint_state_pub 57272      58 ros2 
844075008 | 254356    100 python3 120256     99 rviz2 76020      93 joint_state_pub 57272      58 ros2 
844193792 | 254356    100 python3 120256     99 rviz2 76020      93 joint_state_pub 57272      58 ros2 
844197888 | 254356    100 python3 120256     99 rviz2 76020      93 joint_state_pub 57272      58 ros2 
843948032 | 254356    100 python3 120256     99 rviz2 76020      93 joint_state_pub 57272      58 ros2 
844292096 | 254356    100 python3 120256     99 rviz2 76020      93 joint_state_pub 57272      58 ros2 
844005376 | 254356    100 python3 120256     99 rviz2 76020      93 joint_state_pub 57272      58 ros2 
844148736 | 254356    100 python3 120256     99 rviz2 76020      93 joint_state_pub 57272      58 ros2 
844197888 | 254356    100 python3 120256     99 rviz2 76020      93 joint_state_pub 57272      58 ros2 
844197888 | 254356    100 python3 120256     99 rviz2 76020      93 joint_state_pub 57272      58 ros2 
844144640 | 254356    100 python3 120256     99 rviz2 76020      93 joint_state_pub 57272      58 ros2 
843943936 | 254356    100 python3 120256     99 rviz2 76020      93 joint_state_pub 57272      58 ros2 
844083200 | 254356    100 python3 120256     99 rviz2 76020      93 joint_state_pub 57272      58 ros2 
844603392 | 254356    100 python3 120256     99 rviz2 76020      93 joint_state_pub 57272      58 ros2 
844238848 | 254356    100 python3 120256     99 rviz2 76020      93 joint_state_pub 57272      58 ros2 
844341248 | 254356    100 python3 120256     99 rviz2 76020      93 joint_state_pub 57272      58 ros2 
844214272 | 254356    100 python3 120256     99 rviz2 76020      93 joint_state_pub 57272      58 ros2 
844181504 | 254356    100 python3 120256     99 rviz2 76020      93 joint_state_pub 57272      58 ros2 
844496896 | 254356    100 python3 120256     99 rviz2 76020      93 joint_state_pub 57272      58 ros2 
844226560 | 254356    100 python3 120256     99 rviz2 76020      93 joint_state_pub 57272      58 ros2 
843952128 | 254356    100 python3 120256     99 rviz2 76020      93 joint_state_pub 57272      58 ros2 
844206080 | 254356    100 python3 120256     99 rviz2 76020      93 joint_state_pub 57272      58 ros2 
844206080 | 254356    100 python3 120256     99 rviz2 76020      93 joint_state_pub 57272      58 ros2 
844120064 | 254356    100 python3 120256     99 rviz2 76020      93 joint_state_pub 57272      58 ros2 
844206080 | 254356    100 python3 120256     99 rviz2 76020      93 joint_state_pub 57272      58 ros2 
844197888 | 254356    100 python3 120256     99 rviz2 76020      93 joint_state_pub 57272      58 ros2 
844259328 | 254356    100 python3 120256     99 rviz2 76020      93 joint_state_pub 57272      58 ros2 
844267520 | 254356    100 python3 120256     99 rviz2 76020      93 joint_state_pub 57272      58 ros2 
844247040 | 254356    100 python3 120256     99 rviz2 76020      93 joint_state_pub 57272      58 ros2 
843952128 | 254356    100 python3 120256     99 rviz2 76020      93 joint_state_pub 57272      58 ros2 
844206080 | 254356    100 python3 120256     99 rviz2 76020      93 joint_state_pub 57272      58 ros2 
844038144 | 254356    100 python3 120256     99 rviz2 76020      93 joint_state_pub 57272      58 ros2 
844759040 | 254356    100 python3 120256     99 rviz2 76020      93 joint_state_pub 57272      58 ros2 
843988992 | 254356    100 python3 120256     99 rviz2 76020      93 joint_state_pub 57272      58 ros2 
844255232 | 254356    100 python3 120256     99 rviz2 76020      93 joint_state_pub 57272      58 ros2 
843952128 | 254356    100 python3 120256     99 rviz2 76020      93 joint_state_pub 57272      58 ros2 
844017664 | 254356    100 python3 120256     99 rviz2 76020      93 joint_state_pub 57272      58 ros2 
844390400 | 254356    100 python3 120256     99 rviz2 76020      93 joint_state_pub 57272      58 ros2 
844218368 | 254356    100 python3 120256     99 rviz2 76020      93 joint_state_pub 57272      58 ros2 
844271616 | 254356    100 python3 120256     99 rviz2 76020      93 joint_state_pub 57272      58 ros2 
844144640 | 254356    100 python3 120256     99 rviz2 76020      93 joint_state_pub 57272      58 ros2 
844427264 | 254356    100 python3 120256     99 rviz2 76020      93 joint_state_pub 57272      58 ros2 
844271616 | 254356    100 python3 120256     99 rviz2 76020      93 joint_state_pub 57272      58 ros2 
843939840 | 254356    100 python3 120256     99 rviz2 76020      93 joint_state_pub 57272      58 ros2 
844062720 | 254356    100 python3 120256     99 rviz2 76020      93 joint_state_pub 57272      58 ros2 
844521472 | 254356    100 python3 120256     99 rviz2 76020      93 joint_state_pub 57272      58 ros2 
844206080 | 254356    100 python3 120256     99 rviz2 76020      93 joint_state_pub 57272      58 ros2 
844206080 | 254356    100 python3 120256     99 rviz2 76020      93 joint_state_pub 57272      58 ros2 
844181504 | 254356    100 python3 120256     99 rviz2 76020      93 joint_state_pub 57272      58 ros2 
844214272 | 254356    100 python3 120256     99 rviz2 76020      93 joint_state_pub 57272      58 ros2 
844472320 | 254356    100 python3 120256     99 rviz2 76020      93 joint_state_pub 57272      58 ros2 
844263424 | 254356    100 python3 120256     99 rviz2 76020      93 joint_state_pub 57272      58 ros2 
843919360 | 254356    100 python3 120256     99 rviz2 76020      93 joint_state_pub 57272      58 ros2 
843980800 | 254356    100 python3 120256     99 rviz2 76020      93 joint_state_pub 57272      58 ros2 
844488704 | 254356    100 python3 120256     99 rviz2 76020      93 joint_state_pub 57272      58 ros2 
844226560 | 254356    100 python3 120256     99 rviz2 76020      93 joint_state_pub 57272      58 ros2 
844271616 | 254356    100 python3 120256     99 rviz2 76020      93 joint_state_pub 57272      58 ros2 
844214272 | 254356    100 python3 120256     99 rviz2 76020      93 joint_state_pub 57272      58 ros2 
844656640 | 254356    100 python3 120256     99 rviz2 76020      93 joint_state_pub 57272      58 ros2 
844615680 | 254356    100 python3 120256     99 rviz2 76020      93 joint_state_pub 57272      58 ros2 
844255232 | 254356    100 python3 120256     99 rviz2 76020      93 joint_state_pub 57272      58 ros2 
844066816 | 254356    100 python3 120256     99 rviz2 76020      93 joint_state_pub 57272      58 ros2 
844279808 | 254356    100 python3 120256     99 rviz2 76020      93 joint_state_pub 57272      58 ros2 
844304384 | 254356    100 python3 120256     99 rviz2 76020      93 joint_state_pub 57272      58 ros2 
844206080 | 254356    100 python3 120256     99 rviz2 76020      93 joint_state_pub 57272      58 ros2 
844726272 | 254356    100 python3 120256     99 rviz2 76020      93 joint_state_pub 57272      58 ros2 
844214272 | 254356    100 python3 120256     99 rviz2 76020      93 joint_state_pub 57272      58 ros2 
844234752 | 254356    100 python3 120256     99 rviz2 76020      93 joint_state_pub 57272      58 ros2 
843948032 | 254356    100 python3 120256     99 rviz2 76020      93 joint_state_pub 57272      58 ros2 
844103680 | 254356    100 python3 120256     99 rviz2 76020      93 joint_state_pub 57272      58 ros2 
843952128 | 254356    100 python3 120256     99 rviz2 76020      93 joint_state_pub 57272      58 ros2 
844263424 | 254356    100 python3 120256     99 rviz2 76020      93 joint_state_pub 57272      58 ros2 
844263424 | 254356    100 python3 120256     99 rviz2 76020      93 joint_state_pub 57272      58 ros2 
844476416 | 254356    100 python3 120256     99 rviz2 76020      93 joint_state_pub 57272      58 ros2 
844222464 | 254356    100 python3 120256     99 rviz2 76020      93 joint_state_pub 57272      58 ros2 
844214272 | 254356    100 python3 120256     99 rviz2 76020      93 joint_state_pub 57272      58 ros2 
844050432 | 254356    100 python3 120256     99 rviz2 76020      93 joint_state_pub 57272      58 ros2 
843952128 | 254356    100 python3 120256     99 rviz2 76020      93 joint_state_pub 57272      58 ros2 
844333056 | 254356    100 python3 120256     99 rviz2 76020      93 joint_state_pub 57272      58 ros2 
843943936 | 254356    100 python3 120256     99 rviz2 76020      93 joint_state_pub 57272      58 ros2 
844214272 | 254356    100 python3 120256     99 rviz2 76020      93 joint_state_pub 57272      58 ros2 
843915264 | 254356    100 python3 120256     99 rviz2 76020      93 joint_state_pub 57272      58 ros2 
844230656 | 254356    100 python3 120256     99 rviz2 76020      93 joint_state_pub 57272      58 ros2 
844439552 | 254356    100 python3 120256     99 rviz2 76020      93 joint_state_pub 57272      58 ros2 
844472320 | 254356    100 python3 120256     99 rviz2 76020      93 joint_state_pub 57272      58 ros2 
844328960 | 254356    100 python3 120256     99 rviz2 76020      93 joint_state_pub 57272      58 ros2 
844480512 | 254356    100 python3 120256     99 rviz2 76020      93 joint_state_pub 57272      58 ros2 
843956224 | 254356    100 python3 120256     99 rviz2 76020      93 joint_state_pub 57272      58 ros2 
844480512 | 254356    100 python3 120256     99 rviz2 76020      93 joint_state_pub 57272      58 ros2 
844214272 | 254356    100 python3 120256     99 rviz2 76020      93 joint_state_pub 57272      58 ros2 
843964416 | 254356    100 python3 120256     99 rviz2 76020      93 joint_state_pub 57272      58 ros2 
844275712 | 254356    100 python3 120256     99 rviz2 76020      93 joint_state_pub 57272      58 ros2 
844222464 | 254356    100 python3 120256     99 rviz2 76020      93 joint_state_pub 57272      58 ros2 
844218368 | 254356    100 python3 120256     99 rviz2 76020      93 joint_state_pub 57272      58 ros2 
843919360 | 254356    100 python3 120256     99 rviz2 76020      93 joint_state_pub 57272      58 ros2 
843956224 | 254356    100 python3 120256     99 rviz2 76020      93 joint_state_pub 57272      58 ros2 
844390400 | 254356    100 python3 120256     99 rviz2 76020      93 joint_state_pub 57272      58 ros2 
844021760 | 254356    100 python3 120256     99 rviz2 76020      93 joint_state_pub 57272      58 ros2 
844234752 | 254356    100 python3 120256     99 rviz2 76020      93 joint_state_pub 57272      58 ros2 
844144640 | 254356    100 python3 120256     99 rviz2 76020      93 joint_state_pub 57272      58 ros2 
843923456 | 254356    100 python3 120256     99 rviz2 76020      93 joint_state_pub 57272      58 ros2 
844087296 | 254356    100 python3 120256     99 rviz2 76020      93 joint_state_pub 57272      58 ros2 
844316672 | 254356    100 python3 120256     99 rviz2 76020      93 joint_state_pub 57272      58 ros2 
844251136 | 254356    100 python3 120256     99 rviz2 76020      93 joint_state_pub 57272      58 ros2 
844439552 | 254356    100 python3 120256     99 rviz2 76020      93 joint_state_pub 57272      58 ros2 
844378112 | 254356    100 python3 120256     99 rviz2 76020      93 joint_state_pub 57272      58 ros2 
844238848 | 254356    100 python3 120256     99 rviz2 76020      93 joint_state_pub 57272      58 ros2 
843833344 | 254356    100 python3 120256     99 rviz2 76020      93 joint_state_pub 57272      58 ros2 
844222464 | 254356    100 python3 120256     99 rviz2 76020      93 joint_state_pub 57272      58 ros2 
843964416 | 254356    100 python3 120256     99 rviz2 76020      93 joint_state_pub 57272      58 ros2 
844570624 | 254356    100 python3 120256     99 rviz2 76020      93 joint_state_pub 57272      58 ros2 
844226560 | 254356    100 python3 120256     99 rviz2 76020      93 joint_state_pub 57272      58 ros2 
844546048 | 254356    100 python3 120256     99 rviz2 76020      93 joint_state_pub 57272      58 ros2 
843968512 | 254356    100 python3 120256     99 rviz2 76020      93 joint_state_pub 57272      58 ros2 
843964416 | 254356    100 python3 120256     99 rviz2 76020      93 joint_state_pub 57272      58 ros2 
843964416 | 254356    100 python3 120256     99 rviz2 76020      93 joint_state_pub 57272      58 ros2 
844488704 | 254356    100 python3 120256     99 rviz2 76020      93 joint_state_pub 57272      58 ros2 
843964416 | 254356    100 python3 120256     99 rviz2 76020      93 joint_state_pub 57272      58 ros2 
844341248 | 254356    100 python3 120256     99 rviz2 76020      93 joint_state_pub 57272      58 ros2 
844394496 | 254356    100 python3 120256     99 rviz2 76020      93 joint_state_pub 57272      58 ros2 
844083200 | 254356    100 python3 120256     99 rviz2 76020      93 joint_state_pub 57272      58 ros2 
844046336 | 254356    100 python3 120256     99 rviz2 76020      93 joint_state_pub 57272      58 ros2 
844165120 | 254356    100 python3 120256     99 rviz2 76020      93 joint_state_pub 57272      58 ros2 
844341248 | 254356    100 python3 120256     99 rviz2 76020      93 joint_state_pub 57272      58 ros2 
844283904 | 254356    100 python3 120256     99 rviz2 76020      93 joint_state_pub 57272      58 ros2 
844222464 | 254356    100 python3 120256     99 rviz2 76020      93 joint_state_pub 57272      58 ros2 
844210176 | 254356    100 python3 120256     99 rviz2 76020      93 joint_state_pub 57272      58 ros2 
844750848 | 254356    100 python3 120256     99 rviz2 76020      93 joint_state_pub 57272      58 ros2 
844337152 | 254356    100 python3 120256     99 rviz2 76020      93 joint_state_pub 57272      58 ros2 
844488704 | 254356    100 python3 120256     99 rviz2 76020      93 joint_state_pub 57272      58 ros2 
844226560 | 254356    100 python3 120256     99 rviz2 76020      93 joint_state_pub 57272      58 ros2 
844234752 | 254356    100 python3 120256     99 rviz2 76020      93 joint_state_pub 57272      58 ros2 
844488704 | 254356    100 python3 120256     99 rviz2 76020      93 joint_state_pub 57272      58 ros2 
844488704 | 254356    100 python3 120256     99 rviz2 76020      93 joint_state_pub 57272      58 ros2 
844234752 | 254356    100 python3 120256     99 rviz2 76020      93 joint_state_pub 57272      58 ros2 
844595200 | 254356    100 python3 120256     99 rviz2 76020      93 joint_state_pub 57272      58 ros2 
844230656 | 254356    100 python3 120256     99 rviz2 76020      93 joint_state_pub 57272      58 ros2 
844333056 | 254356    100 python3 120256     99 rviz2 76020      93 joint_state_pub 57272      58 ros2 
844492800 | 254356    100 python3 120256     99 rviz2 76020      93 joint_state_pub 57272      58 ros2 
844492800 | 254356    100 python3 120256     99 rviz2 76020      93 joint_state_pub 57272      58 ros2 
844267520 | 254356    100 python3 120256     99 rviz2 76020      93 joint_state_pub 57272      58 ros2 
843902976 | 254356    100 python3 120256     99 rviz2 76020      93 joint_state_pub 57272      58 ros2 
844410880 | 254356    100 python3 120256     99 rviz2 76020      93 joint_state_pub 57272      58 ros2 
843972608 | 254356    100 python3 120256     99 rviz2 76020      93 joint_state_pub 57272      58 ros2 
844120064 | 254356    100 python3 120256     99 rviz2 76020      93 joint_state_pub 57272      58 ros2 
844206080 | 254356    100 python3 120256     99 rviz2 76020      93 joint_state_pub 57272      58 ros2 
844140544 | 254356    100 python3 120256     99 rviz2 76020      93 joint_state_pub 57272      58 ros2 
843968512 | 254356    100 python3 120256     99 rviz2 76020      93 joint_state_pub 57272      58 ros2 
843972608 | 254356    100 python3 120256     99 rviz2 76020      93 joint_state_pub 57272      58 ros2 
844296192 | 254356    100 python3 120256     99 rviz2 76020      93 joint_state_pub 57272      58 ros2 
843849728 | 254356    100 python3 120256     99 rviz2 76020      93 joint_state_pub 57272      58 ros2 
844234752 | 254356    100 python3 120256     99 rviz2 76020      93 joint_state_pub 57272      58 ros2 
844361728 | 254356    100 python3 120256     99 rviz2 76020      93 joint_state_pub 57272      58 ros2 
844062720 | 254356    100 python3 120256     99 rviz2 76020      93 joint_state_pub 57272      58 ros2 
844230656 | 254356    100 python3 120256     99 rviz2 76020      93 joint_state_pub 57272      58 ros2 
844496896 | 254356    100 python3 120256     99 rviz2 76020      93 joint_state_pub 57272      58 ros2 
844341248 | 254356    100 python3 120256     99 rviz2 76020      93 joint_state_pub 57272      58 ros2 
844029952 | 254356    100 python3 120256     99 rviz2 76020      93 joint_state_pub 57272      58 ros2 
843935744 | 254356    100 python3 120256     99 rviz2 76020      93 joint_state_pub 57272      58 ros2 
844230656 | 254356    100 python3 120256     99 rviz2 76020      93 joint_state_pub 57272      58 ros2 
844234752 | 254356    100 python3 120256     99 rviz2 76020      93 joint_state_pub 57272      58 ros2 
844496896 | 254356    100 python3 120256     99 rviz2 76020      93 joint_state_pub 57272      58 ros2 
844500992 | 254356    100 python3 120256     99 rviz2 76020      93 joint_state_pub 57272      58 ros2 
843948032 | 254356    100 python3 120256     99 rviz2 76020      93 joint_state_pub 57272      58 ros2 
844242944 | 254356    100 python3 120256     99 rviz2 76020      93 joint_state_pub 57272      58 ros2 
844148736 | 254356    100 python3 120256     99 rviz2 76020      93 joint_state_pub 57272      58 ros2 
843972608 | 254356    100 python3 120256     99 rviz2 76020      93 joint_state_pub 57272      58 ros2 
844042240 | 254356    100 python3 120256     99 rviz2 76020      93 joint_state_pub 57272      58 ros2 
843964416 | 254356    100 python3 120256     99 rviz2 76020      93 joint_state_pub 57272      58 ros2 
843984896 | 254356    100 python3 120256     99 rviz2 76020      93 joint_state_pub 57272      58 ros2 
844095488 | 254356    100 python3 120256     99 rviz2 76020      93 joint_state_pub 57272      58 ros2 
843972608 | 254356    100 python3 120256     99 rviz2 76020      93 joint_state_pub 57272      58 ros2 
843976704 | 254356    100 python3 120256     99 rviz2 76020      93 joint_state_pub 57272      58 ros2 
844414976 | 254356    100 python3 120256     99 rviz2 76020      93 joint_state_pub 57272      58 ros2 
844222464 | 254356    100 python3 120256     99 rviz2 76020      93 joint_state_pub 57272      58 ros2 
844369920 | 254356    100 python3 120256     99 rviz2 76020      93 joint_state_pub 57272      58 ros2 
844152832 | 254356    100 python3 120256     99 rviz2 76020      93 joint_state_pub 57272      58 ros2 
844238848 | 254356    100 python3 120256     99 rviz2 76020      93 joint_state_pub 57272      58 ros2 
844324864 | 254356    100 python3 120256     99 rviz2 76020      93 joint_state_pub 57272      58 ros2 
844496896 | 254356    100 python3 120256     99 rviz2 76020      93 joint_state_pub 57272      58 ros2 
844234752 | 254356    100 python3 120256     99 rviz2 76020      93 joint_state_pub 57272      58 ros2 
844288000 | 254356    100 python3 120256     99 rviz2 76020      93 joint_state_pub 57272      58 ros2 
844173312 | 254356    100 python3 120256     99 rviz2 76020      93 joint_state_pub 57272      58 ros2 
844730368 | 254356    100 python3 120256     99 rviz2 76020      93 joint_state_pub 57272      58 ros2 
844238848 | 254356    100 python3 120256     99 rviz2 76020      93 joint_state_pub 57272      58 ros2 
844165120 | 254356    100 python3 120256     99 rviz2 76020      93 joint_state_pub 57272      58 ros2 
844206080 | 254356    100 python3 120256     99 rviz2 76020      93 joint_state_pub 57272      58 ros2 
844238848 | 254356    100 python3 120256     99 rviz2 76020      93 joint_state_pub 57272      58 ros2 
844419072 | 254356    100 python3 120256     99 rviz2 76020      93 joint_state_pub 57272      58 ros2 
844197888 | 254356    100 python3 120256     99 rviz2 76020      93 joint_state_pub 57272      58 ros2 
844230656 | 254356    100 python3 120256     99 rviz2 76020      93 joint_state_pub 57272      58 ros2 
844107776 | 254356    100 python3 120256     99 rviz2 76020      93 joint_state_pub 57272      58 ros2 
843976704 | 254356    100 python3 120256     99 rviz2 76020      93 joint_state_pub 57272      58 ros2 
844292096 | 254356    100 python3 120256     99 rviz2 76020      93 joint_state_pub 57272      58 ros2 
844505088 | 254356    100 python3 120256     99 rviz2 76020      93 joint_state_pub 57272      58 ros2 
843976704 | 254356    100 python3 120256     99 rviz2 76020      93 joint_state_pub 57272      58 ros2 
844095488 | 254356    100 python3 120256     99 rviz2 76020      93 joint_state_pub 57272      58 ros2 
844263424 | 254356    100 python3 120256     99 rviz2 76020      93 joint_state_pub 57272      58 ros2 
844263424 | 254356    100 python3 120256     99 rviz2 76020      93 joint_state_pub 57272      58 ros2 
844738560 | 254356    100 python3 120256     99 rviz2 76020      93 joint_state_pub 57272      58 ros2 
844255232 | 254356    100 python3 120256     99 rviz2 76020      93 joint_state_pub 57272      58 ros2 
844255232 | 254356    100 python3 120256     99 rviz2 76020      93 joint_state_pub 57272      58 ros2 
844087296 | 254356    100 python3 120256     99 rviz2 76020      93 joint_state_pub 57272      58 ros2 
844242944 | 254356    100 python3 120256     99 rviz2 76020      93 joint_state_pub 57272      58 ros2 
844075008 | 254356    100 python3 120256     99 rviz2 76020      93 joint_state_pub 57272      58 ros2 
844771328 | 254356    100 python3 120256     99 rviz2 76020      93 joint_state_pub 57272      58 ros2 
844242944 | 254356    100 python3 120256     99 rviz2 76020      93 joint_state_pub 57272      58 ros2 
844210176 | 254356    100 python3 120256     99 rviz2 76020      93 joint_state_pub 57272      58 ros2 
844623872 | 254356    100 python3 120256     99 rviz2 76020      93 joint_state_pub 57272      58 ros2 
844333056 | 254356    100 python3 120256     99 rviz2 76020      93 joint_state_pub 57272      58 ros2 
844546048 | 254356    100 python3 120256     99 rviz2 76020      93 joint_state_pub 57272      58 ros2 
844251136 | 254356    100 python3 120256     99 rviz2 76020      93 joint_state_pub 57272      58 ros2 
843988992 | 254356    100 python3 120256     99 rviz2 76020      93 joint_state_pub 57272      58 ros2 
844251136 | 254356    100 python3 120256     99 rviz2 76020      93 joint_state_pub 57272      58 ros2 
843993088 | 254356    100 python3 120256     99 rviz2 76020      93 joint_state_pub 57272      58 ros2 
844386304 | 254356    100 python3 120256     99 rviz2 76020      93 joint_state_pub 57272      58 ros2 
844251136 | 254356    100 python3 120256     99 rviz2 76020      93 joint_state_pub 57272      58 ros2 
844513280 | 254356    100 python3 120256     99 rviz2 76020      93 joint_state_pub 57272      58 ros2 
844251136 | 254356    100 python3 120256     99 rviz2 76020      93 joint_state_pub 57272      58 ros2 
843988992 | 254356    100 python3 120256     99 rviz2 76020      93 joint_state_pub 57272      58 ros2 
844251136 | 254356    100 python3 120256     99 rviz2 76020      93 joint_state_pub 57272      58 ros2 
844484608 | 254356    100 python3 120256     99 rviz2 76020      93 joint_state_pub 57272      58 ros2 
844263424 | 254356    100 python3 120256     99 rviz2 76020      93 joint_state_pub 57272      58 ros2 
844271616 | 254356    100 python3 120256     99 rviz2 76020      93 joint_state_pub 57272      58 ros2 
844312576 | 254356    100 python3 120256     99 rviz2 76020      93 joint_state_pub 57272      58 ros2 
844361728 | 254356    100 python3 120256     99 rviz2 76020      93 joint_state_pub 57272      58 ros2 
844427264 | 254356    100 python3 120256     99 rviz2 76020      93 joint_state_pub 57272      58 ros2 
844251136 | 254356    100 python3 120256     99 rviz2 76020      93 joint_state_pub 57272      58 ros2 
844279808 | 254356    100 python3 120256     99 rviz2 76020      93 joint_state_pub 57272      58 ros2 
844087296 | 254356    100 python3 120256     99 rviz2 76020      93 joint_state_pub 57272      58 ros2 
844513280 | 254356    100 python3 120256     99 rviz2 76020      93 joint_state_pub 57272      58 ros2 
844128256 | 254356    100 python3 120256     99 rviz2 76020      93 joint_state_pub 57272      58 ros2 
844251136 | 254356    100 python3 120256     99 rviz2 76020      93 joint_state_pub 57272      58 ros2 
844251136 | 254356    100 python3 120256     99 rviz2 76020      93 joint_state_pub 57272      58 ros2 
844513280 | 254356    100 python3 120256     99 rviz2 76020      93 joint_state_pub 57272      58 ros2 
844001280 | 254356    100 python3 120256     99 rviz2 76020      93 joint_state_pub 57272      58 ros2 
844267520 | 254356    100 python3 120256     99 rviz2 76020      93 joint_state_pub 57272      58 ros2 
843993088 | 254356    100 python3 120256     99 rviz2 76020      93 joint_state_pub 57272      58 ros2 
843984896 | 254356    100 python3 120256     99 rviz2 76020      93 joint_state_pub 57272      58 ros2 
844255232 | 254356    100 python3 120256     99 rviz2 76020      93 joint_state_pub 57272      58 ros2 
844029952 | 254356    100 python3 120256     99 rviz2 76020      93 joint_state_pub 57272      58 ros2 
844292096 | 254356    100 python3 120256     99 rviz2 76020      93 joint_state_pub 57272      58 ros2 
844251136 | 254356    100 python3 120256     99 rviz2 76020      93 joint_state_pub 57272      58 ros2 
844251136 | 254356    100 python3 120256     99 rviz2 76020      93 joint_state_pub 57272      58 ros2 
844279808 | 254356    100 python3 120256     99 rviz2 76020      93 joint_state_pub 57272      58 ros2 
844427264 | 254356    100 python3 120256     99 rviz2 76020      93 joint_state_pub 57272      58 ros2 
844095488 | 254356    100 python3 120256     99 rviz2 76020      93 joint_state_pub 57272      58 ros2 
844345344 | 254356    100 python3 120256     99 rviz2 76020      93 joint_state_pub 57272      58 ros2 
844038144 | 254356    100 python3 120256     99 rviz2 76020      93 joint_state_pub 57272      58 ros2 
844550144 | 254356    100 python3 120256     99 rviz2 76020      93 joint_state_pub 57272      58 ros2 
844152832 | 254356    100 python3 120256     99 rviz2 76020      93 joint_state_pub 57272      58 ros2 
844247040 | 254356    100 python3 120256     99 rviz2 76020      93 joint_state_pub 57272      58 ros2 
844312576 | 254356    100 python3 120256     99 rviz2 76020      93 joint_state_pub 57272      58 ros2 
844779520 | 254356    100 python3 120256     99 rviz2 76020      93 joint_state_pub 57272      58 ros2 
844070912 | 254356    100 python3 120256     99 rviz2 76020      93 joint_state_pub 57272      58 ros2 
844128256 | 254356    100 python3 120256     99 rviz2 76020      93 joint_state_pub 57272      58 ros2 
844255232 | 254356    100 python3 120256     99 rviz2 76020      93 joint_state_pub 57272      58 ros2 
844464128 | 254356    100 python3 120256     99 rviz2 76020      93 joint_state_pub 57272      58 ros2 
844083200 | 254356    100 python3 120256     99 rviz2 76020      93 joint_state_pub 57272      58 ros2 
844173312 | 254356    100 python3 120256     99 rviz2 76020      93 joint_state_pub 57272      58 ros2 
844210176 | 254356    100 python3 120256     99 rviz2 76020      93 joint_state_pub 57272      58 ros2 
844128256 | 254356    100 python3 120256     99 rviz2 76020      93 joint_state_pub 57272      58 ros2 
843997184 | 254356    100 python3 120256     99 rviz2 76020      93 joint_state_pub 57272      58 ros2 
844058624 | 254356    100 python3 120256     99 rviz2 76020      93 joint_state_pub 57272      58 ros2 
844259328 | 254356    100 python3 120256     99 rviz2 76020      93 joint_state_pub 57272      58 ros2 
844255232 | 254356    100 python3 120256     99 rviz2 76020      93 joint_state_pub 57272      58 ros2 
844169216 | 254356    100 python3 120256     99 rviz2 76020      93 joint_state_pub 57272      58 ros2 
844091392 | 254356    100 python3 120256     99 rviz2 76020      93 joint_state_pub 57272      58 ros2 
844087296 | 254356    100 python3 120256     99 rviz2 76020      93 joint_state_pub 57272      58 ros2 
844267520 | 254356    100 python3 120256     99 rviz2 76020      93 joint_state_pub 57272      58 ros2 
843997184 | 254356    100 python3 120256     99 rviz2 76020      93 joint_state_pub 57272      58 ros2 
844427264 | 254356    100 python3 120256     99 rviz2 76020      93 joint_state_pub 57272      58 ros2 
844001280 | 254356    100 python3 120256     99 rviz2 76020      93 joint_state_pub 57272      58 ros2 
843997184 | 254356    100 python3 120256     99 rviz2 76020      93 joint_state_pub 57272      58 ros2 
843952128 | 254356    100 python3 120256     99 rviz2 76020      93 joint_state_pub 57272      58 ros2 
843993088 | 254356    100 python3 120256     99 rviz2 76020      93 joint_state_pub 57272      58 ros2 
845058048 | 254356    100 python3 120256     99 rviz2 76020      93 joint_state_pub 57272      58 ros2 
843997184 | 254356    100 python3 120256     99 rviz2 76020      93 joint_state_pub 57272      58 ros2 
844021760 | 254356    100 python3 120256     99 rviz2 76020      93 joint_state_pub 57272      58 ros2 
843993088 | 254356    100 python3 120256     99 rviz2 76020      93 joint_state_pub 57272      58 ros2 
844267520 | 254356    100 python3 120256     99 rviz2 76020      93 joint_state_pub 57272      58 ros2 
844267520 | 254356    100 python3 120256     99 rviz2 76020      93 joint_state_pub 57272      58 ros2 
844177408 | 254356    100 python3 120256     99 rviz2 76020      93 joint_state_pub 57272      58 ros2 
844259328 | 254356    100 python3 120256     99 rviz2 76020      93 joint_state_pub 57272      58 ros2 
844546048 | 254356    100 python3 120256     99 rviz2 76020      93 joint_state_pub 57272      58 ros2 
844259328 | 254356    100 python3 120256     99 rviz2 76020      93 joint_state_pub 57272      58 ros2 
844345344 | 254356    100 python3 120256     99 rviz2 76020      93 joint_state_pub 57272      58 ros2 
844525568 | 254356    100 python3 120256     99 rviz2 76020      93 joint_state_pub 57272      58 ros2 
844525568 | 254356    100 python3 120256     99 rviz2 76020      93 joint_state_pub 57272      58 ros2 
843997184 | 254356    100 python3 120256     99 rviz2 76020      93 joint_state_pub 57272      58 ros2 
844537856 | 254356    100 python3 120256     99 rviz2 76020      93 joint_state_pub 57272      58 ros2 
844091392 | 254356    100 python3 120256     99 rviz2 76020      93 joint_state_pub 57272      58 ros2 
844328960 | 254356    100 python3 120256     99 rviz2 76020      93 joint_state_pub 57272      58 ros2 
844263424 | 254356    100 python3 120256     99 rviz2 76020      93 joint_state_pub 57272      58 ros2 
844267520 | 254356    100 python3 120256     99 rviz2 76020      93 joint_state_pub 57272      58 ros2 
844525568 | 254356    100 python3 120256     99 rviz2 76020      93 joint_state_pub 57272      58 ros2 
844001280 | 254356    100 python3 120256     99 rviz2 76020      93 joint_state_pub 57272      58 ros2 
844271616 | 254356    100 python3 120256     99 rviz2 76020      93 joint_state_pub 57272      58 ros2 
844320768 | 254356    100 python3 120256     99 rviz2 76020      93 joint_state_pub 57272      58 ros2 
844263424 | 254356    100 python3 120256     99 rviz2 76020      93 joint_state_pub 57272      58 ros2 
844001280 | 254356    100 python3 120256     99 rviz2 76020      93 joint_state_pub 57272      58 ros2 
844058624 | 254356    100 python3 120256     99 rviz2 76020      93 joint_state_pub 57272      58 ros2 
844001280 | 254356    100 python3 120256     99 rviz2 76020      93 joint_state_pub 57272      58 ros2 
844267520 | 254356    100 python3 120256     99 rviz2 76020      93 joint_state_pub 57272      58 ros2 
844001280 | 254356    100 python3 120256     99 rviz2 76020      93 joint_state_pub 57272      58 ros2 
844009472 | 254356    100 python3 120256     99 rviz2 76020      93 joint_state_pub 57272      58 ros2 
844333056 | 254356    100 python3 120256     99 rviz2 76020      93 joint_state_pub 57272      58 ros2 
844214272 | 254356    100 python3 120256     99 rviz2 76020      93 joint_state_pub 57272      58 ros2 
844566528 | 254356    100 python3 120256     99 rviz2 76020      93 joint_state_pub 57272      58 ros2 
844517376 | 254356    100 python3 120256     99 rviz2 76020      93 joint_state_pub 57272      58 ros2 
844013568 | 254356    100 python3 120256     99 rviz2 76020      93 joint_state_pub 57272      58 ros2 
844009472 | 254356    100 python3 120256     99 rviz2 76020      93 joint_state_pub 57272      58 ros2 
843968512 | 254356    100 python3 120256     99 rviz2 76020      93 joint_state_pub 57272      58 ros2 
844263424 | 254356    100 python3 120256     99 rviz2 76020      93 joint_state_pub 57272      58 ros2 
844144640 | 254356    100 python3 120256     99 rviz2 76020      93 joint_state_pub 57272      58 ros2 
843980800 | 254356    100 python3 120256     99 rviz2 76020      93 joint_state_pub 57272      58 ros2 
844001280 | 254356    100 python3 120256     99 rviz2 76020      93 joint_state_pub 57272      58 ros2 
844005376 | 254356    100 python3 120256     99 rviz2 76020      93 joint_state_pub 57272      58 ros2 
844529664 | 254356    100 python3 120256     99 rviz2 76020      93 joint_state_pub 57272      58 ros2 
844009472 | 254356    100 python3 120256     99 rviz2 76020      93 joint_state_pub 57272      58 ros2 
843972608 | 254356    100 python3 120256     99 rviz2 76020      93 joint_state_pub 57272      58 ros2 
844017664 | 254356    100 python3 120256     99 rviz2 76020      93 joint_state_pub 57272      58 ros2 
844013568 | 254356    100 python3 120256     99 rviz2 76020      93 joint_state_pub 57272      58 ros2 
844271616 | 254356    100 python3 120256     99 rviz2 76020      93 joint_state_pub 57272      58 ros2 
844021760 | 254356    100 python3 120256     99 rviz2 76020      93 joint_state_pub 57272      58 ros2 
844009472 | 254356    100 python3 120256     99 rviz2 76020      93 joint_state_pub 57272      58 ros2 
844009472 | 254356    100 python3 120256     99 rviz2 76020      93 joint_state_pub 57272      58 ros2 
844132352 | 254356    100 python3 120256     99 rviz2 76020      93 joint_state_pub 57272      58 ros2 
844152832 | 254356    100 python3 120256     99 rviz2 76020      93 joint_state_pub 57272      58 ros2 
844009472 | 254356    100 python3 120256     99 rviz2 76020      93 joint_state_pub 57272      58 ros2 
844066816 | 254356    100 python3 120256     99 rviz2 76020      93 joint_state_pub 57272      58 ros2 
844283904 | 254356    100 python3 120256     99 rviz2 76020      93 joint_state_pub 57272      58 ros2 
844013568 | 254356    100 python3 120256     99 rviz2 76020      93 joint_state_pub 57272      58 ros2 
844099584 | 254356    100 python3 120256     99 rviz2 76020      93 joint_state_pub 57272      58 ros2 
844533760 | 254356    100 python3 120256     99 rviz2 76020      93 joint_state_pub 57272      58 ros2 
848314368 | 254436    100 python3 120340     99 rviz2 75972      93 joint_state_pub 57332      58 ros2 
854372352 | 254436    100 python3 120236     99 rviz2 75972      93 joint_state_pub 57332      58 ros2 
