=== lvslaunch=0.5 ===
808808448 | 453160     87 python3 280304     86 rviz2 178316     80 joint_state_pub 131652     89 snp_motion_plan 
809123840 | 453160     87 python3 280304     86 rviz2 178316     80 joint_state_pub 131652     89 snp_motion_plan 
809455616 | 453160     87 python3 280308     86 rviz2 178316     80 joint_state_pub 131652     89 snp_motion_plan 
809672704 | 453160     87 python3 280312     86 rviz2 178316     80 joint_state_pub 131652     89 snp_motion_plan 
809398272 | 453160     87 python3 280312     86 rviz2 178316     80 joint_state_pub 131652     89 snp_motion_plan 
809725952 | 453160     87 python3 280316     86 rviz2 178316     80 joint_state_pub 131652     89 snp_motion_plan 
809730048 | 453160     87 python3 280320     86 rviz2 178316     80 joint_state_pub 131652     89 snp_motion_plan 
809218048 | 453160     87 python3 280324     86 rviz2 178320     80 joint_state_pub 131652     89 snp_motion_plan 
809328640 | 453160     87 python3 280324     86 rviz2 178320     80 joint_state_pub 131652     89 snp_motion_plan 
809480192 | 453160     87 python3 280324     86 rviz2 178320     80 joint_state_pub 131652     89 snp_motion_plan 
816984064 | 453160     87 python3 280324     86 rviz2 178320     80 joint_state_pub 131652     89 snp_motion_plan 
816807936 | 453160     87 python3 280324     86 rviz2 178320     80 joint_state_pub 131652     89 snp_motion_plan 
810713088 | 453160     87 python3 280324     86 rviz2 178320     80 joint_state_pub 131652     89 snp_motion_plan 
816783360 | 453160     87 python3 280324     86 rviz2 178320     80 joint_state_pub 131652     89 snp_motion_plan 
820154368 | 453160     87 python3 280260     86 rviz2 178256     80 joint_state_pub 131652     89 snp_motion_plan 
835395584 | 453152     87 python3 280316     86 rviz2 178312     80 joint_state_pub 131708     89 snp_motion_plan 
843472896 | 453204     87 python3 280368     86 rviz2 178428     80 joint_state_pub 131636     89 snp_motion_plan 
843968512 | 453204     87 python3 280368     86 rviz2 178428     80 joint_state_pub 131636     89 snp_motion_plan 
843628544 | 453204     87 python3 280304     86 rviz2 178428     80 joint_state_pub 131636     89 snp_motion_plan 
848412672 | 453144     87 python3 280368     86 rviz2 178364     80 joint_state_pub 131636     89 snp_motion_plan 
848687104 | 453144     87 python3 280368     86 rviz2 178364     80 joint_state_pub 131636     89 snp_motion_plan 
849416192 | 453144     87 python3 280376     86 rviz2 178368     80 joint_state_pub 131704     89 snp_motion_plan 
855822336 | 453144     87 python3 280376     86 rviz2 178368     80 joint_state_pub 131704     89 snp_motion_plan 
859623424 | 453152     87 python3 280380     86 rviz2 178372     80 joint_state_pub 131716     89 snp_motion_plan 
860327936 | 453152     87 python3 280380     86 rviz2 178372     80 joint_state_pub 131716     89 snp_motion_plan 
863416320 | 453216     87 python3 280380     86 rviz2 178372     80 joint_state_pub 134412     89 snp_motion_plan 
950079488 | 453216     87 python3 280380     86 rviz2 227112     89 snp_motion_plan 178372     80 joint_state_pub 
1200033792 | 468580     89 snp_motion_plan 453216     87 python3 280380     86 rviz2 178372     80 joint_state_pub 
1452732416 | 714736     89 snp_motion_plan 453216     87 python3 280380     86 rviz2 178372     80 joint_state_pub 
1704652800 | 965632     89 snp_motion_plan 453216     87 python3 280380     86 rviz2 178372     80 joint_state_pub 
1965203456 | 1214932    89 snp_motion_plan 453216     87 python3 280380     86 rviz2 178372     80 joint_state_pub 
2153660416 | 1401236    89 snp_motion_plan 453216     87 python3 280380     86 rviz2 178376     80 joint_state_pub 
2232307712 | 1474712    89 snp_motion_plan 453216     87 python3 280304     86 rviz2 178376     80 joint_state_pub 
2431987712 | 1672424    89 snp_motion_plan 431560     87 python3 275928     86 rviz2 175900     80 joint_state_pub 
2654224384 | 1847392    89 snp_motion_plan 380828     87 python3 190876     86 rviz2 134932     80 joint_state_pub 
2889314304 | 2047476    89 snp_motion_plan 264596     87 python3 117180     86 rviz2 83464      80 joint_state_pub 
3097165824 | 2243052    89 snp_motion_plan 254540     87 python3 104448     86 rviz2 73832      80 joint_state_pub 
2911645696 | 250892     87 python3 102724     86 rviz2 70656      80 joint_state_pub 53420      58 ros2 
833249280 | 250892     87 python3 103120     86 rviz2 70660      80 joint_state_pub 54644      58 ros2 
834514944 | 251432     87 python3 103340     86 rviz2 70900      80 joint_state_pub 54960      58 ros2 
834600960 | 251432     87 python3 103340     86 rviz2 70900      80 joint_state_pub 54960      58 ros2 
834711552 | 251432     87 python3 103580     86 rviz2 71060      80 joint_state_pub 55364      58 ros2 
835436544 | 251432     87 python3 103748     86 rviz2 71880      80 joint_state_pub 55364      58 ros2 
836231168 | 251432     87 python3 104028     86 rviz2 71880      80 joint_state_pub 55364      58 ros2 
837087232 | 251432     87 python3 103928     86 rviz2 71780      80 joint_state_pub 55364      58 ros2 
837324800 | 251432     87 python3 103928     86 rviz2 71780      80 joint_state_pub 55364      58 ros2 
837238784 | 251432     87 python3 103928     86 rviz2 71832      80 joint_state_pub 55364      58 ros2 
837005312 | 251432     87 python3 103928     86 rviz2 71832      80 joint_state_pub 55364      58 ros2 
837156864 | 251432     87 python3 103928     86 rviz2 71832      80 joint_state_pub 55364      58 ros2 
836964352 | 251432     87 python3 103932     86 rviz2 72220      80 joint_state_pub 55364      58 ros2 
837312512 | 251432     87 python3 103932     86 rviz2 72220      80 joint_state_pub 55364      58 ros2 
837378048 | 251432     87 python3 103932     86 rviz2 72220      80 joint_state_pub 55364      58 ros2 
836968448 | 251348     87 python3 103932     86 rviz2 72220      80 joint_state_pub 55364      58 ros2 
837259264 | 251348     87 python3 103932     86 rviz2 72220      80 joint_state_pub 55424      58 ros2 
837513216 | 251348     87 python3 103932     86 rviz2 72220      80 joint_state_pub 55424      58 ros2 
837533696 | 252244     87 python3 103932     86 rviz2 72220      80 joint_state_pub 55324      58 ros2 
837218304 | 252244     87 python3 103932     86 rviz2 72220      80 joint_state_pub 55324      58 ros2 
837214208 | 252244     87 python3 103932     86 rviz2 72220      80 joint_state_pub 55504      58 ros2 
837709824 | 252244     87 python3 103932     86 rviz2 72220      80 joint_state_pub 55504      58 ros2 
837480448 | 252244     87 python3 104100     86 rviz2 72220      80 joint_state_pub 55504      58 ros2 
836411392 | 252312     87 python3 104100     86 rviz2 72220      80 joint_state_pub 55504      58 ros2 
836665344 | 252312     87 python3 104100     86 rviz2 72220      80 joint_state_pub 55504      58 ros2 
837058560 | 252312     87 python3 104100     86 rviz2 72220      80 joint_state_pub 55504      58 ros2 
836722688 | 252312     87 python3 104100     86 rviz2 72220      80 joint_state_pub 55504      58 ros2 
836411392 | 252312     87 python3 104100     86 rviz2 72220      80 joint_state_pub 55504      58 ros2 
837189632 | 252312     87 python3 104100     86 rviz2 72220      80 joint_state_pub 55504      58 ros2 
836411392 | 252312     87 python3 104100     86 rviz2 72220      80 joint_state_pub 55504      58 ros2 
836923392 | 252312     87 python3 104100     86 rviz2 72220      80 joint_state_pub 55504      58 ros2 
836788224 | 252312     87 python3 104100     86 rviz2 72220      80 joint_state_pub 55504      58 ros2 
836526080 | 252312     87 python3 104100     86 rviz2 72220      80 joint_state_pub 55504      58 ros2 
837042176 | 252312     87 python3 104100     86 rviz2 72220      80 joint_state_pub 55504      58 ros2 
836673536 | 252312     87 python3 104100     86 rviz2 72220      80 joint_state_pub 55504      58 ros2 
836935680 | 252312     87 python3 104100     86 rviz2 72224      80 joint_state_pub 55504      58 ros2 
836427776 | 252312     87 python3 104100     86 rviz2 72224      80 joint_state_pub 55504      58 ros2 
836669440 | 252312     87 python3 104100     86 rviz2 72224      80 joint_state_pub 55504      58 ros2 
836501504 | 252312     87 python3 104100     86 rviz2 72224      80 joint_state_pub 55504      58 ros2 
837029888 | 252312     87 python3 104100     86 rviz2 72224      80 joint_state_pub 55504      58 ros2 
836616192 | 252312     87 python3 104100     86 rviz2 72224      80 joint_state_pub 55504      58 ros2 
836861952 | 252312     87 python3 104100     86 rviz2 72224      80 joint_state_pub 55504      58 ros2 
836583424 | 252312     87 python3 104100     86 rviz2 72224      80 joint_state_pub 55504      58 ros2 
836943872 | 252312     87 python3 104100     86 rviz2 72224      80 joint_state_pub 55504      58 ros2 
836784128 | 252312     87 python3 103980     86 rviz2 72224      80 joint_state_pub 55504      58 ros2 
836788224 | 252312     87 python3 103980     86 rviz2 72224      80 joint_state_pub 55504      58 ros2 
837304320 | 252312     87 python3 103980     86 rviz2 72224      80 joint_state_pub 55504      58 ros2 
837009408 | 252312     87 python3 103980     86 rviz2 72224      80 joint_state_pub 55504      58 ros2 
836784128 | 252312     87 python3 103980     86 rviz2 72224      80 joint_state_pub 55504      58 ros2 
836521984 | 252312     87 python3 103980     86 rviz2 72224      80 joint_state_pub 55504      58 ros2 
836521984 | 252312     87 python3 103980     86 rviz2 72224      80 joint_state_pub 55504      58 ros2 
836931584 | 252312     87 python3 103980     86 rviz2 72224      80 joint_state_pub 55504      58 ros2 
836722688 | 252312     87 python3 103980     86 rviz2 72224      80 joint_state_pub 55504      58 ros2 
837365760 | 252312     87 python3 103980     86 rviz2 72764      80 joint_state_pub 55504      58 ros2 
837361664 | 252312     87 python3 103980     86 rviz2 72764      80 joint_state_pub 55504      58 ros2 
837234688 | 252312     87 python3 103980     86 rviz2 72764      80 joint_state_pub 55504      58 ros2 
836919296 | 252312     87 python3 103980     86 rviz2 72764      80 joint_state_pub 55504      58 ros2 
837312512 | 252312     87 python3 103980     86 rviz2 72764      80 joint_state_pub 55504      58 ros2 
837427200 | 252312     87 python3 103980     86 rviz2 72764      80 joint_state_pub 55504      58 ros2 
836915200 | 252312     87 python3 103980     86 rviz2 72764      80 joint_state_pub 55504      58 ros2 
837140480 | 252312     87 python3 103980     86 rviz2 72764      80 joint_state_pub 55504      58 ros2 
836919296 | 252312     87 python3 103980     86 rviz2 72764      80 joint_state_pub 55504      58 ros2 
837079040 | 252312     87 python3 103980     86 rviz2 72764      80 joint_state_pub 55504      58 ros2 
837459968 | 252312     87 python3 103980     86 rviz2 72764      80 joint_state_pub 55504      58 ros2 
837189632 | 252312     87 python3 103980     86 rviz2 72764      80 joint_state_pub 55504      58 ros2 
837218304 | 252312     87 python3 103980     86 rviz2 72764      80 joint_state_pub 55504      58 ros2 
837181440 | 252312     87 python3 103980     86 rviz2 72764      80 joint_state_pub 55504      58 ros2 
836931584 | 252312     87 python3 103980     86 rviz2 72764      80 joint_state_pub 55504      58 ros2 
837054464 | 252312     87 python3 103980     86 rviz2 72764      80 joint_state_pub 55504      58 ros2 
837357568 | 252312     87 python3 103980     86 rviz2 72764      80 joint_state_pub 55504      58 ros2 
837447680 | 252312     87 python3 103980     86 rviz2 72764      80 joint_state_pub 55504      58 ros2 
837271552 | 252312     87 python3 103980     86 rviz2 72764      80 joint_state_pub 55504      58 ros2 
837443584 | 252312     87 python3 103980     86 rviz2 72764      80 joint_state_pub 55504      58 ros2 
836952064 | 252312     87 python3 103980     86 rviz2 72764      80 joint_state_pub 55504      58 ros2 
837263360 | 252312     87 python3 103980     86 rviz2 72764      80 joint_state_pub 55504      58 ros2 
837492736 | 252312     87 python3 103980     86 rviz2 72764      80 joint_state_pub 55504      58 ros2 
837812224 | 252312     87 python3 103980     86 rviz2 72764      80 joint_state_pub 55504      58 ros2 
837763072 | 252312     87 python3 103980     86 rviz2 72764      80 joint_state_pub 55504      58 ros2 
837345280 | 252312     87 python3 103980     86 rviz2 72764      80 joint_state_pub 55504      58 ros2 
837771264 | 252312     87 python3 103980     86 rviz2 72764      80 joint_state_pub 55504      58 ros2 
837033984 | 252312     87 python3 103980     86 rviz2 72764      80 joint_state_pub 55504      58 ros2 
837062656 | 252312     87 python3 103980     86 rviz2 72764      80 joint_state_pub 55504      58 ros2 
837300224 | 252312     87 python3 103980     86 rviz2 72764      80 joint_state_pub 55504      58 ros2 
837378048 | 252312     87 python3 103980     86 rviz2 72764      80 joint_state_pub 55504      58 ros2 
837156864 | 252312     87 python3 103980     86 rviz2 72764      80 joint_state_pub 55504      58 ros2 
837128192 | 252312     87 python3 103980     86 rviz2 72764      80 joint_state_pub 55504      58 ros2 
838397952 | 253244     87 python3 104892     86 rviz2 73528      80 joint_state_pub 56316      58 ros2 
838754304 | 253244     87 python3 104892     86 rviz2 73528      80 joint_state_pub 56316      58 ros2 
839077888 | 253244     87 python3 104892     86 rviz2 73528      80 joint_state_pub 56316      58 ros2 
838844416 | 253244     87 python3 104892     86 rviz2 73528      80 joint_state_pub 56316      58 ros2 
838742016 | 253244     87 python3 104892     86 rviz2 73528      80 joint_state_pub 56316      58 ros2 
838656000 | 253244     87 python3 104892     86 rviz2 73528      80 joint_state_pub 56316      58 ros2 
838660096 | 253244     87 python3 104892     86 rviz2 73528      80 joint_state_pub 56316      58 ros2 
838565888 | 253244     87 python3 104892     86 rviz2 73528      80 joint_state_pub 56316      58 ros2 
838598656 | 253244     87 python3 104892     86 rviz2 73528      80 joint_state_pub 56316      58 ros2 
838529024 | 253244     87 python3 104892     86 rviz2 73528      80 joint_state_pub 56316      58 ros2 
838877184 | 253244     87 python3 104892     86 rviz2 73528      80 joint_state_pub 56316      58 ros2 
838778880 | 253244     87 python3 104892     86 rviz2 73528      80 joint_state_pub 56316      58 ros2 
838512640 | 253244     87 python3 104892     86 rviz2 73528      80 joint_state_pub 56316      58 ros2 
838479872 | 253244     87 python3 104892     86 rviz2 73528      80 joint_state_pub 56316      58 ros2 
838488064 | 253244     87 python3 104892     86 rviz2 73528      80 joint_state_pub 56316      58 ros2 
838475776 | 253244     87 python3 104892     86 rviz2 73528      80 joint_state_pub 56316      58 ros2 
838340608 | 253244     87 python3 104892     86 rviz2 73528      80 joint_state_pub 56316      58 ros2 
839045120 | 253244     87 python3 104892     86 rviz2 73528      80 joint_state_pub 56316      58 ros2 
838664192 | 253244     87 python3 104892     86 rviz2 73528      80 joint_state_pub 56316      58 ros2 
838328320 | 253244     87 python3 104892     86 rviz2 73528      80 joint_state_pub 56316      58 ros2 
838361088 | 253244     87 python3 104892     86 rviz2 73528      80 joint_state_pub 56316      58 ros2 
838508544 | 253244     87 python3 104892     86 rviz2 73528      80 joint_state_pub 56316      58 ros2 
838254592 | 253244     87 python3 104892     86 rviz2 73528      80 joint_state_pub 56316      58 ros2 
838594560 | 253244     87 python3 104892     86 rviz2 73528      80 joint_state_pub 56316      58 ros2 
838729728 | 253244     87 python3 104892     86 rviz2 73528      80 joint_state_pub 56316      58 ros2 
838557696 | 253244     87 python3 104892     86 rviz2 73528      80 joint_state_pub 56316      58 ros2 
838582272 | 253244     87 python3 104892     86 rviz2 73528      80 joint_state_pub 56316      58 ros2 
854626304 | 253244     87 python3 116468     86 rviz2 73832      80 joint_state_pub 56316      58 ros2 
854429696 | 253244     87 python3 116468     86 rviz2 73836      80 joint_state_pub 56316      58 ros2 
854564864 | 253244     87 python3 116468     86 rviz2 73836      80 joint_state_pub 56316      58 ros2 
854388736 | 253244     87 python3 116708     86 rviz2 73836      80 joint_state_pub 56316      58 ros2 
855642112 | 253244     87 python3 117072     86 rviz2 73836      80 joint_state_pub 56316      58 ros2 
860454912 | 253244     87 python3 120704     86 rviz2 73836      80 joint_state_pub 56316      58 ros2 
859852800 | 253244     87 python3 120704     86 rviz2 73836      80 joint_state_pub 56316      58 ros2 
860168192 | 253244     87 python3 120704     86 rviz2 73836      80 joint_state_pub 56316      58 ros2 
860409856 | 253244     87 python3 120704     86 rviz2 73836      80 joint_state_pub 56316      58 ros2 
860413952 | 253244     87 python3 120704     86 rviz2 73836      80 joint_state_pub 56316      58 ros2 
860409856 | 253244     87 python3 120704     86 rviz2 73836      80 joint_state_pub 56316      58 ros2 
860114944 | 253244     87 python3 120704     86 rviz2 73836      80 joint_state_pub 56316      58 ros2 
859955200 | 253244     87 python3 120704     86 rviz2 73836      80 joint_state_pub 56316      58 ros2 
860078080 | 253244     87 python3 120704     86 rviz2 73836      80 joint_state_pub 56316      58 ros2 
860225536 | 253244     87 python3 120704     86 rviz2 73836      80 joint_state_pub 56316      58 ros2 
860270592 | 253244     87 python3 120704     86 rviz2 73836      80 joint_state_pub 56316      58 ros2 
860418048 | 253244     87 python3 120704     86 rviz2 73836      80 joint_state_pub 56316      58 ros2 
860098560 | 253244     87 python3 120704     86 rviz2 73836      80 joint_state_pub 56316      58 ros2 
860508160 | 253244     87 python3 120704     86 rviz2 73836      80 joint_state_pub 56316      58 ros2 
860033024 | 253244     87 python3 120704     86 rviz2 73836      80 joint_state_pub 56316      58 ros2 
860229632 | 253244     87 python3 120704     86 rviz2 73836      80 joint_state_pub 56316      58 ros2 
859885568 | 253244     87 python3 120704     86 rviz2 73836      80 joint_state_pub 56316      58 ros2 
860413952 | 253244     87 python3 120704     86 rviz2 73836      80 joint_state_pub 56316      58 ros2 
860409856 | 253244     87 python3 120704     86 rviz2 73836      80 joint_state_pub 56316      58 ros2 
860266496 | 253244     87 python3 120704     86 rviz2 73836      80 joint_state_pub 56316      58 ros2 
859820032 | 253244     87 python3 120704     86 rviz2 73836      80 joint_state_pub 56316      58 ros2 
859770880 | 253244     87 python3 120704     86 rviz2 73836      80 joint_state_pub 56316      58 ros2 
860413952 | 253244     87 python3 120704     86 rviz2 73836      80 joint_state_pub 56316      58 ros2 
860413952 | 253244     87 python3 120704     86 rviz2 73836      80 joint_state_pub 56316      58 ros2 
860377088 | 253244     87 python3 120704     86 rviz2 73836      80 joint_state_pub 56316      58 ros2 
859774976 | 253244     87 python3 120704     86 rviz2 73836      80 joint_state_pub 56316      58 ros2 
860119040 | 253244     87 python3 120704     86 rviz2 73836      80 joint_state_pub 56316      58 ros2 
860413952 | 253244     87 python3 120704     86 rviz2 73836      80 joint_state_pub 56316      58 ros2 
860200960 | 253244     87 python3 120704     86 rviz2 73836      80 joint_state_pub 56316      58 ros2 
860229632 | 253244     87 python3 120704     86 rviz2 73836      80 joint_state_pub 56316      58 ros2 
860160000 | 253244     87 python3 120704     86 rviz2 73836      80 joint_state_pub 56316      58 ros2 
860147712 | 253244     87 python3 120704     86 rviz2 73836      80 joint_state_pub 56316      58 ros2 
865796096 | 253244     87 python3 123944     86 rviz2 74676      80 joint_state_pub 56316      58 ros2 
865812480 | 253244     87 python3 123944     86 rviz2 74676      80 joint_state_pub 56316      58 ros2 
865787904 | 253244     87 python3 123944     86 rviz2 74676      80 joint_state_pub 56316      58 ros2 
865800192 | 253244     87 python3 123944     86 rviz2 74676      80 joint_state_pub 56316      58 ros2 
866320384 | 253244     87 python3 123944     86 rviz2 74676      80 joint_state_pub 56316      58 ros2 
865984512 | 253244     87 python3 123944     86 rviz2 74676      80 joint_state_pub 56316      58 ros2 
865386496 | 253244     87 python3 123944     86 rviz2 74676      80 joint_state_pub 56316      58 ros2 
865542144 | 253244     87 python3 123944     86 rviz2 74676      80 joint_state_pub 56316      58 ros2 
866209792 | 253244     87 python3 123944     86 rviz2 74676      80 joint_state_pub 56316      58 ros2 
865652736 | 253244     87 python3 124000     86 rviz2 74676      80 joint_state_pub 56316      58 ros2 
865542144 | 253244     87 python3 124000     86 rviz2 74676      80 joint_state_pub 56316      58 ros2 
865538048 | 253244     87 python3 124000     86 rviz2 74676      80 joint_state_pub 56316      58 ros2 
865427456 | 253244     87 python3 124000     86 rviz2 74676      80 joint_state_pub 56316      58 ros2 
865673216 | 253244     87 python3 124000     86 rviz2 74676      80 joint_state_pub 56316      58 ros2 
865816576 | 253244     87 python3 124000     86 rviz2 74676      80 joint_state_pub 56316      58 ros2 
865816576 | 253244     87 python3 124000     86 rviz2 74676      80 joint_state_pub 56316      58 ros2 
865542144 | 253244     87 python3 124000     86 rviz2 74676      80 joint_state_pub 56316      58 ros2 
865542144 | 253244     87 python3 124000     86 rviz2 74676      80 joint_state_pub 56316      58 ros2 
865910784 | 253244     87 python3 124000     86 rviz2 74676      80 joint_state_pub 56316      58 ros2 
865857536 | 253244     87 python3 124000     86 rviz2 74676      80 joint_state_pub 56316      58 ros2 
865804288 | 253244     87 python3 124000     86 rviz2 74676      80 joint_state_pub 56316      58 ros2 
865546240 | 253244     87 python3 124000     86 rviz2 74676      80 joint_state_pub 56316      58 ros2 
865570816 | 253244     87 python3 124000     86 rviz2 74676      80 joint_state_pub 56316      58 ros2 
866066432 | 253244     87 python3 124000     86 rviz2 74676      80 joint_state_pub 56316      58 ros2 
866082816 | 253244     87 python3 124000     86 rviz2 74676      80 joint_state_pub 56316      58 ros2 
865812480 | 253244     87 python3 124000     86 rviz2 74676      80 joint_state_pub 56316      58 ros2 
865808384 | 253244     87 python3 124000     86 rviz2 74676      80 joint_state_pub 56316      58 ros2 
865533952 | 253244     87 python3 124000     86 rviz2 74676      80 joint_state_pub 56316      58 ros2 
865542144 | 253244     87 python3 124000     86 rviz2 74676      80 joint_state_pub 56316      58 ros2 
865755136 | 253244     87 python3 124000     86 rviz2 74676      80 joint_state_pub 56316      58 ros2 
865583104 | 253244     87 python3 124000     86 rviz2 74676      80 joint_state_pub 56316      58 ros2 
865812480 | 253244     87 python3 124000     86 rviz2 74676      80 joint_state_pub 56316      58 ros2 
865693696 | 253244     87 python3 124000     86 rviz2 74676      80 joint_state_pub 56316      58 ros2 
865550336 | 253244     87 python3 124000     86 rviz2 74676      80 joint_state_pub 56316      58 ros2 
865619968 | 253244     87 python3 124000     86 rviz2 74676      80 joint_state_pub 56316      58 ros2 
865505280 | 253244     87 python3 124000     86 rviz2 74676      80 joint_state_pub 56316      58 ros2 
865538048 | 253244     87 python3 124000     86 rviz2 74676      80 joint_state_pub 56316      58 ros2 
865955840 | 253244     87 python3 124000     86 rviz2 74676      80 joint_state_pub 56316      58 ros2 
865947648 | 253244     87 python3 124000     86 rviz2 74676      80 joint_state_pub 56316      58 ros2 
865546240 | 253244     87 python3 124000     86 rviz2 74676      80 joint_state_pub 56316      58 ros2 
865542144 | 253244     87 python3 124000     86 rviz2 74676      80 joint_state_pub 56316      58 ros2 
865767424 | 253244     87 python3 124000     86 rviz2 74676      80 joint_state_pub 56316      58 ros2 
865505280 | 253244     87 python3 124000     86 rviz2 74676      80 joint_state_pub 56316      58 ros2 
865804288 | 253244     87 python3 124000     86 rviz2 74676      80 joint_state_pub 56316      58 ros2 
865509376 | 253244     87 python3 124000     86 rviz2 74676      80 joint_state_pub 56316      58 ros2 
865538048 | 253244     87 python3 124000     86 rviz2 74676      80 joint_state_pub 56316      58 ros2 
865550336 | 253244     87 python3 124000     86 rviz2 74676      80 joint_state_pub 56316      58 ros2 
865660928 | 253244     87 python3 124000     86 rviz2 74676      80 joint_state_pub 56316      58 ros2 
865521664 | 253244     87 python3 124000     86 rviz2 74676      80 joint_state_pub 56316      58 ros2 
865599488 | 253244     87 python3 124000     86 rviz2 74676      80 joint_state_pub 56316      58 ros2 
865546240 | 253244     87 python3 124000     86 rviz2 74676      80 joint_state_pub 56316      58 ros2 
866082816 | 253244     87 python3 124000     86 rviz2 74676      80 joint_state_pub 56316      58 ros2 
865640448 | 253244     87 python3 124000     86 rviz2 74676      80 joint_state_pub 56316      58 ros2 
865812480 | 253244     87 python3 124000     86 rviz2 74676      80 joint_state_pub 56316      58 ros2 
866074624 | 253244     87 python3 124000     86 rviz2 74676      80 joint_state_pub 56316      58 ros2 
865656832 | 253244     87 python3 124004     86 rviz2 74676      80 joint_state_pub 56316      58 ros2 
865566720 | 253244     87 python3 124004     86 rviz2 74676      80 joint_state_pub 56316      58 ros2 
865603584 | 253244     87 python3 124004     86 rviz2 74676      80 joint_state_pub 56316      58 ros2 
865837056 | 253244     87 python3 124004     86 rviz2 74676      80 joint_state_pub 56316      58 ros2 
865611776 | 253244     87 python3 124004     86 rviz2 74676      80 joint_state_pub 56316      58 ros2 
866381824 | 253244     87 python3 124004     86 rviz2 74676      80 joint_state_pub 56316      58 ros2 
865574912 | 253244     87 python3 124004     86 rviz2 74676      80 joint_state_pub 56316      58 ros2 
865570816 | 253244     87 python3 124004     86 rviz2 74676      80 joint_state_pub 56316      58 ros2 
865832960 | 253244     87 python3 124004     86 rviz2 74676      80 joint_state_pub 56316      58 ros2 
865570816 | 253244     87 python3 124004     86 rviz2 74676      80 joint_state_pub 56316      58 ros2 
865849344 | 253244     87 python3 124004     86 rviz2 74676      80 joint_state_pub 56316      58 ros2 
865837056 | 253244     87 python3 124004     86 rviz2 74676      80 joint_state_pub 56316      58 ros2 
865570816 | 253244     87 python3 124004     86 rviz2 74676      80 joint_state_pub 56316      58 ros2 
865837056 | 253244     87 python3 124004     86 rviz2 74676      80 joint_state_pub 56316      58 ros2 
865832960 | 253244     87 python3 124004     86 rviz2 74676      80 joint_state_pub 56316      58 ros2 
866127872 | 253244     87 python3 124004     86 rviz2 74676      80 joint_state_pub 56316      58 ros2 
865452032 | 253244     87 python3 124004     86 rviz2 74676      80 joint_state_pub 56316      58 ros2 
866058240 | 253244     87 python3 124004     86 rviz2 74676      80 joint_state_pub 56316      58 ros2 
865996800 | 253244     87 python3 124004     86 rviz2 74676      80 joint_state_pub 56316      58 ros2 
865832960 | 253244     87 python3 124004     86 rviz2 74676      80 joint_state_pub 56316      58 ros2 
866193408 | 253244     87 python3 124004     86 rviz2 74676      80 joint_state_pub 56316      58 ros2 
865796096 | 253244     87 python3 124004     86 rviz2 74676      80 joint_state_pub 56316      58 ros2 
866299904 | 253244     87 python3 124004     86 rviz2 74676      80 joint_state_pub 56316      58 ros2 
865570816 | 253244     87 python3 124004     86 rviz2 74676      80 joint_state_pub 56316      58 ros2 
865832960 | 253244     87 python3 124004     86 rviz2 74676      80 joint_state_pub 56316      58 ros2 
865718272 | 253244     87 python3 124004     86 rviz2 74676      80 joint_state_pub 56316      58 ros2 
866029568 | 253244     87 python3 124004     86 rviz2 74676      80 joint_state_pub 56316      58 ros2 
866091008 | 253244     87 python3 124004     86 rviz2 74676      80 joint_state_pub 56316      58 ros2 
865828864 | 253244     87 python3 124004     86 rviz2 74676      80 joint_state_pub 56316      58 ros2 
865591296 | 253244     87 python3 124004     86 rviz2 74676      80 joint_state_pub 56316      58 ros2 
865837056 | 253244     87 python3 124004     86 rviz2 74676      80 joint_state_pub 56316      58 ros2 
866107392 | 253244     87 python3 124004     86 rviz2 74676      80 joint_state_pub 56316      58 ros2 
865705984 | 253244     87 python3 124004     86 rviz2 74676      80 joint_state_pub 56316      58 ros2 
865800192 | 253244     87 python3 124004     86 rviz2 74676      80 joint_state_pub 56316      58 ros2 
865587200 | 253244     87 python3 124004     86 rviz2 74676      80 joint_state_pub 56316      58 ros2 
865837056 | 253244     87 python3 124004     86 rviz2 74676      80 joint_state_pub 56316      58 ros2 
865955840 | 253244     87 python3 124004     86 rviz2 74676      80 joint_state_pub 56316      58 ros2 
866205696 | 253244     87 python3 124004     86 rviz2 74676      80 joint_state_pub 56316      58 ros2 
865841152 | 253244     87 python3 124004     86 rviz2 74676      80 joint_state_pub 56316      58 ros2 
865570816 | 253244     87 python3 124004     86 rviz2 74676      80 joint_state_pub 56316      58 ros2 
865898496 | 253244     87 python3 124004     86 rviz2 74676      80 joint_state_pub 56316      58 ros2 
866041856 | 253244     87 python3 124004     86 rviz2 74676      80 joint_state_pub 56316      58 ros2 
865837056 | 253244     87 python3 124004     86 rviz2 74676      80 joint_state_pub 56316      58 ros2 
865558528 | 253244     87 python3 124004     86 rviz2 74676      80 joint_state_pub 56316      58 ros2 
865849344 | 253244     87 python3 124004     86 rviz2 74676      80 joint_state_pub 56316      58 ros2 
865910784 | 253244     87 python3 124004     86 rviz2 74676      80 joint_state_pub 56316      58 ros2 
865837056 | 253244     87 python3 124004     86 rviz2 74676      80 joint_state_pub 56316      58 ros2 
865837056 | 253244     87 python3 124004     86 rviz2 74676      80 joint_state_pub 56316      58 ros2 
865579008 | 253244     87 python3 124004     86 rviz2 74676      80 joint_state_pub 56316      58 ros2 
865837056 | 253244     87 python3 124004     86 rviz2 74676      80 joint_state_pub 56316      58 ros2 
866361344 | 253244     87 python3 124004     86 rviz2 74676      80 joint_state_pub 56316      58 ros2 
865804288 | 253244     87 python3 124004     86 rviz2 74676      80 joint_state_pub 56316      58 ros2 
865837056 | 253244     87 python3 124004     86 rviz2 74676      80 joint_state_pub 56316      58 ros2 
865837056 | 253244     87 python3 124004     86 rviz2 74676      80 joint_state_pub 56316      58 ros2 
865845248 | 253244     87 python3 124004     86 rviz2 74676      80 joint_state_pub 56316      58 ros2 
865579008 | 253244     87 python3 124004     86 rviz2 74676      80 joint_state_pub 56316      58 ros2 
865464320 | 253244     87 python3 124004     86 rviz2 74676      80 joint_state_pub 56316      58 ros2 
865554432 | 253244     87 python3 124004     86 rviz2 74676      80 joint_state_pub 56316      58 ros2 
866103296 | 253244     87 python3 124004     86 rviz2 74676      80 joint_state_pub 56316      58 ros2 
866189312 | 253244     87 python3 124004     86 rviz2 74676      80 joint_state_pub 56316      58 ros2 
865796096 | 253244     87 python3 124004     86 rviz2 74676      80 joint_state_pub 56316      58 ros2 
865841152 | 253244     87 python3 124004     86 rviz2 74676      80 joint_state_pub 56316      58 ros2 
865853440 | 253244     87 python3 124004     86 rviz2 74676      80 joint_state_pub 56316      58 ros2 
865841152 | 253244     87 python3 124004     86 rviz2 74676      80 joint_state_pub 56316      58 ros2 
865837056 | 253244     87 python3 124004     86 rviz2 74676      80 joint_state_pub 56316      58 ros2 
865579008 | 253244     87 python3 124004     86 rviz2 74676      80 joint_state_pub 56316      58 ros2 
865984512 | 253244     87 python3 124004     86 rviz2 74676      80 joint_state_pub 56316      58 ros2 
865550336 | 253244     87 python3 124004     86 rviz2 74676      80 joint_state_pub 56316      58 ros2 
866021376 | 253244     87 python3 124004     86 rviz2 74676      80 joint_state_pub 56316      58 ros2 
865910784 | 253244     87 python3 124004     86 rviz2 74676      80 joint_state_pub 56316      58 ros2 
865845248 | 253244     87 python3 124004     86 rviz2 74676      80 joint_state_pub 56316      58 ros2 
865845248 | 253244     87 python3 124004     86 rviz2 74676      80 joint_state_pub 56316      58 ros2 
865566720 | 253244     87 python3 124004     86 rviz2 74676      80 joint_state_pub 56316      58 ros2 
866156544 | 253244     87 python3 124004     86 rviz2 74676      80 joint_state_pub 56316      58 ros2 
865869824 | 253244     87 python3 124004     86 rviz2 74676      80 joint_state_pub 56316      58 ros2 
866115584 | 253244     87 python3 124004     86 rviz2 74676      80 joint_state_pub 56316      58 ros2 
865845248 | 253244     87 python3 124004     86 rviz2 74676      80 joint_state_pub 56316      58 ros2 
865939456 | 253244     87 python3 124004     86 rviz2 74676      80 joint_state_pub 56316      58 ros2 
865935360 | 253244     87 python3 124004     86 rviz2 74676      80 joint_state_pub 56316      58 ros2 
866123776 | 253244     87 python3 124004     86 rviz2 74676      80 joint_state_pub 56316      58 ros2 
865808384 | 253244     87 python3 124004     86 rviz2 74676      80 joint_state_pub 56316      58 ros2 
865579008 | 253244     87 python3 124004     86 rviz2 74676      80 joint_state_pub 56316      58 ros2 
866234368 | 253244     87 python3 124004     86 rviz2 74676      80 joint_state_pub 56316      58 ros2 
866193408 | 253244     87 python3 124004     86 rviz2 74676      80 joint_state_pub 56316      58 ros2 
865763328 | 253244     87 python3 124004     86 rviz2 74676      80 joint_state_pub 56316      58 ros2 
865873920 | 253244     87 python3 124004     86 rviz2 74676      80 joint_state_pub 56316      58 ros2 
866111488 | 253244     87 python3 124004     86 rviz2 74676      80 joint_state_pub 56316      58 ros2 
865849344 | 253244     87 python3 124004     86 rviz2 74676      80 joint_state_pub 56316      58 ros2 
865665024 | 253244     87 python3 124004     86 rviz2 74676      80 joint_state_pub 56316      58 ros2 
865636352 | 253244     87 python3 124004     86 rviz2 74676      80 joint_state_pub 56316      58 ros2 
865583104 | 253244     87 python3 124004     86 rviz2 74676      80 joint_state_pub 56316      58 ros2 
866189312 | 253244     87 python3 124004     86 rviz2 74676      80 joint_state_pub 56316      58 ros2 
866369536 | 253244     87 python3 124004     86 rviz2 74676      80 joint_state_pub 56316      58 ros2 
865857536 | 253244     87 python3 124004     86 rviz2 74676      80 joint_state_pub 56316      58 ros2 
865558528 | 253244     87 python3 124004     86 rviz2 74676      80 joint_state_pub 56316      58 ros2 
866189312 | 253244     87 python3 124004     86 rviz2 74676      80 joint_state_pub 56316      58 ros2 
865665024 | 253244     87 python3 124004     86 rviz2 74676      80 joint_state_pub 56316      58 ros2 
865644544 | 253244     87 python3 124004     86 rviz2 74676      80 joint_state_pub 56316      58 ros2 
865697792 | 253244     87 python3 124004     86 rviz2 74676      80 joint_state_pub 56316      58 ros2 
866119680 | 253244     87 python3 124004     86 rviz2 74676      80 joint_state_pub 56316      58 ros2 
865808384 | 253244     87 python3 124004     86 rviz2 74676      80 joint_state_pub 56316      58 ros2 
866004992 | 253244     87 python3 124004     86 rviz2 74676      80 joint_state_pub 56316      58 ros2 
866332672 | 253244     87 python3 124004     86 rviz2 74676      80 joint_state_pub 56316      58 ros2 
865587200 | 253244     87 python3 124004     86 rviz2 74676      80 joint_state_pub 56316      58 ros2 
865734656 | 253244     87 python3 124004     86 rviz2 74676      80 joint_state_pub 56316      58 ros2 
865857536 | 253244     87 python3 124004     86 rviz2 74676      80 joint_state_pub 56316      58 ros2 
866119680 | 253244     87 python3 124004     86 rviz2 74676      80 joint_state_pub 56316      58 ros2 
865861632 | 253244     87 python3 124004     86 rviz2 74676      80 joint_state_pub 56316      58 ros2 
865992704 | 253244     87 python3 124004     86 rviz2 74676      80 joint_state_pub 56316      58 ros2 
866111488 | 253244     87 python3 124004     86 rviz2 74676      80 joint_state_pub 56316      58 ros2 
866263040 | 253244     87 python3 124004     86 rviz2 74676      80 joint_state_pub 56316      58 ros2 
865914880 | 253244     87 python3 124004     86 rviz2 74676      80 joint_state_pub 56316      58 ros2 
865579008 | 253244     87 python3 124004     86 rviz2 74676      80 joint_state_pub 56316      58 ros2 
865849344 | 253244     87 python3 124004     86 rviz2 74676      80 joint_state_pub 56316      58 ros2 
866226176 | 253244     87 python3 124004     86 rviz2 74676      80 joint_state_pub 56316      58 ros2 
865779712 | 253244     87 python3 124004     86 rviz2 74676      80 joint_state_pub 56316      58 ros2 
865628160 | 253244     87 python3 124004     86 rviz2 74676      80 joint_state_pub 56316      58 ros2 
865968128 | 253244     87 python3 124004     86 rviz2 74676      80 joint_state_pub 56316      58 ros2 
865845248 | 253244     87 python3 124004     86 rviz2 74676      80 joint_state_pub 56316      58 ros2 
865853440 | 253244     87 python3 124004     86 rviz2 74676      80 joint_state_pub 56316      58 ros2 
865849344 | 253244     87 python3 124004     86 rviz2 74676      80 joint_state_pub 56316      58 ros2 
866353152 | 253244     87 python3 124004     86 rviz2 74676      80 joint_state_pub 56316      58 ros2 
865595392 | 253244     87 python3 124004     86 rviz2 74676      80 joint_state_pub 56316      58 ros2 
866250752 | 253244     87 python3 124004     86 rviz2 74676      80 joint_state_pub 56316      58 ros2 
865820672 | 253244     87 python3 124004     86 rviz2 74676      80 joint_state_pub 56316      58 ros2 
865849344 | 253244     87 python3 124108     86 rviz2 74676      80 joint_state_pub 56316      58 ros2 
866127872 | 253244     87 python3 124108     86 rviz2 74676      80 joint_state_pub 56316      58 ros2 
865591296 | 253244     87 python3 124108     86 rviz2 74676      80 joint_state_pub 56316      58 ros2 
865587200 | 253244     87 python3 124108     86 rviz2 74676      80 joint_state_pub 56316      58 ros2 
865533952 | 253244     87 python3 124108     86 rviz2 74676      80 joint_state_pub 56316      58 ros2 
865636352 | 253244     87 python3 124212     86 rviz2 74676      80 joint_state_pub 56316      58 ros2 
865959936 | 253244     87 python3 124260     86 rviz2 74676      80 joint_state_pub 56316      58 ros2 
865570816 | 253244     87 python3 124260     86 rviz2 74676      80 joint_state_pub 56316      58 ros2 
866213888 | 253244     87 python3 124260     86 rviz2 74676      80 joint_state_pub 56316      58 ros2 
886681600 | 253244     87 python3 138820     86 rviz2 74676      80 joint_state_pub 56316      58 ros2 
897355776 | 254600     87 python3 148608     86 rviz2 75468      80 joint_state_pub 57024      58 ros2 
897728512 | 254600     87 python3 148652     86 rviz2 75468      80 joint_state_pub 57024      58 ros2 
897667072 | 254600     87 python3 148652     86 rviz2 75468      80 joint_state_pub 57024      58 ros2 
899743744 | 254600     87 python3 151580     86 rviz2 75468      80 joint_state_pub 57024      58 ros2 
900698112 | 254600     87 python3 151668     86 rviz2 75468      80 joint_state_pub 57024      58 ros2 
900890624 | 254600     87 python3 151684     86 rviz2 75468      80 joint_state_pub 57024      58 ros2 
901218304 | 254600     87 python3 151688     86 rviz2 75468      80 joint_state_pub 57024      58 ros2 
900771840 | 254600     87 python3 151700     86 rviz2 75468      80 joint_state_pub 57024      58 ros2 
900468736 | 254600     87 python3 151704     86 rviz2 75468      80 joint_state_pub 57024      58 ros2 
901472256 | 254600     87 python3 152408     86 rviz2 75468      80 joint_state_pub 57024      58 ros2 
901480448 | 254600     87 python3 152408     86 rviz2 75468      80 joint_state_pub 57024      58 ros2 
901451776 | 254600     87 python3 152412     86 rviz2 75468      80 joint_state_pub 57024      58 ros2 
901521408 | 254600     87 python3 152416     86 rviz2 75468      80 joint_state_pub 57024      58 ros2 
901271552 | 254600     87 python3 152420     86 rviz2 75468      80 joint_state_pub 57024      58 ros2 
901738496 | 254600     87 python3 152424     86 rviz2 75468      80 joint_state_pub 57024      58 ros2 
901234688 | 254600     87 python3 152428     86 rviz2 75468      80 joint_state_pub 57024      58 ros2 
901677056 | 254600     87 python3 152432     86 rviz2 75468      80 joint_state_pub 57024      58 ros2 
901496832 | 254600     87 python3 152432     86 rviz2 75468      80 joint_state_pub 57024      58 ros2 
901304320 | 254600     87 python3 152432     86 rviz2 75468      80 joint_state_pub 57024      58 ros2 
901185536 | 254600     87 python3 152432     86 rviz2 75468      80 joint_state_pub 57024      58 ros2 
901513216 | 254600     87 python3 152432     86 rviz2 75468      80 joint_state_pub 57024      58 ros2 
902496256 | 254600     87 python3 153072     86 rviz2 75468      80 joint_state_pub 57024      58 ros2 
902672384 | 254600     87 python3 153072     86 rviz2 75468      80 joint_state_pub 57024      58 ros2 
902111232 | 254600     87 python3 153072     86 rviz2 75468      80 joint_state_pub 57024      58 ros2 
902041600 | 254600     87 python3 153072     86 rviz2 75468      80 joint_state_pub 57024      58 ros2 
901947392 | 254600     87 python3 153072     86 rviz2 75468      80 joint_state_pub 57024      58 ros2 
902139904 | 254600     87 python3 153072     86 rviz2 75468      80 joint_state_pub 57024      58 ros2 
902369280 | 254600     87 python3 153072     86 rviz2 75468      80 joint_state_pub 57024      58 ros2 
902270976 | 254600     87 python3 153072     86 rviz2 75468      80 joint_state_pub 57024      58 ros2 
902303744 | 254600     87 python3 153072     86 rviz2 75468      80 joint_state_pub 57024      58 ros2 
902463488 | 254600     87 python3 153072     86 rviz2 75468      80 joint_state_pub 57024      58 ros2 
901951488 | 254600     87 python3 153072     86 rviz2 75468      80 joint_state_pub 57024      58 ros2 
902144000 | 254600     87 python3 153072     86 rviz2 75468      80 joint_state_pub 57024      58 ros2 
902148096 | 254600     87 python3 153072     86 rviz2 75468      80 joint_state_pub 57024      58 ros2 
902230016 | 254600     87 python3 153072     86 rviz2 75468      80 joint_state_pub 57024      58 ros2 
902127616 | 254600     87 python3 153228     86 rviz2 75468      80 joint_state_pub 57024      58 ros2 
902172672 | 254600     87 python3 153228     86 rviz2 75468      80 joint_state_pub 57024      58 ros2 
902070272 | 254600     87 python3 153228     86 rviz2 75468      80 joint_state_pub 57024      58 ros2 
902176768 | 254600     87 python3 153228     86 rviz2 75468      80 joint_state_pub 57024      58 ros2 
902172672 | 254600     87 python3 153228     86 rviz2 75468      80 joint_state_pub 57024      58 ros2 
902029312 | 254600     87 python3 153228     86 rviz2 75468      80 joint_state_pub 57024      58 ros2 
902299648 | 254600     87 python3 153228     86 rviz2 75468      80 joint_state_pub 57024      58 ros2 
902279168 | 254600     87 python3 153228     86 rviz2 75468      80 joint_state_pub 57024      58 ros2 
902299648 | 254600     87 python3 153228     86 rviz2 75468      80 joint_state_pub 57024      58 ros2 
902066176 | 254600     87 python3 153228     86 rviz2 75468      80 joint_state_pub 57024      58 ros2 
902070272 | 254600     87 python3 153228     86 rviz2 75468      80 joint_state_pub 57024      58 ros2 
902246400 | 254600     87 python3 153416     86 rviz2 75468      80 joint_state_pub 57024      58 ros2 
902275072 | 254600     87 python3 153416     86 rviz2 75468      80 joint_state_pub 57024      58 ros2 
902070272 | 254600     87 python3 153416     86 rviz2 75468      80 joint_state_pub 57024      58 ros2 
902074368 | 254600     87 python3 153416     86 rviz2 75468      80 joint_state_pub 57024      58 ros2 
902213632 | 254600     87 python3 153416     86 rviz2 75468      80 joint_state_pub 57024      58 ros2 
902496256 | 254600     87 python3 153416     86 rviz2 75468      80 joint_state_pub 57024      58 ros2 
902033408 | 254600     87 python3 153416     86 rviz2 75468      80 joint_state_pub 57024      58 ros2 
902344704 | 254600     87 python3 153416     86 rviz2 75468      80 joint_state_pub 57024      58 ros2 
902283264 | 254600     87 python3 153416     86 rviz2 75468      80 joint_state_pub 57024      58 ros2 
902283264 | 254600     87 python3 153416     86 rviz2 75468      80 joint_state_pub 57024      58 ros2 
902086656 | 254600     87 python3 153416     86 rviz2 75468      80 joint_state_pub 57024      58 ros2 
902373376 | 254600     87 python3 153416     86 rviz2 75468      80 joint_state_pub 57024      58 ros2 
902344704 | 254600     87 python3 153416     86 rviz2 75468      80 joint_state_pub 57024      58 ros2 
902197248 | 254600     87 python3 153416     86 rviz2 75468      80 joint_state_pub 57024      58 ros2 
902287360 | 254600     87 python3 153416     86 rviz2 75468      80 joint_state_pub 57024      58 ros2 
902328320 | 254600     87 python3 153416     86 rviz2 75468      80 joint_state_pub 57024      58 ros2 
902053888 | 254600     87 python3 153416     86 rviz2 75468      80 joint_state_pub 57024      58 ros2 
902610944 | 254600     87 python3 153416     86 rviz2 75468      80 joint_state_pub 57024      58 ros2 
902529024 | 254600     87 python3 153416     86 rviz2 75468      80 joint_state_pub 57024      58 ros2 
902127616 | 254600     87 python3 153416     86 rviz2 75468      80 joint_state_pub 57024      58 ros2 
902270976 | 254600     87 python3 153416     86 rviz2 75468      80 joint_state_pub 57024      58 ros2 
902299648 | 254600     87 python3 153416     86 rviz2 75468      80 joint_state_pub 57024      58 ros2 
902242304 | 254600     87 python3 153416     86 rviz2 75468      80 joint_state_pub 57024      58 ros2 
902270976 | 254600     87 python3 153416     86 rviz2 75468      80 joint_state_pub 57024      58 ros2 
902373376 | 254600     87 python3 153416     86 rviz2 75468      80 joint_state_pub 57024      58 ros2 
902328320 | 254600     87 python3 153416     86 rviz2 75468      80 joint_state_pub 57024      58 ros2 
902270976 | 254600     87 python3 153416     86 rviz2 75468      80 joint_state_pub 57024      58 ros2 
902254592 | 254600     87 python3 153416     86 rviz2 75468      80 joint_state_pub 57024      58 ros2 
902557696 | 254600     87 python3 153416     86 rviz2 75468      80 joint_state_pub 57024      58 ros2 
902230016 | 254600     87 python3 153416     86 rviz2 75468      80 joint_state_pub 57024      58 ros2 
902221824 | 254600     87 python3 153416     86 rviz2 75468      80 joint_state_pub 57024      58 ros2 
902553600 | 254600     87 python3 153416     86 rviz2 75468      80 joint_state_pub 57024      58 ros2 
902094848 | 254600     87 python3 153416     86 rviz2 75468      80 joint_state_pub 57024      58 ros2 
902426624 | 254600     87 python3 153416     86 rviz2 75468      80 joint_state_pub 57024      58 ros2 
902320128 | 254600     87 python3 153416     86 rviz2 75468      80 joint_state_pub 57024      58 ros2 
902107136 | 254600     87 python3 153416     86 rviz2 75468      80 joint_state_pub 57024      58 ros2 
902287360 | 254600     87 python3 153416     86 rviz2 75468      80 joint_state_pub 57024      58 ros2 
902336512 | 254600     87 python3 153416     86 rviz2 75468      80 joint_state_pub 57024      58 ros2 
902184960 | 254600     87 python3 153416     86 rviz2 75468      80 joint_state_pub 57024      58 ros2 
902361088 | 254600     87 python3 153416     86 rviz2 75468      80 joint_state_pub 57024      58 ros2 
902320128 | 254600     87 python3 153416     86 rviz2 75468      80 joint_state_pub 57024      58 ros2 
902172672 | 254600     87 python3 153416     86 rviz2 75468      80 joint_state_pub 57024      58 ros2 
902680576 | 254600     87 python3 153416     86 rviz2 75468      80 joint_state_pub 57024      58 ros2 
902549504 | 254600     87 python3 153416     86 rviz2 75468      80 joint_state_pub 57024      58 ros2 
902168576 | 254600     87 python3 153416     86 rviz2 75468      80 joint_state_pub 57024      58 ros2 
902291456 | 254600     87 python3 153416     86 rviz2 75468      80 joint_state_pub 57024      58 ros2 
902471680 | 254600     87 python3 153416     86 rviz2 75468      80 joint_state_pub 57024      58 ros2 
902098944 | 254600     87 python3 153416     86 rviz2 75468      80 joint_state_pub 57024      58 ros2 
902098944 | 254600     87 python3 153416     86 rviz2 75468      80 joint_state_pub 57024      58 ros2 
902131712 | 254600     87 python3 153416     86 rviz2 75468      80 joint_state_pub 57024      58 ros2 
902066176 | 254600     87 python3 153416     86 rviz2 75468      80 joint_state_pub 57024      58 ros2 
902352896 | 254600     87 python3 153416     86 rviz2 75468      80 joint_state_pub 57024      58 ros2 
902266880 | 254600     87 python3 153416     86 rviz2 75468      80 joint_state_pub 57024      58 ros2 
902098944 | 254600     87 python3 153416     86 rviz2 75468      80 joint_state_pub 57024      58 ros2 
902205440 | 254600     87 python3 153416     86 rviz2 75468      80 joint_state_pub 57024      58 ros2 
902037504 | 254600     87 python3 153416     86 rviz2 75468      80 joint_state_pub 57024      58 ros2 
902299648 | 254600     87 python3 153416     86 rviz2 75468      80 joint_state_pub 57024      58 ros2 
902328320 | 254600     87 python3 153416     86 rviz2 75468      80 joint_state_pub 57024      58 ros2 
902922240 | 254600     87 python3 153416     86 rviz2 75468      80 joint_state_pub 57024      58 ros2 
902119424 | 254600     87 python3 153416     86 rviz2 75468      80 joint_state_pub 57024      58 ros2 
902119424 | 254600     87 python3 153416     86 rviz2 75468      80 joint_state_pub 57024      58 ros2 
902402048 | 254600     87 python3 153416     86 rviz2 75468      80 joint_state_pub 57024      58 ros2 
902103040 | 254600     87 python3 153416     86 rviz2 75468      80 joint_state_pub 57024      58 ros2 
902406144 | 254600     87 python3 153416     86 rviz2 75468      80 joint_state_pub 57024      58 ros2 
902111232 | 254600     87 python3 153416     86 rviz2 75468      80 joint_state_pub 57024      58 ros2 
902295552 | 254600     87 python3 153416     86 rviz2 75468      80 joint_state_pub 57024      58 ros2 
901980160 | 254600     87 python3 153416     86 rviz2 75468      80 joint_state_pub 57024      58 ros2 
902164480 | 254600     87 python3 153416     86 rviz2 75468      80 joint_state_pub 57024      58 ros2 
902098944 | 254600     87 python3 153416     86 rviz2 75468      80 joint_state_pub 57024      58 ros2 
902361088 | 254600     87 python3 153416     86 rviz2 75468      80 joint_state_pub 57024      58 ros2 
902238208 | 254600     87 python3 153416     86 rviz2 75468      80 joint_state_pub 57024      58 ros2 
902385664 | 254600     87 python3 153416     86 rviz2 75468      80 joint_state_pub 57024      58 ros2 
902414336 | 254600     87 python3 153416     86 rviz2 75468      80 joint_state_pub 57024      58 ros2 
902123520 | 254600     87 python3 153416     86 rviz2 75468      80 joint_state_pub 57024      58 ros2 
902074368 | 254600     87 python3 153416     86 rviz2 75468      80 joint_state_pub 57024      58 ros2 
902303744 | 254600     87 python3 153416     86 rviz2 75468      80 joint_state_pub 57024      58 ros2 
902021120 | 254600     87 python3 153416     86 rviz2 75468      80 joint_state_pub 57024      58 ros2 
902111232 | 254600     87 python3 153416     86 rviz2 75468      80 joint_state_pub 57024      58 ros2 
902107136 | 254600     87 python3 153416     86 rviz2 75468      80 joint_state_pub 57024      58 ros2 
902574080 | 254600     87 python3 153416     86 rviz2 75468      80 joint_state_pub 57024      58 ros2 
902254592 | 254600     87 python3 153416     86 rviz2 75468      80 joint_state_pub 57024      58 ros2 
902172672 | 254600     87 python3 153416     86 rviz2 75468      80 joint_state_pub 57024      58 ros2 
902438912 | 254600     87 python3 153416     86 rviz2 75468      80 joint_state_pub 57024      58 ros2 
902905856 | 254600     87 python3 153416     86 rviz2 75468      80 joint_state_pub 57024      58 ros2 
902402048 | 254600     87 python3 153416     86 rviz2 75468      80 joint_state_pub 57024      58 ros2 
902111232 | 254600     87 python3 153416     86 rviz2 75468      80 joint_state_pub 57024      58 ros2 
902299648 | 254600     87 python3 153416     86 rviz2 75468      80 joint_state_pub 57024      58 ros2 
902246400 | 254600     87 python3 153416     86 rviz2 75468      80 joint_state_pub 57024      58 ros2 
902541312 | 254600     87 python3 153416     86 rviz2 75468      80 joint_state_pub 57024      58 ros2 
902336512 | 254600     87 python3 153416     86 rviz2 75468      80 joint_state_pub 57024      58 ros2 
901992448 | 254600     87 python3 153416     86 rviz2 75468      80 joint_state_pub 57024      58 ros2 
902189056 | 254600     87 python3 153416     86 rviz2 75468      80 joint_state_pub 57024      58 ros2 
902340608 | 254600     87 python3 153416     86 rviz2 75468      80 joint_state_pub 57024      58 ros2 
902320128 | 254600     87 python3 153416     86 rviz2 75468      80 joint_state_pub 57024      58 ros2 
902234112 | 254600     87 python3 153416     86 rviz2 75468      80 joint_state_pub 57024      58 ros2 
902582272 | 254600     87 python3 153416     86 rviz2 75468      80 joint_state_pub 57024      58 ros2 
902344704 | 254600     87 python3 153416     86 rviz2 75468      80 joint_state_pub 57024      58 ros2 
902336512 | 254600     87 python3 153416     86 rviz2 75468      80 joint_state_pub 57024      58 ros2 
902623232 | 254600     87 python3 153416     86 rviz2 75468      80 joint_state_pub 57024      58 ros2 
902189056 | 254600     87 python3 153416     86 rviz2 75468      80 joint_state_pub 57024      58 ros2 
902180864 | 254600     87 python3 153416     86 rviz2 75468      80 joint_state_pub 57024      58 ros2 
902320128 | 254600     87 python3 153416     86 rviz2 75468      80 joint_state_pub 57024      58 ros2 
902111232 | 254600     87 python3 153416     86 rviz2 75468      80 joint_state_pub 57024      58 ros2 
902111232 | 254600     87 python3 153416     86 rviz2 75468      80 joint_state_pub 57024      58 ros2 
902373376 | 254600     87 python3 153416     86 rviz2 75468      80 joint_state_pub 57024      58 ros2 
902475776 | 254600     87 python3 153416     86 rviz2 75468      80 joint_state_pub 57024      58 ros2 
902610944 | 254600     87 python3 153416     86 rviz2 75468      80 joint_state_pub 57024      58 ros2 
902295552 | 254600     87 python3 153416     86 rviz2 75468      80 joint_state_pub 57024      58 ros2 
902488064 | 254600     87 python3 153416     86 rviz2 75468      80 joint_state_pub 57024      58 ros2 
902225920 | 254600     87 python3 153416     86 rviz2 75468      80 joint_state_pub 57024      58 ros2 
901996544 | 254600     87 python3 153416     86 rviz2 75468      80 joint_state_pub 57024      58 ros2 
902000640 | 254600     87 python3 153416     86 rviz2 75468      80 joint_state_pub 57024      58 ros2 
902017024 | 254600     87 python3 153416     86 rviz2 75468      80 joint_state_pub 57024      58 ros2 
902422528 | 254600     87 python3 153416     86 rviz2 75468      80 joint_state_pub 57024      58 ros2 
902221824 | 254600     87 python3 153416     86 rviz2 75468      80 joint_state_pub 57024      58 ros2 
902217728 | 254600     87 python3 153416     86 rviz2 75468      80 joint_state_pub 57024      58 ros2 
902447104 | 254600     87 python3 153416     86 rviz2 75468      80 joint_state_pub 57024      58 ros2 
902389760 | 254600     87 python3 153416     86 rviz2 75468      80 joint_state_pub 57024      58 ros2 
902332416 | 254600     87 python3 153416     86 rviz2 75468      80 joint_state_pub 57024      58 ros2 
902311936 | 254600     87 python3 153416     86 rviz2 75468      80 joint_state_pub 57024      58 ros2 
902561792 | 254600     87 python3 153416     86 rviz2 75468      80 joint_state_pub 57024      58 ros2 
902316032 | 254600     87 python3 153416     86 rviz2 75468      80 joint_state_pub 57024      58 ros2 
902086656 | 254600     87 python3 153416     86 rviz2 75468      80 joint_state_pub 57024      58 ros2 
902287360 | 254600     87 python3 153416     86 rviz2 75468      80 joint_state_pub 57024      58 ros2 
902144000 | 254600     87 python3 153416     86 rviz2 75468      80 joint_state_pub 57024      58 ros2 
902504448 | 254600     87 python3 153416     86 rviz2 75468      80 joint_state_pub 57024      58 ros2 
902508544 | 254600     87 python3 153416     86 rviz2 75468      80 joint_state_pub 57024      58 ros2 
903008256 | 254600     87 python3 153416     86 rviz2 75468      80 joint_state_pub 57024      58 ros2 
902250496 | 254600     87 python3 153416     86 rviz2 75468      80 joint_state_pub 57024      58 ros2 
902373376 | 254600     87 python3 153416     86 rviz2 75468      80 joint_state_pub 57024      58 ros2 
902008832 | 254600     87 python3 153416     86 rviz2 75468      80 joint_state_pub 57024      58 ros2 
902410240 | 254600     87 python3 153416     86 rviz2 75468      80 joint_state_pub 57024      58 ros2 
902328320 | 254600     87 python3 153416     86 rviz2 75468      80 joint_state_pub 57024      58 ros2 
902508544 | 254600     87 python3 153416     86 rviz2 75468      80 joint_state_pub 57024      58 ros2 
902262784 | 254600     87 python3 153416     86 rviz2 75468      80 joint_state_pub 57024      58 ros2 
902164480 | 254600     87 python3 153416     86 rviz2 75468      80 joint_state_pub 57024      58 ros2 
902270976 | 254600     87 python3 153416     86 rviz2 75468      80 joint_state_pub 57024      58 ros2 
902103040 | 254600     87 python3 153416     86 rviz2 75468      80 joint_state_pub 57024      58 ros2 
902430720 | 254600     87 python3 153416     86 rviz2 75468      80 joint_state_pub 57024      58 ros2 
902590464 | 254600     87 python3 153416     86 rviz2 75468      80 joint_state_pub 57024      58 ros2 
902328320 | 254600     87 python3 153416     86 rviz2 75468      80 joint_state_pub 57024      58 ros2 
902389760 | 254600     87 python3 153416     86 rviz2 75468      80 joint_state_pub 57024      58 ros2 
902414336 | 254600     87 python3 153416     86 rviz2 75468      80 joint_state_pub 57024      58 ros2 
902356992 | 254600     87 python3 153416     86 rviz2 75468      80 joint_state_pub 57024      58 ros2 
902348800 | 254600     87 python3 153416     86 rviz2 75468      80 joint_state_pub 57024      58 ros2 
902533120 | 254600     87 python3 153416     86 rviz2 75468      80 joint_state_pub 57024      58 ros2 
902168576 | 254600     87 python3 153416     86 rviz2 75468      80 joint_state_pub 57024      58 ros2 
902332416 | 254600     87 python3 153416     86 rviz2 75468      80 joint_state_pub 57024      58 ros2 
902578176 | 254600     87 python3 153416     86 rviz2 75468      80 joint_state_pub 57024      58 ros2 
902316032 | 254600     87 python3 153416     86 rviz2 75468      80 joint_state_pub 57024      58 ros2 
902361088 | 254600     87 python3 153416     86 rviz2 75468      80 joint_state_pub 57024      58 ros2 
902062080 | 254600     87 python3 153416     86 rviz2 75468      80 joint_state_pub 57024      58 ros2 
902602752 | 254600     87 python3 153416     86 rviz2 75468      80 joint_state_pub 57024      58 ros2 
902320128 | 254600     87 python3 153416     86 rviz2 75468      80 joint_state_pub 57024      58 ros2 
902189056 | 254600     87 python3 153416     86 rviz2 75468      80 joint_state_pub 57024      58 ros2 
902356992 | 254600     87 python3 153416     86 rviz2 75468      80 joint_state_pub 57024      58 ros2 
902275072 | 254600     87 python3 153416     86 rviz2 75468      80 joint_state_pub 57024      58 ros2 
902311936 | 254600     87 python3 153416     86 rviz2 75468      80 joint_state_pub 57024      58 ros2 
902397952 | 254600     87 python3 153416     86 rviz2 75468      80 joint_state_pub 57024      58 ros2 
902098944 | 254600     87 python3 153416     86 rviz2 75468      80 joint_state_pub 57024      58 ros2 
902234112 | 254600     87 python3 153416     86 rviz2 75468      80 joint_state_pub 57024      58 ros2 
902098944 | 254600     87 python3 153416     86 rviz2 75468      80 joint_state_pub 57024      58 ros2 
902164480 | 254600     87 python3 153416     86 rviz2 75468      80 joint_state_pub 57024      58 ros2 
902332416 | 254600     87 python3 153416     86 rviz2 75468      80 joint_state_pub 57024      58 ros2 
902459392 | 254600     87 python3 153416     86 rviz2 75468      80 joint_state_pub 57024      58 ros2 
902393856 | 254600     87 python3 153416     86 rviz2 75468      80 joint_state_pub 57024      58 ros2 
902352896 | 254600     87 python3 153416     86 rviz2 75468      80 joint_state_pub 57024      58 ros2 
902582272 | 254600     87 python3 153416     86 rviz2 75468      80 joint_state_pub 57024      58 ros2 
902291456 | 254600     87 python3 153416     86 rviz2 75468      80 joint_state_pub 57024      58 ros2 
902553600 | 254600     87 python3 153416     86 rviz2 75468      80 joint_state_pub 57024      58 ros2 
902377472 | 254600     87 python3 153416     86 rviz2 75468      80 joint_state_pub 57024      58 ros2 
902336512 | 254600     87 python3 153416     86 rviz2 75468      80 joint_state_pub 57024      58 ros2 
902606848 | 254600     87 python3 153416     86 rviz2 75468      80 joint_state_pub 57024      58 ros2 
902107136 | 254600     87 python3 153416     86 rviz2 75468      80 joint_state_pub 57024      58 ros2 
902447104 | 254600     87 python3 153416     86 rviz2 75468      80 joint_state_pub 57024      58 ros2 
902356992 | 254600     87 python3 153416     86 rviz2 75468      80 joint_state_pub 57024      58 ros2 
902152192 | 254600     87 python3 153416     86 rviz2 75468      80 joint_state_pub 57024      58 ros2 
901976064 | 254600     87 python3 153416     86 rviz2 75468      80 joint_state_pub 57024      58 ros2 
902275072 | 254600     87 python3 153416     86 rviz2 75468      80 joint_state_pub 57024      58 ros2 
902094848 | 254600     87 python3 153416     86 rviz2 75468      80 joint_state_pub 57024      58 ros2 
902328320 | 254600     87 python3 153416     86 rviz2 75468      80 joint_state_pub 57024      58 ros2 
902344704 | 254600     87 python3 153416     86 rviz2 75468      80 joint_state_pub 57024      58 ros2 
902512640 | 254600     87 python3 153416     86 rviz2 75468      80 joint_state_pub 57024      58 ros2 
901980160 | 254600     87 python3 153416     86 rviz2 75468      80 joint_state_pub 57024      58 ros2 
902316032 | 254600     87 python3 153416     86 rviz2 75468      80 joint_state_pub 57024      58 ros2 
902279168 | 254600     87 python3 153416     86 rviz2 75468      80 joint_state_pub 57024      58 ros2 
902590464 | 254600     87 python3 153416     86 rviz2 75468      80 joint_state_pub 57024      58 ros2 
902586368 | 254600     87 python3 153416     86 rviz2 75468      80 joint_state_pub 57024      58 ros2 
902131712 | 254600     87 python3 153416     86 rviz2 75468      80 joint_state_pub 57024      58 ros2 
902139904 | 254600     87 python3 153416     86 rviz2 75468      80 joint_state_pub 57024      58 ros2 
902397952 | 254600     87 python3 153416     86 rviz2 75468      80 joint_state_pub 57024      58 ros2 
902410240 | 254600     87 python3 153416     86 rviz2 75468      80 joint_state_pub 57024      58 ros2 
902307840 | 254600     87 python3 153416     86 rviz2 75468      80 joint_state_pub 57024      58 ros2 
902307840 | 254600     87 python3 153416     86 rviz2 75468      80 joint_state_pub 57024      58 ros2 
902438912 | 254600     87 python3 153416     86 rviz2 75468      80 joint_state_pub 57024      58 ros2 
902180864 | 254600     87 python3 153416     86 rviz2 75468      80 joint_state_pub 57024      58 ros2 
902074368 | 254600     87 python3 153416     86 rviz2 75468      80 joint_state_pub 57024      58 ros2 
902197248 | 254600     87 python3 153416     86 rviz2 75468      80 joint_state_pub 57024      58 ros2 
902582272 | 254600     87 python3 153416     86 rviz2 75468      80 joint_state_pub 57024      58 ros2 
902414336 | 254600     87 python3 153416     86 rviz2 75468      80 joint_state_pub 57024      58 ros2 
902475776 | 254600     87 python3 153416     86 rviz2 75468      80 joint_state_pub 57024      58 ros2 
902135808 | 254600     87 python3 153416     86 rviz2 75468      80 joint_state_pub 57024      58 ros2 
902152192 | 254600     87 python3 153416     86 rviz2 75468      80 joint_state_pub 57024      58 ros2 
902397952 | 254600     87 python3 153416     86 rviz2 75468      80 joint_state_pub 57024      58 ros2 
902287360 | 254600     87 python3 153416     86 rviz2 75468      80 joint_state_pub 57024      58 ros2 
902402048 | 254600     87 python3 153416     86 rviz2 75468      80 joint_state_pub 57024      58 ros2 
902426624 | 254600     87 python3 153416     86 rviz2 75468      80 joint_state_pub 57024      58 ros2 
902283264 | 254600     87 python3 153416     86 rviz2 75468      80 joint_state_pub 57024      58 ros2 
902258688 | 254600     87 python3 153416     86 rviz2 75468      80 joint_state_pub 57024      58 ros2 
902430720 | 254600     87 python3 153416     86 rviz2 75468      80 joint_state_pub 57024      58 ros2 
902176768 | 254600     87 python3 153416     86 rviz2 75468      80 joint_state_pub 57024      58 ros2 
902156288 | 254600     87 python3 153416     86 rviz2 75468      80 joint_state_pub 57024      58 ros2 
902635520 | 254600     87 python3 153416     86 rviz2 75468      80 joint_state_pub 57024      58 ros2 
902275072 | 254600     87 python3 153416     86 rviz2 75468      80 joint_state_pub 57024      58 ros2 
902897664 | 254600     87 python3 153416     86 rviz2 75468      80 joint_state_pub 57024      58 ros2 
902533120 | 254600     87 python3 153416     86 rviz2 75468      80 joint_state_pub 57024      58 ros2 
902410240 | 254600     87 python3 153416     86 rviz2 75468      80 joint_state_pub 57024      58 ros2 
902148096 | 254600     87 python3 153416     86 rviz2 75468      80 joint_state_pub 57024      58 ros2 
902582272 | 254600     87 python3 153416     86 rviz2 75468      80 joint_state_pub 57024      58 ros2 
902418432 | 254600     87 python3 153416     86 rviz2 75468      80 joint_state_pub 57024      58 ros2 
902377472 | 254600     87 python3 153416     86 rviz2 75468      80 joint_state_pub 57024      58 ros2 
902148096 | 254600     87 python3 153416     86 rviz2 75468      80 joint_state_pub 57024      58 ros2 
902144000 | 254600     87 python3 153416     86 rviz2 75468      80 joint_state_pub 57024      58 ros2 
902242304 | 254600     87 python3 153416     86 rviz2 75468      80 joint_state_pub 57024      58 ros2 
902189056 | 254600     87 python3 153416     86 rviz2 75468      80 joint_state_pub 57024      58 ros2 
902144000 | 254600     87 python3 153416     86 rviz2 75468      80 joint_state_pub 57024      58 ros2 
902148096 | 254600     87 python3 153416     86 rviz2 75468      80 joint_state_pub 57024      58 ros2 
902152192 | 254600     87 python3 153416     86 rviz2 75468      80 joint_state_pub 57024      58 ros2 
902111232 | 254600     87 python3 153416     86 rviz2 75468      80 joint_state_pub 57024      58 ros2 
902258688 | 254600     87 python3 153416     86 rviz2 75468      80 joint_state_pub 57024      58 ros2 
902307840 | 254600     87 python3 153480     86 rviz2 75468      80 joint_state_pub 57024      58 ros2 
902144000 | 254600     87 python3 153480     86 rviz2 75468      80 joint_state_pub 57024      58 ros2 
902254592 | 254600     87 python3 153480     86 rviz2 75468      80 joint_state_pub 57024      58 ros2 
902258688 | 254600     87 python3 153480     86 rviz2 75468      80 joint_state_pub 57024      58 ros2 
902258688 | 254600     87 python3 153480     86 rviz2 75468      80 joint_state_pub 57024      58 ros2 
902520832 | 254600     87 python3 153480     86 rviz2 75468      80 joint_state_pub 57024      58 ros2 
902549504 | 254600     87 python3 153480     86 rviz2 75468      80 joint_state_pub 57024      58 ros2 
902524928 | 254600     87 python3 153480     86 rviz2 75468      80 joint_state_pub 57024      58 ros2 
902275072 | 254600     87 python3 153480     86 rviz2 75468      80 joint_state_pub 57024      58 ros2 
902459392 | 254600     87 python3 153480     86 rviz2 75468      80 joint_state_pub 57024      58 ros2 
902135808 | 254600     87 python3 153480     86 rviz2 75468      80 joint_state_pub 57024      58 ros2 
902250496 | 254600     87 python3 153480     86 rviz2 75468      80 joint_state_pub 57024      58 ros2 
902688768 | 254600     87 python3 153480     86 rviz2 75468      80 joint_state_pub 57024      58 ros2 
902406144 | 254600     87 python3 153480     86 rviz2 75468      80 joint_state_pub 57024      58 ros2 
902369280 | 254600     87 python3 153480     86 rviz2 75468      80 joint_state_pub 57024      58 ros2 
902225920 | 254600     87 python3 153480     86 rviz2 75468      80 joint_state_pub 57024      58 ros2 
902144000 | 254600     87 python3 153480     86 rviz2 75468      80 joint_state_pub 57024      58 ros2 
902262784 | 254600     87 python3 153480     86 rviz2 75468      80 joint_state_pub 57024      58 ros2 
902488064 | 254600     87 python3 153480     86 rviz2 75468      80 joint_state_pub 57024      58 ros2 
902406144 | 254600     87 python3 153480     86 rviz2 75468      80 joint_state_pub 57024      58 ros2 
902156288 | 254600     87 python3 153480     86 rviz2 75468      80 joint_state_pub 57024      58 ros2 
902533120 | 254600     87 python3 153480     86 rviz2 75468      80 joint_state_pub 57024      58 ros2 
902270976 | 254600     87 python3 153480     86 rviz2 75468      80 joint_state_pub 57024      58 ros2 
902242304 | 254600     87 python3 153480     86 rviz2 75468      80 joint_state_pub 57024      58 ros2 
902266880 | 254600     87 python3 153480     86 rviz2 75468      80 joint_state_pub 57024      58 ros2 
902270976 | 254600     87 python3 153480     86 rviz2 75468      80 joint_state_pub 57024      58 ros2 
902434816 | 254600     87 python3 153480     86 rviz2 75468      80 joint_state_pub 57024      58 ros2 
902148096 | 254600     87 python3 153480     86 rviz2 75468      80 joint_state_pub 57024      58 ros2 
902524928 | 254600     87 python3 153480     86 rviz2 75468      80 joint_state_pub 57024      58 ros2 
902430720 | 254600     87 python3 153480     86 rviz2 75468      80 joint_state_pub 57024      58 ros2 
902750208 | 254600     87 python3 153480     86 rviz2 75468      80 joint_state_pub 57024      58 ros2 
903049216 | 254600     87 python3 153480     86 rviz2 75468      80 joint_state_pub 57024      58 ros2 
902569984 | 254600     87 python3 153480     86 rviz2 75468      80 joint_state_pub 57024      58 ros2 
902635520 | 254600     87 python3 153480     86 rviz2 75468      80 joint_state_pub 57024      58 ros2 
902389760 | 254600     87 python3 153480     86 rviz2 75468      80 joint_state_pub 57024      58 ros2 
902283264 | 254600     87 python3 153480     86 rviz2 75468      80 joint_state_pub 57024      58 ros2 
902414336 | 254600     87 python3 153480     86 rviz2 75468      80 joint_state_pub 57024      58 ros2 
902270976 | 254600     87 python3 153480     86 rviz2 75468      80 joint_state_pub 57024      58 ros2 
902414336 | 254600     87 python3 153480     86 rviz2 75468      80 joint_state_pub 57024      58 ros2 
902496256 | 254600     87 python3 153480     86 rviz2 75468      80 joint_state_pub 57024      58 ros2 
902275072 | 254600     87 python3 153480     86 rviz2 75468      80 joint_state_pub 57024      58 ros2 
902270976 | 254600     87 python3 153480     86 rviz2 75468      80 joint_state_pub 57024      58 ros2 
902541312 | 254600     87 python3 153480     86 rviz2 75468      80 joint_state_pub 57024      58 ros2 
902533120 | 254600     87 python3 153480     86 rviz2 75468      80 joint_state_pub 57024      58 ros2 
903098368 | 254600     87 python3 153480     86 rviz2 75468      80 joint_state_pub 57024      58 ros2 
902533120 | 254600     87 python3 153480     86 rviz2 75468      80 joint_state_pub 57024      58 ros2 
902537216 | 254600     87 python3 153480     86 rviz2 75468      80 joint_state_pub 57024      58 ros2 
902270976 | 254600     87 python3 153480     86 rviz2 75468      80 joint_state_pub 57024      58 ros2 
902635520 | 254600     87 python3 153480     86 rviz2 75468      80 joint_state_pub 57024      58 ros2 
902156288 | 254600     87 python3 153480     86 rviz2 75468      80 joint_state_pub 57024      58 ros2 
902270976 | 254600     87 python3 153480     86 rviz2 75468      80 joint_state_pub 57024      58 ros2 
902275072 | 254600     87 python3 153480     86 rviz2 75468      80 joint_state_pub 57024      58 ros2 
902610944 | 254600     87 python3 153480     86 rviz2 75468      80 joint_state_pub 57024      58 ros2 
902385664 | 254600     87 python3 153480     86 rviz2 75468      80 joint_state_pub 57024      58 ros2 
902537216 | 254600     87 python3 153480     86 rviz2 75468      80 joint_state_pub 57024      58 ros2 
902795264 | 254600     87 python3 153480     86 rviz2 75468      80 joint_state_pub 57024      58 ros2 
902586368 | 254600     87 python3 153480     86 rviz2 75468      80 joint_state_pub 57024      58 ros2 
902537216 | 254600     87 python3 153480     86 rviz2 75468      80 joint_state_pub 57024      58 ros2 
902545408 | 254600     87 python3 153480     86 rviz2 75468      80 joint_state_pub 57024      58 ros2 
902328320 | 254600     87 python3 153480     86 rviz2 75468      80 joint_state_pub 57024      58 ros2 
902283264 | 254600     87 python3 153480     86 rviz2 75468      80 joint_state_pub 57024      58 ros2 
902660096 | 254600     87 python3 153480     86 rviz2 75468      80 joint_state_pub 57024      58 ros2 
902512640 | 254600     87 python3 153480     86 rviz2 75468      80 joint_state_pub 57024      58 ros2 
902287360 | 254600     87 python3 153480     86 rviz2 75468      80 joint_state_pub 57024      58 ros2 
902832128 | 254600     87 python3 153480     86 rviz2 75468      80 joint_state_pub 57024      58 ros2 
902799360 | 254600     87 python3 153480     86 rviz2 75468      80 joint_state_pub 57024      58 ros2 
902549504 | 254600     87 python3 153480     86 rviz2 75468      80 joint_state_pub 57024      58 ros2 
902545408 | 254600     87 python3 153480     86 rviz2 75468      80 joint_state_pub 57024      58 ros2 
902807552 | 254600     87 python3 153480     86 rviz2 75468      80 joint_state_pub 57024      58 ros2 
902537216 | 254600     87 python3 153480     86 rviz2 75468      80 joint_state_pub 57024      58 ros2 
902905856 | 254600     87 python3 153480     86 rviz2 75468      80 joint_state_pub 57024      58 ros2 
902275072 | 254600     87 python3 153480     86 rviz2 75468      80 joint_state_pub 57024      58 ros2 
902569984 | 254600     87 python3 153480     86 rviz2 75468      80 joint_state_pub 57024      58 ros2 
902164480 | 254600     87 python3 153480     86 rviz2 75468      80 joint_state_pub 57024      58 ros2 
902508544 | 254600     87 python3 153480     86 rviz2 75468      80 joint_state_pub 57024      58 ros2 
902541312 | 254600     87 python3 153480     86 rviz2 75468      80 joint_state_pub 57024      58 ros2 
902844416 | 254600     87 python3 153480     86 rviz2 75468      80 joint_state_pub 57024      58 ros2 
902279168 | 254600     87 python3 153480     86 rviz2 75468      80 joint_state_pub 57024      58 ros2 
902279168 | 254600     87 python3 153480     86 rviz2 75468      80 joint_state_pub 57024      58 ros2 
902815744 | 254600     87 python3 153480     86 rviz2 75468      80 joint_state_pub 57024      58 ros2 
902242304 | 254600     87 python3 153480     86 rviz2 75468      80 joint_state_pub 57024      58 ros2 
902279168 | 254600     87 python3 153480     86 rviz2 75468      80 joint_state_pub 57024      58 ros2 
902803456 | 254600     87 python3 153480     86 rviz2 75468      80 joint_state_pub 57024      58 ros2 
902168576 | 254600     87 python3 153480     86 rviz2 75468      80 joint_state_pub 57024      58 ros2 
902803456 | 254600     87 python3 153480     86 rviz2 75468      80 joint_state_pub 57024      58 ros2 
902393856 | 254600     87 python3 153480     86 rviz2 75468      80 joint_state_pub 57024      58 ros2 
902279168 | 254600     87 python3 153480     86 rviz2 75468      80 joint_state_pub 57024      58 ros2 
902283264 | 254600     87 python3 153480     86 rviz2 75468      80 joint_state_pub 57024      58 ros2 
902295552 | 254600     87 python3 153480     86 rviz2 75468      80 joint_state_pub 57024      58 ros2 
902279168 | 254600     87 python3 153480     86 rviz2 75468      80 joint_state_pub 57024      58 ros2 
902291456 | 254600     87 python3 153480     86 rviz2 75468      80 joint_state_pub 57024      58 ros2 
902295552 | 254600     87 python3 153480     86 rviz2 75468      80 joint_state_pub 57024      58 ros2 
902545408 | 254600     87 python3 153480     86 rviz2 75468      80 joint_state_pub 57024      58 ros2 
902479872 | 254600     87 python3 153480     86 rviz2 75468      80 joint_state_pub 57024      58 ros2 
902291456 | 254600     87 python3 153480     86 rviz2 75468      80 joint_state_pub 57024      58 ros2 
902250496 | 254600     87 python3 153480     86 rviz2 75468      80 joint_state_pub 57024      58 ros2 
902545408 | 254600     87 python3 153480     86 rviz2 75468      80 joint_state_pub 57024      58 ros2 
902279168 | 254600     87 python3 153480     86 rviz2 75468      80 joint_state_pub 57024      58 ros2 
902545408 | 254600     87 python3 153480     86 rviz2 75468      80 joint_state_pub 57024      58 ros2 
902283264 | 254600     87 python3 153480     86 rviz2 75468      80 joint_state_pub 57024      58 ros2 
902508544 | 254600     87 python3 153480     86 rviz2 75468      80 joint_state_pub 57024      58 ros2 
902541312 | 254600     87 python3 153480     86 rviz2 75468      80 joint_state_pub 57024      58 ros2 
902545408 | 254600     87 python3 153480     86 rviz2 75468      80 joint_state_pub 57024      58 ros2 
902557696 | 254600     87 python3 153480     86 rviz2 75468      80 joint_state_pub 57024      58 ros2 
902291456 | 254600     87 python3 153480     86 rviz2 75468      80 joint_state_pub 57024      58 ros2 
902524928 | 254600     87 python3 153480     86 rviz2 75468      80 joint_state_pub 57024      58 ros2 
902807552 | 254600     87 python3 153480     86 rviz2 75468      80 joint_state_pub 57024      58 ros2 
902508544 | 254600     87 python3 153480     86 rviz2 75468      80 joint_state_pub 57024      58 ros2 
902545408 | 254600     87 python3 153480     86 rviz2 75468      80 joint_state_pub 57024      58 ros2 
902283264 | 254600     87 python3 153480     86 rviz2 75468      80 joint_state_pub 57024      58 ros2 
902504448 | 254600     87 python3 153480     86 rviz2 75468      80 joint_state_pub 57024      58 ros2 
902172672 | 254600     87 python3 153480     86 rviz2 75468      80 joint_state_pub 57024      58 ros2 
902320128 | 254600     87 python3 153480     86 rviz2 75468      80 joint_state_pub 57024      58 ros2 
902209536 | 254600     87 python3 153480     86 rviz2 75468      80 joint_state_pub 57024      58 ros2 
902705152 | 254600     87 python3 153480     86 rviz2 75468      80 joint_state_pub 57024      58 ros2 
902393856 | 254600     87 python3 153480     86 rviz2 75468      80 joint_state_pub 57024      58 ros2 
902692864 | 254600     87 python3 153480     86 rviz2 75468      80 joint_state_pub 57024      58 ros2 
902770688 | 254600     87 python3 153480     86 rviz2 75468      80 joint_state_pub 57024      58 ros2 
902332416 | 254600     87 python3 153480     86 rviz2 75468      80 joint_state_pub 57024      58 ros2 
902602752 | 254600     87 python3 153480     86 rviz2 75468      80 joint_state_pub 57024      58 ros2 
902283264 | 254600     87 python3 153480     86 rviz2 75468      80 joint_state_pub 57024      58 ros2 
902184960 | 254600     87 python3 153480     86 rviz2 75468      80 joint_state_pub 57024      58 ros2 
902283264 | 254600     87 python3 153480     86 rviz2 75468      80 joint_state_pub 57024      58 ros2 
902176768 | 254600     87 python3 153480     86 rviz2 75468      80 joint_state_pub 57024      58 ros2 
902545408 | 254600     87 python3 153480     86 rviz2 75468      80 joint_state_pub 57024      58 ros2 
902807552 | 254600     87 python3 153480     86 rviz2 75468      80 joint_state_pub 57024      58 ros2 
902545408 | 254600     87 python3 153480     86 rviz2 75468      80 joint_state_pub 57024      58 ros2 
902242304 | 254600     87 python3 153480     86 rviz2 75468      80 joint_state_pub 57024      58 ros2 
902660096 | 254600     87 python3 153480     86 rviz2 75468      80 joint_state_pub 57024      58 ros2 
902807552 | 254600     87 python3 153480     86 rviz2 75468      80 joint_state_pub 57024      58 ros2 
902705152 | 254600     87 python3 153480     86 rviz2 75468      80 joint_state_pub 57024      58 ros2 
902172672 | 254600     87 python3 153480     86 rviz2 75468      80 joint_state_pub 57024      58 ros2 
902811648 | 254600     87 python3 153480     86 rviz2 75468      80 joint_state_pub 57024      58 ros2 
902430720 | 254600     87 python3 153480     86 rviz2 75468      80 joint_state_pub 57024      58 ros2 
902549504 | 254600     87 python3 153480     86 rviz2 75468      80 joint_state_pub 57024      58 ros2 
902524928 | 254600     87 python3 153480     86 rviz2 75468      80 joint_state_pub 57024      58 ros2 
902291456 | 254600     87 python3 153480     86 rviz2 75468      80 joint_state_pub 57024      58 ros2 
902168576 | 254600     87 python3 153480     86 rviz2 75468      80 joint_state_pub 57024      58 ros2 
902647808 | 254600     87 python3 153480     86 rviz2 75468      80 joint_state_pub 57024      58 ros2 
902135808 | 254600     87 python3 153480     86 rviz2 75468      80 joint_state_pub 57024      58 ros2 
902287360 | 254600     87 python3 153480     86 rviz2 75468      80 joint_state_pub 57024      58 ros2 
902295552 | 254600     87 python3 153480     86 rviz2 75468      80 joint_state_pub 57024      58 ros2 
902291456 | 254600     87 python3 153480     86 rviz2 75468      80 joint_state_pub 57024      58 ros2 
902258688 | 254600     87 python3 153480     86 rviz2 75468      80 joint_state_pub 57024      58 ros2 
902553600 | 254600     87 python3 153480     86 rviz2 75468      80 joint_state_pub 57024      58 ros2 
902553600 | 254600     87 python3 153480     86 rviz2 75468      80 joint_state_pub 57024      58 ros2 
902815744 | 254600     87 python3 153480     86 rviz2 75468      80 joint_state_pub 57024      58 ros2 
902553600 | 254600     87 python3 153480     86 rviz2 75468      80 joint_state_pub 57024      58 ros2 
902811648 | 254600     87 python3 153480     86 rviz2 75468      80 joint_state_pub 57024      58 ros2 
902406144 | 254600     87 python3 153480     86 rviz2 75468      80 joint_state_pub 57024      58 ros2 
902291456 | 254600     87 python3 153480     86 rviz2 75468      80 joint_state_pub 57024      58 ros2 
902778880 | 254600     87 python3 153480     86 rviz2 75468      80 joint_state_pub 57024      58 ros2 
902815744 | 254600     87 python3 153480     86 rviz2 75468      80 joint_state_pub 57024      58 ros2 
902524928 | 254600     87 python3 153480     86 rviz2 75468      80 joint_state_pub 57024      58 ros2 
902397952 | 254600     87 python3 153480     86 rviz2 75468      80 joint_state_pub 57024      58 ros2 
902549504 | 254600     87 python3 153480     86 rviz2 75468      80 joint_state_pub 57024      58 ros2 
902520832 | 254600     87 python3 153480     86 rviz2 75468      80 joint_state_pub 57024      58 ros2 
902438912 | 254600     87 python3 153480     86 rviz2 75468      80 joint_state_pub 57024      58 ros2 
902860800 | 254600     87 python3 153480     86 rviz2 75468      80 joint_state_pub 57024      58 ros2 
902299648 | 254600     87 python3 153480     86 rviz2 75468      80 joint_state_pub 57024      58 ros2 
902553600 | 254600     87 python3 153480     86 rviz2 75468      80 joint_state_pub 57024      58 ros2 
902553600 | 254600     87 python3 153480     86 rviz2 75468      80 joint_state_pub 57024      58 ros2 
903036928 | 254600     87 python3 153480     86 rviz2 75468      80 joint_state_pub 57024      58 ros2 
902463488 | 254600     87 python3 153480     86 rviz2 75468      80 joint_state_pub 57024      58 ros2 
902291456 | 254600     87 python3 153480     86 rviz2 75468      80 joint_state_pub 57024      58 ros2 
902295552 | 254600     87 python3 153480     86 rviz2 75468      80 joint_state_pub 57024      58 ros2 
902397952 | 254600     87 python3 153480     86 rviz2 75468      80 joint_state_pub 57024      58 ros2 
902520832 | 254600     87 python3 153480     86 rviz2 75468      80 joint_state_pub 57024      58 ros2 
902254592 | 254600     87 python3 153480     86 rviz2 75468      80 joint_state_pub 57024      58 ros2 
902295552 | 254600     87 python3 153480     86 rviz2 75468      80 joint_state_pub 57024      58 ros2 
902557696 | 254600     87 python3 153480     86 rviz2 75468      80 joint_state_pub 57024      58 ros2 
902139904 | 254600     87 python3 153480     86 rviz2 75468      80 joint_state_pub 57024      58 ros2 
902438912 | 254600     87 python3 153480     86 rviz2 75468      80 joint_state_pub 57024      58 ros2 
902443008 | 254600     87 python3 153480     86 rviz2 75468      80 joint_state_pub 57024      58 ros2 
902656000 | 254600     87 python3 153480     86 rviz2 75468      80 joint_state_pub 57024      58 ros2 
902135808 | 254600     87 python3 153480     86 rviz2 75468      80 joint_state_pub 57024      58 ros2 
902836224 | 254600     87 python3 153480     86 rviz2 75468      80 joint_state_pub 57024      58 ros2 
902316032 | 254600     87 python3 153480     86 rviz2 75468      80 joint_state_pub 57024      58 ros2 
902311936 | 254600     87 python3 153480     86 rviz2 75468      80 joint_state_pub 57024      58 ros2 
902524928 | 254600     87 python3 153480     86 rviz2 75468      80 joint_state_pub 57024      58 ros2 
902295552 | 254600     87 python3 153480     86 rviz2 75468      80 joint_state_pub 57024      58 ros2 
902295552 | 254600     87 python3 153480     86 rviz2 75468      80 joint_state_pub 57024      58 ros2 
902557696 | 254600     87 python3 153480     86 rviz2 75468      80 joint_state_pub 57024      58 ros2 
902295552 | 254600     87 python3 153480     86 rviz2 75468      80 joint_state_pub 57024      58 ros2 
902598656 | 254600     87 python3 153480     86 rviz2 75468      80 joint_state_pub 57024      58 ros2 
902889472 | 254600     87 python3 153480     86 rviz2 75468      80 joint_state_pub 57024      58 ros2 
902569984 | 254600     87 python3 153480     86 rviz2 75468      80 joint_state_pub 57024      58 ros2 
902438912 | 254600     87 python3 153480     86 rviz2 75468      80 joint_state_pub 57024      58 ros2 
902496256 | 254600     87 python3 153480     86 rviz2 75468      80 joint_state_pub 57024      58 ros2 
902832128 | 254600     87 python3 153480     86 rviz2 75468      80 joint_state_pub 57024      58 ros2 
902676480 | 254600     87 python3 153480     86 rviz2 75468      80 joint_state_pub 57024      58 ros2 
902275072 | 254600     87 python3 153480     86 rviz2 75468      80 joint_state_pub 57024      58 ros2 
902344704 | 254600     87 python3 153480     86 rviz2 75468      80 joint_state_pub 57024      58 ros2 
902868992 | 254600     87 python3 153480     86 rviz2 75468      80 joint_state_pub 57024      58 ros2 
903135232 | 254600     87 python3 153480     86 rviz2 75468      80 joint_state_pub 57024      58 ros2 
902549504 | 254600     87 python3 153480     86 rviz2 75468      80 joint_state_pub 57024      58 ros2 
902668288 | 254600     87 python3 153480     86 rviz2 75468      80 joint_state_pub 57024      58 ros2 
902565888 | 254600     87 python3 153480     86 rviz2 75468      80 joint_state_pub 57024      58 ros2 
902823936 | 254600     87 python3 153480     86 rviz2 75468      80 joint_state_pub 57024      58 ros2 
902414336 | 254600     87 python3 153480     86 rviz2 75468      80 joint_state_pub 57024      58 ros2 
902561792 | 254600     87 python3 153480     86 rviz2 75468      80 joint_state_pub 57024      58 ros2 
902299648 | 254600     87 python3 153480     86 rviz2 75468      80 joint_state_pub 57024      58 ros2 
902578176 | 254600     87 python3 153480     86 rviz2 75468      80 joint_state_pub 57024      58 ros2 
902356992 | 254600     87 python3 153480     86 rviz2 75468      80 joint_state_pub 57024      58 ros2 
902635520 | 254600     87 python3 153480     86 rviz2 75468      80 joint_state_pub 57024      58 ros2 
902586368 | 254600     87 python3 153480     86 rviz2 75468      80 joint_state_pub 57024      58 ros2 
902590464 | 254600     87 python3 153480     86 rviz2 75468      80 joint_state_pub 57024      58 ros2 
902561792 | 254600     87 python3 153480     86 rviz2 75468      80 joint_state_pub 57024      58 ros2 
902332416 | 254600     87 python3 153480     86 rviz2 75468      80 joint_state_pub 57024      58 ros2 
902852608 | 254600     87 python3 153480     86 rviz2 75468      80 joint_state_pub 57024      58 ros2 
902447104 | 254600     87 python3 153480     86 rviz2 75468      80 joint_state_pub 57024      58 ros2 
902569984 | 254600     87 python3 153480     86 rviz2 75468      80 joint_state_pub 57024      58 ros2 
902569984 | 254600     87 python3 153480     86 rviz2 75468      80 joint_state_pub 57024      58 ros2 
902615040 | 254600     87 python3 153480     86 rviz2 75468      80 joint_state_pub 57024      58 ros2 
902967296 | 254600     87 python3 153480     86 rviz2 75468      80 joint_state_pub 57024      58 ros2 
902889472 | 254600     87 python3 153480     86 rviz2 75468      80 joint_state_pub 57024      58 ros2 
902565888 | 254600     87 python3 153480     86 rviz2 75468      80 joint_state_pub 57024      58 ros2 
902832128 | 254600     87 python3 153480     86 rviz2 75468      80 joint_state_pub 57024      58 ros2 
902545408 | 254600     87 python3 153480     86 rviz2 75468      80 joint_state_pub 57024      58 ros2 
902332416 | 254600     87 python3 153480     86 rviz2 75468      80 joint_state_pub 57024      58 ros2 
902332416 | 254600     87 python3 153480     86 rviz2 75468      80 joint_state_pub 57024      58 ros2 
902533120 | 254600     87 python3 153480     86 rviz2 75468      80 joint_state_pub 57024      58 ros2 
902320128 | 254600     87 python3 153480     86 rviz2 75468      80 joint_state_pub 57024      58 ros2 
902578176 | 254600     87 python3 153480     86 rviz2 75468      80 joint_state_pub 57024      58 ros2 
902569984 | 254600     87 python3 153480     86 rviz2 75468      80 joint_state_pub 57024      58 ros2 
902356992 | 254600     87 python3 153480     86 rviz2 75468      80 joint_state_pub 57024      58 ros2 
902688768 | 254600     87 python3 153480     86 rviz2 75468      80 joint_state_pub 57024      58 ros2 
902303744 | 254600     87 python3 153480     86 rviz2 75468      80 joint_state_pub 57024      58 ros2 
902533120 | 254600     87 python3 153480     86 rviz2 75468      80 joint_state_pub 57024      58 ros2 
902569984 | 254600     87 python3 153480     86 rviz2 75468      80 joint_state_pub 57024      58 ros2 
902303744 | 254600     87 python3 153480     86 rviz2 75468      80 joint_state_pub 57024      58 ros2 
902594560 | 254600     87 python3 153480     86 rviz2 75468      80 joint_state_pub 57024      58 ros2 
902569984 | 254600     87 python3 153480     86 rviz2 75468      80 joint_state_pub 57024      58 ros2 
902795264 | 254600     87 python3 153480     86 rviz2 75468      80 joint_state_pub 57024      58 ros2 
902189056 | 254600     87 python3 153480     86 rviz2 75468      80 joint_state_pub 57024      58 ros2 
902283264 | 254600     87 python3 153480     86 rviz2 75468      80 joint_state_pub 57024      58 ros2 
902303744 | 254600     87 python3 153480     86 rviz2 75468      80 joint_state_pub 57024      58 ros2 
902569984 | 254600     87 python3 153480     86 rviz2 75468      80 joint_state_pub 57024      58 ros2 
902307840 | 254600     87 python3 153480     86 rviz2 75468      80 joint_state_pub 57024      58 ros2 
902569984 | 254600     87 python3 153480     86 rviz2 75468      80 joint_state_pub 57024      58 ros2 
902828032 | 254600     87 python3 153480     86 rviz2 75468      80 joint_state_pub 57024      58 ros2 
902619136 | 254600     87 python3 153480     86 rviz2 75468      80 joint_state_pub 57024      58 ros2 
902152192 | 254600     87 python3 153480     86 rviz2 75468      80 joint_state_pub 57024      58 ros2 
902307840 | 254600     87 python3 153480     86 rviz2 75468      80 joint_state_pub 57024      58 ros2 
902569984 | 254600     87 python3 153480     86 rviz2 75468      80 joint_state_pub 57024      58 ros2 
902307840 | 254600     87 python3 153480     86 rviz2 75468      80 joint_state_pub 57024      58 ros2 
902307840 | 254600     87 python3 153480     86 rviz2 75468      80 joint_state_pub 57024      58 ros2 
902737920 | 254600     87 python3 153480     86 rviz2 75468      80 joint_state_pub 57024      58 ros2 
902266880 | 254600     87 python3 153480     86 rviz2 75468      80 joint_state_pub 57024      58 ros2 
902574080 | 254600     87 python3 153480     86 rviz2 75468      80 joint_state_pub 57024      58 ros2 
902291456 | 254600     87 python3 153480     86 rviz2 75468      80 joint_state_pub 57024      58 ros2 
902709248 | 254600     87 python3 153480     86 rviz2 75468      80 joint_state_pub 57024      58 ros2 
902737920 | 254600     87 python3 153480     86 rviz2 75468      80 joint_state_pub 57024      58 ros2 
902836224 | 254600     87 python3 153480     86 rviz2 75468      80 joint_state_pub 57024      58 ros2 
902856704 | 254600     87 python3 153480     86 rviz2 75468      80 joint_state_pub 57024      58 ros2 
902578176 | 254600     87 python3 153480     86 rviz2 75468      80 joint_state_pub 57024      58 ros2 
902471680 | 254600     87 python3 153480     86 rviz2 75468      80 joint_state_pub 57024      58 ros2 
902316032 | 254600     87 python3 153480     86 rviz2 75468      80 joint_state_pub 57024      58 ros2 
902311936 | 254600     87 python3 153480     86 rviz2 75468      80 joint_state_pub 57024      58 ros2 
902574080 | 254600     87 python3 153480     86 rviz2 75468      80 joint_state_pub 57024      58 ros2 
902316032 | 254600     87 python3 153480     86 rviz2 75468      80 joint_state_pub 57024      58 ros2 
902557696 | 254600     87 python3 153480     86 rviz2 75468      80 joint_state_pub 57024      58 ros2 
902291456 | 254600     87 python3 153480     86 rviz2 75468      80 joint_state_pub 57024      58 ros2 
902332416 | 254600     87 python3 153480     86 rviz2 75468      80 joint_state_pub 57024      58 ros2 
902541312 | 254600     87 python3 153480     86 rviz2 75468      80 joint_state_pub 57024      58 ros2 
902316032 | 254600     87 python3 153480     86 rviz2 75468      80 joint_state_pub 57024      58 ros2 
902578176 | 254600     87 python3 153480     86 rviz2 75468      80 joint_state_pub 57024      58 ros2 
902279168 | 254600     87 python3 153480     86 rviz2 75468      80 joint_state_pub 57024      58 ros2 
902578176 | 254600     87 python3 153480     86 rviz2 75468      80 joint_state_pub 57024      58 ros2 
902201344 | 254600     87 python3 153480     86 rviz2 75468      80 joint_state_pub 57024      58 ros2 
902676480 | 254600     87 python3 153480     86 rviz2 75468      80 joint_state_pub 57024      58 ros2 
902316032 | 254600     87 python3 153480     86 rviz2 75468      80 joint_state_pub 57024      58 ros2 
902578176 | 254600     87 python3 153480     86 rviz2 75468      80 joint_state_pub 57024      58 ros2 
902283264 | 254600     87 python3 153480     86 rviz2 75468      80 joint_state_pub 57024      58 ros2 
902201344 | 254600     87 python3 153480     86 rviz2 75468      80 joint_state_pub 57024      58 ros2 
902316032 | 254600     87 python3 153480     86 rviz2 75468      80 joint_state_pub 57024      58 ros2 
902578176 | 254600     87 python3 153480     86 rviz2 75468      80 joint_state_pub 57024      58 ros2 
902574080 | 254600     87 python3 153480     86 rviz2 75468      80 joint_state_pub 57024      58 ros2 
902291456 | 254600     87 python3 153480     86 rviz2 75468      80 joint_state_pub 57024      58 ros2 
902578176 | 254600     87 python3 153480     86 rviz2 75468      80 joint_state_pub 57024      58 ros2 
902455296 | 254600     87 python3 153480     86 rviz2 75468      80 joint_state_pub 57024      58 ros2 
902578176 | 254600     87 python3 153480     86 rviz2 75468      80 joint_state_pub 57024      58 ros2 
902279168 | 254600     87 python3 153480     86 rviz2 75468      80 joint_state_pub 57024      58 ros2 
903102464 | 254600     87 python3 153480     86 rviz2 75468      80 joint_state_pub 57024      58 ros2 
902418432 | 254600     87 python3 153480     86 rviz2 75468      80 joint_state_pub 57024      58 ros2 
902590464 | 254600     87 python3 153480     86 rviz2 75468      80 joint_state_pub 57024      58 ros2 
902590464 | 254600     87 python3 153480     86 rviz2 75468      80 joint_state_pub 57024      58 ros2 
902541312 | 254600     87 python3 153480     86 rviz2 75468      80 joint_state_pub 57024      58 ros2 
902766592 | 254600     87 python3 153480     86 rviz2 75468      80 joint_state_pub 57024      58 ros2 
902316032 | 254600     87 python3 153480     86 rviz2 75468      80 joint_state_pub 57024      58 ros2 
902291456 | 254600     87 python3 153480     86 rviz2 75468      80 joint_state_pub 57024      58 ros2 
902598656 | 254600     87 python3 153480     86 rviz2 75468      80 joint_state_pub 57024      58 ros2 
902590464 | 254600     87 python3 153480     86 rviz2 75468      80 joint_state_pub 57024      58 ros2 
902586368 | 254600     87 python3 153480     86 rviz2 75468      80 joint_state_pub 57024      58 ros2 
902389760 | 254600     87 python3 153480     86 rviz2 75468      80 joint_state_pub 57024      58 ros2 
902856704 | 254600     87 python3 153480     86 rviz2 75468      80 joint_state_pub 57024      58 ros2 
902545408 | 254600     87 python3 153480     86 rviz2 75468      80 joint_state_pub 57024      58 ros2 
902574080 | 254600     87 python3 153480     86 rviz2 75468      80 joint_state_pub 57024      58 ros2 
902234112 | 254600     87 python3 153480     86 rviz2 75468      80 joint_state_pub 57024      58 ros2 
902291456 | 254600     87 python3 153480     86 rviz2 75468      80 joint_state_pub 57024      58 ros2 
902586368 | 254600     87 python3 153480     86 rviz2 75468      80 joint_state_pub 57024      58 ros2 
902324224 | 254600     87 python3 153480     86 rviz2 75468      80 joint_state_pub 57024      58 ros2 
902324224 | 254600     87 python3 153480     86 rviz2 75468      80 joint_state_pub 57024      58 ros2 
902873088 | 254600     87 python3 153480     86 rviz2 75468      80 joint_state_pub 57024      58 ros2 
902844416 | 254600     87 python3 153480     86 rviz2 75468      80 joint_state_pub 57024      58 ros2 
902324224 | 254600     87 python3 153480     86 rviz2 75468      80 joint_state_pub 57024      58 ros2 
902324224 | 254600     87 python3 153480     86 rviz2 75468      80 joint_state_pub 57024      58 ros2 
902168576 | 254600     87 python3 153480     86 rviz2 75468      80 joint_state_pub 57024      58 ros2 
902615040 | 254600     87 python3 153480     86 rviz2 75468      80 joint_state_pub 57024      58 ros2 
902590464 | 254600     87 python3 153480     86 rviz2 75468      80 joint_state_pub 57024      58 ros2 
902475776 | 254600     87 python3 153480     86 rviz2 75468      80 joint_state_pub 57024      58 ros2 
902209536 | 254600     87 python3 153480     86 rviz2 75468      80 joint_state_pub 57024      58 ros2 
902176768 | 254600     87 python3 153480     86 rviz2 75468      80 joint_state_pub 57024      58 ros2 
902590464 | 254600     87 python3 153480     86 rviz2 75468      80 joint_state_pub 57024      58 ros2 
902348800 | 254600     87 python3 153480     86 rviz2 75468      80 joint_state_pub 57024      58 ros2 
902275072 | 254600     87 python3 153480     86 rviz2 75468      80 joint_state_pub 57024      58 ros2 
902209536 | 254600     87 python3 153480     86 rviz2 75468      80 joint_state_pub 57024      58 ros2 
902328320 | 254600     87 python3 153480     86 rviz2 75468      80 joint_state_pub 57024      58 ros2 
902176768 | 254600     87 python3 153480     86 rviz2 75468      80 joint_state_pub 57024      58 ros2 
902328320 | 254600     87 python3 153480     86 rviz2 75468      80 joint_state_pub 57024      58 ros2 
902471680 | 254600     87 python3 153480     86 rviz2 75468      80 joint_state_pub 57024      58 ros2 
902590464 | 254600     87 python3 153480     86 rviz2 75468      80 joint_state_pub 57024      58 ros2 
902815744 | 254600     87 python3 153480     86 rviz2 75468      80 joint_state_pub 57024      58 ros2 
902291456 | 254600     87 python3 153480     86 rviz2 75468      80 joint_state_pub 57024      58 ros2 
902434816 | 254600     87 python3 153480     86 rviz2 75468      80 joint_state_pub 57024      58 ros2 
902340608 | 254600     87 python3 153480     86 rviz2 75468      80 joint_state_pub 57024      58 ros2 
902205440 | 254600     87 python3 153480     86 rviz2 75468      80 joint_state_pub 57024      58 ros2 
902332416 | 254600     87 python3 153480     86 rviz2 75468      80 joint_state_pub 57024      58 ros2 
902332416 | 254600     87 python3 153480     86 rviz2 75468      80 joint_state_pub 57024      58 ros2 
902213632 | 254600     87 python3 153480     86 rviz2 75468      80 joint_state_pub 57024      58 ros2 
902422528 | 254600     87 python3 153480     86 rviz2 75468      80 joint_state_pub 57024      58 ros2 
902332416 | 254600     87 python3 153480     86 rviz2 75468      80 joint_state_pub 57024      58 ros2 
902651904 | 254600     87 python3 153480     86 rviz2 75468      80 joint_state_pub 57024      58 ros2 
902602752 | 254600     87 python3 153480     86 rviz2 75468      80 joint_state_pub 57024      58 ros2 
902332416 | 254600     87 python3 153480     86 rviz2 75468      80 joint_state_pub 57024      58 ros2 
902332416 | 254600     87 python3 153480     86 rviz2 75468      80 joint_state_pub 57024      58 ros2 
902594560 | 254600     87 python3 153480     86 rviz2 75468      80 joint_state_pub 57024      58 ros2 
902328320 | 254600     87 python3 153480     86 rviz2 75468      80 joint_state_pub 57024      58 ros2 
902594560 | 254600     87 python3 153480     86 rviz2 75468      80 joint_state_pub 57024      58 ros2 
902594560 | 254600     87 python3 153480     86 rviz2 75468      80 joint_state_pub 57024      58 ros2 
902594560 | 254600     87 python3 153480     86 rviz2 75468      80 joint_state_pub 57024      58 ros2 
902221824 | 254600     87 python3 153480     86 rviz2 75468      80 joint_state_pub 57024      58 ros2 
902332416 | 254600     87 python3 153480     86 rviz2 75468      80 joint_state_pub 57024      58 ros2 
903081984 | 254600     87 python3 153480     86 rviz2 75468      80 joint_state_pub 57024      58 ros2 
902332416 | 254600     87 python3 153480     86 rviz2 75468      80 joint_state_pub 57024      58 ros2 
902176768 | 254600     87 python3 153480     86 rviz2 75468      80 joint_state_pub 57024      58 ros2 
902389760 | 254600     87 python3 153480     86 rviz2 75468      80 joint_state_pub 57024      58 ros2 
902332416 | 254600     87 python3 153480     86 rviz2 75468      80 joint_state_pub 57024      58 ros2 
902332416 | 254600     87 python3 153480     86 rviz2 75468      80 joint_state_pub 57024      58 ros2 
902447104 | 254600     87 python3 153480     86 rviz2 75468      80 joint_state_pub 57024      58 ros2 
902598656 | 254600     87 python3 153480     86 rviz2 75468      80 joint_state_pub 57024      58 ros2 
902332416 | 254600     87 python3 153480     86 rviz2 75468      80 joint_state_pub 57024      58 ros2 
902447104 | 254600     87 python3 153480     86 rviz2 75468      80 joint_state_pub 57024      58 ros2 
902176768 | 254600     87 python3 153480     86 rviz2 75468      80 joint_state_pub 57024      58 ros2 
902594560 | 254600     87 python3 153480     86 rviz2 75468      80 joint_state_pub 57024      58 ros2 
902602752 | 254600     87 python3 153480     86 rviz2 75468      80 joint_state_pub 57024      58 ros2 
902332416 | 254600     87 python3 153480     86 rviz2 75468      80 joint_state_pub 57024      58 ros2 
902225920 | 254600     87 python3 153480     86 rviz2 75468      80 joint_state_pub 57024      58 ros2 
902189056 | 254600     87 python3 153480     86 rviz2 75468      80 joint_state_pub 57024      58 ros2 
902877184 | 254600     87 python3 153480     86 rviz2 75468      80 joint_state_pub 57024      58 ros2 
902320128 | 254600     87 python3 153480     86 rviz2 75468      80 joint_state_pub 57024      58 ros2 
902463488 | 254600     87 python3 153480     86 rviz2 75468      80 joint_state_pub 57024      58 ros2 
902594560 | 254600     87 python3 153480     86 rviz2 75468      80 joint_state_pub 57024      58 ros2 
902332416 | 254600     87 python3 153480     86 rviz2 75468      80 joint_state_pub 57024      58 ros2 
902213632 | 254600     87 python3 153480     86 rviz2 75468      80 joint_state_pub 57024      58 ros2 
902176768 | 254600     87 python3 153480     86 rviz2 75468      80 joint_state_pub 57024      58 ros2 
902213632 | 254600     87 python3 153480     86 rviz2 75468      80 joint_state_pub 57024      58 ros2 
902598656 | 254600     87 python3 153480     86 rviz2 75468      80 joint_state_pub 57024      58 ros2 
902479872 | 254600     87 python3 153480     86 rviz2 75468      80 joint_state_pub 57024      58 ros2 
902701056 | 254600     87 python3 153480     86 rviz2 75468      80 joint_state_pub 57024      58 ros2 
902336512 | 254600     87 python3 153480     86 rviz2 75468      80 joint_state_pub 57024      58 ros2 
902447104 | 254600     87 python3 153480     86 rviz2 75468      80 joint_state_pub 57024      58 ros2 
902340608 | 254600     87 python3 153480     86 rviz2 75468      80 joint_state_pub 57024      58 ros2 
902324224 | 254600     87 python3 153480     86 rviz2 75468      80 joint_state_pub 57024      58 ros2 
902483968 | 254600     87 python3 153480     86 rviz2 75468      80 joint_state_pub 57024      58 ros2 
902344704 | 254600     87 python3 153480     86 rviz2 75468      80 joint_state_pub 57024      58 ros2 
902340608 | 254600     87 python3 153480     86 rviz2 75468      80 joint_state_pub 57024      58 ros2 
902340608 | 254600     87 python3 153480     86 rviz2 75468      80 joint_state_pub 57024      58 ros2 
902225920 | 254600     87 python3 153480     86 rviz2 75468      80 joint_state_pub 57024      58 ros2 
902483968 | 254600     87 python3 153480     86 rviz2 75468      80 joint_state_pub 57024      58 ros2 
902647808 | 254600     87 python3 153480     86 rviz2 75468      80 joint_state_pub 57024      58 ros2 
902340608 | 254600     87 python3 153480     86 rviz2 75468      80 joint_state_pub 57024      58 ros2 
902602752 | 254600     87 python3 153480     86 rviz2 75468      80 joint_state_pub 57024      58 ros2 
902221824 | 254600     87 python3 153480     86 rviz2 75468      80 joint_state_pub 57024      58 ros2 
902594560 | 254600     87 python3 153480     86 rviz2 75468      80 joint_state_pub 57024      58 ros2 
902606848 | 254600     87 python3 153480     86 rviz2 75468      80 joint_state_pub 57024      58 ros2 
902221824 | 254600     87 python3 153480     86 rviz2 75468      80 joint_state_pub 57024      58 ros2 
902864896 | 254600     87 python3 153480     86 rviz2 75468      80 joint_state_pub 57024      58 ros2 
902230016 | 254600     87 python3 153480     86 rviz2 75468      80 joint_state_pub 57024      58 ros2 
902565888 | 254600     87 python3 153480     86 rviz2 75468      80 joint_state_pub 57024      58 ros2 
902352896 | 254600     87 python3 153480     86 rviz2 75468      80 joint_state_pub 57024      58 ros2 
902443008 | 254600     87 python3 153480     86 rviz2 75468      80 joint_state_pub 57024      58 ros2 
902488064 | 254600     87 python3 153480     86 rviz2 75468      80 joint_state_pub 57024      58 ros2 
902340608 | 254600     87 python3 153480     86 rviz2 75468      80 joint_state_pub 57024      58 ros2 
902250496 | 254600     87 python3 153480     86 rviz2 75468      80 joint_state_pub 57024      58 ros2 
902344704 | 254600     87 python3 153480     86 rviz2 75468      80 joint_state_pub 57024      58 ros2 
902344704 | 254600     87 python3 153480     86 rviz2 75468      80 joint_state_pub 57024      58 ros2 
902574080 | 254600     87 python3 153480     86 rviz2 75468      80 joint_state_pub 57024      58 ros2 
902475776 | 254600     87 python3 153480     86 rviz2 75468      80 joint_state_pub 57024      58 ros2 
902193152 | 254600     87 python3 153480     86 rviz2 75468      80 joint_state_pub 57024      58 ros2 
902610944 | 254600     87 python3 153480     86 rviz2 75468      80 joint_state_pub 57024      58 ros2 
902225920 | 254600     87 python3 153480     86 rviz2 75468      80 joint_state_pub 57024      58 ros2 
902348800 | 254600     87 python3 153480     86 rviz2 75468      80 joint_state_pub 57024      58 ros2 
902344704 | 254600     87 python3 153480     86 rviz2 75468      80 joint_state_pub 57024      58 ros2 
902230016 | 254600     87 python3 153480     86 rviz2 75468      80 joint_state_pub 57024      58 ros2 
902344704 | 254600     87 python3 153480     86 rviz2 75468      80 joint_state_pub 57024      58 ros2 
902193152 | 254600     87 python3 153480     86 rviz2 75468      80 joint_state_pub 57024      58 ros2 
902193152 | 254600     87 python3 153480     86 rviz2 75468      80 joint_state_pub 57024      58 ros2 
902352896 | 254600     87 python3 153480     86 rviz2 75468      80 joint_state_pub 57024      58 ros2 
902610944 | 254600     87 python3 153480     86 rviz2 75468      80 joint_state_pub 57024      58 ros2 
902459392 | 254600     87 python3 153480     86 rviz2 75468      80 joint_state_pub 57024      58 ros2 
902610944 | 254600     87 python3 153480     86 rviz2 75468      80 joint_state_pub 57024      58 ros2 
902311936 | 254600     87 python3 153480     86 rviz2 75468      80 joint_state_pub 57024      58 ros2 
902287360 | 254600     87 python3 153480     86 rviz2 75468      80 joint_state_pub 57024      58 ros2 
902639616 | 254600     87 python3 153480     86 rviz2 75468      80 joint_state_pub 57024      58 ros2 
902615040 | 254600     87 python3 153480     86 rviz2 75468      80 joint_state_pub 57024      58 ros2 
902459392 | 254600     87 python3 153480     86 rviz2 75468      80 joint_state_pub 57024      58 ros2 
902459392 | 254600     87 python3 153480     86 rviz2 75468      80 joint_state_pub 57024      58 ros2 
902750208 | 254600     87 python3 153480     86 rviz2 75468      80 joint_state_pub 57024      58 ros2 
902197248 | 254600     87 python3 153480     86 rviz2 75468      80 joint_state_pub 57024      58 ros2 
902615040 | 254600     87 python3 153480     86 rviz2 75468      80 joint_state_pub 57024      58 ros2 
902496256 | 254600     87 python3 153480     86 rviz2 75468      80 joint_state_pub 57024      58 ros2 
902492160 | 254600     87 python3 153480     86 rviz2 75468      80 joint_state_pub 57024      58 ros2 
902225920 | 254600     87 python3 153480     86 rviz2 75468      80 joint_state_pub 57024      58 ros2 
902602752 | 254600     87 python3 153480     86 rviz2 75468      80 joint_state_pub 57024      58 ros2 
902578176 | 254600     87 python3 153480     86 rviz2 75468      80 joint_state_pub 57024      58 ros2 
902610944 | 254600     87 python3 153480     86 rviz2 75468      80 joint_state_pub 57024      58 ros2 
902348800 | 254600     87 python3 153480     86 rviz2 75468      80 joint_state_pub 57024      58 ros2 
902508544 | 254600     87 python3 153480     86 rviz2 75468      80 joint_state_pub 57024      58 ros2 
902356992 | 254600     87 python3 153480     86 rviz2 75468      80 joint_state_pub 57024      58 ros2 
902709248 | 254600     87 python3 153480     86 rviz2 75468      80 joint_state_pub 57024      58 ros2 
902352896 | 254600     87 python3 153480     86 rviz2 75468      80 joint_state_pub 57024      58 ros2 
902352896 | 254600     87 python3 153480     86 rviz2 75468      80 joint_state_pub 57024      58 ros2 
902615040 | 254600     87 python3 153480     86 rviz2 75468      80 joint_state_pub 57024      58 ros2 
903139328 | 254600     87 python3 153480     86 rviz2 75468      80 joint_state_pub 57024      58 ros2 
902627328 | 254600     87 python3 153480     86 rviz2 75468      80 joint_state_pub 57024      58 ros2 
902365184 | 254600     87 python3 153480     86 rviz2 75468      80 joint_state_pub 57024      58 ros2 
902397952 | 254600     87 python3 153480     86 rviz2 75468      80 joint_state_pub 57024      58 ros2 
902615040 | 254600     87 python3 153480     86 rviz2 75468      80 joint_state_pub 57024      58 ros2 
902356992 | 254600     87 python3 153480     86 rviz2 75468      80 joint_state_pub 57024      58 ros2 
902352896 | 254600     87 python3 153480     86 rviz2 75468      80 joint_state_pub 57024      58 ros2 
902348800 | 254600     87 python3 153480     86 rviz2 75468      80 joint_state_pub 57024      58 ros2 
902352896 | 254600     87 python3 153480     86 rviz2 75468      80 joint_state_pub 57024      58 ros2 
902356992 | 254600     87 python3 153480     86 rviz2 75468      80 joint_state_pub 57024      58 ros2 
902352896 | 254600     87 python3 153480     86 rviz2 75468      80 joint_state_pub 57024      58 ros2 
902840320 | 254600     87 python3 153480     86 rviz2 75468      80 joint_state_pub 57024      58 ros2 
902365184 | 254600     87 python3 153480     86 rviz2 75468      80 joint_state_pub 57024      58 ros2 
902619136 | 254600     87 python3 153480     86 rviz2 75468      80 joint_state_pub 57024      58 ros2 
902909952 | 254600     87 python3 153480     86 rviz2 75468      80 joint_state_pub 57024      58 ros2 
902356992 | 254600     87 python3 153480     86 rviz2 75468      80 joint_state_pub 57024      58 ros2 
902639616 | 254600     87 python3 153480     86 rviz2 75468      80 joint_state_pub 57024      58 ros2 
902238208 | 254600     87 python3 153480     86 rviz2 75468      80 joint_state_pub 57024      58 ros2 
902881280 | 254600     87 python3 153480     86 rviz2 75468      80 joint_state_pub 57024      58 ros2 
902361088 | 254600     87 python3 153480     86 rviz2 75468      80 joint_state_pub 57024      58 ros2 
902479872 | 254600     87 python3 153480     86 rviz2 75468      80 joint_state_pub 57024      58 ros2 
902356992 | 254600     87 python3 153480     86 rviz2 75468      80 joint_state_pub 57024      58 ros2 
902348800 | 254600     87 python3 153480     86 rviz2 75468      80 joint_state_pub 57024      58 ros2 
902615040 | 254600     87 python3 153480     86 rviz2 75468      80 joint_state_pub 57024      58 ros2 
903024640 | 254600     87 python3 153480     86 rviz2 75468      80 joint_state_pub 57024      58 ros2 
902234112 | 254600     87 python3 153480     86 rviz2 75468      80 joint_state_pub 57024      58 ros2 
902361088 | 254600     87 python3 153480     86 rviz2 75468      80 joint_state_pub 57024      58 ros2 
902619136 | 254600     87 python3 153480     86 rviz2 75468      80 joint_state_pub 57024      58 ros2 
903155712 | 254600     87 python3 153480     86 rviz2 75468      80 joint_state_pub 57024      58 ros2 
905379840 | 254600     87 python3 153480     86 rviz2 75364      80 joint_state_pub 57024      58 ros2 
873373696 | 254600     87 python3 153376     86 rviz2 75364      80 joint_state_pub 57024      58 ros2 
