=== 监视开始 ===
767303680 | 292320     74 python3 152616     73 rviz2 111072     67 joint_state_pub 80128      45 ros2 
767287296 | 292320     74 python3 152616     73 rviz2 111072     67 joint_state_pub 80128      45 ros2 
767307776 | 292320     74 python3 152616     73 rviz2 111072     67 joint_state_pub 80128      45 ros2 
767315968 | 292320     74 python3 152616     73 rviz2 111072     67 joint_state_pub 80128      45 ros2 
767303680 | 292320     74 python3 152616     73 rviz2 111072     67 joint_state_pub 80128      45 ros2 
767569920 | 292320     74 python3 152616     73 rviz2 111072     67 joint_state_pub 80128      45 ros2 
767041536 | 292320     74 python3 152616     73 rviz2 111072     67 joint_state_pub 80128      45 ros2 
767270912 | 292320     74 python3 152616     73 rviz2 111072     67 joint_state_pub 80128      45 ros2 
767045632 | 292320     74 python3 152616     73 rviz2 111072     67 joint_state_pub 80128      45 ros2 
767135744 | 292320     74 python3 152616     73 rviz2 111072     67 joint_state_pub 80128      45 ros2 
767303680 | 292320     74 python3 152616     73 rviz2 111072     67 joint_state_pub 80128      45 ros2 
767569920 | 292320     74 python3 152616     73 rviz2 111072     67 joint_state_pub 80128      45 ros2 
767303680 | 292320     74 python3 152616     73 rviz2 111072     67 joint_state_pub 80128      45 ros2 
767303680 | 292320     74 python3 152616     73 rviz2 111072     67 joint_state_pub 80128      45 ros2 
767356928 | 292320     74 python3 152616     73 rviz2 111072     67 joint_state_pub 80128      45 ros2 
767045632 | 292320     74 python3 152616     73 rviz2 111072     67 joint_state_pub 80128      45 ros2 
767569920 | 292320     74 python3 152616     73 rviz2 111072     67 joint_state_pub 80128      45 ros2 
767045632 | 292320     74 python3 152616     73 rviz2 111072     67 joint_state_pub 80128      45 ros2 
767307776 | 292320     74 python3 152616     73 rviz2 111072     67 joint_state_pub 80128      45 ros2 
767307776 | 292320     74 python3 152616     73 rviz2 111072     67 joint_state_pub 80128      45 ros2 
767574016 | 292320     74 python3 152616     73 rviz2 111072     67 joint_state_pub 80128      45 ros2 
767311872 | 292320     74 python3 152616     73 rviz2 111072     67 joint_state_pub 80128      45 ros2 
767062016 | 292320     74 python3 152616     73 rviz2 111072     67 joint_state_pub 80128      45 ros2 
767070208 | 292320     74 python3 152616     73 rviz2 111072     67 joint_state_pub 80128      45 ros2 
767078400 | 292320     74 python3 152616     73 rviz2 111072     67 joint_state_pub 80128      45 ros2 
767213568 | 292320     74 python3 152616     73 rviz2 111072     67 joint_state_pub 80128      45 ros2 
767328256 | 292320     74 python3 152616     73 rviz2 111072     67 joint_state_pub 80128      45 ros2 
767066112 | 292320     74 python3 152616     73 rviz2 111072     67 joint_state_pub 80128      45 ros2 
767344640 | 292320     74 python3 152616     73 rviz2 111072     67 joint_state_pub 80128      45 ros2 
767062016 | 292320     74 python3 152616     73 rviz2 111072     67 joint_state_pub 80128      45 ros2 
767115264 | 292320     74 python3 152616     73 rviz2 111072     67 joint_state_pub 80128      45 ros2 
767455232 | 292320     74 python3 152616     73 rviz2 111072     67 joint_state_pub 80128      45 ros2 
767328256 | 292320     74 python3 152616     73 rviz2 111072     67 joint_state_pub 80128      45 ros2 
767336448 | 292320     74 python3 152616     73 rviz2 111072     67 joint_state_pub 80128      45 ros2 
767303680 | 292320     74 python3 152616     73 rviz2 111072     67 joint_state_pub 80128      45 ros2 
767336448 | 292320     74 python3 152616     73 rviz2 111072     67 joint_state_pub 80128      45 ros2 
767340544 | 292320     74 python3 152616     73 rviz2 111072     67 joint_state_pub 80128      45 ros2 
767348736 | 292320     74 python3 152616     73 rviz2 111072     67 joint_state_pub 80128      45 ros2 
767332352 | 292320     74 python3 152616     73 rviz2 111072     67 joint_state_pub 80128      45 ros2 
767340544 | 292320     74 python3 152616     73 rviz2 111072     67 joint_state_pub 80128      45 ros2 
767344640 | 292320     74 python3 152616     73 rviz2 111072     67 joint_state_pub 80128      45 ros2 
767168512 | 292320     74 python3 152616     73 rviz2 111072     67 joint_state_pub 80128      45 ros2 
767610880 | 292320     74 python3 152616     73 rviz2 111072     67 joint_state_pub 80128      45 ros2 
767356928 | 292320     74 python3 152616     73 rviz2 111072     67 joint_state_pub 80128      45 ros2 
766955520 | 292320     74 python3 152616     73 rviz2 111072     67 joint_state_pub 80128      45 ros2 
767082496 | 292320     74 python3 152616     73 rviz2 111072     67 joint_state_pub 80128      45 ros2 
767348736 | 292320     74 python3 152616     73 rviz2 111072     67 joint_state_pub 80128      45 ros2 
767311872 | 292320     74 python3 152616     73 rviz2 111072     67 joint_state_pub 80128      45 ros2 
767352832 | 292320     74 python3 152616     73 rviz2 111072     67 joint_state_pub 80128      45 ros2 
767614976 | 292320     74 python3 152616     73 rviz2 111072     67 joint_state_pub 80128      45 ros2 
767344640 | 292320     74 python3 152616     73 rviz2 111072     67 joint_state_pub 80128      45 ros2 
767336448 | 292320     74 python3 152616     73 rviz2 111072     67 joint_state_pub 80128      45 ros2 
767344640 | 292320     74 python3 152616     73 rviz2 111072     67 joint_state_pub 80128      45 ros2 
767344640 | 292320     74 python3 152616     73 rviz2 111072     67 joint_state_pub 80128      45 ros2 
767344640 | 292320     74 python3 152616     73 rviz2 111072     67 joint_state_pub 80128      45 ros2 
767221760 | 292320     74 python3 152616     73 rviz2 111072     67 joint_state_pub 80128      45 ros2 
767610880 | 292320     74 python3 152616     73 rviz2 111072     67 joint_state_pub 80128      45 ros2 
767311872 | 292320     74 python3 152616     73 rviz2 111072     67 joint_state_pub 80128      45 ros2 
767082496 | 292320     74 python3 152616     73 rviz2 111072     67 joint_state_pub 80128      45 ros2 
767082496 | 292320     74 python3 152616     73 rviz2 111072     67 joint_state_pub 80128      45 ros2 
767344640 | 292320     74 python3 152616     73 rviz2 111072     67 joint_state_pub 80128      45 ros2 
767348736 | 292320     74 python3 152616     73 rviz2 111072     67 joint_state_pub 80128      45 ros2 
767344640 | 292320     74 python3 152616     73 rviz2 111072     67 joint_state_pub 80128      45 ros2 
767606784 | 292320     74 python3 152616     73 rviz2 111072     67 joint_state_pub 80128      45 ros2 
767340544 | 292320     74 python3 152616     73 rviz2 111072     67 joint_state_pub 80128      45 ros2 
767352832 | 292320     74 python3 152616     73 rviz2 111072     67 joint_state_pub 80128      45 ros2 
767406080 | 292320     74 python3 152616     73 rviz2 111072     67 joint_state_pub 80128      45 ros2 
767361024 | 292320     74 python3 152616     73 rviz2 111072     67 joint_state_pub 80128      45 ros2 
767348736 | 292320     74 python3 152616     73 rviz2 111072     67 joint_state_pub 80128      45 ros2 
767488000 | 292320     74 python3 152616     73 rviz2 111072     67 joint_state_pub 80128      45 ros2 
767610880 | 292320     74 python3 152616     73 rviz2 111072     67 joint_state_pub 80128      45 ros2 
767102976 | 292320     74 python3 152616     73 rviz2 111072     67 joint_state_pub 80128      45 ros2 
766967808 | 292320     74 python3 152616     73 rviz2 111072     67 joint_state_pub 80128      45 ros2 
767627264 | 292320     74 python3 152616     73 rviz2 111072     67 joint_state_pub 80128      45 ros2 
767365120 | 292320     74 python3 152616     73 rviz2 111072     67 joint_state_pub 80128      45 ros2 
767352832 | 292320     74 python3 152616     73 rviz2 111072     67 joint_state_pub 80128      45 ros2 
767356928 | 292320     74 python3 152616     73 rviz2 111072     67 joint_state_pub 80128      45 ros2 
767361024 | 292320     74 python3 152616     73 rviz2 111072     67 joint_state_pub 80128      45 ros2 
767098880 | 292320     74 python3 152616     73 rviz2 111072     67 joint_state_pub 80128      45 ros2 
767365120 | 292320     74 python3 152616     73 rviz2 111072     67 joint_state_pub 80128      45 ros2 
767152128 | 292320     74 python3 152616     73 rviz2 111072     67 joint_state_pub 80128      45 ros2 
767320064 | 292320     74 python3 152616     73 rviz2 111072     67 joint_state_pub 80128      45 ros2 
767356928 | 292320     74 python3 152616     73 rviz2 111072     67 joint_state_pub 80128      45 ros2 
767352832 | 292320     74 python3 152616     73 rviz2 111072     67 joint_state_pub 80128      45 ros2 
767242240 | 292320     74 python3 152616     73 rviz2 111072     67 joint_state_pub 80128      45 ros2 
767205376 | 292320     74 python3 152616     73 rviz2 111072     67 joint_state_pub 80128      45 ros2 
767082496 | 292320     74 python3 152616     73 rviz2 111072     67 joint_state_pub 80128      45 ros2 
767143936 | 292320     74 python3 152616     73 rviz2 111072     67 joint_state_pub 80128      45 ros2 
767504384 | 292320     74 python3 152616     73 rviz2 111072     67 joint_state_pub 80128      45 ros2 
767180800 | 292320     74 python3 152616     73 rviz2 111072     67 joint_state_pub 80128      45 ros2 
767123456 | 292320     74 python3 152616     73 rviz2 111072     67 joint_state_pub 80128      45 ros2 
772497408 | 292320     74 python3 152616     73 rviz2 111072     67 joint_state_pub 80128      45 ros2 
789786624 | 292320     74 python3 152616     73 rviz2 111072     67 joint_state_pub 80128      45 ros2 
767823872 | 292320     74 python3 152616     73 rviz2 111072     67 joint_state_pub 80128      45 ros2 
768348160 | 292320     74 python3 152616     73 rviz2 111072     67 joint_state_pub 80128      45 ros2 
767664128 | 292320     74 python3 152616     73 rviz2 111072     67 joint_state_pub 80128      45 ros2 
767569920 | 292320     74 python3 152616     73 rviz2 111072     67 joint_state_pub 80128      45 ros2 
767840256 | 292320     74 python3 152616     73 rviz2 111072     67 joint_state_pub 80128      45 ros2 
767897600 | 292320     74 python3 152616     73 rviz2 111072     67 joint_state_pub 80128      45 ros2 
767860736 | 292320     74 python3 152616     73 rviz2 111072     67 joint_state_pub 80128      45 ros2 
767832064 | 292320     74 python3 152616     73 rviz2 111072     67 joint_state_pub 80128      45 ros2 
767832064 | 292320     74 python3 152616     73 rviz2 111072     67 joint_state_pub 80128      45 ros2 
767795200 | 292320     74 python3 152616     73 rviz2 111072     67 joint_state_pub 80128      45 ros2 
767836160 | 292320     74 python3 152616     73 rviz2 111072     67 joint_state_pub 80128      45 ros2 
767565824 | 292320     74 python3 152616     73 rviz2 111072     67 joint_state_pub 80128      45 ros2 
767836160 | 292320     74 python3 152616     73 rviz2 111072     67 joint_state_pub 80128      45 ros2 
767844352 | 292320     74 python3 152616     73 rviz2 111072     67 joint_state_pub 80128      45 ros2 
767594496 | 292320     74 python3 152616     73 rviz2 111072     67 joint_state_pub 80128      45 ros2 
767905792 | 292320     74 python3 152616     73 rviz2 111072     67 joint_state_pub 80128      45 ros2 
767832064 | 292320     74 python3 152616     73 rviz2 111072     67 joint_state_pub 80128      45 ros2 
767860736 | 292320     74 python3 152616     73 rviz2 111072     67 joint_state_pub 80128      45 ros2 
767832064 | 292320     74 python3 152616     73 rviz2 111072     67 joint_state_pub 80128      45 ros2 
767574016 | 292320     74 python3 152616     73 rviz2 111072     67 joint_state_pub 80128      45 ros2 
767844352 | 292320     74 python3 152616     73 rviz2 111072     67 joint_state_pub 80128      45 ros2 
768049152 | 292320     74 python3 152616     73 rviz2 111072     67 joint_state_pub 80128      45 ros2 
767582208 | 292320     74 python3 152616     73 rviz2 111072     67 joint_state_pub 80128      45 ros2 
767713280 | 292320     74 python3 152616     73 rviz2 111072     67 joint_state_pub 80128      45 ros2 
767836160 | 292320     74 python3 152616     73 rviz2 111072     67 joint_state_pub 80128      45 ros2 
767619072 | 292320     74 python3 152616     73 rviz2 111072     67 joint_state_pub 80128      45 ros2 
767606784 | 292320     74 python3 152616     73 rviz2 111072     67 joint_state_pub 80128      45 ros2 
767619072 | 292320     74 python3 152616     73 rviz2 111072     67 joint_state_pub 80128      45 ros2 
767873024 | 292320     74 python3 152616     73 rviz2 111072     67 joint_state_pub 80128      45 ros2 
767582208 | 292320     74 python3 152616     73 rviz2 111072     67 joint_state_pub 80128      45 ros2 
767836160 | 292320     74 python3 152616     73 rviz2 111072     67 joint_state_pub 80128      45 ros2 
767840256 | 292320     74 python3 152616     73 rviz2 111072     67 joint_state_pub 80128      45 ros2 
767705088 | 292320     74 python3 152616     73 rviz2 111072     67 joint_state_pub 80128      45 ros2 
767840256 | 292320     74 python3 152616     73 rviz2 111072     67 joint_state_pub 80128      45 ros2 
767537152 | 292320     74 python3 152616     73 rviz2 111072     67 joint_state_pub 80128      45 ros2 
767840256 | 292320     74 python3 152616     73 rviz2 111072     67 joint_state_pub 80128      45 ros2 
767848448 | 292320     74 python3 152616     73 rviz2 111072     67 joint_state_pub 80128      45 ros2 
767651840 | 292320     74 python3 152616     73 rviz2 111072     67 joint_state_pub 80128      45 ros2 
767836160 | 292320     74 python3 152616     73 rviz2 111072     67 joint_state_pub 80128      45 ros2 
767705088 | 292320     74 python3 152616     73 rviz2 111072     67 joint_state_pub 80128      45 ros2 
768110592 | 292320     74 python3 152616     73 rviz2 111072     67 joint_state_pub 80128      45 ros2 
767619072 | 292320     74 python3 152616     73 rviz2 111072     67 joint_state_pub 80128      45 ros2 
767881216 | 292320     74 python3 152616     73 rviz2 111072     67 joint_state_pub 80128      45 ros2 
767860736 | 292320     74 python3 152616     73 rviz2 111072     67 joint_state_pub 80128      45 ros2 
767594496 | 292320     74 python3 152616     73 rviz2 111072     67 joint_state_pub 80128      45 ros2 
767643648 | 292320     74 python3 152616     73 rviz2 111072     67 joint_state_pub 80128      45 ros2 
767586304 | 292320     74 python3 152616     73 rviz2 111072     67 joint_state_pub 80128      45 ros2 
767586304 | 292320     74 python3 152616     73 rviz2 111072     67 joint_state_pub 80128      45 ros2 
767557632 | 292320     74 python3 152616     73 rviz2 111072     67 joint_state_pub 80128      45 ros2 
768077824 | 292320     74 python3 152616     73 rviz2 111072     67 joint_state_pub 80128      45 ros2 
768110592 | 292320     74 python3 152616     73 rviz2 111072     67 joint_state_pub 80128      45 ros2 
767901696 | 292320     74 python3 152616     73 rviz2 111072     67 joint_state_pub 80128      45 ros2 
775372800 | 292320     74 python3 152616     73 rviz2 111072     67 joint_state_pub 80128      45 ros2 
775729152 | 292320     74 python3 152616     73 rviz2 111072     67 joint_state_pub 80128      45 ros2 
774660096 | 292320     74 python3 152616     73 rviz2 111072     67 joint_state_pub 80128      45 ros2 
781205504 | 292320     74 python3 152616     73 rviz2 111072     67 joint_state_pub 80128      45 ros2 
790454272 | 292320     74 python3 152616     73 rviz2 111072     67 joint_state_pub 80128      45 ros2 
825962496 | 292320     74 python3 152616     73 rviz2 111072     67 joint_state_pub 80296      45 ros2 
850259968 | 292392     74 python3 152688     73 rviz2 111148     67 joint_state_pub 80388      45 ros2 
853250048 | 292524     74 python3 152820     73 rviz2 111284     67 joint_state_pub 80348      45 ros2 
813318144 | 292524     74 python3 152820     73 rviz2 111284     67 joint_state_pub 80412      45 ros2 
813080576 | 292524     74 python3 152820     73 rviz2 111284     67 joint_state_pub 80412      45 ros2 
813772800 | 292524     74 python3 152820     73 rviz2 111284     67 joint_state_pub 80412      45 ros2 
813494272 | 292524     74 python3 152820     73 rviz2 111284     67 joint_state_pub 80412      45 ros2 
813264896 | 292524     74 python3 152820     73 rviz2 111284     67 joint_state_pub 80412      45 ros2 
813264896 | 292524     74 python3 152820     73 rviz2 111284     67 joint_state_pub 80412      45 ros2 
813359104 | 292524     74 python3 152820     73 rviz2 111284     67 joint_state_pub 80412      45 ros2 
813715456 | 292524     74 python3 152820     73 rviz2 111284     67 joint_state_pub 80412      45 ros2 
813150208 | 292524     74 python3 152820     73 rviz2 111284     67 joint_state_pub 80412      45 ros2 
813498368 | 292524     74 python3 152820     73 rviz2 111284     67 joint_state_pub 80412      45 ros2 
813531136 | 292524     74 python3 152820     73 rviz2 111284     67 joint_state_pub 80412      45 ros2 
813535232 | 292524     74 python3 152820     73 rviz2 111284     67 joint_state_pub 80412      45 ros2 
813531136 | 292524     74 python3 152820     73 rviz2 111284     67 joint_state_pub 80412      45 ros2 
813834240 | 292524     74 python3 152820     73 rviz2 111284     67 joint_state_pub 80412      45 ros2 
813572096 | 292524     74 python3 152820     73 rviz2 111284     67 joint_state_pub 80348      45 ros2 
813531136 | 292524     74 python3 152820     73 rviz2 111284     67 joint_state_pub 80348      45 ros2 
813555712 | 292524     74 python3 152820     73 rviz2 111284     67 joint_state_pub 80348      45 ros2 
812986368 | 292524     74 python3 152820     73 rviz2 111284     67 joint_state_pub 80348      45 ros2 
812982272 | 292524     74 python3 152820     73 rviz2 111284     67 joint_state_pub 80348      45 ros2 
812982272 | 292524     74 python3 152820     73 rviz2 111284     67 joint_state_pub 80348      45 ros2 
812883968 | 292524     74 python3 152820     73 rviz2 111284     67 joint_state_pub 80348      45 ros2 
812888064 | 292524     74 python3 152820     73 rviz2 111284     67 joint_state_pub 80348      45 ros2 
813248512 | 292524     74 python3 152820     73 rviz2 111284     67 joint_state_pub 80348      45 ros2 
812732416 | 292524     74 python3 152820     73 rviz2 111284     67 joint_state_pub 80348      45 ros2 
812986368 | 292524     74 python3 152820     73 rviz2 111284     67 joint_state_pub 80348      45 ros2 
812724224 | 292524     74 python3 152820     73 rviz2 111284     67 joint_state_pub 80348      45 ros2 
812720128 | 292524     74 python3 152820     73 rviz2 111284     67 joint_state_pub 80348      45 ros2 
812986368 | 292524     74 python3 152820     73 rviz2 111284     67 joint_state_pub 80348      45 ros2 
812716032 | 292524     74 python3 152820     73 rviz2 111284     67 joint_state_pub 80348      45 ros2 
813244416 | 292524     74 python3 152820     73 rviz2 111284     67 joint_state_pub 80348      45 ros2 
812949504 | 292524     74 python3 152820     73 rviz2 111284     67 joint_state_pub 80348      45 ros2 
812720128 | 292524     74 python3 152820     73 rviz2 111284     67 joint_state_pub 80348      45 ros2 
812683264 | 292524     74 python3 152820     73 rviz2 111284     67 joint_state_pub 80348      45 ros2 
812978176 | 292524     74 python3 152820     73 rviz2 111284     67 joint_state_pub 80348      45 ros2 
812994560 | 292524     74 python3 152820     73 rviz2 111284     67 joint_state_pub 80348      45 ros2 
812982272 | 292524     74 python3 152820     73 rviz2 111284     67 joint_state_pub 80348      45 ros2 
812900352 | 292524     74 python3 152820     73 rviz2 111284     67 joint_state_pub 80348      45 ros2 
812982272 | 292524     74 python3 152820     73 rviz2 111284     67 joint_state_pub 80348      45 ros2 
812683264 | 292524     74 python3 152820     73 rviz2 111284     67 joint_state_pub 80348      45 ros2 
813072384 | 292524     74 python3 152820     73 rviz2 111284     67 joint_state_pub 80348      45 ros2 
812720128 | 292524     74 python3 152820     73 rviz2 111284     67 joint_state_pub 80348      45 ros2 
812724224 | 292524     74 python3 152820     73 rviz2 111284     67 joint_state_pub 80348      45 ros2 
812724224 | 292524     74 python3 152820     73 rviz2 111284     67 joint_state_pub 80348      45 ros2 
812990464 | 292524     74 python3 152820     73 rviz2 111284     67 joint_state_pub 80348      45 ros2 
812994560 | 292524     74 python3 152820     73 rviz2 111284     67 joint_state_pub 80348      45 ros2 
813412352 | 292524     74 python3 152820     73 rviz2 111284     67 joint_state_pub 80348      45 ros2 
813256704 | 292524     74 python3 152820     73 rviz2 111284     67 joint_state_pub 80348      45 ros2 
813252608 | 292524     74 python3 152820     73 rviz2 111284     67 joint_state_pub 80348      45 ros2 
812822528 | 292524     74 python3 152820     73 rviz2 111284     67 joint_state_pub 80348      45 ros2 
812732416 | 292524     74 python3 152820     73 rviz2 111284     67 joint_state_pub 80348      45 ros2 
812994560 | 292524     74 python3 152820     73 rviz2 111284     67 joint_state_pub 80348      45 ros2 
813035520 | 292524     74 python3 152820     73 rviz2 111284     67 joint_state_pub 80348      45 ros2 
813043712 | 292524     74 python3 152820     73 rviz2 111284     67 joint_state_pub 80348      45 ros2 
813182976 | 292524     74 python3 152820     73 rviz2 111284     67 joint_state_pub 80348      45 ros2 
813514752 | 292524     74 python3 152820     73 rviz2 111284     67 joint_state_pub 80348      45 ros2 
813486080 | 292524     74 python3 152820     73 rviz2 111284     67 joint_state_pub 80348      45 ros2 
812994560 | 292524     74 python3 152820     73 rviz2 111284     67 joint_state_pub 80348      45 ros2 
812736512 | 292524     74 python3 152820     73 rviz2 111284     67 joint_state_pub 80348      45 ros2 
812994560 | 292524     74 python3 152820     73 rviz2 111284     67 joint_state_pub 80348      45 ros2 
812998656 | 292524     74 python3 152820     73 rviz2 111284     67 joint_state_pub 80348      45 ros2 
812736512 | 292524     74 python3 152820     73 rviz2 111284     67 joint_state_pub 80348      45 ros2 
812998656 | 292524     74 python3 152820     73 rviz2 111284     67 joint_state_pub 80348      45 ros2 
812879872 | 292524     74 python3 152820     73 rviz2 111284     67 joint_state_pub 80348      45 ros2 
812998656 | 292524     74 python3 152820     73 rviz2 111284     67 joint_state_pub 80348      45 ros2 
812736512 | 292524     74 python3 152820     73 rviz2 111284     67 joint_state_pub 80348      45 ros2 
812998656 | 292524     74 python3 152820     73 rviz2 111284     67 joint_state_pub 80348      45 ros2 
813264896 | 292524     74 python3 152820     73 rviz2 111284     67 joint_state_pub 80348      45 ros2 
812998656 | 292524     74 python3 152820     73 rviz2 111284     67 joint_state_pub 80348      45 ros2 
812998656 | 292524     74 python3 152820     73 rviz2 111284     67 joint_state_pub 80348      45 ros2 
813260800 | 292524     74 python3 152820     73 rviz2 111284     67 joint_state_pub 80348      45 ros2 
813002752 | 292524     74 python3 152820     73 rviz2 111284     67 joint_state_pub 80348      45 ros2 
812998656 | 292524     74 python3 152820     73 rviz2 111284     67 joint_state_pub 80348      45 ros2 
813088768 | 292524     74 python3 152820     73 rviz2 111284     67 joint_state_pub 80348      45 ros2 
813002752 | 292524     74 python3 152820     73 rviz2 111284     67 joint_state_pub 80348      45 ros2 
812756992 | 292524     74 python3 152820     73 rviz2 111284     67 joint_state_pub 80348      45 ros2 
812998656 | 292524     74 python3 152820     73 rviz2 111284     67 joint_state_pub 80348      45 ros2 
812998656 | 292524     74 python3 152820     73 rviz2 111284     67 joint_state_pub 80348      45 ros2 
812998656 | 292524     74 python3 152820     73 rviz2 111284     67 joint_state_pub 80348      45 ros2 
812736512 | 292524     74 python3 152820     73 rviz2 111284     67 joint_state_pub 80348      45 ros2 
812752896 | 292524     74 python3 152820     73 rviz2 111284     67 joint_state_pub 80348      45 ros2 
813002752 | 292524     74 python3 152820     73 rviz2 111284     67 joint_state_pub 80348      45 ros2 
813010944 | 292524     74 python3 152820     73 rviz2 111284     67 joint_state_pub 80348      45 ros2 
812822528 | 292524     74 python3 152820     73 rviz2 111284     67 joint_state_pub 80348      45 ros2 
812969984 | 292524     74 python3 152820     73 rviz2 111284     67 joint_state_pub 80348      45 ros2 
813363200 | 292524     74 python3 152820     73 rviz2 111284     67 joint_state_pub 80348      45 ros2 
813137920 | 292524     74 python3 152820     73 rviz2 111284     67 joint_state_pub 80348      45 ros2 
812978176 | 292524     74 python3 152820     73 rviz2 111284     67 joint_state_pub 80348      45 ros2 
812756992 | 292524     74 python3 152820     73 rviz2 111284     67 joint_state_pub 80348      45 ros2 
813015040 | 292524     74 python3 152820     73 rviz2 111284     67 joint_state_pub 80348      45 ros2 
812752896 | 292524     74 python3 152820     73 rviz2 111284     67 joint_state_pub 80348      45 ros2 
813273088 | 292524     74 python3 152820     73 rviz2 111284     67 joint_state_pub 80348      45 ros2 
813273088 | 292524     74 python3 152820     73 rviz2 111284     67 joint_state_pub 80348      45 ros2 
812756992 | 292524     74 python3 152820     73 rviz2 111284     67 joint_state_pub 80348      45 ros2 
813260800 | 292524     74 python3 152820     73 rviz2 111284     67 joint_state_pub 80348      45 ros2 
813039616 | 292524     74 python3 152820     73 rviz2 111284     67 joint_state_pub 80348      45 ros2 
812847104 | 292524     74 python3 152820     73 rviz2 111284     67 joint_state_pub 80348      45 ros2 
813010944 | 292524     74 python3 152820     73 rviz2 111284     67 joint_state_pub 80348      45 ros2 
812748800 | 292524     74 python3 152820     73 rviz2 111284     67 joint_state_pub 80348      45 ros2 
812986368 | 292524     74 python3 152820     73 rviz2 111284     67 joint_state_pub 80348      45 ros2 
812986368 | 292524     74 python3 152820     73 rviz2 111284     67 joint_state_pub 80348      45 ros2 
812949504 | 292524     74 python3 152820     73 rviz2 111284     67 joint_state_pub 80348      45 ros2 
813400064 | 292524     74 python3 152820     73 rviz2 111284     67 joint_state_pub 80348      45 ros2 
813146112 | 292524     74 python3 152820     73 rviz2 111284     67 joint_state_pub 80348      45 ros2 
813277184 | 292524     74 python3 152820     73 rviz2 111284     67 joint_state_pub 80348      45 ros2 
812716032 | 292524     74 python3 152820     73 rviz2 111284     67 joint_state_pub 80348      45 ros2 
813010944 | 292524     74 python3 152820     73 rviz2 111284     67 joint_state_pub 80348      45 ros2 
813035520 | 292524     74 python3 152820     73 rviz2 111284     67 joint_state_pub 80348      45 ros2 
813297664 | 292524     74 python3 152820     73 rviz2 111284     67 joint_state_pub 80348      45 ros2 
812773376 | 292524     74 python3 152820     73 rviz2 111284     67 joint_state_pub 80348      45 ros2 
812900352 | 292524     74 python3 152820     73 rviz2 111284     67 joint_state_pub 80348      45 ros2 
813174784 | 292524     74 python3 152820     73 rviz2 111284     67 joint_state_pub 80348      45 ros2 
817557504 | 292524     74 python3 152820     73 rviz2 111284     67 joint_state_pub 80348      45 ros2 
818221056 | 292524     74 python3 152820     73 rviz2 111180     67 joint_state_pub 80348      45 ros2 
780955648 | 292524     74 python3 152820     73 rviz2 111116     67 joint_state_pub 80348      45 ros2 
779051008 | 292524     74 python3 152820     73 rviz2 111116     67 joint_state_pub 80348      45 ros2 
786309120 | 292524     74 python3 152820     73 rviz2 111116     67 joint_state_pub 80348      45 ros2 
794873856 | 292524     74 python3 152716     73 rviz2 111116     67 joint_state_pub 80244      45 ros2 
819871744 | 292524     74 python3 152884     73 rviz2 111220     67 joint_state_pub 80412      45 ros2 
820420608 | 292524     74 python3 152884     73 rviz2 111220     67 joint_state_pub 80412      45 ros2 
820568064 | 292524     74 python3 152884     73 rviz2 111288     67 joint_state_pub 80412      45 ros2 
818405376 | 292524     74 python3 152780     73 rviz2 111184     67 joint_state_pub 80412      45 ros2 
773992448 | 292524     74 python3 152780     73 rviz2 111184     67 joint_state_pub 80412      45 ros2 
774287360 | 292524     74 python3 152780     73 rviz2 111184     67 joint_state_pub 80412      45 ros2 
774545408 | 292524     74 python3 152780     73 rviz2 111184     67 joint_state_pub 80412      45 ros2 
773877760 | 292524     74 python3 152780     73 rviz2 111184     67 joint_state_pub 80412      45 ros2 
774111232 | 292524     74 python3 152780     73 rviz2 111184     67 joint_state_pub 80308      45 ros2 
773865472 | 292420     74 python3 152780     73 rviz2 111184     67 joint_state_pub 80308      45 ros2 
774029312 | 292356     74 python3 152716     73 rviz2 111184     67 joint_state_pub 80244      45 ros2 
773427200 | 292356     74 python3 152716     73 rviz2 111184     67 joint_state_pub 80244      45 ros2 
773578752 | 292356     74 python3 152716     73 rviz2 111184     67 joint_state_pub 80244      45 ros2 
773840896 | 292356     74 python3 152716     73 rviz2 111184     67 joint_state_pub 80244      45 ros2 
773574656 | 292356     74 python3 152716     73 rviz2 111184     67 joint_state_pub 80244      45 ros2 
773578752 | 292356     74 python3 152716     73 rviz2 111184     67 joint_state_pub 80244      45 ros2 
773656576 | 292356     74 python3 152716     73 rviz2 111184     67 joint_state_pub 80180      45 ros2 
773570560 | 292356     74 python3 152716     73 rviz2 111184     67 joint_state_pub 80180      45 ros2 
773304320 | 292356     74 python3 152716     73 rviz2 111120     67 joint_state_pub 80180      45 ros2 
773566464 | 292356     74 python3 152652     73 rviz2 111120     67 joint_state_pub 80180      45 ros2 
773558272 | 292356     74 python3 152652     73 rviz2 111120     67 joint_state_pub 80180      45 ros2 
773009408 | 292356     74 python3 152652     73 rviz2 111120     67 joint_state_pub 80180      45 ros2 
772964352 | 292356     74 python3 152652     73 rviz2 111120     67 joint_state_pub 80180      45 ros2 
773259264 | 292356     74 python3 152652     73 rviz2 111120     67 joint_state_pub 80180      45 ros2 
772964352 | 292356     74 python3 152652     73 rviz2 111120     67 joint_state_pub 80180      45 ros2 
773005312 | 292356     74 python3 152652     73 rviz2 111120     67 joint_state_pub 80180      45 ros2 
772997120 | 292356     74 python3 152652     73 rviz2 111120     67 joint_state_pub 80180      45 ros2 
773001216 | 292356     74 python3 152652     73 rviz2 111120     67 joint_state_pub 80180      45 ros2 
773505024 | 292356     74 python3 152652     73 rviz2 111120     67 joint_state_pub 80180      45 ros2 
773005312 | 292356     74 python3 152652     73 rviz2 111120     67 joint_state_pub 80180      45 ros2 
773001216 | 292356     74 python3 152652     73 rviz2 111120     67 joint_state_pub 80180      45 ros2 
773005312 | 292356     74 python3 152652     73 rviz2 111120     67 joint_state_pub 80180      45 ros2 
773246976 | 292356     74 python3 152652     73 rviz2 111120     67 joint_state_pub 80180      45 ros2 
772870144 | 292356     74 python3 152652     73 rviz2 111120     67 joint_state_pub 80180      45 ros2 
772743168 | 292356     74 python3 152652     73 rviz2 111120     67 joint_state_pub 80180      45 ros2 
773132288 | 292356     74 python3 152652     73 rviz2 111120     67 joint_state_pub 80180      45 ros2 
773107712 | 292356     74 python3 152652     73 rviz2 111120     67 joint_state_pub 80180      45 ros2 
772734976 | 292356     74 python3 152652     73 rviz2 111120     67 joint_state_pub 80180      45 ros2 
772734976 | 292356     74 python3 152652     73 rviz2 111120     67 joint_state_pub 80180      45 ros2 
773062656 | 292356     74 python3 152652     73 rviz2 111120     67 joint_state_pub 80180      45 ros2 
772792320 | 292356     74 python3 152652     73 rviz2 111120     67 joint_state_pub 80180      45 ros2 
773316608 | 292356     74 python3 152652     73 rviz2 111120     67 joint_state_pub 80180      45 ros2 
772624384 | 292356     74 python3 152652     73 rviz2 111120     67 joint_state_pub 80180      45 ros2 
772739072 | 292356     74 python3 152652     73 rviz2 111120     67 joint_state_pub 80180      45 ros2 
773152768 | 292356     74 python3 152652     73 rviz2 111120     67 joint_state_pub 80180      45 ros2 
772874240 | 292356     74 python3 152652     73 rviz2 111120     67 joint_state_pub 80180      45 ros2 
772972544 | 292356     74 python3 152652     73 rviz2 111120     67 joint_state_pub 80180      45 ros2 
773001216 | 292356     74 python3 152652     73 rviz2 111120     67 joint_state_pub 80180      45 ros2 
773296128 | 292356     74 python3 152652     73 rviz2 111120     67 joint_state_pub 80180      45 ros2 
772841472 | 292356     74 python3 152652     73 rviz2 111120     67 joint_state_pub 80180      45 ros2 
772702208 | 292356     74 python3 152652     73 rviz2 111120     67 joint_state_pub 80180      45 ros2 
772321280 | 292356     74 python3 152652     73 rviz2 111120     67 joint_state_pub 80180      45 ros2 
772444160 | 292356     74 python3 152652     73 rviz2 111120     67 joint_state_pub 80180      45 ros2 
772481024 | 292356     74 python3 152652     73 rviz2 111120     67 joint_state_pub 80180      45 ros2 
772481024 | 292356     74 python3 152652     73 rviz2 111120     67 joint_state_pub 80180      45 ros2 
772481024 | 292356     74 python3 152652     73 rviz2 111120     67 joint_state_pub 80180      45 ros2 
772976640 | 292356     74 python3 152652     73 rviz2 111120     67 joint_state_pub 80180      45 ros2 
772743168 | 292356     74 python3 152652     73 rviz2 111120     67 joint_state_pub 80180      45 ros2 
772874240 | 292356     74 python3 152652     73 rviz2 111120     67 joint_state_pub 80180      45 ros2 
772481024 | 292356     74 python3 152652     73 rviz2 111120     67 joint_state_pub 80180      45 ros2 
772780032 | 292356     74 python3 152652     73 rviz2 111120     67 joint_state_pub 80180      45 ros2 
772743168 | 292356     74 python3 152652     73 rviz2 111120     67 joint_state_pub 80180      45 ros2 
772743168 | 292356     74 python3 152652     73 rviz2 111120     67 joint_state_pub 80180      45 ros2 
772632576 | 292356     74 python3 152652     73 rviz2 111120     67 joint_state_pub 80180      45 ros2 
773025792 | 292356     74 python3 152652     73 rviz2 111120     67 joint_state_pub 80180      45 ros2 
772710400 | 292356     74 python3 152652     73 rviz2 111120     67 joint_state_pub 80180      45 ros2 
772485120 | 292356     74 python3 152652     73 rviz2 111120     67 joint_state_pub 80180      45 ros2 
773029888 | 292356     74 python3 152652     73 rviz2 111120     67 joint_state_pub 80180      45 ros2 
772329472 | 292356     74 python3 152652     73 rviz2 111120     67 joint_state_pub 80180      45 ros2 
772374528 | 292356     74 python3 152652     73 rviz2 111120     67 joint_state_pub 80180      45 ros2 
772444160 | 292356     74 python3 152652     73 rviz2 111120     67 joint_state_pub 80180      45 ros2 
772710400 | 292356     74 python3 152652     73 rviz2 111120     67 joint_state_pub 80180      45 ros2 
772743168 | 292356     74 python3 152652     73 rviz2 111120     67 joint_state_pub 80180      45 ros2 
772481024 | 292356     74 python3 152652     73 rviz2 111120     67 joint_state_pub 80180      45 ros2 
772481024 | 292356     74 python3 152652     73 rviz2 111120     67 joint_state_pub 80180      45 ros2 
772366336 | 292356     74 python3 152652     73 rviz2 111120     67 joint_state_pub 80180      45 ros2 
772358144 | 292356     74 python3 152652     73 rviz2 111120     67 joint_state_pub 80180      45 ros2 
772481024 | 292356     74 python3 152652     73 rviz2 111120     67 joint_state_pub 80180      45 ros2 
772743168 | 292356     74 python3 152652     73 rviz2 111120     67 joint_state_pub 80180      45 ros2 
772481024 | 292356     74 python3 152652     73 rviz2 111120     67 joint_state_pub 80180      45 ros2 
772476928 | 292356     74 python3 152652     73 rviz2 111120     67 joint_state_pub 80180      45 ros2 
772763648 | 292356     74 python3 152652     73 rviz2 111120     67 joint_state_pub 80180      45 ros2 
772710400 | 292356     74 python3 152652     73 rviz2 111120     67 joint_state_pub 80180      45 ros2 
772481024 | 292356     74 python3 152652     73 rviz2 111120     67 joint_state_pub 80180      45 ros2 
772476928 | 292356     74 python3 152652     73 rviz2 111120     67 joint_state_pub 80180      45 ros2 
772489216 | 292356     74 python3 152652     73 rviz2 111120     67 joint_state_pub 80180      45 ros2 
772325376 | 292356     74 python3 152652     73 rviz2 111120     67 joint_state_pub 80180      45 ros2 
772530176 | 292356     74 python3 152652     73 rviz2 111120     67 joint_state_pub 80180      45 ros2 
773345280 | 292356     74 python3 152652     73 rviz2 111120     67 joint_state_pub 80180      45 ros2 
773087232 | 292356     74 python3 152652     73 rviz2 111120     67 joint_state_pub 80180      45 ros2 
772956160 | 292356     74 python3 152652     73 rviz2 111120     67 joint_state_pub 80180      45 ros2 
773083136 | 292356     74 python3 152652     73 rviz2 111120     67 joint_state_pub 80180      45 ros2 
773361664 | 292356     74 python3 152652     73 rviz2 111120     67 joint_state_pub 80180      45 ros2 
773345280 | 292356     74 python3 152652     73 rviz2 111120     67 joint_state_pub 80180      45 ros2 
773353472 | 292356     74 python3 152652     73 rviz2 111120     67 joint_state_pub 80180      45 ros2 
773349376 | 292356     74 python3 152652     73 rviz2 111120     67 joint_state_pub 80180      45 ros2 
773574656 | 292356     74 python3 152652     73 rviz2 111120     67 joint_state_pub 80180      45 ros2 
772960256 | 292356     74 python3 152652     73 rviz2 111120     67 joint_state_pub 80180      45 ros2 
773345280 | 292356     74 python3 152652     73 rviz2 111120     67 joint_state_pub 80180      45 ros2 
773488640 | 292356     74 python3 152652     73 rviz2 111120     67 joint_state_pub 80180      45 ros2 
773218304 | 292356     74 python3 152652     73 rviz2 111120     67 joint_state_pub 80180      45 ros2 
773857280 | 292356     74 python3 152652     73 rviz2 111120     67 joint_state_pub 80180      45 ros2 
773345280 | 292356     74 python3 152652     73 rviz2 111120     67 joint_state_pub 80180      45 ros2 
773345280 | 292356     74 python3 152652     73 rviz2 111120     67 joint_state_pub 80180      45 ros2 
773607424 | 292356     74 python3 152652     73 rviz2 111120     67 joint_state_pub 80180      45 ros2 
773193728 | 292356     74 python3 152652     73 rviz2 111120     67 joint_state_pub 80180      45 ros2 
773222400 | 292356     74 python3 152652     73 rviz2 111120     67 joint_state_pub 80180      45 ros2 
773341184 | 292356     74 python3 152652     73 rviz2 111120     67 joint_state_pub 80180      45 ros2 
773345280 | 292356     74 python3 152652     73 rviz2 111120     67 joint_state_pub 80180      45 ros2 
773038080 | 292356     74 python3 152652     73 rviz2 111120     67 joint_state_pub 80180      45 ros2 
773083136 | 292356     74 python3 152652     73 rviz2 111120     67 joint_state_pub 80180      45 ros2 
773017600 | 292356     74 python3 152652     73 rviz2 111120     67 joint_state_pub 80180      45 ros2 
773144576 | 292356     74 python3 152652     73 rviz2 111120     67 joint_state_pub 80180      45 ros2 
773378048 | 292356     74 python3 152652     73 rviz2 111120     67 joint_state_pub 80180      45 ros2 
773779456 | 292356     74 python3 152652     73 rviz2 111120     67 joint_state_pub 80180      45 ros2 
773378048 | 292356     74 python3 152652     73 rviz2 111120     67 joint_state_pub 80180      45 ros2 
773378048 | 292356     74 python3 152652     73 rviz2 111120     67 joint_state_pub 80180      45 ros2 
773378048 | 292356     74 python3 152652     73 rviz2 111120     67 joint_state_pub 80180      45 ros2 
773210112 | 292356     74 python3 152652     73 rviz2 111120     67 joint_state_pub 80180      45 ros2 
773640192 | 292356     74 python3 152652     73 rviz2 111120     67 joint_state_pub 80180      45 ros2 
773255168 | 292356     74 python3 152652     73 rviz2 111120     67 joint_state_pub 80180      45 ros2 
773263360 | 292356     74 python3 152652     73 rviz2 111120     67 joint_state_pub 80180      45 ros2 
773378048 | 292356     74 python3 152652     73 rviz2 111120     67 joint_state_pub 80180      45 ros2 
773627904 | 292356     74 python3 152652     73 rviz2 111120     67 joint_state_pub 80180      45 ros2 
773644288 | 292356     74 python3 152652     73 rviz2 111120     67 joint_state_pub 80180      45 ros2 
773382144 | 292356     74 python3 152652     73 rviz2 111120     67 joint_state_pub 80180      45 ros2 
773779456 | 292356     74 python3 152652     73 rviz2 111120     67 joint_state_pub 80180      45 ros2 
773378048 | 292356     74 python3 152652     73 rviz2 111120     67 joint_state_pub 80180      45 ros2 
773644288 | 292356     74 python3 152652     73 rviz2 111120     67 joint_state_pub 80180      45 ros2 
773926912 | 292356     74 python3 152652     73 rviz2 111120     67 joint_state_pub 80180      45 ros2 
773644288 | 292356     74 python3 152652     73 rviz2 111120     67 joint_state_pub 80180      45 ros2 
773386240 | 292356     74 python3 152652     73 rviz2 111120     67 joint_state_pub 80180      45 ros2 
773640192 | 292356     74 python3 152652     73 rviz2 111120     67 joint_state_pub 80180      45 ros2 
773644288 | 292356     74 python3 152652     73 rviz2 111120     67 joint_state_pub 80180      45 ros2 
773382144 | 292356     74 python3 152652     73 rviz2 111120     67 joint_state_pub 80180      45 ros2 
773386240 | 292356     74 python3 152652     73 rviz2 111120     67 joint_state_pub 80180      45 ros2 
773345280 | 292356     74 python3 152652     73 rviz2 111120     67 joint_state_pub 80180      45 ros2 
773644288 | 292356     74 python3 152652     73 rviz2 111120     67 joint_state_pub 80180      45 ros2 
773382144 | 292356     74 python3 152652     73 rviz2 111120     67 joint_state_pub 80180      45 ros2 
773640192 | 292356     74 python3 152652     73 rviz2 111120     67 joint_state_pub 80180      45 ros2 
773484544 | 292356     74 python3 152652     73 rviz2 111120     67 joint_state_pub 80180      45 ros2 
773644288 | 292356     74 python3 152652     73 rviz2 111120     67 joint_state_pub 80180      45 ros2 
773517312 | 292356     74 python3 152652     73 rviz2 111120     67 joint_state_pub 80180      45 ros2 
773382144 | 292356     74 python3 152652     73 rviz2 111120     67 joint_state_pub 80180      45 ros2 
773644288 | 292356     74 python3 152652     73 rviz2 111120     67 joint_state_pub 80180      45 ros2 
773648384 | 292356     74 python3 152652     73 rviz2 111120     67 joint_state_pub 80180      45 ros2 
773386240 | 292356     74 python3 152652     73 rviz2 111120     67 joint_state_pub 80180      45 ros2 
774094848 | 292356     74 python3 152652     73 rviz2 111120     67 joint_state_pub 80180      45 ros2 
774336512 | 292356     74 python3 152652     73 rviz2 111120     67 joint_state_pub 80180      45 ros2 
774041600 | 292356     74 python3 152652     73 rviz2 111120     67 joint_state_pub 80180      45 ros2 
774074368 | 292356     74 python3 152652     73 rviz2 111120     67 joint_state_pub 80180      45 ros2 
773738496 | 292356     74 python3 152652     73 rviz2 111120     67 joint_state_pub 80180      45 ros2 
774041600 | 292356     74 python3 152652     73 rviz2 111120     67 joint_state_pub 80180      45 ros2 
773812224 | 292356     74 python3 152652     73 rviz2 111120     67 joint_state_pub 80180      45 ros2 
774336512 | 292356     74 python3 152652     73 rviz2 111120     67 joint_state_pub 80180      45 ros2 
774598656 | 292356     74 python3 152652     73 rviz2 111120     67 joint_state_pub 80180      45 ros2 
773685248 | 292356     74 python3 152652     73 rviz2 111120     67 joint_state_pub 80180      45 ros2 
773865472 | 292356     74 python3 152652     73 rviz2 111120     67 joint_state_pub 80180      45 ros2 
774242304 | 292356     74 python3 152652     73 rviz2 111120     67 joint_state_pub 80180      45 ros2 
774180864 | 292356     74 python3 152652     73 rviz2 111120     67 joint_state_pub 80180      45 ros2 
774078464 | 292356     74 python3 152652     73 rviz2 111120     67 joint_state_pub 80180      45 ros2 
773906432 | 292356     74 python3 152652     73 rviz2 111120     67 joint_state_pub 80180      45 ros2 
774086656 | 292356     74 python3 152652     73 rviz2 111120     67 joint_state_pub 80180      45 ros2 
774201344 | 292356     74 python3 152652     73 rviz2 111120     67 joint_state_pub 80180      45 ros2 
774078464 | 292356     74 python3 152652     73 rviz2 111120     67 joint_state_pub 80180      45 ros2 
774078464 | 292356     74 python3 152652     73 rviz2 111120     67 joint_state_pub 80180      45 ros2 
774045696 | 292356     74 python3 152652     73 rviz2 111120     67 joint_state_pub 80180      45 ros2 
774074368 | 292356     74 python3 152652     73 rviz2 111120     67 joint_state_pub 80180      45 ros2 
774090752 | 292356     74 python3 152652     73 rviz2 111120     67 joint_state_pub 80180      45 ros2 
774094848 | 292356     74 python3 152652     73 rviz2 111120     67 joint_state_pub 80180      45 ros2 
774369280 | 292356     74 python3 152652     73 rviz2 111120     67 joint_state_pub 80180      45 ros2 
774082560 | 292356     74 python3 152652     73 rviz2 111120     67 joint_state_pub 80180      45 ros2 
774074368 | 292356     74 python3 152652     73 rviz2 111120     67 joint_state_pub 80180      45 ros2 
774078464 | 292356     74 python3 152652     73 rviz2 111120     67 joint_state_pub 80180      45 ros2 
773816320 | 292356     74 python3 152652     73 rviz2 111120     67 joint_state_pub 80180      45 ros2 
773935104 | 292356     74 python3 152652     73 rviz2 111120     67 joint_state_pub 80180      45 ros2 
774082560 | 292356     74 python3 152652     73 rviz2 111120     67 joint_state_pub 80180      45 ros2 
774103040 | 292356     74 python3 152652     73 rviz2 111120     67 joint_state_pub 80180      45 ros2 
774066176 | 292356     74 python3 152652     73 rviz2 111120     67 joint_state_pub 80180      45 ros2 
774078464 | 292356     74 python3 152652     73 rviz2 111120     67 joint_state_pub 80180      45 ros2 
773943296 | 292356     74 python3 152652     73 rviz2 111120     67 joint_state_pub 80180      45 ros2 
774078464 | 292356     74 python3 152652     73 rviz2 111120     67 joint_state_pub 80180      45 ros2 
774078464 | 292356     74 python3 152652     73 rviz2 111120     67 joint_state_pub 80180      45 ros2 
774217728 | 292356     74 python3 152652     73 rviz2 111120     67 joint_state_pub 80180      45 ros2 
773955584 | 292356     74 python3 152652     73 rviz2 111120     67 joint_state_pub 80180      45 ros2 
773812224 | 292356     74 python3 152652     73 rviz2 111120     67 joint_state_pub 80180      45 ros2 
773820416 | 292356     74 python3 152652     73 rviz2 111120     67 joint_state_pub 80180      45 ros2 
774340608 | 292356     74 python3 152652     73 rviz2 111120     67 joint_state_pub 80180      45 ros2 
773816320 | 292356     74 python3 152652     73 rviz2 111120     67 joint_state_pub 80180      45 ros2 
773816320 | 292356     74 python3 152652     73 rviz2 111120     67 joint_state_pub 80180      45 ros2 
773922816 | 292356     74 python3 152652     73 rviz2 111120     67 joint_state_pub 80180      45 ros2 
774127616 | 292356     74 python3 152652     73 rviz2 111120     67 joint_state_pub 80180      45 ros2 
773816320 | 292356     74 python3 152652     73 rviz2 111120     67 joint_state_pub 80180      45 ros2 
773931008 | 292356     74 python3 152652     73 rviz2 111120     67 joint_state_pub 80180      45 ros2 
774025216 | 292356     74 python3 152652     73 rviz2 111120     67 joint_state_pub 80180      45 ros2 
774074368 | 292356     74 python3 152652     73 rviz2 111120     67 joint_state_pub 80180      45 ros2 
773783552 | 292356     74 python3 152652     73 rviz2 111120     67 joint_state_pub 80180      45 ros2 
774029312 | 292356     74 python3 152652     73 rviz2 111120     67 joint_state_pub 80180      45 ros2 
774078464 | 292356     74 python3 152652     73 rviz2 111120     67 joint_state_pub 80180      45 ros2 
773820416 | 292356     74 python3 152652     73 rviz2 111120     67 joint_state_pub 80180      45 ros2 
773820416 | 292356     74 python3 152652     73 rviz2 111120     67 joint_state_pub 80180      45 ros2 
774078464 | 292356     74 python3 152652     73 rviz2 111120     67 joint_state_pub 80180      45 ros2 
773816320 | 292356     74 python3 152652     73 rviz2 111120     67 joint_state_pub 80180      45 ros2 
774549504 | 292356     74 python3 152652     73 rviz2 111120     67 joint_state_pub 80180      45 ros2 
774025216 | 292356     74 python3 152652     73 rviz2 111120     67 joint_state_pub 80180      45 ros2 
774348800 | 292356     74 python3 152652     73 rviz2 111120     67 joint_state_pub 80180      45 ros2 
774078464 | 292356     74 python3 152652     73 rviz2 111120     67 joint_state_pub 80180      45 ros2 
774082560 | 292356     74 python3 152652     73 rviz2 111120     67 joint_state_pub 80180      45 ros2 
773820416 | 292356     74 python3 152652     73 rviz2 111120     67 joint_state_pub 80180      45 ros2 
774078464 | 292356     74 python3 152652     73 rviz2 111120     67 joint_state_pub 80180      45 ros2 
774082560 | 292356     74 python3 152652     73 rviz2 111120     67 joint_state_pub 80180      45 ros2 
774082560 | 292356     74 python3 152652     73 rviz2 111120     67 joint_state_pub 80180      45 ros2 
773820416 | 292356     74 python3 152652     73 rviz2 111120     67 joint_state_pub 80180      45 ros2 
773697536 | 292356     74 python3 152652     73 rviz2 111120     67 joint_state_pub 80180      45 ros2 
774086656 | 292356     74 python3 152652     73 rviz2 111120     67 joint_state_pub 80180      45 ros2 
774356992 | 292356     74 python3 152652     73 rviz2 111120     67 joint_state_pub 80180      45 ros2 
774393856 | 292356     74 python3 152652     73 rviz2 111120     67 joint_state_pub 80180      45 ros2 
774311936 | 292356     74 python3 152652     73 rviz2 111120     67 joint_state_pub 80180      45 ros2 
774344704 | 292356     74 python3 152652     73 rviz2 111120     67 joint_state_pub 80180      45 ros2 
774082560 | 292356     74 python3 152652     73 rviz2 111120     67 joint_state_pub 80180      45 ros2 
774344704 | 292356     74 python3 152652     73 rviz2 111120     67 joint_state_pub 80180      45 ros2 
774082560 | 292356     74 python3 152652     73 rviz2 111120     67 joint_state_pub 80180      45 ros2 
773951488 | 292356     74 python3 152652     73 rviz2 111120     67 joint_state_pub 80180      45 ros2 
774078464 | 292356     74 python3 152652     73 rviz2 111120     67 joint_state_pub 80180      45 ros2 
773816320 | 292356     74 python3 152652     73 rviz2 111120     67 joint_state_pub 80180      45 ros2 
773836800 | 292356     74 python3 152652     73 rviz2 111120     67 joint_state_pub 80180      45 ros2 
774090752 | 292356     74 python3 152652     73 rviz2 111120     67 joint_state_pub 80180      45 ros2 
774082560 | 292356     74 python3 152652     73 rviz2 111120     67 joint_state_pub 80180      45 ros2 
774340608 | 292356     74 python3 152652     73 rviz2 111120     67 joint_state_pub 80180      45 ros2 
774402048 | 292356     74 python3 152652     73 rviz2 111120     67 joint_state_pub 80180      45 ros2 
773820416 | 292356     74 python3 152652     73 rviz2 111120     67 joint_state_pub 80180      45 ros2 
774086656 | 292356     74 python3 152652     73 rviz2 111120     67 joint_state_pub 80180      45 ros2 
774086656 | 292356     74 python3 152652     73 rviz2 111120     67 joint_state_pub 80180      45 ros2 
774082560 | 292356     74 python3 152652     73 rviz2 111120     67 joint_state_pub 80180      45 ros2 
774082560 | 292356     74 python3 152652     73 rviz2 111120     67 joint_state_pub 80180      45 ros2 
781332480 | 292356     74 python3 152652     73 rviz2 111120     67 joint_state_pub 80180      45 ros2 
781680640 | 292356     74 python3 152652     73 rviz2 111120     67 joint_state_pub 80180      45 ros2 
778297344 | 292356     74 python3 152652     73 rviz2 111120     67 joint_state_pub 80180      45 ros2 
783433728 | 292356     74 python3 152652     73 rviz2 111120     67 joint_state_pub 80180      45 ros2 
808087552 | 292356     74 python3 152820     73 rviz2 111120     67 joint_state_pub 80352      45 ros2 
812032000 | 292356     74 python3 152820     73 rviz2 111120     67 joint_state_pub 80352      45 ros2 
812175360 | 292356     74 python3 152820     73 rviz2 111120     67 joint_state_pub 80352      45 ros2 
812204032 | 292356     74 python3 152820     73 rviz2 111172     67 joint_state_pub 80352      45 ros2 
812077056 | 292356     74 python3 152820     73 rviz2 111288     67 joint_state_pub 80352      45 ros2 
812146688 | 292356     74 python3 152820     73 rviz2 111288     67 joint_state_pub 80352      45 ros2 
812666880 | 292356     74 python3 152820     73 rviz2 111288     67 joint_state_pub 80352      45 ros2 
812924928 | 292524     74 python3 152820     73 rviz2 111288     67 joint_state_pub 80352      45 ros2 
813068288 | 292524     74 python3 152820     73 rviz2 111288     67 joint_state_pub 80352      45 ros2 
812859392 | 292524     74 python3 152820     73 rviz2 111288     67 joint_state_pub 80352      45 ros2 
774873088 | 292524     74 python3 152820     73 rviz2 111184     67 joint_state_pub 80352      45 ros2 
775602176 | 292524     74 python3 152820     73 rviz2 111184     67 joint_state_pub 80352      45 ros2 
774819840 | 292524     74 python3 152820     73 rviz2 111184     67 joint_state_pub 80352      45 ros2 
774815744 | 292524     74 python3 152820     73 rviz2 111184     67 joint_state_pub 80352      45 ros2 
774664192 | 292524     74 python3 152820     73 rviz2 111184     67 joint_state_pub 80352      45 ros2 
774545408 | 292524     74 python3 152716     73 rviz2 111184     67 joint_state_pub 80248      45 ros2 
774770688 | 292420     74 python3 152652     73 rviz2 111184     67 joint_state_pub 80248      45 ros2 
774541312 | 292420     74 python3 152652     73 rviz2 111184     67 joint_state_pub 80184      45 ros2 
774627328 | 292420     74 python3 152652     73 rviz2 111184     67 joint_state_pub 80184      45 ros2 
774422528 | 292420     74 python3 152652     73 rviz2 111184     67 joint_state_pub 80184      45 ros2 
774680576 | 292420     74 python3 152652     73 rviz2 111184     67 joint_state_pub 80184      45 ros2 
775041024 | 292420     74 python3 152652     73 rviz2 111120     67 joint_state_pub 80184      45 ros2 
774950912 | 292420     74 python3 152652     73 rviz2 111120     67 joint_state_pub 80184      45 ros2 
774778880 | 292356     74 python3 152652     73 rviz2 111120     67 joint_state_pub 80184      45 ros2 
774680576 | 292356     74 python3 152652     73 rviz2 111120     67 joint_state_pub 80184      45 ros2 
774688768 | 292356     74 python3 152652     73 rviz2 111120     67 joint_state_pub 80184      45 ros2 
774729728 | 292356     74 python3 152652     73 rviz2 111120     67 joint_state_pub 80184      45 ros2 
774389760 | 292356     74 python3 152652     73 rviz2 111120     67 joint_state_pub 80184      45 ros2 
773738496 | 292356     74 python3 152652     73 rviz2 111120     67 joint_state_pub 80184      45 ros2 
773861376 | 292356     74 python3 152652     73 rviz2 111120     67 joint_state_pub 80184      45 ros2 
773951488 | 292356     74 python3 152652     73 rviz2 111120     67 joint_state_pub 80184      45 ros2 
773861376 | 292356     74 python3 152652     73 rviz2 111120     67 joint_state_pub 80184      45 ros2 
774381568 | 292356     74 python3 152652     73 rviz2 111120     67 joint_state_pub 80184      45 ros2 
774385664 | 292356     74 python3 152652     73 rviz2 111120     67 joint_state_pub 80184      45 ros2 
774074368 | 292356     74 python3 152652     73 rviz2 111120     67 joint_state_pub 80184      45 ros2 
773931008 | 292356     74 python3 152652     73 rviz2 111120     67 joint_state_pub 80184      45 ros2 
774152192 | 292356     74 python3 152652     73 rviz2 111120     67 joint_state_pub 80184      45 ros2 
774402048 | 292356     74 python3 152652     73 rviz2 111120     67 joint_state_pub 80184      45 ros2 
774385664 | 292356     74 python3 152652     73 rviz2 111120     67 joint_state_pub 80184      45 ros2 
773914624 | 292356     74 python3 152652     73 rviz2 111120     67 joint_state_pub 80184      45 ros2 
774123520 | 292356     74 python3 152652     73 rviz2 111120     67 joint_state_pub 80184      45 ros2 
774164480 | 292356     74 python3 152652     73 rviz2 111120     67 joint_state_pub 80184      45 ros2 
773869568 | 292356     74 python3 152652     73 rviz2 111120     67 joint_state_pub 80184      45 ros2 
774135808 | 292356     74 python3 152652     73 rviz2 111120     67 joint_state_pub 80184      45 ros2 
774119424 | 292356     74 python3 152652     73 rviz2 111120     67 joint_state_pub 80184      45 ros2 
773865472 | 292356     74 python3 152652     73 rviz2 111120     67 joint_state_pub 80184      45 ros2 
774127616 | 292356     74 python3 152652     73 rviz2 111120     67 joint_state_pub 80184      45 ros2 
773992448 | 292356     74 python3 152652     73 rviz2 111120     67 joint_state_pub 80184      45 ros2 
773959680 | 292356     74 python3 152652     73 rviz2 111120     67 joint_state_pub 80184      45 ros2 
774414336 | 292356     74 python3 152652     73 rviz2 111120     67 joint_state_pub 80184      45 ros2 
774127616 | 292356     74 python3 152652     73 rviz2 111120     67 joint_state_pub 80184      45 ros2 
774131712 | 292356     74 python3 152652     73 rviz2 111120     67 joint_state_pub 80184      45 ros2 
774389760 | 292356     74 python3 152652     73 rviz2 111120     67 joint_state_pub 80184      45 ros2 
774127616 | 292356     74 python3 152652     73 rviz2 111120     67 joint_state_pub 80184      45 ros2 
774123520 | 292356     74 python3 152652     73 rviz2 111120     67 joint_state_pub 80184      45 ros2 
779796480 | 292356     74 python3 152652     73 rviz2 111120     67 joint_state_pub 80184      45 ros2 
780935168 | 292356     74 python3 152652     73 rviz2 111120     67 joint_state_pub 80184      45 ros2 
775798784 | 292356     74 python3 152652     73 rviz2 111120     67 joint_state_pub 80184      45 ros2 
780185600 | 292356     74 python3 152652     73 rviz2 111120     67 joint_state_pub 80184      45 ros2 
794988544 | 292408     74 python3 152704     73 rviz2 111172     67 joint_state_pub 80236      45 ros2 
817131520 | 292524     74 python3 152820     73 rviz2 111288     67 joint_state_pub 80352      45 ros2 
777859072 | 292524     74 python3 152820     73 rviz2 111184     67 joint_state_pub 80352      45 ros2 
778113024 | 292524     74 python3 152716     73 rviz2 111184     67 joint_state_pub 80248      45 ros2 
778371072 | 292420     74 python3 152716     73 rviz2 111184     67 joint_state_pub 80248      45 ros2 
778207232 | 292420     74 python3 152716     73 rviz2 111184     67 joint_state_pub 80248      45 ros2 
777846784 | 292420     74 python3 152716     73 rviz2 111184     67 joint_state_pub 80248      45 ros2 
778104832 | 292420     74 python3 152716     73 rviz2 111184     67 joint_state_pub 80248      45 ros2 
777850880 | 292420     74 python3 152716     73 rviz2 111184     67 joint_state_pub 80248      45 ros2 
778104832 | 292420     74 python3 152716     73 rviz2 111184     67 joint_state_pub 80248      45 ros2 
778133504 | 292420     74 python3 152716     73 rviz2 111184     67 joint_state_pub 80248      45 ros2 
777986048 | 292420     74 python3 152716     73 rviz2 111184     67 joint_state_pub 80248      45 ros2 
777809920 | 292420     74 python3 152716     73 rviz2 111184     67 joint_state_pub 80248      45 ros2 
777809920 | 292420     74 python3 152716     73 rviz2 111184     67 joint_state_pub 80248      45 ros2 
777723904 | 292420     74 python3 152716     73 rviz2 111184     67 joint_state_pub 80248      45 ros2 
778002432 | 292420     74 python3 152716     73 rviz2 111184     67 joint_state_pub 80248      45 ros2 
778014720 | 292420     74 python3 152716     73 rviz2 111184     67 joint_state_pub 80248      45 ros2 
777830400 | 292356     74 python3 152652     73 rviz2 111184     67 joint_state_pub 80184      45 ros2 
778149888 | 292356     74 python3 152652     73 rviz2 111184     67 joint_state_pub 80184      45 ros2 
778215424 | 292356     74 python3 152652     73 rviz2 111120     67 joint_state_pub 80184      45 ros2 
778498048 | 292356     74 python3 152652     73 rviz2 111120     67 joint_state_pub 80184      45 ros2 
777973760 | 292356     74 python3 152652     73 rviz2 111120     67 joint_state_pub 80184      45 ros2 
778166272 | 292356     74 python3 152652     73 rviz2 111120     67 joint_state_pub 80184      45 ros2 
778240000 | 292356     74 python3 152652     73 rviz2 111120     67 joint_state_pub 80184      45 ros2 
778096640 | 292356     74 python3 152652     73 rviz2 111120     67 joint_state_pub 80184      45 ros2 
777945088 | 292356     74 python3 152652     73 rviz2 111120     67 joint_state_pub 80184      45 ros2 
777850880 | 292356     74 python3 152652     73 rviz2 111120     67 joint_state_pub 80184      45 ros2 
777994240 | 292356     74 python3 152652     73 rviz2 111120     67 joint_state_pub 80184      45 ros2 
777760768 | 292356     74 python3 152652     73 rviz2 111120     67 joint_state_pub 80184      45 ros2 
777990144 | 292356     74 python3 152652     73 rviz2 111120     67 joint_state_pub 80184      45 ros2 
778006528 | 292356     74 python3 152652     73 rviz2 111120     67 joint_state_pub 80184      45 ros2 
777596928 | 292356     74 python3 152652     73 rviz2 111120     67 joint_state_pub 80184      45 ros2 
777981952 | 292356     74 python3 152652     73 rviz2 111120     67 joint_state_pub 80184      45 ros2 
778121216 | 292356     74 python3 152652     73 rviz2 111120     67 joint_state_pub 80184      45 ros2 
778203136 | 292356     74 python3 152652     73 rviz2 111120     67 joint_state_pub 80184      45 ros2 
778305536 | 292356     74 python3 152652     73 rviz2 111120     67 joint_state_pub 80184      45 ros2 
778010624 | 292356     74 python3 152652     73 rviz2 111120     67 joint_state_pub 80184      45 ros2 
778059776 | 292356     74 python3 152652     73 rviz2 111120     67 joint_state_pub 80184      45 ros2 
777994240 | 292356     74 python3 152652     73 rviz2 111120     67 joint_state_pub 80184      45 ros2 
777990144 | 292356     74 python3 152652     73 rviz2 111120     67 joint_state_pub 80184      45 ros2 
777740288 | 292356     74 python3 152652     73 rviz2 111120     67 joint_state_pub 80184      45 ros2 
777695232 | 292356     74 python3 152652     73 rviz2 111120     67 joint_state_pub 80184      45 ros2 
777732096 | 292356     74 python3 152652     73 rviz2 111120     67 joint_state_pub 80184      45 ros2 
777940992 | 292356     74 python3 152652     73 rviz2 111120     67 joint_state_pub 80184      45 ros2 
778010624 | 292356     74 python3 152652     73 rviz2 111120     67 joint_state_pub 80184      45 ros2 
784007168 | 292356     74 python3 152652     73 rviz2 111120     67 joint_state_pub 80184      45 ros2 
785588224 | 292356     74 python3 152652     73 rviz2 111120     67 joint_state_pub 80184      45 ros2 
784916480 | 292356     74 python3 152652     73 rviz2 111120     67 joint_state_pub 80184      45 ros2 
786608128 | 292356     74 python3 152652     73 rviz2 111120     67 joint_state_pub 80184      45 ros2 
811687936 | 292460     74 python3 152756     73 rviz2 111224     67 joint_state_pub 80288      45 ros2 
810766336 | 292460     74 python3 152756     73 rviz2 111288     67 joint_state_pub 80288      45 ros2 
815534080 | 292460     74 python3 152756     73 rviz2 111288     67 joint_state_pub 80288      45 ros2 
815472640 | 292460     74 python3 152756     73 rviz2 111288     67 joint_state_pub 80288      45 ros2 
815775744 | 292460     74 python3 152756     73 rviz2 111288     67 joint_state_pub 80288      45 ros2 
815104000 | 292524     74 python3 152820     73 rviz2 111288     67 joint_state_pub 80352      45 ros2 
785596416 | 292524     74 python3 152716     73 rviz2 111184     67 joint_state_pub 80352      45 ros2 
785801216 | 292524     74 python3 152716     73 rviz2 111184     67 joint_state_pub 80352      45 ros2 
779284480 | 292524     74 python3 152716     73 rviz2 111184     67 joint_state_pub 80352      45 ros2 
782331904 | 292524     74 python3 152716     73 rviz2 111184     67 joint_state_pub 80352      45 ros2 
805625856 | 292524     74 python3 152768     73 rviz2 111236     67 joint_state_pub 80352      45 ros2 
811470848 | 292524     74 python3 152768     73 rviz2 111288     67 joint_state_pub 80352      45 ros2 
816365568 | 292588     74 python3 152820     73 rviz2 111352     67 joint_state_pub 80416      45 ros2 
816676864 | 292588     74 python3 152820     73 rviz2 111352     67 joint_state_pub 80416      45 ros2 
816152576 | 292588     74 python3 152820     73 rviz2 111352     67 joint_state_pub 80416      45 ros2 
816844800 | 292588     74 python3 152884     73 rviz2 111352     67 joint_state_pub 80416      45 ros2 
777539584 | 292588     74 python3 152884     73 rviz2 111248     67 joint_state_pub 80416      45 ros2 
777793536 | 292588     74 python3 152884     73 rviz2 111248     67 joint_state_pub 80416      45 ros2 
777699328 | 292588     74 python3 152884     73 rviz2 111248     67 joint_state_pub 80416      45 ros2 
777596928 | 292588     74 python3 152884     73 rviz2 111248     67 joint_state_pub 80416      45 ros2 
777785344 | 292588     74 python3 152780     73 rviz2 111184     67 joint_state_pub 80312      45 ros2 
778178560 | 292484     74 python3 152716     73 rviz2 111184     67 joint_state_pub 80312      45 ros2 
777609216 | 292420     74 python3 152716     73 rviz2 111184     67 joint_state_pub 80248      45 ros2 
777347072 | 292420     74 python3 152716     73 rviz2 111184     67 joint_state_pub 80248      45 ros2 
777228288 | 292420     74 python3 152716     73 rviz2 111184     67 joint_state_pub 80248      45 ros2 
776966144 | 292420     74 python3 152716     73 rviz2 111184     67 joint_state_pub 80248      45 ros2 
777043968 | 292420     74 python3 152716     73 rviz2 111184     67 joint_state_pub 80248      45 ros2 
776966144 | 292420     74 python3 152716     73 rviz2 111184     67 joint_state_pub 80248      45 ros2 
777166848 | 292356     74 python3 152716     73 rviz2 111184     67 joint_state_pub 80184      45 ros2 
777043968 | 292356     74 python3 152716     73 rviz2 111184     67 joint_state_pub 80184      45 ros2 
776953856 | 292356     74 python3 152716     73 rviz2 111120     67 joint_state_pub 80184      45 ros2 
777080832 | 292356     74 python3 152652     73 rviz2 111120     67 joint_state_pub 80184      45 ros2 
777027584 | 292356     74 python3 152652     73 rviz2 111120     67 joint_state_pub 80184      45 ros2 
776945664 | 292356     74 python3 152652     73 rviz2 111120     67 joint_state_pub 80184      45 ros2 
776957952 | 292356     74 python3 152652     73 rviz2 111120     67 joint_state_pub 80184      45 ros2 
777732096 | 292356     74 python3 152652     73 rviz2 111120     67 joint_state_pub 80184      45 ros2 
777203712 | 292356     74 python3 152652     73 rviz2 111120     67 joint_state_pub 80184      45 ros2 
777490432 | 292356     74 python3 152652     73 rviz2 111120     67 joint_state_pub 80184      45 ros2 
777469952 | 292356     74 python3 152652     73 rviz2 111120     67 joint_state_pub 80184      45 ros2 
777498624 | 292356     74 python3 152652     73 rviz2 111120     67 joint_state_pub 80184      45 ros2 
777236480 | 292356     74 python3 152652     73 rviz2 111120     67 joint_state_pub 80184      45 ros2 
777359360 | 292356     74 python3 152652     73 rviz2 111120     67 joint_state_pub 80184      45 ros2 
777494528 | 292356     74 python3 152652     73 rviz2 111120     67 joint_state_pub 80184      45 ros2 
777207808 | 292356     74 python3 152652     73 rviz2 111120     67 joint_state_pub 80184      45 ros2 
777179136 | 292356     74 python3 152652     73 rviz2 111120     67 joint_state_pub 80184      45 ros2 
777207808 | 292356     74 python3 152652     73 rviz2 111120     67 joint_state_pub 80184      45 ros2 
777236480 | 292356     74 python3 152652     73 rviz2 111120     67 joint_state_pub 80184      45 ros2 
777220096 | 292356     74 python3 152652     73 rviz2 111120     67 joint_state_pub 80184      45 ros2 
776630272 | 292356     74 python3 152652     73 rviz2 111120     67 joint_state_pub 80184      45 ros2 
776384512 | 292356     74 python3 152652     73 rviz2 111120     67 joint_state_pub 80184      45 ros2 
776695808 | 292356     74 python3 152652     73 rviz2 111120     67 joint_state_pub 80184      45 ros2 
776396800 | 292356     74 python3 152652     73 rviz2 111120     67 joint_state_pub 80184      45 ros2 
776650752 | 292356     74 python3 152652     73 rviz2 111120     67 joint_state_pub 80184      45 ros2 
776536064 | 292356     74 python3 152652     73 rviz2 111120     67 joint_state_pub 80184      45 ros2 
776945664 | 292356     74 python3 152652     73 rviz2 111120     67 joint_state_pub 80184      45 ros2 
776396800 | 292356     74 python3 152652     73 rviz2 111120     67 joint_state_pub 80184      45 ros2 
776536064 | 292356     74 python3 152652     73 rviz2 111120     67 joint_state_pub 80184      45 ros2 
776888320 | 292356     74 python3 152652     73 rviz2 111120     67 joint_state_pub 80184      45 ros2 
776753152 | 292356     74 python3 152652     73 rviz2 111120     67 joint_state_pub 80184      45 ros2 
776392704 | 292356     74 python3 152652     73 rviz2 111120     67 joint_state_pub 80184      45 ros2 
776687616 | 292356     74 python3 152652     73 rviz2 111120     67 joint_state_pub 80184      45 ros2 
776658944 | 292356     74 python3 152652     73 rviz2 111120     67 joint_state_pub 80184      45 ros2 
776663040 | 292356     74 python3 152652     73 rviz2 111120     67 joint_state_pub 80184      45 ros2 
776454144 | 292356     74 python3 152652     73 rviz2 111120     67 joint_state_pub 80184      45 ros2 
776658944 | 292356     74 python3 152652     73 rviz2 111120     67 joint_state_pub 80184      45 ros2 
776916992 | 292356     74 python3 152652     73 rviz2 111120     67 joint_state_pub 80184      45 ros2 
776658944 | 292356     74 python3 152652     73 rviz2 111120     67 joint_state_pub 80184      45 ros2 
776835072 | 292356     74 python3 152652     73 rviz2 111120     67 joint_state_pub 80184      45 ros2 
776396800 | 292356     74 python3 152652     73 rviz2 111120     67 joint_state_pub 80184      45 ros2 
776396800 | 292356     74 python3 152652     73 rviz2 111120     67 joint_state_pub 80184      45 ros2 
776396800 | 292356     74 python3 152652     73 rviz2 111120     67 joint_state_pub 80184      45 ros2 
776396800 | 292356     74 python3 152652     73 rviz2 111120     67 joint_state_pub 80184      45 ros2 
776654848 | 292356     74 python3 152652     73 rviz2 111120     67 joint_state_pub 80184      45 ros2 
776671232 | 292356     74 python3 152652     73 rviz2 111120     67 joint_state_pub 80184      45 ros2 
776396800 | 292356     74 python3 152652     73 rviz2 111120     67 joint_state_pub 80184      45 ros2 
776658944 | 292356     74 python3 152652     73 rviz2 111120     67 joint_state_pub 80184      45 ros2 
776929280 | 292356     74 python3 152652     73 rviz2 111120     67 joint_state_pub 80184      45 ros2 
776671232 | 292356     74 python3 152652     73 rviz2 111120     67 joint_state_pub 80184      45 ros2 
776658944 | 292356     74 python3 152652     73 rviz2 111120     67 joint_state_pub 80184      45 ros2 
776679424 | 292356     74 python3 152652     73 rviz2 111120     67 joint_state_pub 80184      45 ros2 
776663040 | 292356     74 python3 152652     73 rviz2 111120     67 joint_state_pub 80184      45 ros2 
776663040 | 292356     74 python3 152652     73 rviz2 111120     67 joint_state_pub 80184      45 ros2 
776552448 | 292356     74 python3 152652     73 rviz2 111120     67 joint_state_pub 80184      45 ros2 
776953856 | 292356     74 python3 152652     73 rviz2 111120     67 joint_state_pub 80184      45 ros2 
776396800 | 292356     74 python3 152652     73 rviz2 111120     67 joint_state_pub 80184      45 ros2 
776663040 | 292356     74 python3 152652     73 rviz2 111120     67 joint_state_pub 80184      45 ros2 
776667136 | 292356     74 python3 152652     73 rviz2 111120     67 joint_state_pub 80184      45 ros2 
776663040 | 292356     74 python3 152652     73 rviz2 111120     67 joint_state_pub 80184      45 ros2 
776990720 | 292356     74 python3 152652     73 rviz2 111120     67 joint_state_pub 80184      45 ros2 
784138240 | 292356     74 python3 152652     73 rviz2 111120     67 joint_state_pub 80184      45 ros2 
784564224 | 292356     74 python3 152652     73 rviz2 111120     67 joint_state_pub 80184      45 ros2 
783536128 | 292356     74 python3 152652     73 rviz2 111120     67 joint_state_pub 80184      45 ros2 
785928192 | 292356     74 python3 152652     73 rviz2 111120     67 joint_state_pub 80184      45 ros2 
811671552 | 292524     74 python3 152756     73 rviz2 111224     67 joint_state_pub 80236      45 ros2 
815960064 | 292524     74 python3 152756     73 rviz2 111288     67 joint_state_pub 80288      45 ros2 
815665152 | 292524     74 python3 152756     73 rviz2 111288     67 joint_state_pub 80288      45 ros2 
815751168 | 292524     74 python3 152756     73 rviz2 111288     67 joint_state_pub 80288      45 ros2 
816324608 | 292524     74 python3 152820     73 rviz2 111288     67 joint_state_pub 80288      45 ros2 
818405376 | 292524     74 python3 152820     73 rviz2 111288     67 joint_state_pub 80352      45 ros2 
818143232 | 292524     74 python3 152820     73 rviz2 111288     67 joint_state_pub 80352      45 ros2 
818196480 | 292524     74 python3 152820     73 rviz2 111288     67 joint_state_pub 80352      45 ros2 
818434048 | 292524     74 python3 152820     73 rviz2 111288     67 joint_state_pub 80352      45 ros2 
818085888 | 292524     74 python3 152820     73 rviz2 111288     67 joint_state_pub 80352      45 ros2 
818143232 | 292524     74 python3 152820     73 rviz2 111288     67 joint_state_pub 80352      45 ros2 
817917952 | 292524     74 python3 152820     73 rviz2 111288     67 joint_state_pub 80352      45 ros2 
818405376 | 292524     74 python3 152820     73 rviz2 111288     67 joint_state_pub 80352      45 ros2 
818020352 | 292524     74 python3 152820     73 rviz2 111288     67 joint_state_pub 80352      45 ros2 
818114560 | 292524     74 python3 152820     73 rviz2 111288     67 joint_state_pub 80352      45 ros2 
818118656 | 292524     74 python3 152820     73 rviz2 111288     67 joint_state_pub 80352      45 ros2 
818139136 | 292524     74 python3 152820     73 rviz2 111288     67 joint_state_pub 80352      45 ros2 
818147328 | 292524     74 python3 152820     73 rviz2 111288     67 joint_state_pub 80352      45 ros2 
817856512 | 292524     74 python3 152820     73 rviz2 111288     67 joint_state_pub 80352      45 ros2 
817889280 | 292524     74 python3 152820     73 rviz2 111288     67 joint_state_pub 80352      45 ros2 
817889280 | 292524     74 python3 152820     73 rviz2 111288     67 joint_state_pub 80352      45 ros2 
818151424 | 292524     74 python3 152820     73 rviz2 111288     67 joint_state_pub 80352      45 ros2 
818151424 | 292524     74 python3 152820     73 rviz2 111288     67 joint_state_pub 80352      45 ros2 
818413568 | 292524     74 python3 152820     73 rviz2 111288     67 joint_state_pub 80352      45 ros2 
817889280 | 292524     74 python3 152820     73 rviz2 111288     67 joint_state_pub 80352      45 ros2 
818176000 | 292524     74 python3 152820     73 rviz2 111288     67 joint_state_pub 80352      45 ros2 
817885184 | 292524     74 python3 152820     73 rviz2 111288     67 joint_state_pub 80352      45 ros2 
818118656 | 292524     74 python3 152820     73 rviz2 111288     67 joint_state_pub 80352      45 ros2 
818151424 | 292524     74 python3 152820     73 rviz2 111288     67 joint_state_pub 80352      45 ros2 
818028544 | 292524     74 python3 152820     73 rviz2 111288     67 joint_state_pub 80352      45 ros2 
818565120 | 292524     74 python3 152820     73 rviz2 111288     67 joint_state_pub 80352      45 ros2 
817889280 | 292524     74 python3 152820     73 rviz2 111288     67 joint_state_pub 80352      45 ros2 
818413568 | 292524     74 python3 152820     73 rviz2 111288     67 joint_state_pub 80352      45 ros2 
818409472 | 292524     74 python3 152820     73 rviz2 111288     67 joint_state_pub 80352      45 ros2 
818151424 | 292524     74 python3 152820     73 rviz2 111288     67 joint_state_pub 80352      45 ros2 
817889280 | 292524     74 python3 152820     73 rviz2 111288     67 joint_state_pub 80352      45 ros2 
818421760 | 292524     74 python3 152820     73 rviz2 111288     67 joint_state_pub 80352      45 ros2 
818786304 | 292524     74 python3 152820     73 rviz2 111288     67 joint_state_pub 80352      45 ros2 
818155520 | 292524     74 python3 152820     73 rviz2 111288     67 joint_state_pub 80352      45 ros2 
818159616 | 292524     74 python3 152820     73 rviz2 111288     67 joint_state_pub 80352      45 ros2 
818155520 | 292524     74 python3 152820     73 rviz2 111288     67 joint_state_pub 80352      45 ros2 
818151424 | 292524     74 python3 152820     73 rviz2 111288     67 joint_state_pub 80352      45 ros2 
818155520 | 292524     74 python3 152820     73 rviz2 111288     67 joint_state_pub 80352      45 ros2 
817889280 | 292524     74 python3 152820     73 rviz2 111288     67 joint_state_pub 80352      45 ros2 
818184192 | 292524     74 python3 152820     73 rviz2 111288     67 joint_state_pub 80352      45 ros2 
818348032 | 292524     74 python3 152820     73 rviz2 111288     67 joint_state_pub 80352      45 ros2 
818147328 | 292524     74 python3 152820     73 rviz2 111288     67 joint_state_pub 80352      45 ros2 
818454528 | 292524     74 python3 152820     73 rviz2 111288     67 joint_state_pub 80352      45 ros2 
818163712 | 292524     74 python3 152820     73 rviz2 111288     67 joint_state_pub 80352      45 ros2 
817913856 | 292524     74 python3 152820     73 rviz2 111288     67 joint_state_pub 80352      45 ros2 
818413568 | 292524     74 python3 152820     73 rviz2 111288     67 joint_state_pub 80352      45 ros2 
817950720 | 292524     74 python3 152820     73 rviz2 111288     67 joint_state_pub 80352      45 ros2 
818155520 | 292524     74 python3 152820     73 rviz2 111288     67 joint_state_pub 80352      45 ros2 
818155520 | 292524     74 python3 152820     73 rviz2 111288     67 joint_state_pub 80352      45 ros2 
817893376 | 292524     74 python3 152820     73 rviz2 111288     67 joint_state_pub 80352      45 ros2 
818552832 | 292524     74 python3 152820     73 rviz2 111288     67 joint_state_pub 80352      45 ros2 
818315264 | 292524     74 python3 152820     73 rviz2 111288     67 joint_state_pub 80352      45 ros2 
818409472 | 292524     74 python3 152820     73 rviz2 111288     67 joint_state_pub 80352      45 ros2 
818155520 | 292524     74 python3 152820     73 rviz2 111288     67 joint_state_pub 80352      45 ros2 
818417664 | 292524     74 python3 152820     73 rviz2 111288     67 joint_state_pub 80352      45 ros2 
818159616 | 292524     74 python3 152820     73 rviz2 111288     67 joint_state_pub 80352      45 ros2 
817893376 | 292524     74 python3 152820     73 rviz2 111288     67 joint_state_pub 80352      45 ros2 
818155520 | 292524     74 python3 152820     73 rviz2 111288     67 joint_state_pub 80352      45 ros2 
818155520 | 292524     74 python3 152820     73 rviz2 111288     67 joint_state_pub 80352      45 ros2 
818122752 | 292524     74 python3 152820     73 rviz2 111288     67 joint_state_pub 80352      45 ros2 
817954816 | 292524     74 python3 152820     73 rviz2 111288     67 joint_state_pub 80352      45 ros2 
817897472 | 292524     74 python3 152820     73 rviz2 111288     67 joint_state_pub 80352      45 ros2 
817889280 | 292524     74 python3 152820     73 rviz2 111288     67 joint_state_pub 80352      45 ros2 
818495488 | 292524     74 python3 152820     73 rviz2 111288     67 joint_state_pub 80352      45 ros2 
818495488 | 292524     74 python3 152820     73 rviz2 111288     67 joint_state_pub 80352      45 ros2 
818159616 | 292524     74 python3 152820     73 rviz2 111288     67 joint_state_pub 80352      45 ros2 
817901568 | 292524     74 python3 152820     73 rviz2 111288     67 joint_state_pub 80352      45 ros2 
818237440 | 292524     74 python3 152820     73 rviz2 111288     67 joint_state_pub 80352      45 ros2 
818171904 | 292524     74 python3 152820     73 rviz2 111288     67 joint_state_pub 80352      45 ros2 
818032640 | 292524     74 python3 152820     73 rviz2 111288     67 joint_state_pub 80352      45 ros2 
817897472 | 292524     74 python3 152820     73 rviz2 111288     67 joint_state_pub 80352      45 ros2 
818708480 | 292524     74 python3 152820     73 rviz2 111288     67 joint_state_pub 80352      45 ros2 
817758208 | 292524     74 python3 152820     73 rviz2 111288     67 joint_state_pub 80352      45 ros2 
817930240 | 292524     74 python3 152820     73 rviz2 111288     67 joint_state_pub 80352      45 ros2 
817778688 | 292524     74 python3 152820     73 rviz2 111288     67 joint_state_pub 80352      45 ros2 
818110464 | 292524     74 python3 152820     73 rviz2 111288     67 joint_state_pub 80352      45 ros2 
818159616 | 292524     74 python3 152820     73 rviz2 111288     67 joint_state_pub 80352      45 ros2 
817868800 | 292524     74 python3 152820     73 rviz2 111288     67 joint_state_pub 80352      45 ros2 
818159616 | 292524     74 python3 152820     73 rviz2 111288     67 joint_state_pub 80352      45 ros2 
818290688 | 292524     74 python3 152820     73 rviz2 111288     67 joint_state_pub 80352      45 ros2 
778289152 | 292524     74 python3 152820     73 rviz2 111184     67 joint_state_pub 80352      45 ros2 
778551296 | 292524     74 python3 152820     73 rviz2 111184     67 joint_state_pub 80288      45 ros2 
778280960 | 292524     74 python3 152716     73 rviz2 111184     67 joint_state_pub 80184      45 ros2 
778805248 | 292420     74 python3 152716     73 rviz2 111184     67 joint_state_pub 80184      45 ros2 
778280960 | 292420     74 python3 152716     73 rviz2 111184     67 joint_state_pub 80184      45 ros2 
778018816 | 292420     74 python3 152716     73 rviz2 111184     67 joint_state_pub 80184      45 ros2 
778649600 | 292420     74 python3 152716     73 rviz2 111184     67 joint_state_pub 80184      45 ros2 
778166272 | 292420     74 python3 152716     73 rviz2 111184     67 joint_state_pub 80184      45 ros2 
778043392 | 292420     74 python3 152716     73 rviz2 111184     67 joint_state_pub 80184      45 ros2 
777785344 | 292420     74 python3 152716     73 rviz2 111184     67 joint_state_pub 80184      45 ros2 
778362880 | 292356     74 python3 152716     73 rviz2 111184     67 joint_state_pub 80184      45 ros2 
777768960 | 292356     74 python3 152716     73 rviz2 111184     67 joint_state_pub 80184      45 ros2 
777891840 | 292356     74 python3 152716     73 rviz2 111120     67 joint_state_pub 80184      45 ros2 
777900032 | 292356     74 python3 152716     73 rviz2 111120     67 joint_state_pub 80184      45 ros2 
777887744 | 292356     74 python3 152716     73 rviz2 111120     67 joint_state_pub 80184      45 ros2 
778153984 | 292356     74 python3 152716     73 rviz2 111120     67 joint_state_pub 80184      45 ros2 
777887744 | 292356     74 python3 152716     73 rviz2 111120     67 joint_state_pub 80184      45 ros2 
777887744 | 292356     74 python3 152716     73 rviz2 111120     67 joint_state_pub 80184      45 ros2 
777887744 | 292356     74 python3 152716     73 rviz2 111120     67 joint_state_pub 80184      45 ros2 
778153984 | 292356     74 python3 152716     73 rviz2 111120     67 joint_state_pub 80184      45 ros2 
778149888 | 292356     74 python3 152716     73 rviz2 111120     67 joint_state_pub 80184      45 ros2 
778149888 | 292356     74 python3 152716     73 rviz2 111120     67 joint_state_pub 80184      45 ros2 
777900032 | 292356     74 python3 152716     73 rviz2 111120     67 joint_state_pub 80184      45 ros2 
778149888 | 292356     74 python3 152716     73 rviz2 111120     67 joint_state_pub 80184      45 ros2 
778412032 | 292356     74 python3 152716     73 rviz2 111120     67 joint_state_pub 80184      45 ros2 
778428416 | 292356     74 python3 152716     73 rviz2 111120     67 joint_state_pub 80184      45 ros2 
778424320 | 292356     74 python3 152716     73 rviz2 111120     67 joint_state_pub 80184      45 ros2 
777764864 | 292356     74 python3 152716     73 rviz2 111120     67 joint_state_pub 80184      45 ros2 
778149888 | 292356     74 python3 152716     73 rviz2 111120     67 joint_state_pub 80184      45 ros2 
778031104 | 292356     74 python3 152652     73 rviz2 111120     67 joint_state_pub 80184      45 ros2 
778174464 | 292356     74 python3 152652     73 rviz2 111120     67 joint_state_pub 80184      45 ros2 
778420224 | 292356     74 python3 152652     73 rviz2 111120     67 joint_state_pub 80184      45 ros2 
778416128 | 292356     74 python3 152652     73 rviz2 111120     67 joint_state_pub 80184      45 ros2 
777891840 | 292356     74 python3 152652     73 rviz2 111120     67 joint_state_pub 80184      45 ros2 
778153984 | 292356     74 python3 152652     73 rviz2 111120     67 joint_state_pub 80184      45 ros2 
777773056 | 292356     74 python3 152652     73 rviz2 111120     67 joint_state_pub 80184      45 ros2 
778420224 | 292356     74 python3 152652     73 rviz2 111120     67 joint_state_pub 80184      45 ros2 
777900032 | 292356     74 python3 152652     73 rviz2 111120     67 joint_state_pub 80184      45 ros2 
778158080 | 292356     74 python3 152652     73 rviz2 111120     67 joint_state_pub 80184      45 ros2 
778153984 | 292356     74 python3 152652     73 rviz2 111120     67 joint_state_pub 80184      45 ros2 
778186752 | 292356     74 python3 152652     73 rviz2 111120     67 joint_state_pub 80184      45 ros2 
777768960 | 292356     74 python3 152652     73 rviz2 111120     67 joint_state_pub 80184      45 ros2 
777891840 | 292356     74 python3 152652     73 rviz2 111120     67 joint_state_pub 80184      45 ros2 
777646080 | 292356     74 python3 152652     73 rviz2 111120     67 joint_state_pub 80184      45 ros2 
777482240 | 292356     74 python3 152652     73 rviz2 111120     67 joint_state_pub 80184      45 ros2 
777601024 | 292356     74 python3 152652     73 rviz2 111120     67 joint_state_pub 80184      45 ros2 
777334784 | 292356     74 python3 152652     73 rviz2 111120     67 joint_state_pub 80184      45 ros2 
777592832 | 292356     74 python3 152652     73 rviz2 111120     67 joint_state_pub 80184      45 ros2 
778121216 | 292356     74 python3 152652     73 rviz2 111120     67 joint_state_pub 80184      45 ros2 
777596928 | 292356     74 python3 152652     73 rviz2 111120     67 joint_state_pub 80184      45 ros2 
777592832 | 292356     74 python3 152652     73 rviz2 111120     67 joint_state_pub 80184      45 ros2 
777330688 | 292356     74 python3 152652     73 rviz2 111120     67 joint_state_pub 80184      45 ros2 
777596928 | 292356     74 python3 152652     73 rviz2 111120     67 joint_state_pub 80184      45 ros2 
777867264 | 292356     74 python3 152652     73 rviz2 111120     67 joint_state_pub 80184      45 ros2 
777424896 | 292356     74 python3 152652     73 rviz2 111120     67 joint_state_pub 80184      45 ros2 
777330688 | 292356     74 python3 152652     73 rviz2 111120     67 joint_state_pub 80184      45 ros2 
777334784 | 292356     74 python3 152652     73 rviz2 111120     67 joint_state_pub 80184      45 ros2 
777699328 | 292356     74 python3 152652     73 rviz2 111120     67 joint_state_pub 80184      45 ros2 
777469952 | 292356     74 python3 152652     73 rviz2 111120     67 joint_state_pub 80184      45 ros2 
777596928 | 292356     74 python3 152652     73 rviz2 111120     67 joint_state_pub 80184      45 ros2 
777818112 | 292356     74 python3 152652     73 rviz2 111120     67 joint_state_pub 80184      45 ros2 
777850880 | 292356     74 python3 152652     73 rviz2 111120     67 joint_state_pub 80184      45 ros2 
777334784 | 292356     74 python3 152652     73 rviz2 111120     67 joint_state_pub 80184      45 ros2 
777302016 | 292356     74 python3 152652     73 rviz2 111120     67 joint_state_pub 80184      45 ros2 
777609216 | 292356     74 python3 152652     73 rviz2 111120     67 joint_state_pub 80184      45 ros2 
777240576 | 292356     74 python3 152652     73 rviz2 111120     67 joint_state_pub 80184      45 ros2 
778121216 | 292356     74 python3 152652     73 rviz2 111120     67 joint_state_pub 80184      45 ros2 
777338880 | 292356     74 python3 152652     73 rviz2 111120     67 joint_state_pub 80184      45 ros2 
777461760 | 292356     74 python3 152652     73 rviz2 111120     67 joint_state_pub 80184      45 ros2 
777596928 | 292356     74 python3 152652     73 rviz2 111120     67 joint_state_pub 80184      45 ros2 
777867264 | 292356     74 python3 152652     73 rviz2 111120     67 joint_state_pub 80184      45 ros2 
777347072 | 292356     74 python3 152652     73 rviz2 111120     67 joint_state_pub 80184      45 ros2 
777601024 | 292356     74 python3 152652     73 rviz2 111120     67 joint_state_pub 80184      45 ros2 
777613312 | 292356     74 python3 152652     73 rviz2 111120     67 joint_state_pub 80184      45 ros2 
777342976 | 292356     74 python3 152652     73 rviz2 111120     67 joint_state_pub 80184      45 ros2 
777744384 | 292356     74 python3 152652     73 rviz2 111120     67 joint_state_pub 80184      45 ros2 
777338880 | 292356     74 python3 152652     73 rviz2 111120     67 joint_state_pub 80184      45 ros2 
777428992 | 292356     74 python3 152652     73 rviz2 111120     67 joint_state_pub 80184      45 ros2 
777216000 | 292356     74 python3 152652     73 rviz2 111120     67 joint_state_pub 80184      45 ros2 
777601024 | 292356     74 python3 152652     73 rviz2 111120     67 joint_state_pub 80184      45 ros2 
777867264 | 292356     74 python3 152652     73 rviz2 111120     67 joint_state_pub 80184      45 ros2 
777601024 | 292356     74 python3 152652     73 rviz2 111120     67 joint_state_pub 80184      45 ros2 
777596928 | 292356     74 python3 152652     73 rviz2 111120     67 joint_state_pub 80184      45 ros2 
777601024 | 292356     74 python3 152652     73 rviz2 111120     67 joint_state_pub 80184      45 ros2 
777605120 | 292356     74 python3 152652     73 rviz2 111120     67 joint_state_pub 80184      45 ros2 
777338880 | 292356     74 python3 152652     73 rviz2 111120     67 joint_state_pub 80184      45 ros2 
777863168 | 292356     74 python3 152652     73 rviz2 111120     67 joint_state_pub 80184      45 ros2 
777338880 | 292356     74 python3 152652     73 rviz2 111120     67 joint_state_pub 80184      45 ros2 
777342976 | 292356     74 python3 152652     73 rviz2 111120     67 joint_state_pub 80184      45 ros2 
777359360 | 292356     74 python3 152652     73 rviz2 111120     67 joint_state_pub 80184      45 ros2 
777355264 | 292356     74 python3 152652     73 rviz2 111120     67 joint_state_pub 80184      45 ros2 
777494528 | 292356     74 python3 152652     73 rviz2 111120     67 joint_state_pub 80184      45 ros2 
777347072 | 292356     74 python3 152652     73 rviz2 111120     67 joint_state_pub 80184      45 ros2 
777752576 | 292356     74 python3 152652     73 rviz2 111120     67 joint_state_pub 80184      45 ros2 
777228288 | 292356     74 python3 152652     73 rviz2 111120     67 joint_state_pub 80184      45 ros2 
777601024 | 292356     74 python3 152652     73 rviz2 111120     67 joint_state_pub 80184      45 ros2 
777859072 | 292356     74 python3 152652     73 rviz2 111120     67 joint_state_pub 80184      45 ros2 
777334784 | 292356     74 python3 152652     73 rviz2 111120     67 joint_state_pub 80184      45 ros2 
777478144 | 292356     74 python3 152652     73 rviz2 111120     67 joint_state_pub 80184      45 ros2 
777494528 | 292356     74 python3 152652     73 rviz2 111120     67 joint_state_pub 80184      45 ros2 
777375744 | 292356     74 python3 152652     73 rviz2 111120     67 joint_state_pub 80184      45 ros2 
777338880 | 292356     74 python3 152652     73 rviz2 111120     67 joint_state_pub 80184      45 ros2 
777859072 | 292356     74 python3 152652     73 rviz2 111120     67 joint_state_pub 80184      45 ros2 
777347072 | 292356     74 python3 152652     73 rviz2 111120     67 joint_state_pub 80184      45 ros2 
779358208 | 292356     74 python3 152652     73 rviz2 111120     67 joint_state_pub 80184      45 ros2 
777572352 | 292356     74 python3 152652     73 rviz2 111120     67 joint_state_pub 80184      45 ros2 
777838592 | 292356     74 python3 152652     73 rviz2 111120     67 joint_state_pub 80184      45 ros2 
778100736 | 292356     74 python3 152652     73 rviz2 111120     67 joint_state_pub 80184      45 ros2 
777838592 | 292356     74 python3 152652     73 rviz2 111120     67 joint_state_pub 80184      45 ros2 
777576448 | 292356     74 python3 152652     73 rviz2 111120     67 joint_state_pub 80184      45 ros2 
778104832 | 292356     74 python3 152652     73 rviz2 111120     67 joint_state_pub 80184      45 ros2 
777842688 | 292356     74 python3 152652     73 rviz2 111120     67 joint_state_pub 80184      45 ros2 
777723904 | 292356     74 python3 152652     73 rviz2 111120     67 joint_state_pub 80184      45 ros2 
777990144 | 292356     74 python3 152652     73 rviz2 111120     67 joint_state_pub 80184      45 ros2 
777842688 | 292356     74 python3 152652     73 rviz2 111120     67 joint_state_pub 80184      45 ros2 
777854976 | 292356     74 python3 152652     73 rviz2 111120     67 joint_state_pub 80184      45 ros2 
778137600 | 292356     74 python3 152652     73 rviz2 111120     67 joint_state_pub 80184      45 ros2 
777846784 | 292356     74 python3 152652     73 rviz2 111120     67 joint_state_pub 80184      45 ros2 
777842688 | 292356     74 python3 152652     73 rviz2 111120     67 joint_state_pub 80184      45 ros2 
778059776 | 292356     74 python3 152652     73 rviz2 111120     67 joint_state_pub 80184      45 ros2 
777580544 | 292356     74 python3 152652     73 rviz2 111120     67 joint_state_pub 80184      45 ros2 
777576448 | 292356     74 python3 152652     73 rviz2 111120     67 joint_state_pub 80184      45 ros2 
777584640 | 292356     74 python3 152652     73 rviz2 111120     67 joint_state_pub 80184      45 ros2 
777846784 | 292356     74 python3 152652     73 rviz2 111120     67 joint_state_pub 80184      45 ros2 
777846784 | 292356     74 python3 152652     73 rviz2 111120     67 joint_state_pub 80184      45 ros2 
777728000 | 292356     74 python3 152652     73 rviz2 111120     67 joint_state_pub 80184      45 ros2 
777695232 | 292356     74 python3 152652     73 rviz2 111120     67 joint_state_pub 80184      45 ros2 
777842688 | 292356     74 python3 152652     73 rviz2 111120     67 joint_state_pub 80184      45 ros2 
778067968 | 292356     74 python3 152652     73 rviz2 111120     67 joint_state_pub 80184      45 ros2 
778096640 | 292356     74 python3 152652     73 rviz2 111120     67 joint_state_pub 80184      45 ros2 
777842688 | 292356     74 python3 152652     73 rviz2 111120     67 joint_state_pub 80184      45 ros2 
777580544 | 292356     74 python3 152652     73 rviz2 111120     67 joint_state_pub 80184      45 ros2 
777715712 | 292356     74 python3 152652     73 rviz2 111120     67 joint_state_pub 80184      45 ros2 
777691136 | 292356     74 python3 152652     73 rviz2 111120     67 joint_state_pub 80184      45 ros2 
777728000 | 292356     74 python3 152652     73 rviz2 111120     67 joint_state_pub 80184      45 ros2 
777900032 | 292356     74 python3 152652     73 rviz2 111120     67 joint_state_pub 80184      45 ros2 
777846784 | 292356     74 python3 152652     73 rviz2 111120     67 joint_state_pub 80184      45 ros2 
777854976 | 292356     74 python3 152652     73 rviz2 111120     67 joint_state_pub 80184      45 ros2 
777838592 | 292356     74 python3 152652     73 rviz2 111120     67 joint_state_pub 80184      45 ros2 
777580544 | 292356     74 python3 152652     73 rviz2 111120     67 joint_state_pub 80184      45 ros2 
777842688 | 292356     74 python3 152652     73 rviz2 111120     67 joint_state_pub 80184      45 ros2 
777715712 | 292356     74 python3 152652     73 rviz2 111120     67 joint_state_pub 80184      45 ros2 
777838592 | 292356     74 python3 152652     73 rviz2 111120     67 joint_state_pub 80184      45 ros2 
777592832 | 292356     74 python3 152652     73 rviz2 111120     67 joint_state_pub 80184      45 ros2 
777867264 | 292356     74 python3 152652     73 rviz2 111120     67 joint_state_pub 80184      45 ros2 
777850880 | 292356     74 python3 152652     73 rviz2 111120     67 joint_state_pub 80184      45 ros2 
777584640 | 292356     74 python3 152652     73 rviz2 111120     67 joint_state_pub 80184      45 ros2 
778104832 | 292356     74 python3 152652     73 rviz2 111120     67 joint_state_pub 80184      45 ros2 
777842688 | 292356     74 python3 152652     73 rviz2 111120     67 joint_state_pub 80184      45 ros2 
777846784 | 292356     74 python3 152652     73 rviz2 111120     67 joint_state_pub 80184      45 ros2 
777895936 | 292356     74 python3 152652     73 rviz2 111120     67 joint_state_pub 80184      45 ros2 
778371072 | 292356     74 python3 152652     73 rviz2 111120     67 joint_state_pub 80184      45 ros2 
777859072 | 292356     74 python3 152652     73 rviz2 111120     67 joint_state_pub 80184      45 ros2 
777846784 | 292356     74 python3 152652     73 rviz2 111120     67 joint_state_pub 80184      45 ros2 
777850880 | 292356     74 python3 152652     73 rviz2 111120     67 joint_state_pub 80184      45 ros2 
777850880 | 292356     74 python3 152652     73 rviz2 111120     67 joint_state_pub 80184      45 ros2 
777584640 | 292356     74 python3 152652     73 rviz2 111120     67 joint_state_pub 80184      45 ros2 
777846784 | 292356     74 python3 152652     73 rviz2 111120     67 joint_state_pub 80184      45 ros2 
777617408 | 292356     74 python3 152652     73 rviz2 111120     67 joint_state_pub 80184      45 ros2 
777859072 | 292356     74 python3 152652     73 rviz2 111120     67 joint_state_pub 80184      45 ros2 
777891840 | 292356     74 python3 152652     73 rviz2 111120     67 joint_state_pub 80184      45 ros2 
777596928 | 292356     74 python3 152652     73 rviz2 111120     67 joint_state_pub 80184      45 ros2 
777584640 | 292356     74 python3 152652     73 rviz2 111120     67 joint_state_pub 80184      45 ros2 
777805824 | 292356     74 python3 152652     73 rviz2 111120     67 joint_state_pub 80184      45 ros2 
778166272 | 292356     74 python3 152652     73 rviz2 111120     67 joint_state_pub 80184      45 ros2 
777850880 | 292356     74 python3 152652     73 rviz2 111120     67 joint_state_pub 80184      45 ros2 
778010624 | 292356     74 python3 152652     73 rviz2 111120     67 joint_state_pub 80184      45 ros2 
777846784 | 292356     74 python3 152652     73 rviz2 111120     67 joint_state_pub 80184      45 ros2 
777854976 | 292356     74 python3 152652     73 rviz2 111120     67 joint_state_pub 80184      45 ros2 
777846784 | 292356     74 python3 152652     73 rviz2 111120     67 joint_state_pub 80184      45 ros2 
777666560 | 292356     74 python3 152652     73 rviz2 111120     67 joint_state_pub 80184      45 ros2 
777891840 | 292356     74 python3 152652     73 rviz2 111120     67 joint_state_pub 80184      45 ros2 
777592832 | 292356     74 python3 152652     73 rviz2 111120     67 joint_state_pub 80184      45 ros2 
777928704 | 292356     74 python3 152652     73 rviz2 111120     67 joint_state_pub 80184      45 ros2 
777879552 | 292356     74 python3 152652     73 rviz2 111120     67 joint_state_pub 80184      45 ros2 
777596928 | 292356     74 python3 152652     73 rviz2 111120     67 joint_state_pub 80184      45 ros2 
778117120 | 292356     74 python3 152652     73 rviz2 111120     67 joint_state_pub 80184      45 ros2 
777871360 | 292356     74 python3 152652     73 rviz2 111120     67 joint_state_pub 80184      45 ros2 
777879552 | 292356     74 python3 152652     73 rviz2 111120     67 joint_state_pub 80184      45 ros2 
777871360 | 292356     74 python3 152652     73 rviz2 111120     67 joint_state_pub 80184      45 ros2 
778129408 | 292356     74 python3 152652     73 rviz2 111120     67 joint_state_pub 80184      45 ros2 
778153984 | 292356     74 python3 152652     73 rviz2 111120     67 joint_state_pub 80184      45 ros2 
777846784 | 292356     74 python3 152652     73 rviz2 111120     67 joint_state_pub 80184      45 ros2 
777723904 | 292356     74 python3 152652     73 rviz2 111120     67 joint_state_pub 80184      45 ros2 
777588736 | 292356     74 python3 152652     73 rviz2 111120     67 joint_state_pub 80184      45 ros2 
778129408 | 292356     74 python3 152652     73 rviz2 111120     67 joint_state_pub 80184      45 ros2 
778145792 | 292356     74 python3 152652     73 rviz2 111120     67 joint_state_pub 80184      45 ros2 
777666560 | 292356     74 python3 152652     73 rviz2 111120     67 joint_state_pub 80184      45 ros2 
777719808 | 292356     74 python3 152652     73 rviz2 111120     67 joint_state_pub 80184      45 ros2 
777867264 | 292356     74 python3 152652     73 rviz2 111120     67 joint_state_pub 80184      45 ros2 
777719808 | 292356     74 python3 152652     73 rviz2 111120     67 joint_state_pub 80184      45 ros2 
777719808 | 292356     74 python3 152652     73 rviz2 111120     67 joint_state_pub 80184      45 ros2 
777592832 | 292356     74 python3 152652     73 rviz2 111120     67 joint_state_pub 80184      45 ros2 
777588736 | 292356     74 python3 152652     73 rviz2 111120     67 joint_state_pub 80184      45 ros2 
777854976 | 292356     74 python3 152652     73 rviz2 111120     67 joint_state_pub 80184      45 ros2 
778113024 | 292356     74 python3 152652     73 rviz2 111120     67 joint_state_pub 80184      45 ros2 
778375168 | 292356     74 python3 152652     73 rviz2 111120     67 joint_state_pub 80184      45 ros2 
777728000 | 292356     74 python3 152652     73 rviz2 111120     67 joint_state_pub 80184      45 ros2 
777854976 | 292356     74 python3 152652     73 rviz2 111120     67 joint_state_pub 80184      45 ros2 
777990144 | 292356     74 python3 152652     73 rviz2 111120     67 joint_state_pub 80184      45 ros2 
777977856 | 292356     74 python3 152652     73 rviz2 111120     67 joint_state_pub 80184      45 ros2 
777711616 | 292356     74 python3 152652     73 rviz2 111120     67 joint_state_pub 80184      45 ros2 
777850880 | 292356     74 python3 152652     73 rviz2 111120     67 joint_state_pub 80184      45 ros2 
777682944 | 292356     74 python3 152652     73 rviz2 111120     67 joint_state_pub 80184      45 ros2 
777854976 | 292356     74 python3 152652     73 rviz2 111120     67 joint_state_pub 80184      45 ros2 
777637888 | 292356     74 python3 152652     73 rviz2 111120     67 joint_state_pub 80184      45 ros2 
777584640 | 292356     74 python3 152652     73 rviz2 111120     67 joint_state_pub 80184      45 ros2 
778375168 | 292356     74 python3 152652     73 rviz2 111120     67 joint_state_pub 80184      45 ros2 
777850880 | 292356     74 python3 152652     73 rviz2 111120     67 joint_state_pub 80184      45 ros2 
777584640 | 292356     74 python3 152652     73 rviz2 111120     67 joint_state_pub 80184      45 ros2 
777854976 | 292356     74 python3 152652     73 rviz2 111120     67 joint_state_pub 80184      45 ros2 
777736192 | 292356     74 python3 152652     73 rviz2 111120     67 joint_state_pub 80184      45 ros2 
778113024 | 292356     74 python3 152652     73 rviz2 111120     67 joint_state_pub 80184      45 ros2 
777875456 | 292356     74 python3 152652     73 rviz2 111120     67 joint_state_pub 80184      45 ros2 
1346801664 | 456052     74 python3 295512     73 rviz2 176408     67 joint_state_pub 135180     76 snp_motion_plan 88592      75 noether_ros_too 
1346756608 | 456052     74 python3 295512     73 rviz2 176408     67 joint_state_pub 135180     76 snp_motion_plan 88592      75 noether_ros_too 
1346588672 | 456052     74 python3 295512     73 rviz2 176408     67 joint_state_pub 135180     76 snp_motion_plan 88592      75 noether_ros_too 
1346453504 | 456052     74 python3 295512     73 rviz2 176408     67 joint_state_pub 135180     76 snp_motion_plan 88592      75 noether_ros_too 
1346985984 | 456052     74 python3 295512     73 rviz2 176408     67 joint_state_pub 135180     76 snp_motion_plan 88592      75 noether_ros_too 
1346719744 | 456052     74 python3 295512     73 rviz2 176408     67 joint_state_pub 135180     76 snp_motion_plan 88592      75 noether_ros_too 
1346752512 | 456052     74 python3 295512     73 rviz2 176408     67 joint_state_pub 135180     76 snp_motion_plan 88592      75 noether_ros_too 
1349136384 | 456052     74 python3 295512     73 rviz2 176408     67 joint_state_pub 135180     76 snp_motion_plan 88592      75 noether_ros_too 
1354149888 | 456052     74 python3 295512     73 rviz2 176408     67 joint_state_pub 135180     76 snp_motion_plan 88592      75 noether_ros_too 
1353142272 | 456052     74 python3 295512     73 rviz2 176408     67 joint_state_pub 135180     76 snp_motion_plan 88592      75 noether_ros_too 
1356636160 | 456052     74 python3 295512     73 rviz2 176408     67 joint_state_pub 135180     76 snp_motion_plan 88592      75 noether_ros_too 
1378779136 | 456072     74 python3 295532     73 rviz2 176428     67 joint_state_pub 135200     76 snp_motion_plan 88608      75 noether_ros_too 
1385992192 | 456072     74 python3 295532     73 rviz2 176428     67 joint_state_pub 135200     76 snp_motion_plan 88608      75 noether_ros_too 
1386082304 | 456072     74 python3 295532     73 rviz2 176428     67 joint_state_pub 135200     76 snp_motion_plan 88608      75 noether_ros_too 
1386274816 | 456072     74 python3 295532     73 rviz2 176428     67 joint_state_pub 135200     76 snp_motion_plan 88608      75 noether_ros_too 
1386541056 | 456208     74 python3 295532     73 rviz2 176428     67 joint_state_pub 135200     76 snp_motion_plan 88608      75 noether_ros_too 
1386381312 | 456280     74 python3 295532     73 rviz2 176428     67 joint_state_pub 135200     76 snp_motion_plan 88608      75 noether_ros_too 
1387474944 | 456276     74 python3 295532     73 rviz2 176428     67 joint_state_pub 135200     76 snp_motion_plan 88608      75 noether_ros_too 
1388474368 | 456340     74 python3 295812     73 rviz2 176428     67 joint_state_pub 135200     76 snp_motion_plan 88828      75 noether_ros_too 
1388699648 | 456340     74 python3 295812     73 rviz2 176428     67 joint_state_pub 135200     76 snp_motion_plan 88892      75 noether_ros_too 
1394151424 | 456340     74 python3 295812     73 rviz2 176568     67 joint_state_pub 135348     76 snp_motion_plan 104724     75 noether_ros_too 
1397305344 | 456344     74 python3 295820     73 rviz2 176704     67 joint_state_pub 138372     76 snp_motion_plan 104728     75 noether_ros_too 
1567084544 | 456344     74 python3 310904     76 snp_motion_plan 295820     73 rviz2 176704     67 joint_state_pub 104728     75 noether_ros_too 
1849425920 | 600008     76 snp_motion_plan 456344     74 python3 295820     73 rviz2 176704     67 joint_state_pub 104728     75 noether_ros_too 
2122489856 | 904828     76 snp_motion_plan 456292     74 python3 295720     73 rviz2 176704     67 joint_state_pub 104608     75 noether_ros_too 
2361126912 | 1146172    76 snp_motion_plan 456292     74 python3 295724     73 rviz2 176704     67 joint_state_pub 104608     75 noether_ros_too 
2400686080 | 1339112    76 snp_motion_plan 401640     74 python3 243176     73 rviz2 156596     67 joint_state_pub 80512      45 ros2 
2635464704 | 1581704    76 snp_motion_plan 375428     74 python3 200648     73 rviz2 133576     67 joint_state_pub 76240      45 ros2 
2829475840 | 1840440    76 snp_motion_plan 358084     74 python3 163952     73 rviz2 99176      67 joint_state_pub 76164      45 ros2 
2963570688 | 2054200    76 snp_motion_plan 329536     74 python3 138044     73 rviz2 98696      67 joint_state_pub 76164      45 ros2 
3101147136 | 2257068    76 snp_motion_plan 293488     74 python3 138044     73 rviz2 98696      67 joint_state_pub 76164      45 ros2 
3221225472 | 2387068    76 snp_motion_plan 285168     74 python3 134420     73 rviz2 98696      67 joint_state_pub 76164      45 ros2 
782376960 | 282236     74 python3 132816     73 rviz2 98660      67 joint_state_pub 76124      45 ros2 71336      79 python3 
785244160 | 282236     74 python3 134044     73 rviz2 98712      67 joint_state_pub 76124      45 ros2 71336      79 python3 
785272832 | 282236     74 python3 133980     73 rviz2 98712      67 joint_state_pub 76124      45 ros2 71336      79 python3 
785276928 | 282236     74 python3 133876     73 rviz2 98608      67 joint_state_pub 76124      45 ros2 71272      79 python3 
785518592 | 282172     74 python3 133876     73 rviz2 98544      67 joint_state_pub 76124      45 ros2 71168      79 python3 
785428480 | 282172     74 python3 133876     73 rviz2 98544      67 joint_state_pub 76124      45 ros2 71168      79 python3 
785678336 | 282172     74 python3 133876     73 rviz2 98544      67 joint_state_pub 76124      45 ros2 71168      79 python3 
785588224 | 282172     74 python3 133876     73 rviz2 98544      67 joint_state_pub 76124      45 ros2 71168      79 python3 
785506304 | 282172     74 python3 133876     73 rviz2 98544      67 joint_state_pub 76060      45 ros2 71168      79 python3 
785707008 | 282172     74 python3 133876     73 rviz2 98544      67 joint_state_pub 76060      45 ros2 71168      79 python3 
785395712 | 282172     74 python3 133876     73 rviz2 98544      67 joint_state_pub 75956      45 ros2 71168      79 python3 
785616896 | 282068     74 python3 133876     73 rviz2 98544      67 joint_state_pub 75996      45 ros2 71168      79 python3 
785698816 | 282068     74 python3 133876     73 rviz2 98544      67 joint_state_pub 75996      45 ros2 71168      79 python3 
785547264 | 282068     74 python3 133876     73 rviz2 98544      67 joint_state_pub 75996      45 ros2 71168      79 python3 
785100800 | 282068     74 python3 133876     73 rviz2 98544      67 joint_state_pub 75996      45 ros2 71168      79 python3 
784949248 | 282068     74 python3 133936     73 rviz2 98544      67 joint_state_pub 75996      45 ros2 71168      79 python3 
785346560 | 282068     74 python3 133936     73 rviz2 98544      67 joint_state_pub 75996      45 ros2 71168      79 python3 
785059840 | 282068     74 python3 133936     73 rviz2 98544      67 joint_state_pub 75996      45 ros2 71168      79 python3 
785522688 | 282068     74 python3 133936     73 rviz2 98736      67 joint_state_pub 75996      45 ros2 71168      79 python3 
785473536 | 282068     74 python3 133936     73 rviz2 98736      67 joint_state_pub 75996      45 ros2 71168      79 python3 
785289216 | 282068     74 python3 133936     73 rviz2 98736      67 joint_state_pub 75996      45 ros2 71168      79 python3 
785215488 | 282068     74 python3 133936     73 rviz2 98736      67 joint_state_pub 75996      45 ros2 71168      79 python3 
785473536 | 282068     74 python3 133936     73 rviz2 98736      67 joint_state_pub 75996      45 ros2 71168      79 python3 
785473536 | 282068     74 python3 133936     73 rviz2 98736      67 joint_state_pub 75996      45 ros2 71168      79 python3 
785682432 | 282068     74 python3 133936     73 rviz2 98736      67 joint_state_pub 75996      45 ros2 71168      79 python3 
785678336 | 282068     74 python3 133936     73 rviz2 98736      67 joint_state_pub 75996      45 ros2 71168      79 python3 
785215488 | 282068     74 python3 133936     73 rviz2 98736      67 joint_state_pub 75996      45 ros2 71168      79 python3 
785678336 | 282068     74 python3 133936     73 rviz2 98736      67 joint_state_pub 75996      45 ros2 71168      79 python3 
785821696 | 282068     74 python3 133936     73 rviz2 98736      67 joint_state_pub 75996      45 ros2 71168      79 python3 
785469440 | 282068     74 python3 133936     73 rviz2 98736      67 joint_state_pub 75996      45 ros2 71168      79 python3 
785936384 | 282068     74 python3 133936     73 rviz2 98736      67 joint_state_pub 75996      45 ros2 71168      79 python3 
785473536 | 282068     74 python3 133936     73 rviz2 98736      67 joint_state_pub 75996      45 ros2 71168      79 python3 
785682432 | 282068     74 python3 133936     73 rviz2 98736      67 joint_state_pub 75996      45 ros2 71168      79 python3 
785211392 | 282068     74 python3 133936     73 rviz2 98736      67 joint_state_pub 75996      45 ros2 71168      79 python3 
785416192 | 282068     74 python3 133936     73 rviz2 98736      67 joint_state_pub 75996      45 ros2 71168      79 python3 
785416192 | 282068     74 python3 133936     73 rviz2 98736      67 joint_state_pub 75996      45 ros2 71168      79 python3 
785563648 | 282068     74 python3 133936     73 rviz2 98736      67 joint_state_pub 75996      45 ros2 71168      79 python3 
785154048 | 282068     74 python3 133936     73 rviz2 98736      67 joint_state_pub 75996      45 ros2 71168      79 python3 
785739776 | 282068     74 python3 133936     73 rviz2 98736      67 joint_state_pub 75996      45 ros2 71168      79 python3 
785838080 | 282068     74 python3 133936     73 rviz2 98736      67 joint_state_pub 75996      45 ros2 71168      79 python3 
785367040 | 282068     74 python3 133936     73 rviz2 98736      67 joint_state_pub 75996      45 ros2 71168      79 python3 
785739776 | 282068     74 python3 133936     73 rviz2 98736      67 joint_state_pub 75996      45 ros2 71168      79 python3 
785563648 | 282068     74 python3 133936     73 rviz2 98736      67 joint_state_pub 75996      45 ros2 71168      79 python3 
785571840 | 282068     74 python3 133936     73 rviz2 98736      67 joint_state_pub 75996      45 ros2 71168      79 python3 
785559552 | 282068     74 python3 133936     73 rviz2 98736      67 joint_state_pub 75996      45 ros2 71168      79 python3 
785387520 | 282068     74 python3 133936     73 rviz2 98736      67 joint_state_pub 75996      45 ros2 71168      79 python3 
785133568 | 282068     74 python3 133936     73 rviz2 98736      67 joint_state_pub 75996      45 ros2 71168      79 python3 
785559552 | 282068     74 python3 133936     73 rviz2 98736      67 joint_state_pub 75996      45 ros2 71168      79 python3 
785555456 | 282068     74 python3 133936     73 rviz2 98736      67 joint_state_pub 75996      45 ros2 71168      79 python3 
785526784 | 282068     74 python3 133936     73 rviz2 98736      67 joint_state_pub 75996      45 ros2 71168      79 python3 
785821696 | 282068     74 python3 133936     73 rviz2 98736      67 joint_state_pub 75996      45 ros2 71168      79 python3 
785825792 | 282068     74 python3 133936     73 rviz2 98736      67 joint_state_pub 75996      45 ros2 71168      79 python3 
785498112 | 282068     74 python3 133936     73 rviz2 98736      67 joint_state_pub 75996      45 ros2 71168      79 python3 
785309696 | 282068     74 python3 133936     73 rviz2 98736      67 joint_state_pub 75996      45 ros2 71168      79 python3 
785301504 | 282068     74 python3 133936     73 rviz2 98736      67 joint_state_pub 75996      45 ros2 71168      79 python3 
785502208 | 282068     74 python3 133936     73 rviz2 98736      67 joint_state_pub 75996      45 ros2 71168      79 python3 
785563648 | 282068     74 python3 133936     73 rviz2 98736      67 joint_state_pub 75996      45 ros2 71168      79 python3 
785559552 | 282068     74 python3 133936     73 rviz2 98736      67 joint_state_pub 75996      45 ros2 71168      79 python3 
785559552 | 282068     74 python3 133936     73 rviz2 98736      67 joint_state_pub 75996      45 ros2 71168      79 python3 
804048896 | 282288     74 python3 137340     73 rviz2 99000      67 joint_state_pub 76308      45 ros2 71188      79 python3 
804044800 | 282288     74 python3 137340     73 rviz2 99000      67 joint_state_pub 76308      45 ros2 71188      79 python3 
804044800 | 282288     74 python3 137340     73 rviz2 99000      67 joint_state_pub 76308      45 ros2 71188      79 python3 
803848192 | 282288     74 python3 137340     73 rviz2 99000      67 joint_state_pub 76308      45 ros2 71188      79 python3 
804167680 | 282288     74 python3 137340     73 rviz2 99000      67 joint_state_pub 76308      45 ros2 71188      79 python3 
803848192 | 282288     74 python3 137376     73 rviz2 99028      67 joint_state_pub 76308      45 ros2 71188      79 python3 
803729408 | 282288     74 python3 137376     73 rviz2 99028      67 joint_state_pub 76308      45 ros2 71188      79 python3 
804376576 | 282288     74 python3 137376     73 rviz2 99028      67 joint_state_pub 76308      45 ros2 71188      79 python3 
803958784 | 282288     74 python3 137376     73 rviz2 99028      67 joint_state_pub 76308      45 ros2 71188      79 python3 
804114432 | 282288     74 python3 137376     73 rviz2 99028      67 joint_state_pub 76308      45 ros2 71188      79 python3 
804118528 | 282288     74 python3 137376     73 rviz2 99028      67 joint_state_pub 76308      45 ros2 71188      79 python3 
804114432 | 282288     74 python3 137376     73 rviz2 99028      67 joint_state_pub 76308      45 ros2 71188      79 python3 
803729408 | 282288     74 python3 137376     73 rviz2 99028      67 joint_state_pub 76308      45 ros2 71188      79 python3 
804372480 | 282288     74 python3 137376     73 rviz2 99028      67 joint_state_pub 76308      45 ros2 71188      79 python3 
803856384 | 282288     74 python3 137376     73 rviz2 99028      67 joint_state_pub 76308      45 ros2 71188      79 python3 
803856384 | 282288     74 python3 137376     73 rviz2 99028      67 joint_state_pub 76308      45 ros2 71188      79 python3 
803864576 | 282288     74 python3 137376     73 rviz2 99028      67 joint_state_pub 76308      45 ros2 71188      79 python3 
803880960 | 282288     74 python3 137376     73 rviz2 99028      67 joint_state_pub 76308      45 ros2 71188      79 python3 
804225024 | 282288     74 python3 137376     73 rviz2 99028      67 joint_state_pub 76308      45 ros2 71188      79 python3 
804286464 | 282288     74 python3 137684     73 rviz2 99028      67 joint_state_pub 76308      45 ros2 71188      79 python3 
804421632 | 282288     74 python3 137684     73 rviz2 99028      67 joint_state_pub 76308      45 ros2 71188      79 python3 
804708352 | 282288     74 python3 137684     73 rviz2 99028      67 joint_state_pub 76308      45 ros2 71188      79 python3 
804859904 | 282288     74 python3 137684     73 rviz2 99028      67 joint_state_pub 76308      45 ros2 71188      79 python3 
805130240 | 282288     74 python3 137684     73 rviz2 99028      67 joint_state_pub 76308      45 ros2 71188      79 python3 
804388864 | 282288     74 python3 137684     73 rviz2 99028      67 joint_state_pub 76308      45 ros2 71188      79 python3 
804397056 | 282288     74 python3 137684     73 rviz2 99028      67 joint_state_pub 76308      45 ros2 71188      79 python3 
804954112 | 282288     74 python3 137684     73 rviz2 99028      67 joint_state_pub 76308      45 ros2 71188      79 python3 
804552704 | 282288     74 python3 137684     73 rviz2 99028      67 joint_state_pub 76308      45 ros2 71188      79 python3 
804573184 | 282288     74 python3 137712     73 rviz2 99028      67 joint_state_pub 76308      45 ros2 71188      79 python3 
804773888 | 282288     74 python3 137712     73 rviz2 99028      67 joint_state_pub 76308      45 ros2 71188      79 python3 
804962304 | 282288     74 python3 137712     73 rviz2 99028      67 joint_state_pub 76308      45 ros2 71188      79 python3 
804732928 | 282288     74 python3 137712     73 rviz2 99028      67 joint_state_pub 76308      45 ros2 71188      79 python3 
804610048 | 282288     74 python3 137712     73 rviz2 99028      67 joint_state_pub 76308      45 ros2 71188      79 python3 
804986880 | 282288     74 python3 137712     73 rviz2 99028      67 joint_state_pub 76308      45 ros2 71188      79 python3 
804990976 | 282288     74 python3 137712     73 rviz2 99028      67 joint_state_pub 76308      45 ros2 71188      79 python3 
804970496 | 282288     74 python3 137712     73 rviz2 99028      67 joint_state_pub 76308      45 ros2 71188      79 python3 
804499456 | 282288     74 python3 137712     73 rviz2 99028      67 joint_state_pub 76308      45 ros2 71188      79 python3 
804732928 | 282288     74 python3 137712     73 rviz2 99028      67 joint_state_pub 76308      45 ros2 71188      79 python3 
804622336 | 282288     74 python3 137712     73 rviz2 99028      67 joint_state_pub 76308      45 ros2 71188      79 python3 
804769792 | 282288     74 python3 137712     73 rviz2 99028      67 joint_state_pub 76308      45 ros2 71188      79 python3 
804773888 | 282288     74 python3 137712     73 rviz2 99028      67 joint_state_pub 76308      45 ros2 71188      79 python3 
804466688 | 282288     74 python3 137712     73 rviz2 99028      67 joint_state_pub 76308      45 ros2 71188      79 python3 
804478976 | 282288     74 python3 137712     73 rviz2 99028      67 joint_state_pub 76308      45 ros2 71188      79 python3 
804884480 | 282288     74 python3 137712     73 rviz2 99028      67 joint_state_pub 76308      45 ros2 71188      79 python3 
804610048 | 282288     74 python3 137712     73 rviz2 99028      67 joint_state_pub 76308      45 ros2 71188      79 python3 
804851712 | 282288     74 python3 137712     73 rviz2 99028      67 joint_state_pub 76308      45 ros2 71188      79 python3 
804728832 | 282288     74 python3 137712     73 rviz2 99028      67 joint_state_pub 76308      45 ros2 71188      79 python3 
804737024 | 282288     74 python3 137712     73 rviz2 99028      67 joint_state_pub 76308      45 ros2 71188      79 python3 
804757504 | 282288     74 python3 137712     73 rviz2 99028      67 joint_state_pub 76308      45 ros2 71188      79 python3 
804773888 | 282288     74 python3 137712     73 rviz2 99028      67 joint_state_pub 76308      45 ros2 71188      79 python3 
804519936 | 282288     74 python3 137712     73 rviz2 99028      67 joint_state_pub 76308      45 ros2 71188      79 python3 
804732928 | 282288     74 python3 137712     73 rviz2 99028      67 joint_state_pub 76308      45 ros2 71188      79 python3 
804728832 | 282288     74 python3 137712     73 rviz2 99028      67 joint_state_pub 76308      45 ros2 71188      79 python3 
804794368 | 282288     74 python3 137788     73 rviz2 99028      67 joint_state_pub 76308      45 ros2 71188      79 python3 
805036032 | 282288     74 python3 137788     73 rviz2 99028      67 joint_state_pub 76308      45 ros2 71188      79 python3 
805052416 | 282288     74 python3 137788     73 rviz2 99028      67 joint_state_pub 76308      45 ros2 71188      79 python3 
804528128 | 282288     74 python3 137788     73 rviz2 99028      67 joint_state_pub 76308      45 ros2 71188      79 python3 
805036032 | 282288     74 python3 137788     73 rviz2 99028      67 joint_state_pub 76308      45 ros2 71188      79 python3 
804499456 | 282288     74 python3 137788     73 rviz2 99028      67 joint_state_pub 76308      45 ros2 71188      79 python3 
804790272 | 282288     74 python3 137788     73 rviz2 99028      67 joint_state_pub 76308      45 ros2 71188      79 python3 
805036032 | 282288     74 python3 137788     73 rviz2 99028      67 joint_state_pub 76308      45 ros2 71188      79 python3 
804614144 | 282288     74 python3 137788     73 rviz2 99028      67 joint_state_pub 76308      45 ros2 71188      79 python3 
804773888 | 282288     74 python3 137788     73 rviz2 99028      67 joint_state_pub 76308      45 ros2 71188      79 python3 
804777984 | 282288     74 python3 137788     73 rviz2 99028      67 joint_state_pub 76308      45 ros2 71188      79 python3 
804597760 | 282288     74 python3 137788     73 rviz2 99028      67 joint_state_pub 76308      45 ros2 71188      79 python3 
804597760 | 282288     74 python3 137788     73 rviz2 99028      67 joint_state_pub 76308      45 ros2 71188      79 python3 
804478976 | 282288     74 python3 137788     73 rviz2 99028      67 joint_state_pub 76308      45 ros2 71188      79 python3 
804782080 | 282288     74 python3 137788     73 rviz2 99028      67 joint_state_pub 76308      45 ros2 71188      79 python3 
804524032 | 282288     74 python3 137788     73 rviz2 99028      67 joint_state_pub 76308      45 ros2 71188      79 python3 
804782080 | 282288     74 python3 137788     73 rviz2 99028      67 joint_state_pub 76308      45 ros2 71188      79 python3 
804524032 | 282288     74 python3 137788     73 rviz2 99028      67 joint_state_pub 76308      45 ros2 71188      79 python3 
805044224 | 282288     74 python3 137788     73 rviz2 99028      67 joint_state_pub 76308      45 ros2 71188      79 python3 
804864000 | 282288     74 python3 137788     73 rviz2 99028      67 joint_state_pub 76308      45 ros2 71188      79 python3 
804724736 | 282288     74 python3 137788     73 rviz2 99028      67 joint_state_pub 76308      45 ros2 71188      79 python3 
805036032 | 282288     74 python3 137788     73 rviz2 99028      67 joint_state_pub 76308      45 ros2 71188      79 python3 
804397056 | 282288     74 python3 137788     73 rviz2 99028      67 joint_state_pub 76308      45 ros2 71188      79 python3 
804478976 | 282288     74 python3 137788     73 rviz2 99028      67 joint_state_pub 76308      45 ros2 71188      79 python3 
804741120 | 282288     74 python3 137788     73 rviz2 99028      67 joint_state_pub 76308      45 ros2 71188      79 python3 
804478976 | 282288     74 python3 137788     73 rviz2 99028      67 joint_state_pub 76308      45 ros2 71188      79 python3 
804777984 | 282288     74 python3 137788     73 rviz2 99028      67 joint_state_pub 76308      45 ros2 71188      79 python3 
804483072 | 282288     74 python3 137788     73 rviz2 99028      67 joint_state_pub 76308      45 ros2 71188      79 python3 
804806656 | 282288     74 python3 137788     73 rviz2 99028      67 joint_state_pub 76308      45 ros2 71188      79 python3 
804741120 | 282288     74 python3 137788     73 rviz2 99028      67 joint_state_pub 76308      45 ros2 71188      79 python3 
804356096 | 282288     74 python3 137788     73 rviz2 99028      67 joint_state_pub 76308      45 ros2 71188      79 python3 
804777984 | 282288     74 python3 137788     73 rviz2 99028      67 joint_state_pub 76308      45 ros2 71188      79 python3 
804519936 | 282288     74 python3 137788     73 rviz2 99028      67 joint_state_pub 76308      45 ros2 71188      79 python3 
805068800 | 282288     74 python3 137788     73 rviz2 99028      67 joint_state_pub 76308      45 ros2 71188      79 python3 
804528128 | 282288     74 python3 137788     73 rviz2 99028      67 joint_state_pub 76308      45 ros2 71188      79 python3 
804659200 | 282288     74 python3 137788     73 rviz2 99028      67 joint_state_pub 76308      45 ros2 71188      79 python3 
804777984 | 282288     74 python3 137788     73 rviz2 99028      67 joint_state_pub 76308      45 ros2 71188      79 python3 
804483072 | 282288     74 python3 137788     73 rviz2 99028      67 joint_state_pub 76308      45 ros2 71188      79 python3 
804507648 | 282288     74 python3 137788     73 rviz2 99028      67 joint_state_pub 76308      45 ros2 71188      79 python3 
804544512 | 282288     74 python3 137788     73 rviz2 99028      67 joint_state_pub 76308      45 ros2 71188      79 python3 
804483072 | 282288     74 python3 137788     73 rviz2 99028      67 joint_state_pub 76308      45 ros2 71188      79 python3 
804478976 | 282288     74 python3 137788     73 rviz2 99028      67 joint_state_pub 76308      45 ros2 71188      79 python3 
804491264 | 282288     74 python3 137788     73 rviz2 99028      67 joint_state_pub 76308      45 ros2 71188      79 python3 
804483072 | 282288     74 python3 137788     73 rviz2 99028      67 joint_state_pub 76308      45 ros2 71188      79 python3 
804454400 | 282288     74 python3 137788     73 rviz2 99028      67 joint_state_pub 76308      45 ros2 71188      79 python3 
804483072 | 282288     74 python3 137788     73 rviz2 99028      67 joint_state_pub 76308      45 ros2 71188      79 python3 
804511744 | 282288     74 python3 137788     73 rviz2 99028      67 joint_state_pub 76308      45 ros2 71188      79 python3 
804777984 | 282288     74 python3 137788     73 rviz2 99028      67 joint_state_pub 76308      45 ros2 71188      79 python3 
804655104 | 282288     74 python3 137788     73 rviz2 99028      67 joint_state_pub 76308      45 ros2 71188      79 python3 
804515840 | 282288     74 python3 137788     73 rviz2 99028      67 joint_state_pub 76308      45 ros2 71188      79 python3 
804651008 | 282288     74 python3 137788     73 rviz2 99028      67 joint_state_pub 76308      45 ros2 71188      79 python3 
804511744 | 282288     74 python3 137788     73 rviz2 99028      67 joint_state_pub 76308      45 ros2 71188      79 python3 
804519936 | 282288     74 python3 137788     73 rviz2 99028      67 joint_state_pub 76308      45 ros2 71188      79 python3 
804515840 | 282288     74 python3 137788     73 rviz2 99028      67 joint_state_pub 76308      45 ros2 71188      79 python3 
804769792 | 282288     74 python3 137788     73 rviz2 99028      67 joint_state_pub 76308      45 ros2 71188      79 python3 
804642816 | 282288     74 python3 137788     73 rviz2 99028      67 joint_state_pub 76308      45 ros2 71188      79 python3 
804794368 | 282288     74 python3 137788     73 rviz2 99028      67 joint_state_pub 76308      45 ros2 71188      79 python3 
804515840 | 282288     74 python3 137788     73 rviz2 99028      67 joint_state_pub 76308      45 ros2 71188      79 python3 
804524032 | 282288     74 python3 137788     73 rviz2 99028      67 joint_state_pub 76308      45 ros2 71188      79 python3 
804519936 | 282288     74 python3 137788     73 rviz2 99028      67 joint_state_pub 76308      45 ros2 71188      79 python3 
804524032 | 282288     74 python3 137788     73 rviz2 99028      67 joint_state_pub 76308      45 ros2 71188      79 python3 
805183488 | 282288     74 python3 137788     73 rviz2 99028      67 joint_state_pub 76308      45 ros2 71188      79 python3 
804823040 | 282288     74 python3 137788     73 rviz2 99028      67 joint_state_pub 76308      45 ros2 71188      79 python3 
804921344 | 282288     74 python3 137788     73 rviz2 99076      67 joint_state_pub 76308      45 ros2 71188      79 python3 
804884480 | 282288     74 python3 137788     73 rviz2 99076      67 joint_state_pub 76308      45 ros2 71188      79 python3 
804884480 | 282288     74 python3 137788     73 rviz2 99076      67 joint_state_pub 76308      45 ros2 71188      79 python3 
805146624 | 282288     74 python3 137788     73 rviz2 99076      67 joint_state_pub 76308      45 ros2 71188      79 python3 
804618240 | 282288     74 python3 137788     73 rviz2 99076      67 joint_state_pub 76308      45 ros2 71188      79 python3 
804888576 | 282288     74 python3 137788     73 rviz2 99076      67 joint_state_pub 76308      45 ros2 71188      79 python3 
804503552 | 282288     74 python3 137788     73 rviz2 99076      67 joint_state_pub 76308      45 ros2 71188      79 python3 
804491264 | 282288     74 python3 137788     73 rviz2 99076      67 joint_state_pub 76308      45 ros2 71188      79 python3 
805113856 | 282288     74 python3 137788     73 rviz2 99076      67 joint_state_pub 76308      45 ros2 71188      79 python3 
805142528 | 282288     74 python3 137788     73 rviz2 99076      67 joint_state_pub 76308      45 ros2 71188      79 python3 
804724736 | 282288     74 python3 137788     73 rviz2 99076      67 joint_state_pub 76308      45 ros2 71188      79 python3 
804589568 | 282288     74 python3 137788     73 rviz2 99076      67 joint_state_pub 76308      45 ros2 71188      79 python3 
805146624 | 282288     74 python3 137788     73 rviz2 99076      67 joint_state_pub 76308      45 ros2 71188      79 python3 
805171200 | 282288     74 python3 137788     73 rviz2 99076      67 joint_state_pub 76308      45 ros2 71188      79 python3 
804851712 | 282288     74 python3 137788     73 rviz2 99076      67 joint_state_pub 76308      45 ros2 71188      79 python3 
804757504 | 282288     74 python3 137788     73 rviz2 99076      67 joint_state_pub 76308      45 ros2 71188      79 python3 
804626432 | 282288     74 python3 137788     73 rviz2 99076      67 joint_state_pub 76308      45 ros2 71188      79 python3 
805146624 | 282288     74 python3 137788     73 rviz2 99076      67 joint_state_pub 76308      45 ros2 71188      79 python3 
804814848 | 282288     74 python3 137788     73 rviz2 99076      67 joint_state_pub 76308      45 ros2 71188      79 python3 
804622336 | 282288     74 python3 137788     73 rviz2 99076      67 joint_state_pub 76308      45 ros2 71188      79 python3 
804884480 | 282288     74 python3 137788     73 rviz2 99076      67 joint_state_pub 76308      45 ros2 71188      79 python3 
804757504 | 282288     74 python3 137788     73 rviz2 99076      67 joint_state_pub 76308      45 ros2 71188      79 python3 
804888576 | 282288     74 python3 137788     73 rviz2 99076      67 joint_state_pub 76308      45 ros2 71188      79 python3 
804933632 | 282288     74 python3 137788     73 rviz2 99076      67 joint_state_pub 76308      45 ros2 71188      79 python3 
804622336 | 282288     74 python3 137788     73 rviz2 99076      67 joint_state_pub 76308      45 ros2 71188      79 python3 
804626432 | 282288     74 python3 137788     73 rviz2 99076      67 joint_state_pub 76308      45 ros2 71188      79 python3 
804679680 | 282288     74 python3 137788     73 rviz2 99076      67 joint_state_pub 76308      45 ros2 71188      79 python3 
804884480 | 282288     74 python3 137788     73 rviz2 99076      67 joint_state_pub 76308      45 ros2 71188      79 python3 
804855808 | 282288     74 python3 137788     73 rviz2 99076      67 joint_state_pub 76308      45 ros2 71188      79 python3 
804892672 | 282288     74 python3 137788     73 rviz2 99076      67 joint_state_pub 76308      45 ros2 71188      79 python3 
804888576 | 282288     74 python3 137788     73 rviz2 99076      67 joint_state_pub 76308      45 ros2 71188      79 python3 
804724736 | 282288     74 python3 137788     73 rviz2 99076      67 joint_state_pub 76308      45 ros2 71188      79 python3 
804622336 | 282288     74 python3 137788     73 rviz2 99076      67 joint_state_pub 76308      45 ros2 71188      79 python3 
804921344 | 282288     74 python3 137788     73 rviz2 99076      67 joint_state_pub 76308      45 ros2 71188      79 python3 
804630528 | 282288     74 python3 137788     73 rviz2 99076      67 joint_state_pub 76308      45 ros2 71188      79 python3 
804892672 | 282288     74 python3 137788     73 rviz2 99076      67 joint_state_pub 76308      45 ros2 71188      79 python3 
804888576 | 282288     74 python3 137788     73 rviz2 99076      67 joint_state_pub 76308      45 ros2 71188      79 python3 
804888576 | 282288     74 python3 137788     73 rviz2 99076      67 joint_state_pub 76308      45 ros2 71188      79 python3 
804892672 | 282288     74 python3 137788     73 rviz2 99076      67 joint_state_pub 76308      45 ros2 71188      79 python3 
805183488 | 282288     74 python3 137788     73 rviz2 99076      67 joint_state_pub 76308      45 ros2 71188      79 python3 
804909056 | 282288     74 python3 137788     73 rviz2 99076      67 joint_state_pub 76308      45 ros2 71188      79 python3 
804618240 | 282288     74 python3 137788     73 rviz2 99076      67 joint_state_pub 76308      45 ros2 71188      79 python3 
805117952 | 282288     74 python3 137788     73 rviz2 99076      67 joint_state_pub 76308      45 ros2 71188      79 python3 
804888576 | 282288     74 python3 137788     73 rviz2 99076      67 joint_state_pub 76308      45 ros2 71188      79 python3 
804892672 | 282288     74 python3 137788     73 rviz2 99076      67 joint_state_pub 76308      45 ros2 71188      79 python3 
804593664 | 282288     74 python3 137788     73 rviz2 99076      67 joint_state_pub 76308      45 ros2 71188      79 python3 
804888576 | 282288     74 python3 137788     73 rviz2 99076      67 joint_state_pub 76308      45 ros2 71188      79 python3 
804798464 | 282288     74 python3 137788     73 rviz2 99076      67 joint_state_pub 76308      45 ros2 71188      79 python3 
804470784 | 282288     74 python3 137788     73 rviz2 99076      67 joint_state_pub 76308      45 ros2 71188      79 python3 
804663296 | 282288     74 python3 137788     73 rviz2 99076      67 joint_state_pub 76308      45 ros2 71188      79 python3 
804888576 | 282288     74 python3 137788     73 rviz2 99076      67 joint_state_pub 76308      45 ros2 71188      79 python3 
804888576 | 282288     74 python3 137788     73 rviz2 99076      67 joint_state_pub 76308      45 ros2 71188      79 python3 
804466688 | 282288     74 python3 137788     73 rviz2 99076      67 joint_state_pub 76308      45 ros2 71188      79 python3 
804593664 | 282288     74 python3 137788     73 rviz2 99076      67 joint_state_pub 76308      45 ros2 71188      79 python3 
805244928 | 282288     74 python3 137788     73 rviz2 99076      67 joint_state_pub 76308      45 ros2 71188      79 python3 
804622336 | 282288     74 python3 137788     73 rviz2 99076      67 joint_state_pub 76308      45 ros2 71188      79 python3 
805150720 | 282288     74 python3 137788     73 rviz2 99076      67 joint_state_pub 76308      45 ros2 71188      79 python3 
804503552 | 282288     74 python3 137788     73 rviz2 99076      67 joint_state_pub 76308      45 ros2 71188      79 python3 
804769792 | 282288     74 python3 137788     73 rviz2 99076      67 joint_state_pub 76308      45 ros2 71188      79 python3 
804618240 | 282288     74 python3 137788     73 rviz2 99076      67 joint_state_pub 76308      45 ros2 71188      79 python3 
804884480 | 282288     74 python3 137788     73 rviz2 99076      67 joint_state_pub 76308      45 ros2 71188      79 python3 
804556800 | 282288     74 python3 137788     73 rviz2 99076      67 joint_state_pub 76308      45 ros2 71188      79 python3 
804892672 | 282288     74 python3 137788     73 rviz2 99076      67 joint_state_pub 76308      45 ros2 71188      79 python3 
804904960 | 282288     74 python3 137788     73 rviz2 99076      67 joint_state_pub 76308      45 ros2 71188      79 python3 
805122048 | 282288     74 python3 137788     73 rviz2 99076      67 joint_state_pub 76308      45 ros2 71188      79 python3 
804888576 | 282288     74 python3 137788     73 rviz2 99076      67 joint_state_pub 76308      45 ros2 71188      79 python3 
804495360 | 282288     74 python3 137788     73 rviz2 99076      67 joint_state_pub 76308      45 ros2 71188      79 python3 
804630528 | 282288     74 python3 137788     73 rviz2 99076      67 joint_state_pub 76308      45 ros2 71188      79 python3 
804900864 | 282288     74 python3 137788     73 rviz2 99076      67 joint_state_pub 76308      45 ros2 71188      79 python3 
804814848 | 282288     74 python3 137788     73 rviz2 99076      67 joint_state_pub 76308      45 ros2 71188      79 python3 
804630528 | 282288     74 python3 137788     73 rviz2 99076      67 joint_state_pub 76308      45 ros2 71188      79 python3 
805150720 | 282288     74 python3 137788     73 rviz2 99076      67 joint_state_pub 76308      45 ros2 71188      79 python3 
804511744 | 282288     74 python3 137788     73 rviz2 99076      67 joint_state_pub 76308      45 ros2 71188      79 python3 
805150720 | 282288     74 python3 137788     73 rviz2 99076      67 joint_state_pub 76308      45 ros2 71188      79 python3 
804925440 | 282288     74 python3 137788     73 rviz2 99076      67 joint_state_pub 76308      45 ros2 71188      79 python3 
805183488 | 282288     74 python3 137788     73 rviz2 99076      67 joint_state_pub 76308      45 ros2 71188      79 python3 
804798464 | 282288     74 python3 137788     73 rviz2 99076      67 joint_state_pub 76308      45 ros2 71188      79 python3 
805163008 | 282288     74 python3 137788     73 rviz2 99076      67 joint_state_pub 76308      45 ros2 71188      79 python3 
804900864 | 282288     74 python3 137788     73 rviz2 99076      67 joint_state_pub 76308      45 ros2 71188      79 python3 
805163008 | 282288     74 python3 137788     73 rviz2 99076      67 joint_state_pub 76308      45 ros2 71188      79 python3 
805154816 | 282288     74 python3 137788     73 rviz2 99076      67 joint_state_pub 76308      45 ros2 71188      79 python3 
804892672 | 282288     74 python3 137788     73 rviz2 99076      67 joint_state_pub 76308      45 ros2 71188      79 python3 
804630528 | 282288     74 python3 137788     73 rviz2 99076      67 joint_state_pub 76308      45 ros2 71188      79 python3 
804507648 | 282288     74 python3 137788     73 rviz2 99076      67 joint_state_pub 76308      45 ros2 71188      79 python3 
804601856 | 282288     74 python3 137788     73 rviz2 99076      67 joint_state_pub 76308      45 ros2 71188      79 python3 
804859904 | 282288     74 python3 137788     73 rviz2 99076      67 joint_state_pub 76308      45 ros2 71188      79 python3 
804896768 | 282288     74 python3 137788     73 rviz2 99076      67 joint_state_pub 76308      45 ros2 71188      79 python3 
804626432 | 282288     74 python3 137788     73 rviz2 99076      67 joint_state_pub 76308      45 ros2 71188      79 python3 
804896768 | 282288     74 python3 137788     73 rviz2 99076      67 joint_state_pub 76308      45 ros2 71188      79 python3 
804626432 | 282288     74 python3 137788     73 rviz2 99076      67 joint_state_pub 76308      45 ros2 71188      79 python3 
804626432 | 282288     74 python3 137788     73 rviz2 99076      67 joint_state_pub 76308      45 ros2 71188      79 python3 
804503552 | 282288     74 python3 137788     73 rviz2 99076      67 joint_state_pub 76308      45 ros2 71188      79 python3 
804507648 | 282288     74 python3 137788     73 rviz2 99076      67 joint_state_pub 76308      45 ros2 71188      79 python3 
804892672 | 282288     74 python3 137788     73 rviz2 99076      67 joint_state_pub 76308      45 ros2 71188      79 python3 
804634624 | 282288     74 python3 137788     73 rviz2 99076      67 joint_state_pub 76308      45 ros2 71188      79 python3 
804544512 | 282288     74 python3 137788     73 rviz2 99076      67 joint_state_pub 76308      45 ros2 71188      79 python3 
804802560 | 282288     74 python3 137788     73 rviz2 99076      67 joint_state_pub 76308      45 ros2 71188      79 python3 
805011456 | 282288     74 python3 137788     73 rviz2 99076      67 joint_state_pub 76308      45 ros2 71188      79 python3 
804610048 | 282288     74 python3 137788     73 rviz2 99076      67 joint_state_pub 76308      45 ros2 71188      79 python3 
804511744 | 282288     74 python3 137788     73 rviz2 99076      67 joint_state_pub 76308      45 ros2 71188      79 python3 
804605952 | 282288     74 python3 137788     73 rviz2 99076      67 joint_state_pub 76308      45 ros2 71188      79 python3 
804900864 | 282288     74 python3 137788     73 rviz2 99076      67 joint_state_pub 76308      45 ros2 71188      79 python3 
805187584 | 282288     74 python3 137788     73 rviz2 99076      67 joint_state_pub 76308      45 ros2 71188      79 python3 
804638720 | 282288     74 python3 137788     73 rviz2 99076      67 joint_state_pub 76308      45 ros2 71188      79 python3 
804642816 | 282288     74 python3 137788     73 rviz2 99076      67 joint_state_pub 76308      45 ros2 71188      79 python3 
804904960 | 282288     74 python3 137788     73 rviz2 99076      67 joint_state_pub 76308      45 ros2 71188      79 python3 
804900864 | 282288     74 python3 137788     73 rviz2 99076      67 joint_state_pub 76308      45 ros2 71188      79 python3 
804900864 | 282288     74 python3 137788     73 rviz2 99076      67 joint_state_pub 76308      45 ros2 71188      79 python3 
804900864 | 282288     74 python3 137788     73 rviz2 99076      67 joint_state_pub 76308      45 ros2 71188      79 python3 
805007360 | 282288     74 python3 137788     73 rviz2 99076      67 joint_state_pub 76308      45 ros2 71188      79 python3 
805048320 | 282288     74 python3 137788     73 rviz2 99076      67 joint_state_pub 76308      45 ros2 71188      79 python3 
804941824 | 282288     74 python3 137788     73 rviz2 99076      67 joint_state_pub 76308      45 ros2 71188      79 python3 
804937728 | 282288     74 python3 137788     73 rviz2 99076      67 joint_state_pub 76308      45 ros2 71188      79 python3 
804929536 | 282288     74 python3 137788     73 rviz2 99076      67 joint_state_pub 76308      45 ros2 71188      79 python3 
804925440 | 282288     74 python3 137788     73 rviz2 99076      67 joint_state_pub 76308      45 ros2 71188      79 python3 
804925440 | 282288     74 python3 137788     73 rviz2 99076      67 joint_state_pub 76308      45 ros2 71188      79 python3 
805163008 | 282288     74 python3 137788     73 rviz2 99076      67 joint_state_pub 76308      45 ros2 71188      79 python3 
805044224 | 282288     74 python3 137788     73 rviz2 99076      67 joint_state_pub 76308      45 ros2 71188      79 python3 
804777984 | 282288     74 python3 137788     73 rviz2 99076      67 joint_state_pub 76308      45 ros2 71188      79 python3 
804904960 | 282288     74 python3 137788     73 rviz2 99076      67 joint_state_pub 76308      45 ros2 71188      79 python3 
805163008 | 282288     74 python3 137788     73 rviz2 99076      67 joint_state_pub 76308      45 ros2 71188      79 python3 
804638720 | 282288     74 python3 137788     73 rviz2 99076      67 joint_state_pub 76308      45 ros2 71188      79 python3 
804900864 | 282288     74 python3 137788     73 rviz2 99076      67 joint_state_pub 76308      45 ros2 71188      79 python3 
805306368 | 282288     74 python3 137788     73 rviz2 99076      67 joint_state_pub 76308      45 ros2 71188      79 python3 
804900864 | 282288     74 python3 137788     73 rviz2 99076      67 joint_state_pub 76308      45 ros2 71188      79 python3 
805707776 | 282288     74 python3 137788     73 rviz2 99076      67 joint_state_pub 76308      45 ros2 71188      79 python3 
804904960 | 282288     74 python3 137788     73 rviz2 99076      67 joint_state_pub 76308      45 ros2 71188      79 python3 
804904960 | 282288     74 python3 137788     73 rviz2 99076      67 joint_state_pub 76308      45 ros2 71188      79 python3 
804909056 | 282288     74 python3 137788     73 rviz2 99076      67 joint_state_pub 76308      45 ros2 71188      79 python3 
804921344 | 282288     74 python3 137788     73 rviz2 99076      67 joint_state_pub 76308      45 ros2 71188      79 python3 
804909056 | 282288     74 python3 137788     73 rviz2 99076      67 joint_state_pub 76308      45 ros2 71188      79 python3 
804900864 | 282288     74 python3 137788     73 rviz2 99076      67 joint_state_pub 76308      45 ros2 71188      79 python3 
804913152 | 282288     74 python3 137788     73 rviz2 99076      67 joint_state_pub 76308      45 ros2 71188      79 python3 
805195776 | 282288     74 python3 137788     73 rviz2 99076      67 joint_state_pub 76308      45 ros2 71188      79 python3 
804655104 | 282288     74 python3 137788     73 rviz2 99076      67 joint_state_pub 76308      45 ros2 71188      79 python3 
805191680 | 282288     74 python3 137788     73 rviz2 99076      67 joint_state_pub 76308      45 ros2 71188      79 python3 
804651008 | 282288     74 python3 137788     73 rviz2 99076      67 joint_state_pub 76308      45 ros2 71188      79 python3 
804597760 | 282288     74 python3 137788     73 rviz2 99076      67 joint_state_pub 76308      45 ros2 71188      79 python3 
804618240 | 282288     74 python3 137788     73 rviz2 99076      67 joint_state_pub 76308      45 ros2 71188      79 python3 
804753408 | 282288     74 python3 137788     73 rviz2 99076      67 joint_state_pub 76308      45 ros2 71188      79 python3 
804909056 | 282288     74 python3 137788     73 rviz2 99076      67 joint_state_pub 76308      45 ros2 71188      79 python3 
804925440 | 282288     74 python3 137788     73 rviz2 99076      67 joint_state_pub 76308      45 ros2 71188      79 python3 
805171200 | 282288     74 python3 137788     73 rviz2 99076      67 joint_state_pub 76308      45 ros2 71188      79 python3 
804900864 | 282288     74 python3 137788     73 rviz2 99076      67 joint_state_pub 76308      45 ros2 71188      79 python3 
804642816 | 282288     74 python3 137788     73 rviz2 99076      67 joint_state_pub 76308      45 ros2 71188      79 python3 
804642816 | 282288     74 python3 137788     73 rviz2 99076      67 joint_state_pub 76308      45 ros2 71188      79 python3 
805171200 | 282288     74 python3 137788     73 rviz2 99076      67 joint_state_pub 76308      45 ros2 71188      79 python3 
804691968 | 282288     74 python3 137788     73 rviz2 99076      67 joint_state_pub 76308      45 ros2 71188      79 python3 
804614144 | 282288     74 python3 137788     73 rviz2 99076      67 joint_state_pub 76308      45 ros2 71188      79 python3 
804614144 | 282288     74 python3 137788     73 rviz2 99076      67 joint_state_pub 76308      45 ros2 71188      79 python3 
804904960 | 282288     74 python3 137788     73 rviz2 99076      67 joint_state_pub 76308      45 ros2 71188      79 python3 
804876288 | 282288     74 python3 137788     73 rviz2 99076      67 joint_state_pub 76308      45 ros2 71188      79 python3 
804646912 | 282288     74 python3 137788     73 rviz2 99076      67 joint_state_pub 76308      45 ros2 71188      79 python3 
804913152 | 282288     74 python3 137788     73 rviz2 99076      67 joint_state_pub 76308      45 ros2 71188      79 python3 
805171200 | 282288     74 python3 137788     73 rviz2 99076      67 joint_state_pub 76308      45 ros2 71188      79 python3 
804925440 | 282288     74 python3 137788     73 rviz2 99076      67 joint_state_pub 76308      45 ros2 71188      79 python3 
804917248 | 282288     74 python3 137788     73 rviz2 99076      67 joint_state_pub 76308      45 ros2 71188      79 python3 
804909056 | 282288     74 python3 137788     73 rviz2 99076      67 joint_state_pub 76308      45 ros2 71188      79 python3 
804782080 | 282288     74 python3 137788     73 rviz2 99076      67 joint_state_pub 76308      45 ros2 71188      79 python3 
805175296 | 282288     74 python3 137788     73 rviz2 99076      67 joint_state_pub 76308      45 ros2 71188      79 python3 
804691968 | 282288     74 python3 137788     73 rviz2 99076      67 joint_state_pub 76308      45 ros2 71188      79 python3 
804917248 | 282288     74 python3 137788     73 rviz2 99076      67 joint_state_pub 76308      45 ros2 71188      79 python3 
804651008 | 282288     74 python3 137788     73 rviz2 99076      67 joint_state_pub 76308      45 ros2 71188      79 python3 
804917248 | 282288     74 python3 137788     73 rviz2 99076      67 joint_state_pub 76308      45 ros2 71188      79 python3 
804659200 | 282288     74 python3 137788     73 rviz2 99076      67 joint_state_pub 76308      45 ros2 71188      79 python3 
805175296 | 282288     74 python3 137788     73 rviz2 99076      67 joint_state_pub 76308      45 ros2 71188      79 python3 
804675584 | 282288     74 python3 137788     73 rviz2 99076      67 joint_state_pub 76308      45 ros2 71188      79 python3 
804921344 | 282288     74 python3 137788     73 rviz2 99076      67 joint_state_pub 76308      45 ros2 71188      79 python3 
804921344 | 282288     74 python3 137788     73 rviz2 99076      67 joint_state_pub 76308      45 ros2 71188      79 python3 
804655104 | 282288     74 python3 137788     73 rviz2 99076      67 joint_state_pub 76308      45 ros2 71188      79 python3 
804913152 | 282288     74 python3 137788     73 rviz2 99076      67 joint_state_pub 76308      45 ros2 71188      79 python3 
804933632 | 282288     74 python3 137788     73 rviz2 99076      67 joint_state_pub 76308      45 ros2 71188      79 python3 
805068800 | 282288     74 python3 137788     73 rviz2 99076      67 joint_state_pub 76308      45 ros2 71188      79 python3 
804921344 | 282288     74 python3 137788     73 rviz2 99076      67 joint_state_pub 76308      45 ros2 71188      79 python3 
804671488 | 282288     74 python3 137788     73 rviz2 99076      67 joint_state_pub 76308      45 ros2 71188      79 python3 
804651008 | 282288     74 python3 137788     73 rviz2 99076      67 joint_state_pub 76308      45 ros2 71188      79 python3 
804687872 | 282288     74 python3 137788     73 rviz2 99076      67 joint_state_pub 76308      45 ros2 71188      79 python3 
805179392 | 282288     74 python3 137788     73 rviz2 99076      67 joint_state_pub 76308      45 ros2 71188      79 python3 
804917248 | 282288     74 python3 137788     73 rviz2 99076      67 joint_state_pub 76308      45 ros2 71188      79 python3 
804659200 | 282288     74 python3 137788     73 rviz2 99076      67 joint_state_pub 76308      45 ros2 71188      79 python3 
804921344 | 282288     74 python3 137788     73 rviz2 99076      67 joint_state_pub 76308      45 ros2 71188      79 python3 
804917248 | 282288     74 python3 137788     73 rviz2 99076      67 joint_state_pub 76308      45 ros2 71188      79 python3 
804917248 | 282288     74 python3 137788     73 rviz2 99076      67 joint_state_pub 76308      45 ros2 71188      79 python3 
804917248 | 282288     74 python3 137788     73 rviz2 99076      67 joint_state_pub 76308      45 ros2 71188      79 python3 
804663296 | 282288     74 python3 137788     73 rviz2 99076      67 joint_state_pub 76308      45 ros2 71188      79 python3 
804913152 | 282288     74 python3 137788     73 rviz2 99076      67 joint_state_pub 76308      45 ros2 71188      79 python3 
804921344 | 282288     74 python3 137788     73 rviz2 99076      67 joint_state_pub 76308      45 ros2 71188      79 python3 
805171200 | 282288     74 python3 137788     73 rviz2 99076      67 joint_state_pub 76308      45 ros2 71188      79 python3 
804945920 | 282288     74 python3 137788     73 rviz2 99076      67 joint_state_pub 76308      45 ros2 71188      79 python3 
805175296 | 282288     74 python3 137788     73 rviz2 99076      67 joint_state_pub 76308      45 ros2 71188      79 python3 
805175296 | 282288     74 python3 137788     73 rviz2 99076      67 joint_state_pub 76308      45 ros2 71188      79 python3 
804872192 | 282288     74 python3 137788     73 rviz2 99076      67 joint_state_pub 76308      45 ros2 71188      79 python3 
804921344 | 282288     74 python3 137788     73 rviz2 99076      67 joint_state_pub 76308      45 ros2 71188      79 python3 
804659200 | 282288     74 python3 137788     73 rviz2 99076      67 joint_state_pub 76308      45 ros2 71188      79 python3 
804691968 | 282288     74 python3 137788     73 rviz2 99076      67 joint_state_pub 76308      45 ros2 71188      79 python3 
804802560 | 282288     74 python3 137788     73 rviz2 99076      67 joint_state_pub 76308      45 ros2 71188      79 python3 
804921344 | 282288     74 python3 137788     73 rviz2 99076      67 joint_state_pub 76308      45 ros2 71188      79 python3 
804921344 | 282288     74 python3 137788     73 rviz2 99076      67 joint_state_pub 76308      45 ros2 71188      79 python3 
804884480 | 282288     74 python3 137788     73 rviz2 99076      67 joint_state_pub 76308      45 ros2 71188      79 python3 
804925440 | 282288     74 python3 137788     73 rviz2 99076      67 joint_state_pub 76308      45 ros2 71188      79 python3 
805179392 | 282288     74 python3 137788     73 rviz2 99076      67 joint_state_pub 76308      45 ros2 71188      79 python3 
804671488 | 282288     74 python3 137788     73 rviz2 99076      67 joint_state_pub 76308      45 ros2 71188      79 python3 
804765696 | 282288     74 python3 137788     73 rviz2 99076      67 joint_state_pub 76308      45 ros2 71188      79 python3 
804667392 | 282288     74 python3 137788     73 rviz2 99076      67 joint_state_pub 76308      45 ros2 71188      79 python3 
804810752 | 282288     74 python3 137788     73 rviz2 99076      67 joint_state_pub 76308      45 ros2 71188      79 python3 
804794368 | 282288     74 python3 137788     73 rviz2 99076      67 joint_state_pub 76308      45 ros2 71188      79 python3 
805470208 | 282288     74 python3 137788     73 rviz2 99076      67 joint_state_pub 76308      45 ros2 71188      79 python3 
804782080 | 282288     74 python3 137788     73 rviz2 99076      67 joint_state_pub 76308      45 ros2 71188      79 python3 
804638720 | 282288     74 python3 137788     73 rviz2 99076      67 joint_state_pub 76308      45 ros2 71188      79 python3 
804921344 | 282288     74 python3 137788     73 rviz2 99076      67 joint_state_pub 76308      45 ros2 71188      79 python3 
804925440 | 282288     74 python3 137788     73 rviz2 99076      67 joint_state_pub 76308      45 ros2 71188      79 python3 
804798464 | 282288     74 python3 137788     73 rviz2 99076      67 joint_state_pub 76308      45 ros2 71188      79 python3 
804945920 | 282288     74 python3 137788     73 rviz2 99076      67 joint_state_pub 76308      45 ros2 71188      79 python3 
804679680 | 282288     74 python3 137788     73 rviz2 99076      67 joint_state_pub 76308      45 ros2 71188      79 python3 
805236736 | 282288     74 python3 137788     73 rviz2 99076      67 joint_state_pub 76308      45 ros2 71188      79 python3 
804921344 | 282288     74 python3 137788     73 rviz2 99076      67 joint_state_pub 76308      45 ros2 71188      79 python3 
804888576 | 282288     74 python3 137788     73 rviz2 99076      67 joint_state_pub 76308      45 ros2 71188      79 python3 
804921344 | 282288     74 python3 137788     73 rviz2 99076      67 joint_state_pub 76308      45 ros2 71188      79 python3 
804663296 | 282288     74 python3 137788     73 rviz2 99076      67 joint_state_pub 76308      45 ros2 71188      79 python3 
805031936 | 282288     74 python3 137788     73 rviz2 99076      67 joint_state_pub 76308      45 ros2 71188      79 python3 
804540416 | 282288     74 python3 137788     73 rviz2 99076      67 joint_state_pub 76308      45 ros2 71188      79 python3 
804712448 | 282288     74 python3 137788     73 rviz2 99076      67 joint_state_pub 76308      45 ros2 71188      79 python3 
804933632 | 282288     74 python3 137788     73 rviz2 99076      67 joint_state_pub 76308      45 ros2 71188      79 python3 
804933632 | 282288     74 python3 137788     73 rviz2 99076      67 joint_state_pub 76308      45 ros2 71188      79 python3 
804929536 | 282288     74 python3 137788     73 rviz2 99076      67 joint_state_pub 76308      45 ros2 71188      79 python3 
805191680 | 282288     74 python3 137788     73 rviz2 99076      67 joint_state_pub 76308      45 ros2 71188      79 python3 
804806656 | 282288     74 python3 137788     73 rviz2 99076      67 joint_state_pub 76308      45 ros2 71188      79 python3 
807587840 | 282288     74 python3 139472     73 rviz2 99076      67 joint_state_pub 76308      45 ros2 71188      79 python3 
807587840 | 282288     74 python3 139472     73 rviz2 99076      67 joint_state_pub 76308      45 ros2 71188      79 python3 
807469056 | 282288     74 python3 139472     73 rviz2 99076      67 joint_state_pub 76308      45 ros2 71188      79 python3 
807591936 | 282288     74 python3 139472     73 rviz2 99076      67 joint_state_pub 76308      45 ros2 71188      79 python3 
808124416 | 282288     74 python3 139472     73 rviz2 99076      67 joint_state_pub 76308      45 ros2 71188      79 python3 
807481344 | 282288     74 python3 139472     73 rviz2 99076      67 joint_state_pub 76308      45 ros2 71188      79 python3 
807460864 | 282288     74 python3 139472     73 rviz2 99076      67 joint_state_pub 76308      45 ros2 71188      79 python3 
807849984 | 282288     74 python3 139472     73 rviz2 99076      67 joint_state_pub 76308      45 ros2 71188      79 python3 
807895040 | 282288     74 python3 139472     73 rviz2 99076      67 joint_state_pub 76308      45 ros2 71188      79 python3 
807600128 | 282288     74 python3 139472     73 rviz2 99076      67 joint_state_pub 76308      45 ros2 71188      79 python3 
807604224 | 282288     74 python3 139472     73 rviz2 99076      67 joint_state_pub 76308      45 ros2 71188      79 python3 
807600128 | 282288     74 python3 139472     73 rviz2 99076      67 joint_state_pub 76308      45 ros2 71188      79 python3 
807350272 | 282288     74 python3 139472     73 rviz2 99076      67 joint_state_pub 76308      45 ros2 71188      79 python3 
807337984 | 282288     74 python3 139472     73 rviz2 99076      67 joint_state_pub 76308      45 ros2 71188      79 python3 
807489536 | 282288     74 python3 139472     73 rviz2 99076      67 joint_state_pub 76308      45 ros2 71188      79 python3 
807632896 | 282288     74 python3 139472     73 rviz2 99076      67 joint_state_pub 76308      45 ros2 71188      79 python3 
807858176 | 282288     74 python3 139472     73 rviz2 99076      67 joint_state_pub 76308      45 ros2 71188      79 python3 
807858176 | 282288     74 python3 139472     73 rviz2 99076      67 joint_state_pub 76308      45 ros2 71188      79 python3 
807436288 | 282288     74 python3 139472     73 rviz2 99076      67 joint_state_pub 76308      45 ros2 71188      79 python3 
807587840 | 282288     74 python3 139472     73 rviz2 99076      67 joint_state_pub 76308      45 ros2 71188      79 python3 
807591936 | 282288     74 python3 139472     73 rviz2 99076      67 joint_state_pub 76308      45 ros2 71188      79 python3 
807337984 | 282288     74 python3 139472     73 rviz2 99076      67 joint_state_pub 76308      45 ros2 71188      79 python3 
807206912 | 282288     74 python3 139472     73 rviz2 99076      67 joint_state_pub 76308      45 ros2 71188      79 python3 
807596032 | 282288     74 python3 139472     73 rviz2 99076      67 joint_state_pub 76308      45 ros2 71188      79 python3 
807641088 | 282288     74 python3 139472     73 rviz2 99076      67 joint_state_pub 76308      45 ros2 71188      79 python3 
807297024 | 282288     74 python3 139472     73 rviz2 99076      67 joint_state_pub 76308      45 ros2 71188      79 python3 
807591936 | 282288     74 python3 139472     73 rviz2 99076      67 joint_state_pub 76308      45 ros2 71188      79 python3 
807333888 | 282288     74 python3 139472     73 rviz2 99076      67 joint_state_pub 76308      45 ros2 71188      79 python3 
807591936 | 282288     74 python3 139472     73 rviz2 99076      67 joint_state_pub 76308      45 ros2 71188      79 python3 
807342080 | 282288     74 python3 139472     73 rviz2 99076      67 joint_state_pub 76308      45 ros2 71188      79 python3 
807342080 | 282288     74 python3 139472     73 rviz2 99076      67 joint_state_pub 76308      45 ros2 71188      79 python3 
807333888 | 282288     74 python3 139472     73 rviz2 99076      67 joint_state_pub 76308      45 ros2 71188      79 python3 
807604224 | 282288     74 python3 139472     73 rviz2 99076      67 joint_state_pub 76308      45 ros2 71188      79 python3 
807604224 | 282288     74 python3 139472     73 rviz2 99076      67 joint_state_pub 76308      45 ros2 71188      79 python3 
807337984 | 282288     74 python3 139472     73 rviz2 99076      67 joint_state_pub 76308      45 ros2 71188      79 python3 
807866368 | 282288     74 python3 139472     73 rviz2 99076      67 joint_state_pub 76308      45 ros2 71188      79 python3 
807653376 | 282288     74 python3 139472     73 rviz2 99076      67 joint_state_pub 76308      45 ros2 71188      79 python3 
807432192 | 282288     74 python3 139500     73 rviz2 99076      67 joint_state_pub 76308      45 ros2 71188      79 python3 
807661568 | 282288     74 python3 139500     73 rviz2 99076      67 joint_state_pub 76308      45 ros2 71188      79 python3 
808218624 | 282288     74 python3 139500     73 rviz2 99076      67 joint_state_pub 76308      45 ros2 71188      79 python3 
807694336 | 282288     74 python3 139500     73 rviz2 99076      67 joint_state_pub 76308      45 ros2 71188      79 python3 
807436288 | 282288     74 python3 139500     73 rviz2 99076      67 joint_state_pub 76308      45 ros2 71188      79 python3 
808022016 | 282288     74 python3 139560     73 rviz2 99076      67 joint_state_pub 76308      45 ros2 71188      79 python3 
807538688 | 282288     74 python3 139560     73 rviz2 99076      67 joint_state_pub 76308      45 ros2 71188      79 python3 
807804928 | 282288     74 python3 139560     73 rviz2 99076      67 joint_state_pub 76308      45 ros2 71188      79 python3 
807804928 | 282288     74 python3 139560     73 rviz2 99076      67 joint_state_pub 76308      45 ros2 71188      79 python3 
808087552 | 282288     74 python3 139560     73 rviz2 99076      67 joint_state_pub 76308      45 ros2 71188      79 python3 
808062976 | 282288     74 python3 139560     73 rviz2 99076      67 joint_state_pub 76308      45 ros2 71188      79 python3 
807800832 | 282288     74 python3 139560     73 rviz2 99076      67 joint_state_pub 76308      45 ros2 71188      79 python3 
807804928 | 282288     74 python3 139560     73 rviz2 99076      67 joint_state_pub 76308      45 ros2 71188      79 python3 
807931904 | 282288     74 python3 139560     73 rviz2 99076      67 joint_state_pub 76308      45 ros2 71188      79 python3 
807800832 | 282288     74 python3 139560     73 rviz2 99076      67 joint_state_pub 76308      45 ros2 71188      79 python3 
807804928 | 282288     74 python3 139560     73 rviz2 99076      67 joint_state_pub 76308      45 ros2 71188      79 python3 
808079360 | 282288     74 python3 139560     73 rviz2 99076      67 joint_state_pub 76308      45 ros2 71188      79 python3 
807784448 | 282288     74 python3 139560     73 rviz2 99076      67 joint_state_pub 76308      45 ros2 71188      79 python3 
807800832 | 282288     74 python3 139560     73 rviz2 99076      67 joint_state_pub 76308      45 ros2 71188      79 python3 
808026112 | 282288     74 python3 139560     73 rviz2 99076      67 joint_state_pub 76308      45 ros2 71188      79 python3 
807772160 | 282288     74 python3 139560     73 rviz2 99076      67 joint_state_pub 76308      45 ros2 71188      79 python3 
807903232 | 282288     74 python3 139560     73 rviz2 99076      67 joint_state_pub 76308      45 ros2 71188      79 python3 
807804928 | 282288     74 python3 139560     73 rviz2 99076      67 joint_state_pub 76308      45 ros2 71188      79 python3 
807800832 | 282288     74 python3 139560     73 rviz2 99076      67 joint_state_pub 76308      45 ros2 71188      79 python3 
808091648 | 282288     74 python3 139560     73 rviz2 99076      67 joint_state_pub 76308      45 ros2 71188      79 python3 
807776256 | 282288     74 python3 139560     73 rviz2 99076      67 joint_state_pub 76308      45 ros2 71188      79 python3 
807809024 | 282288     74 python3 139560     73 rviz2 99076      67 joint_state_pub 76308      45 ros2 71188      79 python3 
808075264 | 282288     74 python3 139560     73 rviz2 99076      67 joint_state_pub 76308      45 ros2 71188      79 python3 
807546880 | 282288     74 python3 139560     73 rviz2 99076      67 joint_state_pub 76308      45 ros2 71188      79 python3 
807809024 | 282288     74 python3 139560     73 rviz2 99076      67 joint_state_pub 76308      45 ros2 71188      79 python3 
807559168 | 282288     74 python3 139560     73 rviz2 99076      67 joint_state_pub 76308      45 ros2 71188      79 python3 
808345600 | 282288     74 python3 139560     73 rviz2 99076      67 joint_state_pub 76308      45 ros2 71188      79 python3 
807698432 | 282288     74 python3 139560     73 rviz2 99076      67 joint_state_pub 76308      45 ros2 71188      79 python3 
807608320 | 282288     74 python3 139560     73 rviz2 99076      67 joint_state_pub 76308      45 ros2 71188      79 python3 
807813120 | 282288     74 python3 139560     73 rviz2 99076      67 joint_state_pub 76308      45 ros2 71188      79 python3 
808079360 | 282288     74 python3 139560     73 rviz2 99076      67 joint_state_pub 76308      45 ros2 71188      79 python3 
807550976 | 282288     74 python3 139560     73 rviz2 99076      67 joint_state_pub 76308      45 ros2 71188      79 python3 
807821312 | 282288     74 python3 139560     73 rviz2 99076      67 joint_state_pub 76308      45 ros2 71188      79 python3 
807813120 | 282288     74 python3 139560     73 rviz2 99076      67 joint_state_pub 76308      45 ros2 71188      79 python3 
807829504 | 282288     74 python3 139560     73 rviz2 99076      67 joint_state_pub 76308      45 ros2 71188      79 python3 
807567360 | 282288     74 python3 139560     73 rviz2 99076      67 joint_state_pub 76308      45 ros2 71188      79 python3 
807825408 | 282288     74 python3 139560     73 rviz2 99076      67 joint_state_pub 76308      45 ros2 71188      79 python3 
807817216 | 282288     74 python3 139560     73 rviz2 99076      67 joint_state_pub 76308      45 ros2 71188      79 python3 
808075264 | 282288     74 python3 139560     73 rviz2 99076      67 joint_state_pub 76308      45 ros2 71188      79 python3 
808124416 | 282288     74 python3 139560     73 rviz2 99076      67 joint_state_pub 76308      45 ros2 71188      79 python3 
807809024 | 282288     74 python3 139560     73 rviz2 99076      67 joint_state_pub 76308      45 ros2 71188      79 python3 
808091648 | 282288     74 python3 139560     73 rviz2 99076      67 joint_state_pub 76308      45 ros2 71188      79 python3 
807788544 | 282288     74 python3 139560     73 rviz2 99076      67 joint_state_pub 76308      45 ros2 71188      79 python3 
807669760 | 282288     74 python3 139560     73 rviz2 99076      67 joint_state_pub 76308      45 ros2 71188      79 python3 
807686144 | 282288     74 python3 139560     73 rviz2 99076      67 joint_state_pub 76308      45 ros2 71188      79 python3 
808075264 | 282288     74 python3 139560     73 rviz2 99076      67 joint_state_pub 76308      45 ros2 71188      79 python3 
807690240 | 282288     74 python3 139560     73 rviz2 99076      67 joint_state_pub 76308      45 ros2 71188      79 python3 
807845888 | 282288     74 python3 139560     73 rviz2 99076      67 joint_state_pub 76308      45 ros2 71188      79 python3 
808071168 | 282288     74 python3 139560     73 rviz2 99076      67 joint_state_pub 76308      45 ros2 71188      79 python3 
807546880 | 282288     74 python3 139560     73 rviz2 99076      67 joint_state_pub 76308      45 ros2 71188      79 python3 
807829504 | 282288     74 python3 139560     73 rviz2 99076      67 joint_state_pub 76308      45 ros2 71188      79 python3 
807858176 | 282288     74 python3 139560     73 rviz2 99076      67 joint_state_pub 76308      45 ros2 71188      79 python3 
807919616 | 282288     74 python3 139560     73 rviz2 99076      67 joint_state_pub 76308      45 ros2 71188      79 python3 
807817216 | 282288     74 python3 139560     73 rviz2 99076      67 joint_state_pub 76308      45 ros2 71188      79 python3 
808042496 | 282288     74 python3 139560     73 rviz2 99076      67 joint_state_pub 76308      45 ros2 71188      79 python3 
807952384 | 282288     74 python3 139560     73 rviz2 99076      67 joint_state_pub 76308      45 ros2 71188      79 python3 
807837696 | 282288     74 python3 139560     73 rviz2 99076      67 joint_state_pub 76308      45 ros2 71188      79 python3 
807841792 | 282288     74 python3 139560     73 rviz2 99076      67 joint_state_pub 76308      45 ros2 71188      79 python3 
807829504 | 282288     74 python3 139560     73 rviz2 99076      67 joint_state_pub 76308      45 ros2 71188      79 python3 
807989248 | 282288     74 python3 139560     73 rviz2 99076      67 joint_state_pub 76308      45 ros2 71188      79 python3 
808001536 | 282288     74 python3 139560     73 rviz2 99076      67 joint_state_pub 76308      45 ros2 71188      79 python3 
807706624 | 282288     74 python3 139560     73 rviz2 99076      67 joint_state_pub 76308      45 ros2 71188      79 python3 
808075264 | 282288     74 python3 139560     73 rviz2 99076      67 joint_state_pub 76308      45 ros2 71188      79 python3 
807817216 | 282288     74 python3 139560     73 rviz2 99076      67 joint_state_pub 76308      45 ros2 71188      79 python3 
807821312 | 282288     74 python3 139560     73 rviz2 99076      67 joint_state_pub 76308      45 ros2 71188      79 python3 
807559168 | 282288     74 python3 139560     73 rviz2 99076      67 joint_state_pub 76308      45 ros2 71188      79 python3 
807899136 | 282288     74 python3 139560     73 rviz2 99076      67 joint_state_pub 76308      45 ros2 71188      79 python3 
807817216 | 282288     74 python3 139560     73 rviz2 99076      67 joint_state_pub 76308      45 ros2 71188      79 python3 
807690240 | 282288     74 python3 139560     73 rviz2 99076      67 joint_state_pub 76308      45 ros2 71188      79 python3 
807899136 | 282288     74 python3 139560     73 rviz2 99076      67 joint_state_pub 76308      45 ros2 71188      79 python3 
807899136 | 282288     74 python3 139560     73 rviz2 99076      67 joint_state_pub 76308      45 ros2 71188      79 python3 
808099840 | 282288     74 python3 139560     73 rviz2 99076      67 joint_state_pub 76308      45 ros2 71188      79 python3 
807829504 | 282288     74 python3 139560     73 rviz2 99076      67 joint_state_pub 76308      45 ros2 71188      79 python3 
808091648 | 282288     74 python3 139560     73 rviz2 99076      67 joint_state_pub 76308      45 ros2 71188      79 python3 
807833600 | 282288     74 python3 139560     73 rviz2 99076      67 joint_state_pub 76308      45 ros2 71188      79 python3 
807858176 | 282288     74 python3 139560     73 rviz2 99076      67 joint_state_pub 76308      45 ros2 71188      79 python3 
807788544 | 282288     74 python3 139560     73 rviz2 99076      67 joint_state_pub 76308      45 ros2 71188      79 python3 
807817216 | 282288     74 python3 139560     73 rviz2 99076      67 joint_state_pub 76308      45 ros2 71188      79 python3 
807817216 | 282288     74 python3 139560     73 rviz2 99076      67 joint_state_pub 76308      45 ros2 71188      79 python3 
808083456 | 282288     74 python3 139560     73 rviz2 99076      67 joint_state_pub 76308      45 ros2 71188      79 python3 
808083456 | 282288     74 python3 139560     73 rviz2 99076      67 joint_state_pub 76308      45 ros2 71188      79 python3 
807833600 | 282288     74 python3 139560     73 rviz2 99076      67 joint_state_pub 76308      45 ros2 71188      79 python3 
807817216 | 282288     74 python3 139560     73 rviz2 99076      67 joint_state_pub 76308      45 ros2 71188      79 python3 
807825408 | 282288     74 python3 139560     73 rviz2 99076      67 joint_state_pub 76308      45 ros2 71188      79 python3 
808005632 | 282288     74 python3 139560     73 rviz2 99076      67 joint_state_pub 76308      45 ros2 71188      79 python3 
807608320 | 282288     74 python3 139560     73 rviz2 99076      67 joint_state_pub 76308      45 ros2 71188      79 python3 
807825408 | 282288     74 python3 139560     73 rviz2 99076      67 joint_state_pub 76308      45 ros2 71188      79 python3 
808087552 | 282288     74 python3 139560     73 rviz2 99076      67 joint_state_pub 76308      45 ros2 71188      79 python3 
807833600 | 282288     74 python3 139560     73 rviz2 99076      67 joint_state_pub 76308      45 ros2 71188      79 python3 
808108032 | 282288     74 python3 139560     73 rviz2 99076      67 joint_state_pub 76308      45 ros2 71188      79 python3 
807829504 | 282288     74 python3 139560     73 rviz2 99076      67 joint_state_pub 76308      45 ros2 71188      79 python3 
807821312 | 282288     74 python3 139560     73 rviz2 99076      67 joint_state_pub 76308      45 ros2 71188      79 python3 
808079360 | 282288     74 python3 139560     73 rviz2 99076      67 joint_state_pub 76308      45 ros2 71188      79 python3 
808083456 | 282288     74 python3 139560     73 rviz2 99076      67 joint_state_pub 76308      45 ros2 71188      79 python3 
808091648 | 282288     74 python3 139560     73 rviz2 99076      67 joint_state_pub 76308      45 ros2 71188      79 python3 
808054784 | 282288     74 python3 139560     73 rviz2 99076      67 joint_state_pub 76308      45 ros2 71188      79 python3 
807563264 | 282288     74 python3 139560     73 rviz2 99076      67 joint_state_pub 76308      45 ros2 71188      79 python3 
807653376 | 282288     74 python3 139560     73 rviz2 99076      67 joint_state_pub 76308      45 ros2 71188      79 python3 
807825408 | 282288     74 python3 139560     73 rviz2 99076      67 joint_state_pub 76308      45 ros2 71188      79 python3 
807817216 | 282288     74 python3 139560     73 rviz2 99076      67 joint_state_pub 76308      45 ros2 71188      79 python3 
807956480 | 282288     74 python3 139560     73 rviz2 99076      67 joint_state_pub 76308      45 ros2 71188      79 python3 
807489536 | 282288     74 python3 139560     73 rviz2 99076      67 joint_state_pub 76308      45 ros2 71188      79 python3 
808083456 | 282288     74 python3 139560     73 rviz2 99076      67 joint_state_pub 76308      45 ros2 71188      79 python3 
807571456 | 282288     74 python3 139560     73 rviz2 99076      67 joint_state_pub 76308      45 ros2 71188      79 python3 
807792640 | 282288     74 python3 139560     73 rviz2 99076      67 joint_state_pub 76308      45 ros2 71188      79 python3 
807788544 | 282288     74 python3 139560     73 rviz2 99076      67 joint_state_pub 76308      45 ros2 71188      79 python3 
808198144 | 282288     74 python3 139560     73 rviz2 99076      67 joint_state_pub 76308      45 ros2 71188      79 python3 
807825408 | 282288     74 python3 139560     73 rviz2 99076      67 joint_state_pub 76308      45 ros2 71188      79 python3 
807825408 | 282288     74 python3 139560     73 rviz2 99076      67 joint_state_pub 76308      45 ros2 71188      79 python3 
808087552 | 282288     74 python3 139560     73 rviz2 99076      67 joint_state_pub 76308      45 ros2 71188      79 python3 
807890944 | 282288     74 python3 139560     73 rviz2 99076      67 joint_state_pub 76308      45 ros2 71188      79 python3 
808103936 | 282288     74 python3 139560     73 rviz2 99076      67 joint_state_pub 76308      45 ros2 71188      79 python3 
807718912 | 282288     74 python3 139560     73 rviz2 99076      67 joint_state_pub 76308      45 ros2 71188      79 python3 
807460864 | 282288     74 python3 139560     73 rviz2 99076      67 joint_state_pub 76308      45 ros2 71188      79 python3 
807829504 | 282288     74 python3 139560     73 rviz2 99076      67 joint_state_pub 76308      45 ros2 71188      79 python3 
807673856 | 282288     74 python3 139560     73 rviz2 99076      67 joint_state_pub 76308      45 ros2 71188      79 python3 
808214528 | 282288     74 python3 139560     73 rviz2 99076      67 joint_state_pub 76308      45 ros2 71188      79 python3 
807710720 | 282288     74 python3 139560     73 rviz2 99076      67 joint_state_pub 76308      45 ros2 71188      79 python3 
807833600 | 282288     74 python3 139560     73 rviz2 99076      67 joint_state_pub 76308      45 ros2 71188      79 python3 
807833600 | 282288     74 python3 139560     73 rviz2 99076      67 joint_state_pub 76308      45 ros2 71188      79 python3 
807837696 | 282288     74 python3 139560     73 rviz2 99076      67 joint_state_pub 76308      45 ros2 71188      79 python3 
808165376 | 282288     74 python3 139560     73 rviz2 99076      67 joint_state_pub 76308      45 ros2 71188      79 python3 
807886848 | 282288     74 python3 139560     73 rviz2 99076      67 joint_state_pub 76308      45 ros2 71188      79 python3 
807968768 | 282288     74 python3 139560     73 rviz2 99076      67 joint_state_pub 76308      45 ros2 71188      79 python3 
807444480 | 282288     74 python3 139560     73 rviz2 99076      67 joint_state_pub 76308      45 ros2 71188      79 python3 
807575552 | 282288     74 python3 139560     73 rviz2 99076      67 joint_state_pub 76308      45 ros2 71188      79 python3 
807833600 | 282288     74 python3 139560     73 rviz2 99076      67 joint_state_pub 76308      45 ros2 71188      79 python3 
807862272 | 282288     74 python3 139560     73 rviz2 99076      67 joint_state_pub 76308      45 ros2 71188      79 python3 
808394752 | 282288     74 python3 139560     73 rviz2 99076      67 joint_state_pub 76308      45 ros2 71188      79 python3 
808001536 | 282288     74 python3 139560     73 rviz2 99076      67 joint_state_pub 76308      45 ros2 71188      79 python3 
807837696 | 282288     74 python3 139560     73 rviz2 99076      67 joint_state_pub 76308      45 ros2 71188      79 python3 
808075264 | 282288     74 python3 139560     73 rviz2 99076      67 joint_state_pub 76308      45 ros2 71188      79 python3 
807878656 | 282288     74 python3 139560     73 rviz2 99076      67 joint_state_pub 76308      45 ros2 71188      79 python3 
808374272 | 282288     74 python3 139560     73 rviz2 99076      67 joint_state_pub 76308      45 ros2 71188      79 python3 
807837696 | 282288     74 python3 139560     73 rviz2 99076      67 joint_state_pub 76308      45 ros2 71188      79 python3 
807837696 | 282288     74 python3 139560     73 rviz2 99076      67 joint_state_pub 76308      45 ros2 71188      79 python3 
807833600 | 282288     74 python3 139560     73 rviz2 99076      67 joint_state_pub 76308      45 ros2 71188      79 python3 
808120320 | 282288     74 python3 139560     73 rviz2 99076      67 joint_state_pub 76308      45 ros2 71188      79 python3 
807993344 | 282288     74 python3 139560     73 rviz2 99076      67 joint_state_pub 76308      45 ros2 71188      79 python3 
808108032 | 282288     74 python3 139560     73 rviz2 99076      67 joint_state_pub 76308      45 ros2 71188      79 python3 
808128512 | 282288     74 python3 139560     73 rviz2 99076      67 joint_state_pub 76308      45 ros2 71188      79 python3 
807972864 | 282288     74 python3 139560     73 rviz2 99076      67 joint_state_pub 76308      45 ros2 71188      79 python3 
807841792 | 282288     74 python3 139560     73 rviz2 99076      67 joint_state_pub 76308      45 ros2 71188      79 python3 
807944192 | 282288     74 python3 139560     73 rviz2 99076      67 joint_state_pub 76308      45 ros2 71188      79 python3 
808099840 | 282288     74 python3 139560     73 rviz2 99076      67 joint_state_pub 76308      45 ros2 71188      79 python3 
808116224 | 282288     74 python3 139560     73 rviz2 99076      67 joint_state_pub 76308      45 ros2 71188      79 python3 
807956480 | 282288     74 python3 139560     73 rviz2 99076      67 joint_state_pub 76308      45 ros2 71188      79 python3 
807895040 | 282288     74 python3 139560     73 rviz2 99076      67 joint_state_pub 76308      45 ros2 71188      79 python3 
807575552 | 282288     74 python3 139560     73 rviz2 99076      67 joint_state_pub 76308      45 ros2 71188      79 python3 
807874560 | 282288     74 python3 139560     73 rviz2 99076      67 joint_state_pub 76308      45 ros2 71188      79 python3 
808357888 | 282288     74 python3 139560     73 rviz2 99076      67 joint_state_pub 76308      45 ros2 71188      79 python3 
807813120 | 282288     74 python3 139560     73 rviz2 99076      67 joint_state_pub 76308      45 ros2 71188      79 python3 
807587840 | 282288     74 python3 139560     73 rviz2 99076      67 joint_state_pub 76308      45 ros2 71188      79 python3 
807591936 | 282288     74 python3 139560     73 rviz2 99076      67 joint_state_pub 76308      45 ros2 71188      79 python3 
807845888 | 282288     74 python3 139560     73 rviz2 99076      67 joint_state_pub 76308      45 ros2 71188      79 python3 
807755776 | 282288     74 python3 139560     73 rviz2 99076      67 joint_state_pub 76308      45 ros2 71188      79 python3 
807809024 | 282288     74 python3 139560     73 rviz2 99076      67 joint_state_pub 76308      45 ros2 71188      79 python3 
808366080 | 282288     74 python3 139560     73 rviz2 99076      67 joint_state_pub 76308      45 ros2 71188      79 python3 
807845888 | 282288     74 python3 139560     73 rviz2 99076      67 joint_state_pub 76308      45 ros2 71188      79 python3 
807587840 | 282288     74 python3 139560     73 rviz2 99076      67 joint_state_pub 76308      45 ros2 71188      79 python3 
807727104 | 282288     74 python3 139560     73 rviz2 99076      67 joint_state_pub 76308      45 ros2 71188      79 python3 
807723008 | 282288     74 python3 139560     73 rviz2 99076      67 joint_state_pub 76308      45 ros2 71188      79 python3 
807845888 | 282288     74 python3 139560     73 rviz2 99076      67 joint_state_pub 76308      45 ros2 71188      79 python3 
808370176 | 282288     74 python3 139560     73 rviz2 99076      67 joint_state_pub 76308      45 ros2 71188      79 python3 
807845888 | 282288     74 python3 139560     73 rviz2 99076      67 joint_state_pub 76308      45 ros2 71188      79 python3 
808112128 | 282288     74 python3 139560     73 rviz2 99076      67 joint_state_pub 76308      45 ros2 71188      79 python3 
808103936 | 282288     74 python3 139560     73 rviz2 99076      67 joint_state_pub 76308      45 ros2 71188      79 python3 
807845888 | 282288     74 python3 139560     73 rviz2 99076      67 joint_state_pub 76308      45 ros2 71188      79 python3 
807845888 | 282288     74 python3 139560     73 rviz2 99076      67 joint_state_pub 76308      45 ros2 71188      79 python3 
808370176 | 282288     74 python3 139560     73 rviz2 99076      67 joint_state_pub 76308      45 ros2 71188      79 python3 
807845888 | 282288     74 python3 139560     73 rviz2 99076      67 joint_state_pub 76308      45 ros2 71188      79 python3 
808124416 | 282288     74 python3 139560     73 rviz2 99076      67 joint_state_pub 76308      45 ros2 71188      79 python3 
808185856 | 282288     74 python3 139560     73 rviz2 99076      67 joint_state_pub 76308      45 ros2 71188      79 python3 
807600128 | 282288     74 python3 139560     73 rviz2 99076      67 joint_state_pub 76308      45 ros2 71188      79 python3 
807862272 | 282288     74 python3 139560     73 rviz2 99076      67 joint_state_pub 76308      45 ros2 71188      79 python3 
807776256 | 282288     74 python3 139560     73 rviz2 99076      67 joint_state_pub 76308      45 ros2 71188      79 python3 
807583744 | 282288     74 python3 139560     73 rviz2 99076      67 joint_state_pub 76308      45 ros2 71188      79 python3 
807821312 | 282288     74 python3 139560     73 rviz2 99076      67 joint_state_pub 76308      45 ros2 71188      79 python3 
807972864 | 282288     74 python3 139560     73 rviz2 99076      67 joint_state_pub 76308      45 ros2 71188      79 python3 
808325120 | 282288     74 python3 139560     73 rviz2 99076      67 joint_state_pub 76308      45 ros2 71188      79 python3 
808153088 | 282288     74 python3 139560     73 rviz2 99076      67 joint_state_pub 76308      45 ros2 71188      79 python3 
808075264 | 282288     74 python3 139560     73 rviz2 99076      67 joint_state_pub 76308      45 ros2 71188      79 python3 
807849984 | 282288     74 python3 139560     73 rviz2 99076      67 joint_state_pub 76308      45 ros2 71188      79 python3 
807849984 | 282288     74 python3 139560     73 rviz2 99076      67 joint_state_pub 76308      45 ros2 71188      79 python3 
807890944 | 282288     74 python3 139560     73 rviz2 99076      67 joint_state_pub 76308      45 ros2 71188      79 python3 
807849984 | 282288     74 python3 139560     73 rviz2 99076      67 joint_state_pub 76308      45 ros2 71188      79 python3 
807845888 | 282288     74 python3 139560     73 rviz2 99076      67 joint_state_pub 76308      45 ros2 71188      79 python3 
807866368 | 282288     74 python3 139560     73 rviz2 99076      67 joint_state_pub 76308      45 ros2 71188      79 python3 
807591936 | 282288     74 python3 139560     73 rviz2 99076      67 joint_state_pub 76308      45 ros2 71188      79 python3 
808005632 | 282288     74 python3 139560     73 rviz2 99076      67 joint_state_pub 76308      45 ros2 71188      79 python3 
807862272 | 282288     74 python3 139560     73 rviz2 99076      67 joint_state_pub 76308      45 ros2 71188      79 python3 
808226816 | 282288     74 python3 139560     73 rviz2 99076      67 joint_state_pub 76308      45 ros2 71188      79 python3 
807854080 | 282288     74 python3 139560     73 rviz2 99076      67 joint_state_pub 76308      45 ros2 71188      79 python3 
807817216 | 282288     74 python3 139560     73 rviz2 99076      67 joint_state_pub 76308      45 ros2 71188      79 python3 
808296448 | 282288     74 python3 139560     73 rviz2 99076      67 joint_state_pub 76308      45 ros2 71188      79 python3 
808116224 | 282288     74 python3 139560     73 rviz2 99076      67 joint_state_pub 76308      45 ros2 71188      79 python3 
807976960 | 282288     74 python3 139560     73 rviz2 99076      67 joint_state_pub 76308      45 ros2 71188      79 python3 
807854080 | 282288     74 python3 139560     73 rviz2 99076      67 joint_state_pub 76308      45 ros2 71188      79 python3 
807858176 | 282288     74 python3 139560     73 rviz2 99076      67 joint_state_pub 76308      45 ros2 71188      79 python3 
807596032 | 282288     74 python3 139560     73 rviz2 99076      67 joint_state_pub 76308      45 ros2 71188      79 python3 
807731200 | 282288     74 python3 139560     73 rviz2 99076      67 joint_state_pub 76308      45 ros2 71188      79 python3 
807731200 | 282288     74 python3 139560     73 rviz2 99076      67 joint_state_pub 76308      45 ros2 71188      79 python3 
807858176 | 282288     74 python3 139560     73 rviz2 99076      67 joint_state_pub 76308      45 ros2 71188      79 python3 
808132608 | 282288     74 python3 139560     73 rviz2 99076      67 joint_state_pub 76308      45 ros2 71188      79 python3 
807858176 | 282288     74 python3 139560     73 rviz2 99076      67 joint_state_pub 76308      45 ros2 71188      79 python3 
807596032 | 282288     74 python3 139560     73 rviz2 99076      67 joint_state_pub 76308      45 ros2 71188      79 python3 
808120320 | 282288     74 python3 139560     73 rviz2 99076      67 joint_state_pub 76308      45 ros2 71188      79 python3 
808120320 | 282288     74 python3 139560     73 rviz2 99076      67 joint_state_pub 76308      45 ros2 71188      79 python3 
807858176 | 282288     74 python3 139560     73 rviz2 99076      67 joint_state_pub 76308      45 ros2 71188      79 python3 
807866368 | 282288     74 python3 139560     73 rviz2 99076      67 joint_state_pub 76308      45 ros2 71188      79 python3 
807878656 | 282288     74 python3 139560     73 rviz2 99076      67 joint_state_pub 76308      45 ros2 71188      79 python3 
807456768 | 282288     74 python3 139560     73 rviz2 99076      67 joint_state_pub 76308      45 ros2 71188      79 python3 
807600128 | 282288     74 python3 139560     73 rviz2 99076      67 joint_state_pub 76308      45 ros2 71188      79 python3 
807612416 | 282288     74 python3 139560     73 rviz2 99076      67 joint_state_pub 76308      45 ros2 71188      79 python3 
807829504 | 282288     74 python3 139560     73 rviz2 99076      67 joint_state_pub 76308      45 ros2 71188      79 python3 
807866368 | 282288     74 python3 139560     73 rviz2 99076      67 joint_state_pub 76308      45 ros2 71188      79 python3 
808337408 | 282288     74 python3 139560     73 rviz2 99076      67 joint_state_pub 76308      45 ros2 71188      79 python3 
807927808 | 282288     74 python3 139560     73 rviz2 99076      67 joint_state_pub 76308      45 ros2 71188      79 python3 
808398848 | 282288     74 python3 139560     73 rviz2 99076      67 joint_state_pub 76308      45 ros2 71188      79 python3 
807608320 | 282288     74 python3 139560     73 rviz2 99076      67 joint_state_pub 76308      45 ros2 71188      79 python3 
808136704 | 282288     74 python3 139560     73 rviz2 99076      67 joint_state_pub 76308      45 ros2 71188      79 python3 
808116224 | 282288     74 python3 139560     73 rviz2 99076      67 joint_state_pub 76308      45 ros2 71188      79 python3 
807862272 | 282288     74 python3 139560     73 rviz2 99076      67 joint_state_pub 76308      45 ros2 71188      79 python3 
808124416 | 282288     74 python3 139560     73 rviz2 99076      67 joint_state_pub 76308      45 ros2 71188      79 python3 
807866368 | 282288     74 python3 139560     73 rviz2 99076      67 joint_state_pub 76308      45 ros2 71188      79 python3 
808124416 | 282288     74 python3 139560     73 rviz2 99076      67 joint_state_pub 76308      45 ros2 71188      79 python3 
808415232 | 282288     74 python3 139560     73 rviz2 99076      67 joint_state_pub 76308      45 ros2 71188      79 python3 
808124416 | 282288     74 python3 139560     73 rviz2 99076      67 joint_state_pub 76308      45 ros2 71188      79 python3 
807596032 | 282288     74 python3 139560     73 rviz2 99076      67 joint_state_pub 76308      45 ros2 71188      79 python3 
808124416 | 282288     74 python3 139560     73 rviz2 99076      67 joint_state_pub 76308      45 ros2 71188      79 python3 
807944192 | 282288     74 python3 139560     73 rviz2 99076      67 joint_state_pub 76308      45 ros2 71188      79 python3 
807870464 | 282288     74 python3 139560     73 rviz2 99076      67 joint_state_pub 76308      45 ros2 71188      79 python3 
807751680 | 282288     74 python3 139560     73 rviz2 99076      67 joint_state_pub 76308      45 ros2 71188      79 python3 
808177664 | 282288     74 python3 139560     73 rviz2 99076      67 joint_state_pub 76308      45 ros2 71188      79 python3 
807878656 | 282288     74 python3 139560     73 rviz2 99076      67 joint_state_pub 76308      45 ros2 71188      79 python3 
807862272 | 282288     74 python3 139560     73 rviz2 99076      67 joint_state_pub 76308      45 ros2 71188      79 python3 
807673856 | 282288     74 python3 139560     73 rviz2 99076      67 joint_state_pub 76308      45 ros2 71188      79 python3 
807817216 | 282288     74 python3 139560     73 rviz2 99076      67 joint_state_pub 76308      45 ros2 71188      79 python3 
807976960 | 282288     74 python3 139560     73 rviz2 99076      67 joint_state_pub 76308      45 ros2 71188      79 python3 
808124416 | 282288     74 python3 139560     73 rviz2 99076      67 joint_state_pub 76308      45 ros2 71188      79 python3 
807870464 | 282288     74 python3 139560     73 rviz2 99076      67 joint_state_pub 76308      45 ros2 71188      79 python3 
807862272 | 282288     74 python3 139560     73 rviz2 99076      67 joint_state_pub 76308      45 ros2 71188      79 python3 
808128512 | 282288     74 python3 139560     73 rviz2 99076      67 joint_state_pub 76308      45 ros2 71188      79 python3 
807923712 | 282288     74 python3 139560     73 rviz2 99076      67 joint_state_pub 76308      45 ros2 71188      79 python3 
807997440 | 282288     74 python3 139560     73 rviz2 99076      67 joint_state_pub 76308      45 ros2 71188      79 python3 
807743488 | 282288     74 python3 139560     73 rviz2 99076      67 joint_state_pub 76308      45 ros2 71188      79 python3 
807866368 | 282288     74 python3 139560     73 rviz2 99076      67 joint_state_pub 76308      45 ros2 71188      79 python3 
807866368 | 282288     74 python3 139560     73 rviz2 99076      67 joint_state_pub 76308      45 ros2 71188      79 python3 
807870464 | 282288     74 python3 139560     73 rviz2 99076      67 joint_state_pub 76308      45 ros2 71188      79 python3 
807600128 | 282288     74 python3 139560     73 rviz2 99076      67 joint_state_pub 76308      45 ros2 71188      79 python3 
808140800 | 282288     74 python3 139560     73 rviz2 99076      67 joint_state_pub 76308      45 ros2 71188      79 python3 
808165376 | 282288     74 python3 139560     73 rviz2 99076      67 joint_state_pub 76308      45 ros2 71188      79 python3 
807870464 | 282288     74 python3 139560     73 rviz2 99076      67 joint_state_pub 76308      45 ros2 71188      79 python3 
807866368 | 282288     74 python3 139560     73 rviz2 99076      67 joint_state_pub 76308      45 ros2 71188      79 python3 
807776256 | 282288     74 python3 139560     73 rviz2 99076      67 joint_state_pub 76308      45 ros2 71188      79 python3 
807604224 | 282288     74 python3 139560     73 rviz2 99076      67 joint_state_pub 76308      45 ros2 71188      79 python3 
808169472 | 282288     74 python3 139560     73 rviz2 99076      67 joint_state_pub 76308      45 ros2 71188      79 python3 
807882752 | 282288     74 python3 139560     73 rviz2 99076      67 joint_state_pub 76308      45 ros2 71188      79 python3 
807931904 | 282288     74 python3 139560     73 rviz2 99076      67 joint_state_pub 76308      45 ros2 71188      79 python3 
807940096 | 282288     74 python3 139560     73 rviz2 99076      67 joint_state_pub 76308      45 ros2 71188      79 python3 
807882752 | 282288     74 python3 139560     73 rviz2 99076      67 joint_state_pub 76308      45 ros2 71188      79 python3 
807620608 | 282288     74 python3 139560     73 rviz2 99076      67 joint_state_pub 76308      45 ros2 71188      79 python3 
807579648 | 282288     74 python3 139560     73 rviz2 99076      67 joint_state_pub 76308      45 ros2 71188      79 python3 
807608320 | 282288     74 python3 139560     73 rviz2 99076      67 joint_state_pub 76308      45 ros2 71188      79 python3 
807870464 | 282288     74 python3 139560     73 rviz2 99076      67 joint_state_pub 76308      45 ros2 71188      79 python3 
807870464 | 282288     74 python3 139560     73 rviz2 99076      67 joint_state_pub 76308      45 ros2 71188      79 python3 
807882752 | 282288     74 python3 139560     73 rviz2 99076      67 joint_state_pub 76308      45 ros2 71188      79 python3 
808136704 | 282288     74 python3 139560     73 rviz2 99076      67 joint_state_pub 76308      45 ros2 71188      79 python3 
807796736 | 282288     74 python3 139560     73 rviz2 99076      67 joint_state_pub 76308      45 ros2 71188      79 python3 
807886848 | 282288     74 python3 139560     73 rviz2 99076      67 joint_state_pub 76308      45 ros2 71188      79 python3 
808140800 | 282288     74 python3 139560     73 rviz2 99076      67 joint_state_pub 76308      45 ros2 71188      79 python3 
807878656 | 282288     74 python3 139560     73 rviz2 99076      67 joint_state_pub 76308      45 ros2 71188      79 python3 
807682048 | 282288     74 python3 139560     73 rviz2 99076      67 joint_state_pub 76308      45 ros2 71188      79 python3 
808140800 | 282288     74 python3 139560     73 rviz2 99076      67 joint_state_pub 76308      45 ros2 71188      79 python3 
807878656 | 282288     74 python3 139560     73 rviz2 99076      67 joint_state_pub 76308      45 ros2 71188      79 python3 
808280064 | 282288     74 python3 139560     73 rviz2 99076      67 joint_state_pub 76308      45 ros2 71188      79 python3 
807682048 | 282288     74 python3 139560     73 rviz2 99076      67 joint_state_pub 76308      45 ros2 71188      79 python3 
807890944 | 282288     74 python3 139560     73 rviz2 99076      67 joint_state_pub 76308      45 ros2 71188      79 python3 
808136704 | 282288     74 python3 139560     73 rviz2 99076      67 joint_state_pub 76308      45 ros2 71188      79 python3 
807878656 | 282288     74 python3 139560     73 rviz2 99076      67 joint_state_pub 76308      45 ros2 71188      79 python3 
807882752 | 282288     74 python3 139560     73 rviz2 99076      67 joint_state_pub 76308      45 ros2 71188      79 python3 
807882752 | 282288     74 python3 139560     73 rviz2 99076      67 joint_state_pub 76308      45 ros2 71188      79 python3 
808140800 | 282288     74 python3 139560     73 rviz2 99076      67 joint_state_pub 76308      45 ros2 71188      79 python3 
807755776 | 282288     74 python3 139560     73 rviz2 99076      67 joint_state_pub 76308      45 ros2 71188      79 python3 
807845888 | 282288     74 python3 139560     73 rviz2 99076      67 joint_state_pub 76308      45 ros2 71188      79 python3 
807690240 | 282288     74 python3 139560     73 rviz2 99076      67 joint_state_pub 76308      45 ros2 71188      79 python3 
807686144 | 282288     74 python3 139560     73 rviz2 99076      67 joint_state_pub 76308      45 ros2 71188      79 python3 
807878656 | 282288     74 python3 139560     73 rviz2 99076      67 joint_state_pub 76308      45 ros2 71188      79 python3 
807878656 | 282288     74 python3 139560     73 rviz2 99076      67 joint_state_pub 76308      45 ros2 71188      79 python3 
808148992 | 282288     74 python3 139560     73 rviz2 99076      67 joint_state_pub 76308      45 ros2 71188      79 python3 
807768064 | 282288     74 python3 139560     73 rviz2 99076      67 joint_state_pub 76308      45 ros2 71188      79 python3 
807792640 | 282288     74 python3 139560     73 rviz2 99076      67 joint_state_pub 76308      45 ros2 71188      79 python3 
807890944 | 282288     74 python3 139560     73 rviz2 99076      67 joint_state_pub 76308      45 ros2 71188      79 python3 
808148992 | 282288     74 python3 139560     73 rviz2 99076      67 joint_state_pub 76308      45 ros2 71188      79 python3 
807907328 | 282288     74 python3 139560     73 rviz2 99076      67 joint_state_pub 76308      45 ros2 71188      79 python3 
807895040 | 282288     74 python3 139560     73 rviz2 99076      67 joint_state_pub 76308      45 ros2 71188      79 python3 
808161280 | 282288     74 python3 139560     73 rviz2 99076      67 joint_state_pub 76308      45 ros2 71188      79 python3 
808140800 | 282288     74 python3 139560     73 rviz2 99076      67 joint_state_pub 76308      45 ros2 71188      79 python3 
808140800 | 282288     74 python3 139560     73 rviz2 99076      67 joint_state_pub 76308      45 ros2 71188      79 python3 
808284160 | 282288     74 python3 139560     73 rviz2 99076      67 joint_state_pub 76308      45 ros2 71188      79 python3 
807878656 | 282288     74 python3 139560     73 rviz2 99076      67 joint_state_pub 76308      45 ros2 71188      79 python3 
807882752 | 282288     74 python3 139560     73 rviz2 99076      67 joint_state_pub 76308      45 ros2 71188      79 python3 
807874560 | 282288     74 python3 139560     73 rviz2 99076      67 joint_state_pub 76308      45 ros2 71188      79 python3 
807882752 | 282288     74 python3 139560     73 rviz2 99076      67 joint_state_pub 76308      45 ros2 71188      79 python3 
807878656 | 282288     74 python3 139560     73 rviz2 99076      67 joint_state_pub 76308      45 ros2 71188      79 python3 
807886848 | 282288     74 python3 139560     73 rviz2 99076      67 joint_state_pub 76308      45 ros2 71188      79 python3 
807878656 | 282288     74 python3 139560     73 rviz2 99076      67 joint_state_pub 76308      45 ros2 71188      79 python3 
807882752 | 282288     74 python3 139560     73 rviz2 99076      67 joint_state_pub 76308      45 ros2 71188      79 python3 
808144896 | 282288     74 python3 139560     73 rviz2 99076      67 joint_state_pub 76308      45 ros2 71188      79 python3 
807706624 | 282288     74 python3 139560     73 rviz2 99076      67 joint_state_pub 76308      45 ros2 71188      79 python3 
807710720 | 282288     74 python3 139560     73 rviz2 99076      67 joint_state_pub 76308      45 ros2 71188      79 python3 
807886848 | 282288     74 python3 139560     73 rviz2 99076      67 joint_state_pub 76308      45 ros2 71188      79 python3 
807936000 | 282288     74 python3 139560     73 rviz2 99076      67 joint_state_pub 76308      45 ros2 71188      79 python3 
807915520 | 282288     74 python3 139560     73 rviz2 99076      67 joint_state_pub 76308      45 ros2 71188      79 python3 
808988672 | 282288     74 python3 139560     73 rviz2 99076      67 joint_state_pub 76308      45 ros2 71188      79 python3 
823123968 | 282288     74 python3 139560     73 rviz2 99076      67 joint_state_pub 76308      45 ros2 71188      79 python3 
823865344 | 282288     74 python3 139560     73 rviz2 99076      67 joint_state_pub 76308      45 ros2 71188      79 python3 
825335808 | 282288     74 python3 139560     73 rviz2 99076      67 joint_state_pub 76308      45 ros2 71188      79 python3 
826478592 | 282288     74 python3 139560     73 rviz2 99076      67 joint_state_pub 76308      45 ros2 71188      79 python3 
834723840 | 282288     74 python3 139560     73 rviz2 99076      67 joint_state_pub 76308      45 ros2 71188      79 python3 
846163968 | 282288     74 python3 139560     73 rviz2 99076      67 joint_state_pub 76308      45 ros2 71188      79 python3 
877797376 | 282420     74 python3 139740     73 rviz2 99204      67 joint_state_pub 76460      45 ros2 71332      79 python3 
907862016 | 282544     74 python3 139856     73 rviz2 99336      67 joint_state_pub 76596      45 ros2 75468    5285 ros2 
919859200 | 282596     74 python3 139904     73 rviz2 99384      67 joint_state_pub 76656      45 ros2 73064    5285 ros2 
888844288 | 282596     74 python3 139904     73 rviz2 99448      67 joint_state_pub 76656      45 ros2 71512      79 python3 
899231744 | 282660     74 python3 139904     73 rviz2 99448      67 joint_state_pub 76656      45 ros2 71576      79 python3 
886964224 | 282660     74 python3 139904     73 rviz2 99448      67 joint_state_pub 76720      45 ros2 71576      79 python3 
900825088 | 282660     74 python3 139904     73 rviz2 99448      67 joint_state_pub 76720      45 ros2 71884    5300 python3 
880427008 | 282660     74 python3 139904     73 rviz2 99448      67 joint_state_pub 76720      45 ros2 72460    5300 python3 
882307072 | 282660     74 python3 139968     73 rviz2 99448      67 joint_state_pub 76720      45 ros2 72628    5300 python3 
882675712 | 282660     74 python3 139968     73 rviz2 99448      67 joint_state_pub 76720      45 ros2 72728    5300 python3 
882237440 | 282660     74 python3 139968     73 rviz2 99448      67 joint_state_pub 76720      45 ros2 72728    5300 python3 
882675712 | 282660     74 python3 139968     73 rviz2 99448      67 joint_state_pub 76720      45 ros2 72728    5300 python3 
882388992 | 282660     74 python3 139968     73 rviz2 99448      67 joint_state_pub 76720      45 ros2 72728    5300 python3 
882163712 | 282660     74 python3 139968     73 rviz2 99448      67 joint_state_pub 76720      45 ros2 72728    5300 python3 
882434048 | 282660     74 python3 139968     73 rviz2 99448      67 joint_state_pub 76720      45 ros2 72728    5300 python3 
882872320 | 282660     74 python3 139968     73 rviz2 99448      67 joint_state_pub 76720      45 ros2 72728    5300 python3 
882675712 | 282660     74 python3 139968     73 rviz2 99448      67 joint_state_pub 76720      45 ros2 72728    5300 python3 
882147328 | 282660     74 python3 139904     73 rviz2 99448      67 joint_state_pub 76656      45 ros2 72728    5300 python3 
882413568 | 282660     74 python3 139904     73 rviz2 99448      67 joint_state_pub 76656      45 ros2 72728    5300 python3 
882143232 | 282596     74 python3 139904     73 rviz2 99384      67 joint_state_pub 76656      45 ros2 72728    5300 python3 
881848320 | 282596     74 python3 139904     73 rviz2 99384      67 joint_state_pub 76656      45 ros2 72728    5300 python3 
881844224 | 282596     74 python3 139904     73 rviz2 99384      67 joint_state_pub 76656      45 ros2 72728    5300 python3 
881926144 | 282596     74 python3 139904     73 rviz2 99384      67 joint_state_pub 76656      45 ros2 72728    5300 python3 
881913856 | 282596     74 python3 139904     73 rviz2 99384      67 joint_state_pub 76656      45 ros2 72728    5300 python3 
881852416 | 282596     74 python3 139904     73 rviz2 99384      67 joint_state_pub 76656      45 ros2 72728    5300 python3 
881848320 | 282596     74 python3 139904     73 rviz2 99384      67 joint_state_pub 76656      45 ros2 72728    5300 python3 
882384896 | 282596     74 python3 139904     73 rviz2 99384      67 joint_state_pub 76656      45 ros2 72728    5300 python3 
881971200 | 282596     74 python3 139904     73 rviz2 99384      67 joint_state_pub 76656      45 ros2 72728    5300 python3 
881831936 | 282596     74 python3 139904     73 rviz2 99384      67 joint_state_pub 76656      45 ros2 72728    5300 python3 
882089984 | 282596     74 python3 139904     73 rviz2 99384      67 joint_state_pub 76656      45 ros2 72728    5300 python3 
881864704 | 282596     74 python3 139904     73 rviz2 99384      67 joint_state_pub 76656      45 ros2 72728    5300 python3 
882135040 | 282596     74 python3 139904     73 rviz2 99384      67 joint_state_pub 76656      45 ros2 72728    5300 python3 
881868800 | 282596     74 python3 139904     73 rviz2 99384      67 joint_state_pub 76656      45 ros2 72728    5300 python3 
881455104 | 282596     74 python3 139904     73 rviz2 99384      67 joint_state_pub 76656      45 ros2 72728    5300 python3 
881864704 | 282596     74 python3 139904     73 rviz2 99384      67 joint_state_pub 76656      45 ros2 72728    5300 python3 
881926144 | 282596     74 python3 139904     73 rviz2 99384      67 joint_state_pub 76656      45 ros2 72728    5300 python3 
881872896 | 282596     74 python3 139904     73 rviz2 99384      67 joint_state_pub 76656      45 ros2 72728    5300 python3 
881733632 | 282596     74 python3 139904     73 rviz2 99384      67 joint_state_pub 76656      45 ros2 72728    5300 python3 
881864704 | 282596     74 python3 139904     73 rviz2 99384      67 joint_state_pub 76656      45 ros2 72728    5300 python3 
881868800 | 282596     74 python3 139904     73 rviz2 99384      67 joint_state_pub 76656      45 ros2 72728    5300 python3 
882122752 | 282596     74 python3 139904     73 rviz2 99384      67 joint_state_pub 76656      45 ros2 72728    5300 python3 
881922048 | 282596     74 python3 139904     73 rviz2 99384      67 joint_state_pub 76656      45 ros2 72728    5300 python3 
881926144 | 282596     74 python3 139904     73 rviz2 99384      67 joint_state_pub 76656      45 ros2 72728    5300 python3 
881864704 | 282596     74 python3 139904     73 rviz2 99384      67 joint_state_pub 76656      45 ros2 72728    5300 python3 
881729536 | 282596     74 python3 139904     73 rviz2 99384      67 joint_state_pub 76656      45 ros2 72728    5300 python3 
881729536 | 282596     74 python3 139904     73 rviz2 99384      67 joint_state_pub 76656      45 ros2 72728    5300 python3 
881848320 | 282596     74 python3 139904     73 rviz2 99384      67 joint_state_pub 76656      45 ros2 72728    5300 python3 
881475584 | 282596     74 python3 139904     73 rviz2 99384      67 joint_state_pub 76656      45 ros2 72728    5300 python3 
881893376 | 282596     74 python3 139904     73 rviz2 99384      67 joint_state_pub 76656      45 ros2 72728    5300 python3 
881913856 | 282596     74 python3 139904     73 rviz2 99384      67 joint_state_pub 76656      45 ros2 72728    5300 python3 
881610752 | 282596     74 python3 139904     73 rviz2 99384      67 joint_state_pub 76656      45 ros2 72728    5300 python3 
881868800 | 282596     74 python3 139904     73 rviz2 99384      67 joint_state_pub 76656      45 ros2 72728    5300 python3 
881868800 | 282596     74 python3 139904     73 rviz2 99384      67 joint_state_pub 76656      45 ros2 72728    5300 python3 
881610752 | 282596     74 python3 139904     73 rviz2 99384      67 joint_state_pub 76656      45 ros2 72728    5300 python3 
881856512 | 282596     74 python3 139904     73 rviz2 99384      67 joint_state_pub 76656      45 ros2 72728    5300 python3 
881856512 | 282596     74 python3 139904     73 rviz2 99384      67 joint_state_pub 76656      45 ros2 72728    5300 python3 
881860608 | 282596     74 python3 139904     73 rviz2 99384      67 joint_state_pub 76656      45 ros2 72728    5300 python3 
881594368 | 282596     74 python3 139904     73 rviz2 99384      67 joint_state_pub 76656      45 ros2 72728    5300 python3 
881860608 | 282596     74 python3 139904     73 rviz2 99384      67 joint_state_pub 76656      45 ros2 72728    5300 python3 
881971200 | 282596     74 python3 139904     73 rviz2 99384      67 joint_state_pub 76656      45 ros2 72728    5300 python3 
881934336 | 282596     74 python3 139904     73 rviz2 99384      67 joint_state_pub 76656      45 ros2 72728    5300 python3 
881848320 | 282596     74 python3 139904     73 rviz2 99384      67 joint_state_pub 76656      45 ros2 72728    5300 python3 
881659904 | 282596     74 python3 139904     73 rviz2 99384      67 joint_state_pub 76656      45 ros2 72728    5300 python3 
888180736 | 282596     74 python3 139904     73 rviz2 99384      67 joint_state_pub 76656      45 ros2 72728    5300 python3 
889475072 | 282596     74 python3 139904     73 rviz2 99384      67 joint_state_pub 76656      45 ros2 72728    5300 python3 
889884672 | 282596     74 python3 139904     73 rviz2 99384      67 joint_state_pub 76656      45 ros2 72728    5300 python3 
899899392 | 282596     74 python3 139904     73 rviz2 99384      67 joint_state_pub 76656      45 ros2 72728    5300 python3 
927145984 | 282600     74 python3 139904     73 rviz2 99384      67 joint_state_pub 76660      45 ros2 73080    5795 ros2 
929103872 | 282600     74 python3 139904     73 rviz2 99384      67 joint_state_pub 76660      45 ros2 74488    5795 ros2 
929099776 | 282724     74 python3 139904     73 rviz2 99384      67 joint_state_pub 76660      45 ros2 74868    5795 ros2 
935075840 | 286132     74 python3 140076     73 rviz2 99384      67 joint_state_pub 76660      45 ros2 76304    5795 ros2 
939741184 | 287668     74 python3 141540     73 rviz2 99384      67 joint_state_pub 76660      45 ros2 76520    5795 ros2 
909357056 | 287668     74 python3 141436     73 rviz2 99384      67 joint_state_pub 76660      45 ros2 72872    5300 python3 
894054400 | 287668     74 python3 141436     73 rviz2 99384      67 joint_state_pub 76660      45 ros2 72872    5300 python3 
893792256 | 287668     74 python3 141436     73 rviz2 99384      67 joint_state_pub 76660      45 ros2 72872    5300 python3 
893808640 | 287668     74 python3 141436     73 rviz2 99384      67 joint_state_pub 76660      45 ros2 72872    5300 python3 
893792256 | 287668     74 python3 141436     73 rviz2 99384      67 joint_state_pub 76660      45 ros2 72872    5300 python3 
894570496 | 287564     74 python3 141436     73 rviz2 99384      67 joint_state_pub 76660      45 ros2 72872    5300 python3 
894316544 | 287564     74 python3 141436     73 rviz2 99384      67 joint_state_pub 76660      45 ros2 72872    5300 python3 
894255104 | 287564     74 python3 141436     73 rviz2 99384      67 joint_state_pub 76660      45 ros2 72872    5300 python3 
893665280 | 287564     74 python3 141436     73 rviz2 99384      67 joint_state_pub 76660      45 ros2 72820    5300 python3 
893669376 | 287564     74 python3 141436     73 rviz2 99384      67 joint_state_pub 76660      45 ros2 72820    5300 python3 
893927424 | 287564     74 python3 141436     73 rviz2 99384      67 joint_state_pub 76660      45 ros2 72820    5300 python3 
893677568 | 287564     74 python3 141436     73 rviz2 99384      67 joint_state_pub 76660      45 ros2 72820    5300 python3 
893870080 | 287564     74 python3 141436     73 rviz2 99384      67 joint_state_pub 76660      45 ros2 72820    5300 python3 
893976576 | 287564     74 python3 141436     73 rviz2 99384      67 joint_state_pub 76660      45 ros2 72820    5300 python3 
893923328 | 287564     74 python3 141436     73 rviz2 99384      67 joint_state_pub 76660      45 ros2 72820    5300 python3 
894447616 | 287564     74 python3 141372     73 rviz2 99384      67 joint_state_pub 76660      45 ros2 72820    5300 python3 
893112320 | 287500     74 python3 141372     73 rviz2 99384      67 joint_state_pub 76660      45 ros2 72820    5300 python3 
893399040 | 287500     74 python3 141372     73 rviz2 99384      67 joint_state_pub 76660      45 ros2 72820    5300 python3 
893153280 | 287500     74 python3 141372     73 rviz2 99384      67 joint_state_pub 76660      45 ros2 72820    5300 python3 
893472768 | 287500     74 python3 141372     73 rviz2 99384      67 joint_state_pub 76660      45 ros2 72820    5300 python3 
893313024 | 287500     74 python3 141372     73 rviz2 99384      67 joint_state_pub 76660      45 ros2 72820    5300 python3 
893124608 | 287500     74 python3 141372     73 rviz2 99384      67 joint_state_pub 76660      45 ros2 72820    5300 python3 
893095936 | 287500     74 python3 141372     73 rviz2 99384      67 joint_state_pub 76660      45 ros2 72820    5300 python3 
893837312 | 287500     74 python3 141372     73 rviz2 99384      67 joint_state_pub 76660      45 ros2 72820    5300 python3 
893345792 | 287500     74 python3 141372     73 rviz2 99384      67 joint_state_pub 76660      45 ros2 72820    5300 python3 
893374464 | 287500     74 python3 141372     73 rviz2 99384      67 joint_state_pub 76660      45 ros2 72820    5300 python3 
893116416 | 287500     74 python3 141372     73 rviz2 99384      67 joint_state_pub 76660      45 ros2 72820    5300 python3 
893382656 | 287500     74 python3 141372     73 rviz2 99384      67 joint_state_pub 76660      45 ros2 72820    5300 python3 
893112320 | 287500     74 python3 141372     73 rviz2 99384      67 joint_state_pub 76660      45 ros2 72820    5300 python3 
893112320 | 287500     74 python3 141372     73 rviz2 99384      67 joint_state_pub 76660      45 ros2 72820    5300 python3 
893657088 | 287500     74 python3 141372     73 rviz2 99384      67 joint_state_pub 76660      45 ros2 72820    5300 python3 
893247488 | 287500     74 python3 141372     73 rviz2 99384      67 joint_state_pub 76660      45 ros2 72820    5300 python3 
893255680 | 287500     74 python3 141372     73 rviz2 99384      67 joint_state_pub 76660      45 ros2 72820    5300 python3 
893374464 | 287500     74 python3 141372     73 rviz2 99384      67 joint_state_pub 76660      45 ros2 72820    5300 python3 
893657088 | 287500     74 python3 141372     73 rviz2 99384      67 joint_state_pub 76660      45 ros2 72820    5300 python3 
893341696 | 287500     74 python3 141372     73 rviz2 99384      67 joint_state_pub 76660      45 ros2 72820    5300 python3 
893374464 | 287500     74 python3 141372     73 rviz2 99384      67 joint_state_pub 76660      45 ros2 72820    5300 python3 
893636608 | 287500     74 python3 141372     73 rviz2 99384      67 joint_state_pub 76660      45 ros2 72820    5300 python3 
893390848 | 287500     74 python3 141372     73 rviz2 99384      67 joint_state_pub 76660      45 ros2 72820    5300 python3 
893571072 | 287500     74 python3 141372     73 rviz2 99384      67 joint_state_pub 76660      45 ros2 72820    5300 python3 
893444096 | 287500     74 python3 141372     73 rviz2 99384      67 joint_state_pub 76660      45 ros2 72820    5300 python3 
893906944 | 287500     74 python3 141372     73 rviz2 99384      67 joint_state_pub 76660      45 ros2 72820    5300 python3 
893390848 | 287500     74 python3 141372     73 rviz2 99384      67 joint_state_pub 76660      45 ros2 72820    5300 python3 
893550592 | 287500     74 python3 141372     73 rviz2 99384      67 joint_state_pub 76660      45 ros2 72820    5300 python3 
893087744 | 287500     74 python3 141372     73 rviz2 99384      67 joint_state_pub 76660      45 ros2 72820    5300 python3 
893374464 | 287500     74 python3 141372     73 rviz2 99384      67 joint_state_pub 76660      45 ros2 72820    5300 python3 
893378560 | 287500     74 python3 141372     73 rviz2 99384      67 joint_state_pub 76660      45 ros2 72820    5300 python3 
893636608 | 287500     74 python3 141372     73 rviz2 99384      67 joint_state_pub 76660      45 ros2 72820    5300 python3 
893640704 | 287500     74 python3 141372     73 rviz2 99384      67 joint_state_pub 76660      45 ros2 72820    5300 python3 
893476864 | 287500     74 python3 141372     73 rviz2 99384      67 joint_state_pub 76660      45 ros2 72820    5300 python3 
893382656 | 287500     74 python3 141372     73 rviz2 99384      67 joint_state_pub 76660      45 ros2 72820    5300 python3 
893382656 | 287500     74 python3 141372     73 rviz2 99384      67 joint_state_pub 76660      45 ros2 72820    5300 python3 
893378560 | 287500     74 python3 141372     73 rviz2 99384      67 joint_state_pub 76660      45 ros2 72820    5300 python3 
893476864 | 287500     74 python3 141372     73 rviz2 99384      67 joint_state_pub 76660      45 ros2 72820    5300 python3 
893386752 | 287500     74 python3 141372     73 rviz2 99384      67 joint_state_pub 76660      45 ros2 72820    5300 python3 
893349888 | 287500     74 python3 141372     73 rviz2 99384      67 joint_state_pub 76660      45 ros2 72820    5300 python3 
893116416 | 287500     74 python3 141372     73 rviz2 99384      67 joint_state_pub 76660      45 ros2 72820    5300 python3 
893652992 | 287500     74 python3 141372     73 rviz2 99384      67 joint_state_pub 76660      45 ros2 72820    5300 python3 
893657088 | 287500     74 python3 141372     73 rviz2 99384      67 joint_state_pub 76660      45 ros2 72820    5300 python3 
893915136 | 287500     74 python3 141372     73 rviz2 99384      67 joint_state_pub 76660      45 ros2 72820    5300 python3 
892973056 | 287500     74 python3 141372     73 rviz2 99384      67 joint_state_pub 76660      45 ros2 72820    5300 python3 
898105344 | 287500     74 python3 141372     73 rviz2 99384      67 joint_state_pub 76660      45 ros2 72820    5300 python3 
900468736 | 287500     74 python3 141488     73 rviz2 99384      67 joint_state_pub 76660      45 ros2 72820    5300 python3 
897101824 | 287500     74 python3 141488     73 rviz2 99384      67 joint_state_pub 76660      45 ros2 72820    5300 python3 
908398592 | 287500     74 python3 141488     73 rviz2 99384      67 joint_state_pub 76660      45 ros2 72820    5300 python3 
932044800 | 287684     74 python3 141592     73 rviz2 99552      67 joint_state_pub 76828      45 ros2 73012    5300 python3 
933253120 | 287684     74 python3 141656     73 rviz2 99552      67 joint_state_pub 76828      45 ros2 73012    5300 python3 
933117952 | 287684     74 python3 141656     73 rviz2 99552      67 joint_state_pub 76828      45 ros2 73012    5300 python3 
932999168 | 287684     74 python3 141656     73 rviz2 99552      67 joint_state_pub 76828      45 ros2 73012    5300 python3 
933134336 | 287684     74 python3 141656     73 rviz2 99552      67 joint_state_pub 76828      45 ros2 73012    5300 python3 
933371904 | 287684     74 python3 141656     73 rviz2 99552      67 joint_state_pub 76828      45 ros2 73012    5300 python3 
933142528 | 287684     74 python3 141656     73 rviz2 99552      67 joint_state_pub 76828      45 ros2 73012    5300 python3 
933138432 | 287684     74 python3 141656     73 rviz2 99552      67 joint_state_pub 76828      45 ros2 73012    5300 python3 
932876288 | 287684     74 python3 141656     73 rviz2 99552      67 joint_state_pub 76828      45 ros2 73012    5300 python3 
932876288 | 287684     74 python3 141656     73 rviz2 99552      67 joint_state_pub 76828      45 ros2 73012    5300 python3 
933654528 | 287684     74 python3 141656     73 rviz2 99552      67 joint_state_pub 76828      45 ros2 73012    5300 python3 
932876288 | 287684     74 python3 141656     73 rviz2 99552      67 joint_state_pub 76828      45 ros2 73012    5300 python3 
933703680 | 287684     74 python3 142072     73 rviz2 99552      67 joint_state_pub 76828      45 ros2 73012    5300 python3 
934023168 | 287684     74 python3 142072     73 rviz2 99552      67 joint_state_pub 76828      45 ros2 73012    5300 python3 
933597184 | 287684     74 python3 142096     73 rviz2 99552      67 joint_state_pub 76828      45 ros2 73012    5300 python3 
933445632 | 287684     74 python3 142096     73 rviz2 99552      67 joint_state_pub 76828      45 ros2 73012    5300 python3 
933707776 | 287684     74 python3 142096     73 rviz2 99552      67 joint_state_pub 76828      45 ros2 73012    5300 python3 
933535744 | 287684     74 python3 142096     73 rviz2 99552      67 joint_state_pub 76828      45 ros2 73012    5300 python3 
934559744 | 287684     74 python3 143044     73 rviz2 99552      67 joint_state_pub 76828      45 ros2 73012    5300 python3 
935235584 | 287684     74 python3 143448     73 rviz2 99552      67 joint_state_pub 76828      45 ros2 73012    5300 python3 
934940672 | 287684     74 python3 143448     73 rviz2 99552      67 joint_state_pub 76828      45 ros2 73012    5300 python3 
935211008 | 287684     74 python3 143448     73 rviz2 99552      67 joint_state_pub 76828      45 ros2 73012    5300 python3 
935346176 | 287684     74 python3 143448     73 rviz2 99552      67 joint_state_pub 76828      45 ros2 73012    5300 python3 
935178240 | 287684     74 python3 143448     73 rviz2 99552      67 joint_state_pub 76828      45 ros2 73012    5300 python3 
935215104 | 287684     74 python3 143448     73 rviz2 99552      67 joint_state_pub 76828      45 ros2 73012    5300 python3 
935215104 | 287684     74 python3 143448     73 rviz2 99552      67 joint_state_pub 76828      45 ros2 73012    5300 python3 
935473152 | 287684     74 python3 143448     73 rviz2 99552      67 joint_state_pub 76828      45 ros2 73012    5300 python3 
935346176 | 287684     74 python3 143448     73 rviz2 99552      67 joint_state_pub 76828      45 ros2 73012    5300 python3 
935006208 | 287684     74 python3 143572     73 rviz2 99552      67 joint_state_pub 76828      45 ros2 73012    5300 python3 
935239680 | 287684     74 python3 143572     73 rviz2 99552      67 joint_state_pub 76828      45 ros2 73012    5300 python3 
935419904 | 287684     74 python3 143812     73 rviz2 99552      67 joint_state_pub 76828      45 ros2 73012    5300 python3 
935571456 | 287684     74 python3 143812     73 rviz2 99552      67 joint_state_pub 76828      45 ros2 73012    5300 python3 
935854080 | 287684     74 python3 143812     73 rviz2 99552      67 joint_state_pub 76828      45 ros2 73012    5300 python3 
943620096 | 287684     74 python3 149548     73 rviz2 99552      67 joint_state_pub 76828      45 ros2 73012    5300 python3 
943853568 | 287684     74 python3 149548     73 rviz2 99552      67 joint_state_pub 76828      45 ros2 73012    5300 python3 
943878144 | 287684     74 python3 149548     73 rviz2 99552      67 joint_state_pub 76828      45 ros2 73012    5300 python3 
944500736 | 287684     74 python3 150168     73 rviz2 99552      67 joint_state_pub 76828      45 ros2 73012    5300 python3 
944656384 | 287684     74 python3 150168     73 rviz2 99552      67 joint_state_pub 76828      45 ros2 73012    5300 python3 
944648192 | 287684     74 python3 150168     73 rviz2 99552      67 joint_state_pub 76828      45 ros2 73012    5300 python3 
944406528 | 287684     74 python3 150168     73 rviz2 99552      67 joint_state_pub 76828      45 ros2 73012    5300 python3 
944664576 | 287684     74 python3 150168     73 rviz2 99552      67 joint_state_pub 76828      45 ros2 73012    5300 python3 
944406528 | 287684     74 python3 150168     73 rviz2 99552      67 joint_state_pub 76828      45 ros2 73012    5300 python3 
944668672 | 287684     74 python3 150168     73 rviz2 99552      67 joint_state_pub 76828      45 ros2 73012    5300 python3 
944779264 | 287684     74 python3 150308     73 rviz2 99552      67 joint_state_pub 76828      45 ros2 73012    5300 python3 
944873472 | 287684     74 python3 150408     73 rviz2 99552      67 joint_state_pub 76828      45 ros2 73012    5300 python3 
945143808 | 287684     74 python3 150408     73 rviz2 99552      67 joint_state_pub 76828      45 ros2 73012    5300 python3 
945033216 | 287684     74 python3 150472     73 rviz2 99552      67 joint_state_pub 76828      45 ros2 73012    5300 python3 
944709632 | 287684     74 python3 150472     73 rviz2 99552      67 joint_state_pub 76828      45 ros2 73012    5300 python3 
944963584 | 287684     74 python3 150472     73 rviz2 99552      67 joint_state_pub 76828      45 ros2 73012    5300 python3 
944922624 | 287684     74 python3 150472     73 rviz2 99552      67 joint_state_pub 76828      45 ros2 73012    5300 python3 
944832512 | 287684     74 python3 150472     73 rviz2 99552      67 joint_state_pub 76828      45 ros2 73012    5300 python3 
944701440 | 287684     74 python3 150472     73 rviz2 99552      67 joint_state_pub 76828      45 ros2 73012    5300 python3 
970203136 | 287684     74 python3 154592     73 rviz2 99552      67 joint_state_pub 76832      45 ros2 73088    5300 python3 
970145792 | 287684     74 python3 154596     73 rviz2 99552      67 joint_state_pub 76832      45 ros2 73088    5300 python3 
970190848 | 287684     74 python3 154600     73 rviz2 99552      67 joint_state_pub 76832      45 ros2 73088    5300 python3 
971038720 | 287684     74 python3 155012     73 rviz2 99552      67 joint_state_pub 76832      45 ros2 73088    5300 python3 
970817536 | 287684     74 python3 155012     73 rviz2 99552      67 joint_state_pub 76832      45 ros2 73088    5300 python3 
971083776 | 287684     74 python3 155012     73 rviz2 99552      67 joint_state_pub 76832      45 ros2 73088    5300 python3 
971264000 | 287684     74 python3 155012     73 rviz2 99552      67 joint_state_pub 76832      45 ros2 73088    5300 python3 
970567680 | 287684     74 python3 155012     73 rviz2 99552      67 joint_state_pub 76832      45 ros2 73088    5300 python3 
971071488 | 287684     74 python3 155012     73 rviz2 99552      67 joint_state_pub 76832      45 ros2 73088    5300 python3 
971427840 | 287684     74 python3 155012     73 rviz2 99552      67 joint_state_pub 76832      45 ros2 73088    5300 python3 
970936320 | 287684     74 python3 155012     73 rviz2 99552      67 joint_state_pub 76832      45 ros2 73088    5300 python3 
970833920 | 287684     74 python3 155012     73 rviz2 99552      67 joint_state_pub 76832      45 ros2 73088    5300 python3 
972050432 | 287684     74 python3 155816     73 rviz2 99552      67 joint_state_pub 76832      45 ros2 73088    5300 python3 
971882496 | 287684     74 python3 155832     73 rviz2 99552      67 joint_state_pub 76832      45 ros2 73088    5300 python3 
972271616 | 287684     74 python3 155832     73 rviz2 99552      67 joint_state_pub 76832      45 ros2 73088    5300 python3 
972177408 | 287684     74 python3 155832     73 rviz2 99552      67 joint_state_pub 76832      45 ros2 73088    5300 python3 
972009472 | 287684     74 python3 155844     73 rviz2 99552      67 joint_state_pub 76832      45 ros2 73088    5300 python3 
971874304 | 287684     74 python3 155844     73 rviz2 99552      67 joint_state_pub 76832      45 ros2 73088    5300 python3 
972890112 | 287684     74 python3 156280     73 rviz2 99552      67 joint_state_pub 76832      45 ros2 73088    5300 python3 
972578816 | 287684     74 python3 156280     73 rviz2 99552      67 joint_state_pub 76832      45 ros2 73088    5300 python3 
972791808 | 287684     74 python3 156296     73 rviz2 99552      67 joint_state_pub 76832      45 ros2 73088    5300 python3 
974700544 | 287684     74 python3 157516     73 rviz2 100148     67 joint_state_pub 76832      45 ros2 73088    5300 python3 
975822848 | 287684     74 python3 158748     73 rviz2 100148     67 joint_state_pub 76832      45 ros2 73088    5300 python3 
976056320 | 287684     74 python3 158756     73 rviz2 100148     67 joint_state_pub 76832      45 ros2 73088    5300 python3 
976498688 | 287684     74 python3 158820     73 rviz2 100148     67 joint_state_pub 76832      45 ros2 73088    5300 python3 
976105472 | 287684     74 python3 158820     73 rviz2 100148     67 joint_state_pub 76832      45 ros2 73088    5300 python3 
976207872 | 287684     74 python3 158820     73 rviz2 100148     67 joint_state_pub 76832      45 ros2 73088    5300 python3 
976232448 | 287684     74 python3 158852     73 rviz2 100148     67 joint_state_pub 76832      45 ros2 73088    5300 python3 
976760832 | 287684     74 python3 158852     73 rviz2 100148     67 joint_state_pub 76832      45 ros2 73088    5300 python3 
976080896 | 287684     74 python3 158852     73 rviz2 100148     67 joint_state_pub 76832      45 ros2 73088    5300 python3 
976470016 | 287684     74 python3 158852     73 rviz2 100148     67 joint_state_pub 76832      45 ros2 73088    5300 python3 
976506880 | 287684     74 python3 158852     73 rviz2 100148     67 joint_state_pub 76832      45 ros2 73088    5300 python3 
976789504 | 287684     74 python3 158852     73 rviz2 100148     67 joint_state_pub 76832      45 ros2 73088    5300 python3 
976240640 | 287684     74 python3 158852     73 rviz2 100148     67 joint_state_pub 76832      45 ros2 73088    5300 python3 
976756736 | 287684     74 python3 158852     73 rviz2 100148     67 joint_state_pub 76832      45 ros2 73088    5300 python3 
976502784 | 287684     74 python3 158852     73 rviz2 100148     67 joint_state_pub 76832      45 ros2 73088    5300 python3 
976527360 | 287684     74 python3 158852     73 rviz2 100148     67 joint_state_pub 76832      45 ros2 73088    5300 python3 
976531456 | 287684     74 python3 158852     73 rviz2 100148     67 joint_state_pub 76832      45 ros2 73088    5300 python3 
976232448 | 287684     74 python3 158852     73 rviz2 100148     67 joint_state_pub 76832      45 ros2 73088    5300 python3 
976502784 | 287684     74 python3 158852     73 rviz2 100148     67 joint_state_pub 76832      45 ros2 73088    5300 python3 
976494592 | 287684     74 python3 158852     73 rviz2 100148     67 joint_state_pub 76832      45 ros2 73088    5300 python3 
976498688 | 287684     74 python3 158852     73 rviz2 100148     67 joint_state_pub 76832      45 ros2 73088    5300 python3 
976449536 | 287684     74 python3 158852     73 rviz2 100148     67 joint_state_pub 76832      45 ros2 73088    5300 python3 
974860288 | 287620     74 python3 158748     73 rviz2 100044     67 joint_state_pub 76832      45 ros2 73088    5300 python3 
938192896 | 287620     74 python3 158748     73 rviz2 99980      67 joint_state_pub 76832      45 ros2 73088    5300 python3 
938467328 | 287620     74 python3 158684     73 rviz2 99980      67 joint_state_pub 76768      45 ros2 73028    5300 python3 
938467328 | 287620     74 python3 158684     73 rviz2 99980      67 joint_state_pub 76664      45 ros2 73028    5300 python3 
938455040 | 287620     74 python3 158684     73 rviz2 99980      67 joint_state_pub 76664      45 ros2 73028    5300 python3 
938401792 | 287516     74 python3 158684     73 rviz2 99980      67 joint_state_pub 76664      45 ros2 73028    5300 python3 
938459136 | 287516     74 python3 158684     73 rviz2 99980      67 joint_state_pub 76664      45 ros2 73028    5300 python3 
938614784 | 287516     74 python3 158684     73 rviz2 99980      67 joint_state_pub 76664      45 ros2 73028    5300 python3 
938389504 | 287516     74 python3 158684     73 rviz2 99980      67 joint_state_pub 76664      45 ros2 72924    5300 python3 
938594304 | 287516     74 python3 158684     73 rviz2 99980      67 joint_state_pub 76664      45 ros2 72924    5300 python3 
938332160 | 287516     74 python3 158684     73 rviz2 99980      67 joint_state_pub 76664      45 ros2 72924    5300 python3 
938332160 | 287516     74 python3 158684     73 rviz2 99980      67 joint_state_pub 76664      45 ros2 72924    5300 python3 
938602496 | 287516     74 python3 158684     73 rviz2 99980      67 joint_state_pub 76664      45 ros2 72924    5300 python3 
938606592 | 287516     74 python3 158684     73 rviz2 99980      67 joint_state_pub 76664      45 ros2 72924    5300 python3 
938590208 | 287516     74 python3 158684     73 rviz2 99980      67 joint_state_pub 76664      45 ros2 72924    5300 python3 
938336256 | 287516     74 python3 158684     73 rviz2 99980      67 joint_state_pub 76664      45 ros2 72924    5300 python3 
937775104 | 287516     74 python3 158684     73 rviz2 99980      67 joint_state_pub 76664      45 ros2 72924    5300 python3 
937902080 | 287516     74 python3 158684     73 rviz2 99980      67 joint_state_pub 76664      45 ros2 72924    5300 python3 
937771008 | 287516     74 python3 158684     73 rviz2 99980      67 joint_state_pub 76664      45 ros2 72924    5300 python3 
938033152 | 287516     74 python3 158684     73 rviz2 99980      67 joint_state_pub 76664      45 ros2 72924    5300 python3 
937508864 | 287516     74 python3 158684     73 rviz2 99980      67 joint_state_pub 76664      45 ros2 72924    5300 python3 
937644032 | 287516     74 python3 158684     73 rviz2 99980      67 joint_state_pub 76664      45 ros2 72924    5300 python3 
937652224 | 287516     74 python3 158684     73 rviz2 99980      67 joint_state_pub 76664      45 ros2 72924    5300 python3 
938033152 | 287516     74 python3 158684     73 rviz2 99980      67 joint_state_pub 76664      45 ros2 72924    5300 python3 
938299392 | 287516     74 python3 158684     73 rviz2 99980      67 joint_state_pub 76664      45 ros2 72924    5300 python3 
938299392 | 287516     74 python3 158684     73 rviz2 99980      67 joint_state_pub 76664      45 ros2 72924    5300 python3 
937656320 | 287516     74 python3 158684     73 rviz2 99980      67 joint_state_pub 76664      45 ros2 72924    5300 python3 
938135552 | 287516     74 python3 158684     73 rviz2 99980      67 joint_state_pub 76664      45 ros2 72924    5300 python3 
938160128 | 287516     74 python3 158684     73 rviz2 99980      67 joint_state_pub 76664      45 ros2 72924    5300 python3 
937771008 | 287516     74 python3 158684     73 rviz2 99980      67 joint_state_pub 76664      45 ros2 72924    5300 python3 
937644032 | 287516     74 python3 158684     73 rviz2 99980      67 joint_state_pub 76664      45 ros2 72924    5300 python3 
937586688 | 287516     74 python3 158684     73 rviz2 99980      67 joint_state_pub 76664      45 ros2 72924    5300 python3 
938037248 | 287516     74 python3 158684     73 rviz2 99980      67 joint_state_pub 76664      45 ros2 72924    5300 python3 
945065984 | 287516     74 python3 158684     73 rviz2 99980      67 joint_state_pub 76664      45 ros2 72924    5300 python3 
945500160 | 287516     74 python3 158684     73 rviz2 99980      67 joint_state_pub 76664      45 ros2 72924    5300 python3 
944672768 | 287516     74 python3 158684     73 rviz2 99980      67 joint_state_pub 76664      45 ros2 72924    5300 python3 
945553408 | 287516     74 python3 158684     73 rviz2 99980      67 joint_state_pub 76664      45 ros2 72924    5300 python3 
960233472 | 287516     74 python3 158684     73 rviz2 99980      67 joint_state_pub 76664      45 ros2 72924    5300 python3 
938557440 | 287516     74 python3 158684     73 rviz2 99980      67 joint_state_pub 76664      45 ros2 72932    5300 python3 
946020352 | 287516     74 python3 158684     73 rviz2 99980      67 joint_state_pub 76664      45 ros2 72932    5300 python3 
943935488 | 287516     74 python3 158684     73 rviz2 99980      67 joint_state_pub 76664      45 ros2 72932    5300 python3 
951005184 | 287516     74 python3 158684     73 rviz2 99980      67 joint_state_pub 76664      45 ros2 72932    5300 python3 
959672320 | 287516     74 python3 158684     73 rviz2 99980      67 joint_state_pub 76664      45 ros2 72932    5300 python3 
938291200 | 287516     74 python3 158684     73 rviz2 99980      67 joint_state_pub 76664      45 ros2 72984    5300 python3 
938295296 | 287516     74 python3 158684     73 rviz2 99980      67 joint_state_pub 76664      45 ros2 72984    5300 python3 
938303488 | 287516     74 python3 158684     73 rviz2 99980      67 joint_state_pub 76664      45 ros2 72984    5300 python3 
938315776 | 287516     74 python3 158684     73 rviz2 99980      67 joint_state_pub 76664      45 ros2 72984    5300 python3 
938070016 | 287516     74 python3 158684     73 rviz2 99980      67 joint_state_pub 76664      45 ros2 72984    5300 python3 
938381312 | 287516     74 python3 158684     73 rviz2 99980      67 joint_state_pub 76664      45 ros2 72984    5300 python3 
938291200 | 287516     74 python3 158684     73 rviz2 99980      67 joint_state_pub 76664      45 ros2 72984    5300 python3 
938958848 | 287516     74 python3 158684     73 rviz2 99980      67 joint_state_pub 76664      45 ros2 72984    5300 python3 
938299392 | 287516     74 python3 158684     73 rviz2 99980      67 joint_state_pub 76664      45 ros2 72984    5300 python3 
938033152 | 287516     74 python3 158684     73 rviz2 99980      67 joint_state_pub 76664      45 ros2 72984    5300 python3 
938557440 | 287516     74 python3 158684     73 rviz2 99980      67 joint_state_pub 76664      45 ros2 72984    5300 python3 
938561536 | 287516     74 python3 158684     73 rviz2 99980      67 joint_state_pub 76664      45 ros2 72984    5300 python3 
938295296 | 287516     74 python3 158684     73 rviz2 99980      67 joint_state_pub 76664      45 ros2 72984    5300 python3 
938426368 | 287516     74 python3 158684     73 rviz2 99980      67 joint_state_pub 76664      45 ros2 72984    5300 python3 
938741760 | 287516     74 python3 158684     73 rviz2 99980      67 joint_state_pub 76664      45 ros2 72984    5300 python3 
938536960 | 287516     74 python3 158684     73 rviz2 99980      67 joint_state_pub 76664      45 ros2 72984    5300 python3 
938414080 | 287516     74 python3 158684     73 rviz2 99980      67 joint_state_pub 76664      45 ros2 72984    5300 python3 
938233856 | 287516     74 python3 158684     73 rviz2 99980      67 joint_state_pub 76664      45 ros2 72984    5300 python3 
938307584 | 287516     74 python3 158684     73 rviz2 99980      67 joint_state_pub 76664      45 ros2 72984    5300 python3 
938041344 | 287516     74 python3 158684     73 rviz2 99980      67 joint_state_pub 76664      45 ros2 72984    5300 python3 
938012672 | 287516     74 python3 158684     73 rviz2 99980      67 joint_state_pub 76664      45 ros2 72984    5300 python3 
938291200 | 287516     74 python3 158684     73 rviz2 99980      67 joint_state_pub 76664      45 ros2 72984    5300 python3 
938184704 | 287516     74 python3 158684     73 rviz2 99980      67 joint_state_pub 76664      45 ros2 72984    5300 python3 
938184704 | 287516     74 python3 158684     73 rviz2 99980      67 joint_state_pub 76664      45 ros2 72984    5300 python3 
938184704 | 287516     74 python3 158684     73 rviz2 99980      67 joint_state_pub 76664      45 ros2 72984    5300 python3 
938409984 | 287516     74 python3 158684     73 rviz2 99980      67 joint_state_pub 76664      45 ros2 72984    5300 python3 
938319872 | 287516     74 python3 158684     73 rviz2 99980      67 joint_state_pub 76664      45 ros2 72984    5300 python3 
938459136 | 287516     74 python3 158684     73 rviz2 99980      67 joint_state_pub 76664      45 ros2 72984    5300 python3 
938127360 | 287516     74 python3 158684     73 rviz2 99980      67 joint_state_pub 76664      45 ros2 72984    5300 python3 
938967040 | 287516     74 python3 158684     73 rviz2 99980      67 joint_state_pub 76664      45 ros2 72984    5300 python3 
937914368 | 287516     74 python3 158684     73 rviz2 99980      67 joint_state_pub 76664      45 ros2 72984    5300 python3 
938041344 | 287516     74 python3 158684     73 rviz2 99980      67 joint_state_pub 76664      45 ros2 72984    5300 python3 
938692608 | 287516     74 python3 158684     73 rviz2 99980      67 joint_state_pub 76664      45 ros2 72984    5300 python3 
938045440 | 287516     74 python3 158684     73 rviz2 99980      67 joint_state_pub 76664      45 ros2 72984    5300 python3 
938344448 | 287516     74 python3 158684     73 rviz2 99980      67 joint_state_pub 76664      45 ros2 72984    5300 python3 
938033152 | 287516     74 python3 158684     73 rviz2 99980      67 joint_state_pub 76664      45 ros2 72984    5300 python3 
938041344 | 287516     74 python3 158684     73 rviz2 99980      67 joint_state_pub 76664      45 ros2 72984    5300 python3 
938299392 | 287516     74 python3 158684     73 rviz2 99980      67 joint_state_pub 76664      45 ros2 72984    5300 python3 
938557440 | 287516     74 python3 158684     73 rviz2 99980      67 joint_state_pub 76664      45 ros2 72984    5300 python3 
938078208 | 287516     74 python3 158684     73 rviz2 99980      67 joint_state_pub 76664      45 ros2 72984    5300 python3 
938340352 | 287516     74 python3 158684     73 rviz2 99980      67 joint_state_pub 76664      45 ros2 72984    5300 python3 
938299392 | 287516     74 python3 158684     73 rviz2 99980      67 joint_state_pub 76664      45 ros2 72984    5300 python3 
938037248 | 287516     74 python3 158684     73 rviz2 99980      67 joint_state_pub 76664      45 ros2 72984    5300 python3 
938655744 | 287516     74 python3 158684     73 rviz2 99980      67 joint_state_pub 76664      45 ros2 72984    5300 python3 
938307584 | 287516     74 python3 158684     73 rviz2 99980      67 joint_state_pub 76664      45 ros2 72984    5300 python3 
938561536 | 287516     74 python3 158684     73 rviz2 99980      67 joint_state_pub 76664      45 ros2 72984    5300 python3 
938041344 | 287516     74 python3 158684     73 rviz2 99980      67 joint_state_pub 76664      45 ros2 72984    5300 python3 
937914368 | 287516     74 python3 158684     73 rviz2 99980      67 joint_state_pub 76664      45 ros2 72984    5300 python3 
938135552 | 287516     74 python3 158684     73 rviz2 99980      67 joint_state_pub 76664      45 ros2 72984    5300 python3 
938070016 | 287516     74 python3 158684     73 rviz2 99980      67 joint_state_pub 76664      45 ros2 72984    5300 python3 
938123264 | 287516     74 python3 158684     73 rviz2 99980      67 joint_state_pub 76664      45 ros2 72984    5300 python3 
938303488 | 287516     74 python3 158684     73 rviz2 99980      67 joint_state_pub 76664      45 ros2 72984    5300 python3 
938565632 | 287516     74 python3 158684     73 rviz2 99980      67 joint_state_pub 76664      45 ros2 72984    5300 python3 
938127360 | 287516     74 python3 158684     73 rviz2 99980      67 joint_state_pub 76664      45 ros2 72984    5300 python3 
938479616 | 287516     74 python3 158684     73 rviz2 99980      67 joint_state_pub 76664      45 ros2 72984    5300 python3 
938344448 | 287516     74 python3 158684     73 rviz2 99980      67 joint_state_pub 76664      45 ros2 72984    5300 python3 
938307584 | 287516     74 python3 158684     73 rviz2 99980      67 joint_state_pub 76664      45 ros2 72984    5300 python3 
938565632 | 287516     74 python3 158684     73 rviz2 99980      67 joint_state_pub 76664      45 ros2 72984    5300 python3 
938569728 | 287516     74 python3 158684     73 rviz2 99980      67 joint_state_pub 76664      45 ros2 72984    5300 python3 
938045440 | 287516     74 python3 158684     73 rviz2 99980      67 joint_state_pub 76664      45 ros2 72984    5300 python3 
938565632 | 287516     74 python3 158684     73 rviz2 99980      67 joint_state_pub 76664      45 ros2 72984    5300 python3 
938565632 | 287516     74 python3 158684     73 rviz2 99980      67 joint_state_pub 76664      45 ros2 72984    5300 python3 
938311680 | 287516     74 python3 158684     73 rviz2 99980      67 joint_state_pub 76664      45 ros2 72984    5300 python3 
938188800 | 287516     74 python3 158684     73 rviz2 99980      67 joint_state_pub 76664      45 ros2 72984    5300 python3 
938442752 | 287516     74 python3 158684     73 rviz2 99980      67 joint_state_pub 76664      45 ros2 72984    5300 python3 
938479616 | 287516     74 python3 158684     73 rviz2 99980      67 joint_state_pub 76664      45 ros2 72984    5300 python3 
938057728 | 287516     74 python3 158684     73 rviz2 99980      67 joint_state_pub 76664      45 ros2 72984    5300 python3 
938315776 | 287516     74 python3 158684     73 rviz2 99980      67 joint_state_pub 76664      45 ros2 72984    5300 python3 
938074112 | 287516     74 python3 158684     73 rviz2 99980      67 joint_state_pub 76664      45 ros2 72984    5300 python3 
944177152 | 287516     74 python3 158684     73 rviz2 99980      67 joint_state_pub 76664      45 ros2 72984    5300 python3 
945680384 | 287516     74 python3 158684     73 rviz2 99980      67 joint_state_pub 76664      45 ros2 72984    5300 python3 
945631232 | 287516     74 python3 158684     73 rviz2 99980      67 joint_state_pub 76664      45 ros2 72984    5300 python3 
952745984 | 287516     74 python3 158684     73 rviz2 99980      67 joint_state_pub 76664      45 ros2 72984    5300 python3 
976637952 | 287684     74 python3 158788     73 rviz2 100084     67 joint_state_pub 76768      45 ros2 73092    5300 python3 
980688896 | 287684     74 python3 158788     73 rviz2 100152     67 joint_state_pub 76768      45 ros2 73092    5300 python3 
981753856 | 287684     74 python3 158852     73 rviz2 100048     67 joint_state_pub 76768      45 ros2 73160    5300 python3 
940740608 | 287684     74 python3 158748     73 rviz2 100048     67 joint_state_pub 76768      45 ros2 73160    5300 python3 
940744704 | 287684     74 python3 158748     73 rviz2 100048     67 joint_state_pub 76768      45 ros2 73160    5300 python3 
940576768 | 287684     74 python3 158748     73 rviz2 100048     67 joint_state_pub 76768      45 ros2 73056    5300 python3 
941158400 | 287684     74 python3 158748     73 rviz2 100048     67 joint_state_pub 76768      45 ros2 73056    5300 python3 
941006848 | 287684     74 python3 158748     73 rviz2 100048     67 joint_state_pub 76768      45 ros2 73056    5300 python3 
940486656 | 287684     74 python3 158748     73 rviz2 100048     67 joint_state_pub 76768      45 ros2 73056    5300 python3 
947920896 | 287684     74 python3 158748     73 rviz2 100048     67 joint_state_pub 76768      45 ros2 73056    5300 python3 
948236288 | 287684     74 python3 158748     73 rviz2 100048     67 joint_state_pub 76664      45 ros2 73056    5300 python3 
946114560 | 287580     74 python3 158748     73 rviz2 100048     67 joint_state_pub 76664      45 ros2 73056    5300 python3 
953810944 | 287580     74 python3 158748     73 rviz2 100048     67 joint_state_pub 76664      45 ros2 73056    5300 python3 
963137536 | 287580     74 python3 158748     73 rviz2 100048     67 joint_state_pub 76664      45 ros2 73056    5300 python3 
986918912 | 287748     74 python3 158852     73 rviz2 100152     67 joint_state_pub 76884    7872 ros2 76832      45 ros2 
988303360 | 287748     74 python3 158916     73 rviz2 100152     67 joint_state_pub 78644    7872 ros2 76832      45 ros2 
988217344 | 287684     74 python3 158916     73 rviz2 100152     67 joint_state_pub 78644    7872 ros2 76832      45 ros2 
988631040 | 287684     74 python3 158916     73 rviz2 100152     67 joint_state_pub 79324    7872 ros2 76832      45 ros2 
994635776 | 291948     74 python3 158852     73 rviz2 100156     67 joint_state_pub 76832      45 ros2 76508    7872 ros2 
948318208 | 291948     74 python3 158748     73 rviz2 100052     67 joint_state_pub 76728      45 ros2 73160    5300 python3 
948072448 | 291948     74 python3 158748     73 rviz2 100052     67 joint_state_pub 76728      45 ros2 73160    5300 python3 
948064256 | 291844     74 python3 158748     73 rviz2 100052     67 joint_state_pub 76728      45 ros2 73160    5300 python3 
948314112 | 291844     74 python3 158748     73 rviz2 100052     67 joint_state_pub 76728      45 ros2 73160    5300 python3 
948576256 | 291844     74 python3 158748     73 rviz2 100052     67 joint_state_pub 76728      45 ros2 73160    5300 python3 
948486144 | 291844     74 python3 158748     73 rviz2 100052     67 joint_state_pub 76728      45 ros2 73056    5300 python3 
948576256 | 291844     74 python3 158748     73 rviz2 100052     67 joint_state_pub 76728      45 ros2 73056    5300 python3 
948203520 | 291844     74 python3 158748     73 rviz2 100052     67 joint_state_pub 76728      45 ros2 73056    5300 python3 
948187136 | 291844     74 python3 158748     73 rviz2 100052     67 joint_state_pub 76728      45 ros2 73056    5300 python3 
947933184 | 291844     74 python3 158748     73 rviz2 100052     67 joint_state_pub 76728      45 ros2 73056    5300 python3 
948195328 | 291844     74 python3 158748     73 rviz2 100052     67 joint_state_pub 76728      45 ros2 73056    5300 python3 
948252672 | 291844     74 python3 158748     73 rviz2 100052     67 joint_state_pub 76728      45 ros2 73056    5300 python3 
948281344 | 291844     74 python3 158684     73 rviz2 100052     67 joint_state_pub 76664      45 ros2 72992    5300 python3 
948170752 | 291780     74 python3 158684     73 rviz2 100052     67 joint_state_pub 76664      45 ros2 72992    5300 python3 
947908608 | 291780     74 python3 158684     73 rviz2 100052     67 joint_state_pub 76664      45 ros2 72992    5300 python3 
947908608 | 291780     74 python3 158684     73 rviz2 100052     67 joint_state_pub 76664      45 ros2 72992    5300 python3 
948170752 | 291780     74 python3 158684     73 rviz2 100052     67 joint_state_pub 76664      45 ros2 72992    5300 python3 
947593216 | 291780     74 python3 158684     73 rviz2 99988      67 joint_state_pub 76664      45 ros2 72992    5300 python3 
947752960 | 291780     74 python3 158684     73 rviz2 99988      67 joint_state_pub 76664      45 ros2 72992    5300 python3 
947879936 | 291780     74 python3 158684     73 rviz2 99988      67 joint_state_pub 76664      45 ros2 72992    5300 python3 
947621888 | 291780     74 python3 158684     73 rviz2 99988      67 joint_state_pub 76664      45 ros2 72992    5300 python3 
947621888 | 291780     74 python3 158684     73 rviz2 99988      67 joint_state_pub 76664      45 ros2 72992    5300 python3 
947884032 | 291780     74 python3 158684     73 rviz2 99988      67 joint_state_pub 76664      45 ros2 72992    5300 python3 
947499008 | 291780     74 python3 158684     73 rviz2 99988      67 joint_state_pub 76664      45 ros2 72992    5300 python3 
947650560 | 291780     74 python3 158684     73 rviz2 99988      67 joint_state_pub 76664      45 ros2 72992    5300 python3 
947875840 | 291780     74 python3 158684     73 rviz2 99988      67 joint_state_pub 76664      45 ros2 72992    5300 python3 
947363840 | 291780     74 python3 158684     73 rviz2 99988      67 joint_state_pub 76664      45 ros2 72992    5300 python3 
947548160 | 291780     74 python3 158684     73 rviz2 99988      67 joint_state_pub 76664      45 ros2 72992    5300 python3 
947326976 | 291780     74 python3 158684     73 rviz2 99988      67 joint_state_pub 76664      45 ros2 72992    5300 python3 
947654656 | 291780     74 python3 158684     73 rviz2 99988      67 joint_state_pub 76664      45 ros2 72992    5300 python3 
947384320 | 291780     74 python3 158684     73 rviz2 99988      67 joint_state_pub 76664      45 ros2 72992    5300 python3 
947908608 | 291780     74 python3 158684     73 rviz2 99988      67 joint_state_pub 76664      45 ros2 72992    5300 python3 
947634176 | 291780     74 python3 158684     73 rviz2 99988      67 joint_state_pub 76664      45 ros2 72992    5300 python3 
947589120 | 291780     74 python3 158684     73 rviz2 99988      67 joint_state_pub 76664      45 ros2 72992    5300 python3 
947617792 | 291780     74 python3 158684     73 rviz2 99988      67 joint_state_pub 76664      45 ros2 72992    5300 python3 
947679232 | 291780     74 python3 158684     73 rviz2 99988      67 joint_state_pub 76664      45 ros2 72992    5300 python3 
947372032 | 291780     74 python3 158684     73 rviz2 99988      67 joint_state_pub 76664      45 ros2 72992    5300 python3 
947499008 | 291780     74 python3 158684     73 rviz2 99988      67 joint_state_pub 76664      45 ros2 72992    5300 python3 
947335168 | 291780     74 python3 158684     73 rviz2 99988      67 joint_state_pub 76664      45 ros2 72992    5300 python3 
947916800 | 291780     74 python3 158684     73 rviz2 99988      67 joint_state_pub 76664      45 ros2 72992    5300 python3 
947625984 | 291780     74 python3 158684     73 rviz2 99988      67 joint_state_pub 76664      45 ros2 72992    5300 python3 
947630080 | 291780     74 python3 158684     73 rviz2 99988      67 joint_state_pub 76664      45 ros2 72992    5300 python3 
947617792 | 291780     74 python3 158684     73 rviz2 99988      67 joint_state_pub 76664      45 ros2 72992    5300 python3 
947240960 | 291780     74 python3 158684     73 rviz2 99988      67 joint_state_pub 76664      45 ros2 72992    5300 python3 
947654656 | 291780     74 python3 158684     73 rviz2 99988      67 joint_state_pub 76664      45 ros2 72992    5300 python3 
947900416 | 291780     74 python3 158684     73 rviz2 99988      67 joint_state_pub 76664      45 ros2 72992    5300 python3 
947376128 | 291780     74 python3 158684     73 rviz2 99988      67 joint_state_pub 76664      45 ros2 72992    5300 python3 
948178944 | 291780     74 python3 158684     73 rviz2 99988      67 joint_state_pub 76664      45 ros2 72992    5300 python3 
947752960 | 291780     74 python3 158684     73 rviz2 99988      67 joint_state_pub 76664      45 ros2 72992    5300 python3 
947625984 | 291780     74 python3 158684     73 rviz2 99988      67 joint_state_pub 76664      45 ros2 72992    5300 python3 
947232768 | 291780     74 python3 158684     73 rviz2 99988      67 joint_state_pub 76664      45 ros2 72992    5300 python3 
947367936 | 291780     74 python3 158684     73 rviz2 99988      67 joint_state_pub 76664      45 ros2 72992    5300 python3 
947634176 | 291780     74 python3 158684     73 rviz2 99988      67 joint_state_pub 76664      45 ros2 72992    5300 python3 
947507200 | 291780     74 python3 158684     73 rviz2 99988      67 joint_state_pub 76664      45 ros2 72992    5300 python3 
947367936 | 291780     74 python3 158684     73 rviz2 99988      67 joint_state_pub 76664      45 ros2 72992    5300 python3 
947625984 | 291780     74 python3 158684     73 rviz2 99988      67 joint_state_pub 76664      45 ros2 72992    5300 python3 
947892224 | 291780     74 python3 158684     73 rviz2 99988      67 joint_state_pub 76664      45 ros2 72992    5300 python3 
947630080 | 291780     74 python3 158684     73 rviz2 99988      67 joint_state_pub 76664      45 ros2 72992    5300 python3 
947961856 | 291780     74 python3 158684     73 rviz2 99988      67 joint_state_pub 76664      45 ros2 72992    5300 python3 
947310592 | 291780     74 python3 158684     73 rviz2 99988      67 joint_state_pub 76664      45 ros2 72992    5300 python3 
947765248 | 291780     74 python3 158684     73 rviz2 99988      67 joint_state_pub 76664      45 ros2 72992    5300 python3 
947372032 | 291780     74 python3 158684     73 rviz2 99988      67 joint_state_pub 76664      45 ros2 72992    5300 python3 
947638272 | 291780     74 python3 158684     73 rviz2 99988      67 joint_state_pub 76664      45 ros2 72992    5300 python3 
947634176 | 291780     74 python3 158684     73 rviz2 99988      67 joint_state_pub 76664      45 ros2 72992    5300 python3 
948142080 | 291780     74 python3 158684     73 rviz2 99988      67 joint_state_pub 76664      45 ros2 72992    5300 python3 
947720192 | 291780     74 python3 158684     73 rviz2 99988      67 joint_state_pub 76664      45 ros2 72992    5300 python3 
947691520 | 291780     74 python3 158684     73 rviz2 99988      67 joint_state_pub 76664      45 ros2 72992    5300 python3 
947748864 | 291780     74 python3 158684     73 rviz2 99988      67 joint_state_pub 76664      45 ros2 72992    5300 python3 
947875840 | 291780     74 python3 158684     73 rviz2 99988      67 joint_state_pub 76664      45 ros2 72992    5300 python3 
947650560 | 291780     74 python3 158684     73 rviz2 99988      67 joint_state_pub 76664      45 ros2 72992    5300 python3 
947400704 | 291780     74 python3 158684     73 rviz2 99988      67 joint_state_pub 76664      45 ros2 72992    5300 python3 
947638272 | 291780     74 python3 158684     73 rviz2 99988      67 joint_state_pub 76664      45 ros2 72992    5300 python3 
948092928 | 291780     74 python3 158684     73 rviz2 99988      67 joint_state_pub 76664      45 ros2 72992    5300 python3 
947466240 | 291780     74 python3 158684     73 rviz2 99988      67 joint_state_pub 76664      45 ros2 72992    5300 python3 
947994624 | 291780     74 python3 158684     73 rviz2 99988      67 joint_state_pub 76664      45 ros2 72992    5300 python3 
947945472 | 291780     74 python3 158684     73 rviz2 99988      67 joint_state_pub 76664      45 ros2 72992    5300 python3 
947630080 | 291780     74 python3 158684     73 rviz2 99988      67 joint_state_pub 76664      45 ros2 72992    5300 python3 
947372032 | 291780     74 python3 158684     73 rviz2 99988      67 joint_state_pub 76664      45 ros2 72992    5300 python3 
947892224 | 291780     74 python3 158684     73 rviz2 99988      67 joint_state_pub 76664      45 ros2 72992    5300 python3 
947724288 | 291780     74 python3 158684     73 rviz2 99988      67 joint_state_pub 76664      45 ros2 72992    5300 python3 
948056064 | 291780     74 python3 158684     73 rviz2 99988      67 joint_state_pub 76664      45 ros2 72992    5300 python3 
947761152 | 291780     74 python3 158684     73 rviz2 99988      67 joint_state_pub 76664      45 ros2 72992    5300 python3 
947982336 | 291780     74 python3 158684     73 rviz2 99988      67 joint_state_pub 76664      45 ros2 72992    5300 python3 
948002816 | 291780     74 python3 158684     73 rviz2 99988      67 joint_state_pub 76664      45 ros2 72992    5300 python3 
947634176 | 291780     74 python3 158684     73 rviz2 99988      67 joint_state_pub 76664      45 ros2 72992    5300 python3 
947372032 | 291780     74 python3 158684     73 rviz2 99988      67 joint_state_pub 76664      45 ros2 72992    5300 python3 
947638272 | 291780     74 python3 158684     73 rviz2 99988      67 joint_state_pub 76664      45 ros2 72992    5300 python3 
947896320 | 291780     74 python3 158684     73 rviz2 99988      67 joint_state_pub 76664      45 ros2 72992    5300 python3 
947654656 | 291780     74 python3 158684     73 rviz2 99988      67 joint_state_pub 76664      45 ros2 72992    5300 python3 
947736576 | 291780     74 python3 158684     73 rviz2 99988      67 joint_state_pub 76664      45 ros2 72992    5300 python3 
947449856 | 291780     74 python3 158684     73 rviz2 99988      67 joint_state_pub 76664      45 ros2 72992    5300 python3 
947716096 | 291780     74 python3 158684     73 rviz2 99988      67 joint_state_pub 76664      45 ros2 72992    5300 python3 
947638272 | 291780     74 python3 158684     73 rviz2 99988      67 joint_state_pub 76664      45 ros2 72992    5300 python3 
947376128 | 291780     74 python3 158684     73 rviz2 99988      67 joint_state_pub 76664      45 ros2 72992    5300 python3 
947748864 | 291780     74 python3 158684     73 rviz2 99988      67 joint_state_pub 76664      45 ros2 72992    5300 python3 
947744768 | 291780     74 python3 158684     73 rviz2 99988      67 joint_state_pub 76664      45 ros2 72992    5300 python3 
947896320 | 291780     74 python3 158684     73 rviz2 99988      67 joint_state_pub 76664      45 ros2 72992    5300 python3 
947900416 | 291780     74 python3 158684     73 rviz2 99988      67 joint_state_pub 76664      45 ros2 72992    5300 python3 
947380224 | 291780     74 python3 158684     73 rviz2 99988      67 joint_state_pub 76664      45 ros2 72992    5300 python3 
947638272 | 291780     74 python3 158684     73 rviz2 99988      67 joint_state_pub 76664      45 ros2 72992    5300 python3 
947642368 | 291780     74 python3 158684     73 rviz2 99988      67 joint_state_pub 76664      45 ros2 72992    5300 python3 
947474432 | 291780     74 python3 158684     73 rviz2 99988      67 joint_state_pub 76664      45 ros2 72992    5300 python3 
947642368 | 291780     74 python3 158684     73 rviz2 99988      67 joint_state_pub 76664      45 ros2 72992    5300 python3 
947793920 | 291780     74 python3 158684     73 rviz2 99988      67 joint_state_pub 76664      45 ros2 72992    5300 python3 
908111872 | 291780     74 python3 158580     73 rviz2 99884      67 joint_state_pub 76560      45 ros2 72992    5300 python3 
908599296 | 291676     74 python3 158580     73 rviz2 99884      67 joint_state_pub 76560      45 ros2 72992    5300 python3 
908599296 | 291676     74 python3 158580     73 rviz2 99884      67 joint_state_pub 76496      45 ros2 72992    5300 python3 
908369920 | 291676     74 python3 158580     73 rviz2 99884      67 joint_state_pub 76496      45 ros2 72992    5300 python3 
908595200 | 291676     74 python3 158580     73 rviz2 99884      67 joint_state_pub 76496      45 ros2 72992    5300 python3 
908390400 | 291676     74 python3 158580     73 rviz2 99884      67 joint_state_pub 76496      45 ros2 72824    5300 python3 
908271616 | 291676     74 python3 158580     73 rviz2 99884      67 joint_state_pub 76496      45 ros2 72824    5300 python3 
908161024 | 291676     74 python3 158580     73 rviz2 99884      67 joint_state_pub 76496      45 ros2 72824    5300 python3 
908611584 | 291676     74 python3 158516     73 rviz2 99884      67 joint_state_pub 76496      45 ros2 72824    5300 python3 
908333056 | 291612     74 python3 158516     73 rviz2 99884      67 joint_state_pub 76496      45 ros2 72824    5300 python3 
908599296 | 291612     74 python3 158516     73 rviz2 99820      67 joint_state_pub 76496      45 ros2 72824    5300 python3 
908206080 | 291612     74 python3 158516     73 rviz2 99820      67 joint_state_pub 76496      45 ros2 72824    5300 python3 
907706368 | 291612     74 python3 158516     73 rviz2 99820      67 joint_state_pub 76496      45 ros2 72824    5300 python3 
907444224 | 291612     74 python3 158516     73 rviz2 99820      67 joint_state_pub 76496      45 ros2 72824    5300 python3 
907509760 | 291612     74 python3 158516     73 rviz2 99820      67 joint_state_pub 76496      45 ros2 72824    5300 python3 
908029952 | 291612     74 python3 158516     73 rviz2 99820      67 joint_state_pub 76496      45 ros2 72824    5300 python3 
907591680 | 291612     74 python3 158516     73 rviz2 99820      67 joint_state_pub 76496      45 ros2 72824    5300 python3 
907968512 | 291612     74 python3 158516     73 rviz2 99820      67 joint_state_pub 76496      45 ros2 72824    5300 python3 
907812864 | 291612     74 python3 158516     73 rviz2 99820      67 joint_state_pub 76496      45 ros2 72824    5300 python3 
907644928 | 291612     74 python3 158516     73 rviz2 99820      67 joint_state_pub 76496      45 ros2 72824    5300 python3 
907833344 | 291612     74 python3 158516     73 rviz2 99820      67 joint_state_pub 76496      45 ros2 72824    5300 python3 
907771904 | 291612     74 python3 158516     73 rviz2 99820      67 joint_state_pub 76496      45 ros2 72824    5300 python3 
907558912 | 291612     74 python3 158516     73 rviz2 99820      67 joint_state_pub 76496      45 ros2 72824    5300 python3 
907550720 | 291612     74 python3 158516     73 rviz2 99820      67 joint_state_pub 76496      45 ros2 72824    5300 python3 
907804672 | 291612     74 python3 158516     73 rviz2 99820      67 joint_state_pub 76496      45 ros2 72824    5300 python3 
907771904 | 291612     74 python3 158516     73 rviz2 99820      67 joint_state_pub 76496      45 ros2 72824    5300 python3 
907771904 | 291612     74 python3 158516     73 rviz2 99820      67 joint_state_pub 76496      45 ros2 72824    5300 python3 
907882496 | 291612     74 python3 158516     73 rviz2 99820      67 joint_state_pub 76496      45 ros2 72824    5300 python3 
907825152 | 291612     74 python3 158516     73 rviz2 99820      67 joint_state_pub 76496      45 ros2 72824    5300 python3 
907919360 | 291612     74 python3 158516     73 rviz2 99820      67 joint_state_pub 76496      45 ros2 72824    5300 python3 
907759616 | 291612     74 python3 158516     73 rviz2 99820      67 joint_state_pub 76496      45 ros2 72824    5300 python3 
908042240 | 291612     74 python3 158516     73 rviz2 99820      67 joint_state_pub 76496      45 ros2 72824    5300 python3 
907874304 | 291612     74 python3 158516     73 rviz2 99820      67 joint_state_pub 76496      45 ros2 72824    5300 python3 
907927552 | 291612     74 python3 158516     73 rviz2 99820      67 joint_state_pub 76496      45 ros2 72824    5300 python3 
907497472 | 291612     74 python3 158516     73 rviz2 99820      67 joint_state_pub 76496      45 ros2 72824    5300 python3 
907780096 | 291612     74 python3 158516     73 rviz2 99820      67 joint_state_pub 76496      45 ros2 72824    5300 python3 
907718656 | 291612     74 python3 158516     73 rviz2 99820      67 joint_state_pub 76496      45 ros2 72824    5300 python3 
907644928 | 291612     74 python3 158516     73 rviz2 99820      67 joint_state_pub 76496      45 ros2 72824    5300 python3 
907935744 | 291612     74 python3 158516     73 rviz2 99820      67 joint_state_pub 76496      45 ros2 72824    5300 python3 
907890688 | 291612     74 python3 158516     73 rviz2 99820      67 joint_state_pub 76496      45 ros2 72824    5300 python3 
907509760 | 291612     74 python3 158516     73 rviz2 99820      67 joint_state_pub 76496      45 ros2 72824    5300 python3 
907776000 | 291612     74 python3 158516     73 rviz2 99820      67 joint_state_pub 76496      45 ros2 72824    5300 python3 
907481088 | 291612     74 python3 158516     73 rviz2 99820      67 joint_state_pub 76496      45 ros2 72824    5300 python3 
907780096 | 291612     74 python3 158516     73 rviz2 99820      67 joint_state_pub 76496      45 ros2 72824    5300 python3 
907771904 | 291612     74 python3 158516     73 rviz2 99820      67 joint_state_pub 76496      45 ros2 72824    5300 python3 
907771904 | 291612     74 python3 158516     73 rviz2 99820      67 joint_state_pub 76496      45 ros2 72824    5300 python3 
907780096 | 291612     74 python3 158516     73 rviz2 99820      67 joint_state_pub 76496      45 ros2 72824    5300 python3 
907681792 | 291612     74 python3 158516     73 rviz2 99820      67 joint_state_pub 76496      45 ros2 72824    5300 python3 
907681792 | 291612     74 python3 158516     73 rviz2 99820      67 joint_state_pub 76496      45 ros2 72824    5300 python3 
907796480 | 291612     74 python3 158516     73 rviz2 99820      67 joint_state_pub 76496      45 ros2 72824    5300 python3 
908038144 | 291612     74 python3 158516     73 rviz2 99820      67 joint_state_pub 76496      45 ros2 72824    5300 python3 
908038144 | 291612     74 python3 158516     73 rviz2 99820      67 joint_state_pub 76496      45 ros2 72824    5300 python3 
907776000 | 291612     74 python3 158516     73 rviz2 99820      67 joint_state_pub 76496      45 ros2 72824    5300 python3 
907669504 | 291612     74 python3 158516     73 rviz2 99820      67 joint_state_pub 76496      45 ros2 72824    5300 python3 
907919360 | 291612     74 python3 158516     73 rviz2 99820      67 joint_state_pub 76496      45 ros2 72824    5300 python3 
907669504 | 291612     74 python3 158516     73 rviz2 99820      67 joint_state_pub 76496      45 ros2 72824    5300 python3 
907747328 | 291612     74 python3 158516     73 rviz2 99820      67 joint_state_pub 76496      45 ros2 72824    5300 python3 
907718656 | 291612     74 python3 158516     73 rviz2 99820      67 joint_state_pub 76496      45 ros2 72824    5300 python3 
907522048 | 291612     74 python3 158516     73 rviz2 99820      67 joint_state_pub 76496      45 ros2 72824    5300 python3 
907538432 | 291612     74 python3 158516     73 rviz2 99820      67 joint_state_pub 76496      45 ros2 72824    5300 python3 
907612160 | 291612     74 python3 158516     73 rviz2 99820      67 joint_state_pub 76496      45 ros2 72824    5300 python3 
907509760 | 291612     74 python3 158516     73 rviz2 99820      67 joint_state_pub 76496      45 ros2 72824    5300 python3 
907788288 | 291612     74 python3 158516     73 rviz2 99820      67 joint_state_pub 76496      45 ros2 72824    5300 python3 
907751424 | 291612     74 python3 158516     73 rviz2 99820      67 joint_state_pub 76496      45 ros2 72824    5300 python3 
907788288 | 291612     74 python3 158516     73 rviz2 99820      67 joint_state_pub 76496      45 ros2 72824    5300 python3 
907399168 | 291612     74 python3 158516     73 rviz2 99820      67 joint_state_pub 76496      45 ros2 72824    5300 python3 
907776000 | 291612     74 python3 158516     73 rviz2 99820      67 joint_state_pub 76496      45 ros2 72824    5300 python3 
908296192 | 291612     74 python3 158516     73 rviz2 99820      67 joint_state_pub 76496      45 ros2 72824    5300 python3 
907771904 | 291612     74 python3 158516     73 rviz2 99820      67 joint_state_pub 76496      45 ros2 72824    5300 python3 
907862016 | 291612     74 python3 158516     73 rviz2 99820      67 joint_state_pub 76496      45 ros2 72824    5300 python3 
908038144 | 291612     74 python3 158516     73 rviz2 99820      67 joint_state_pub 76496      45 ros2 72824    5300 python3 
907911168 | 291612     74 python3 158516     73 rviz2 99820      67 joint_state_pub 76496      45 ros2 72824    5300 python3 
907517952 | 291612     74 python3 158516     73 rviz2 99820      67 joint_state_pub 76496      45 ros2 72824    5300 python3 
907780096 | 291612     74 python3 158516     73 rviz2 99820      67 joint_state_pub 76496      45 ros2 72824    5300 python3 
907923456 | 291612     74 python3 158516     73 rviz2 99820      67 joint_state_pub 76496      45 ros2 72824    5300 python3 
907608064 | 291612     74 python3 158516     73 rviz2 99820      67 joint_state_pub 76496      45 ros2 72824    5300 python3 
907513856 | 291612     74 python3 158516     73 rviz2 99820      67 joint_state_pub 76496      45 ros2 72824    5300 python3 
908042240 | 291612     74 python3 158516     73 rviz2 99820      67 joint_state_pub 76496      45 ros2 72824    5300 python3 
907788288 | 291612     74 python3 158516     73 rviz2 99820      67 joint_state_pub 76496      45 ros2 72824    5300 python3 
907530240 | 291612     74 python3 158516     73 rviz2 99820      67 joint_state_pub 76496      45 ros2 72824    5300 python3 
908046336 | 291612     74 python3 158516     73 rviz2 99820      67 joint_state_pub 76496      45 ros2 72824    5300 python3 
908201984 | 291612     74 python3 158516     73 rviz2 99820      67 joint_state_pub 76496      45 ros2 72824    5300 python3 
907550720 | 291612     74 python3 158516     73 rviz2 99820      67 joint_state_pub 76496      45 ros2 72824    5300 python3 
907526144 | 291612     74 python3 158516     73 rviz2 99820      67 joint_state_pub 76496      45 ros2 72824    5300 python3 
907837440 | 291612     74 python3 158516     73 rviz2 99820      67 joint_state_pub 76496      45 ros2 72824    5300 python3 
907784192 | 291612     74 python3 158516     73 rviz2 99820      67 joint_state_pub 76496      45 ros2 72824    5300 python3 
907554816 | 291612     74 python3 158516     73 rviz2 99820      67 joint_state_pub 76496      45 ros2 72824    5300 python3 
907812864 | 291612     74 python3 158516     73 rviz2 99820      67 joint_state_pub 76496      45 ros2 72824    5300 python3 
908189696 | 291612     74 python3 158516     73 rviz2 99820      67 joint_state_pub 76496      45 ros2 72824    5300 python3 
907563008 | 291612     74 python3 158516     73 rviz2 99820      67 joint_state_pub 76496      45 ros2 72824    5300 python3 
907976704 | 291612     74 python3 158516     73 rviz2 99820      67 joint_state_pub 76496      45 ros2 72824    5300 python3 
907616256 | 291612     74 python3 158516     73 rviz2 99820      67 joint_state_pub 76496      45 ros2 72824    5300 python3 
907878400 | 291612     74 python3 158516     73 rviz2 99820      67 joint_state_pub 76496      45 ros2 72824    5300 python3 
907653120 | 291612     74 python3 158516     73 rviz2 99820      67 joint_state_pub 76496      45 ros2 72824    5300 python3 
907526144 | 291612     74 python3 158516     73 rviz2 99820      67 joint_state_pub 76496      45 ros2 72824    5300 python3 
908148736 | 291612     74 python3 158516     73 rviz2 99820      67 joint_state_pub 76496      45 ros2 72824    5300 python3 
908013568 | 291612     74 python3 158516     73 rviz2 99820      67 joint_state_pub 76496      45 ros2 72824    5300 python3 
907624448 | 291612     74 python3 158516     73 rviz2 99820      67 joint_state_pub 76496      45 ros2 72824    5300 python3 
907649024 | 291612     74 python3 158516     73 rviz2 99820      67 joint_state_pub 76496      45 ros2 72824    5300 python3 
907530240 | 291612     74 python3 158516     73 rviz2 99820      67 joint_state_pub 76496      45 ros2 72824    5300 python3 
907784192 | 291612     74 python3 158516     73 rviz2 99820      67 joint_state_pub 76496      45 ros2 72824    5300 python3 
907530240 | 291612     74 python3 158516     73 rviz2 99820      67 joint_state_pub 76496      45 ros2 72824    5300 python3 
907784192 | 291612     74 python3 158516     73 rviz2 99820      67 joint_state_pub 76496      45 ros2 72824    5300 python3 
907780096 | 291612     74 python3 158516     73 rviz2 99820      67 joint_state_pub 76496      45 ros2 72824    5300 python3 
907804672 | 291612     74 python3 158516     73 rviz2 99820      67 joint_state_pub 76496      45 ros2 72824    5300 python3 
907513856 | 291612     74 python3 158516     73 rviz2 99820      67 joint_state_pub 76496      45 ros2 72824    5300 python3 
907784192 | 291612     74 python3 158516     73 rviz2 99820      67 joint_state_pub 76496      45 ros2 72824    5300 python3 
907403264 | 291612     74 python3 158516     73 rviz2 99820      67 joint_state_pub 76496      45 ros2 72824    5300 python3 
907522048 | 291612     74 python3 158516     73 rviz2 99820      67 joint_state_pub 76496      45 ros2 72824    5300 python3 
907919360 | 291612     74 python3 158516     73 rviz2 99820      67 joint_state_pub 76496      45 ros2 72824    5300 python3 
907788288 | 291612     74 python3 158516     73 rviz2 99820      67 joint_state_pub 76496      45 ros2 72824    5300 python3 
907788288 | 291612     74 python3 158516     73 rviz2 99820      67 joint_state_pub 76496      45 ros2 72824    5300 python3 
907698176 | 291612     74 python3 158516     73 rviz2 99820      67 joint_state_pub 76496      45 ros2 72824    5300 python3 
907788288 | 291612     74 python3 158516     73 rviz2 99820      67 joint_state_pub 76496      45 ros2 72824    5300 python3 
907653120 | 291612     74 python3 158516     73 rviz2 99820      67 joint_state_pub 76496      45 ros2 72824    5300 python3 
908046336 | 291612     74 python3 158516     73 rviz2 99820      67 joint_state_pub 76496      45 ros2 72824    5300 python3 
907788288 | 291612     74 python3 158516     73 rviz2 99820      67 joint_state_pub 76496      45 ros2 72824    5300 python3 
908054528 | 291612     74 python3 158516     73 rviz2 99820      67 joint_state_pub 76496      45 ros2 72824    5300 python3 
908050432 | 291612     74 python3 158516     73 rviz2 99820      67 joint_state_pub 76496      45 ros2 72824    5300 python3 
907526144 | 291612     74 python3 158516     73 rviz2 99820      67 joint_state_pub 76496      45 ros2 72824    5300 python3 
907788288 | 291612     74 python3 158516     73 rviz2 99820      67 joint_state_pub 76496      45 ros2 72824    5300 python3 
907522048 | 291612     74 python3 158516     73 rviz2 99820      67 joint_state_pub 76496      45 ros2 72824    5300 python3 
907788288 | 291612     74 python3 158516     73 rviz2 99820      67 joint_state_pub 76496      45 ros2 72824    5300 python3 
907788288 | 291612     74 python3 158516     73 rviz2 99820      67 joint_state_pub 76496      45 ros2 72824    5300 python3 
907788288 | 291612     74 python3 158516     73 rviz2 99820      67 joint_state_pub 76496      45 ros2 72824    5300 python3 
907788288 | 291612     74 python3 158516     73 rviz2 99820      67 joint_state_pub 76496      45 ros2 72824    5300 python3 
907849728 | 291612     74 python3 158516     73 rviz2 99820      67 joint_state_pub 76496      45 ros2 72824    5300 python3 
907792384 | 291612     74 python3 158516     73 rviz2 99820      67 joint_state_pub 76496      45 ros2 72824    5300 python3 
907522048 | 291612     74 python3 158516     73 rviz2 99820      67 joint_state_pub 76496      45 ros2 72824    5300 python3 
907698176 | 291612     74 python3 158516     73 rviz2 99820      67 joint_state_pub 76496      45 ros2 72824    5300 python3 
907530240 | 291612     74 python3 158516     73 rviz2 99820      67 joint_state_pub 76496      45 ros2 72824    5300 python3 
907943936 | 291612     74 python3 158516     73 rviz2 99820      67 joint_state_pub 76496      45 ros2 72824    5300 python3 
908120064 | 291612     74 python3 158516     73 rviz2 99820      67 joint_state_pub 76496      45 ros2 72824    5300 python3 
907788288 | 291612     74 python3 158516     73 rviz2 99820      67 joint_state_pub 76496      45 ros2 72824    5300 python3 
907526144 | 291612     74 python3 158516     73 rviz2 99820      67 joint_state_pub 76496      45 ros2 72824    5300 python3 
907788288 | 291612     74 python3 158516     73 rviz2 99820      67 joint_state_pub 76496      45 ros2 72824    5300 python3 
907788288 | 291612     74 python3 158516     73 rviz2 99820      67 joint_state_pub 76496      45 ros2 72824    5300 python3 
907526144 | 291612     74 python3 158516     73 rviz2 99820      67 joint_state_pub 76496      45 ros2 72824    5300 python3 
907792384 | 291612     74 python3 158516     73 rviz2 99820      67 joint_state_pub 76496      45 ros2 72824    5300 python3 
907792384 | 291612     74 python3 158516     73 rviz2 99820      67 joint_state_pub 76496      45 ros2 72824    5300 python3 
907628544 | 291612     74 python3 158516     73 rviz2 99820      67 joint_state_pub 76496      45 ros2 72824    5300 python3 
907792384 | 291612     74 python3 158516     73 rviz2 99820      67 joint_state_pub 76496      45 ros2 72824    5300 python3 
907792384 | 291612     74 python3 158516     73 rviz2 99820      67 joint_state_pub 76496      45 ros2 72824    5300 python3 
908058624 | 291612     74 python3 158516     73 rviz2 99820      67 joint_state_pub 76496      45 ros2 72824    5300 python3 
907792384 | 291612     74 python3 158516     73 rviz2 99820      67 joint_state_pub 76496      45 ros2 72824    5300 python3 
907825152 | 291612     74 python3 158516     73 rviz2 99820      67 joint_state_pub 76496      45 ros2 72824    5300 python3 
908111872 | 291612     74 python3 158516     73 rviz2 99820      67 joint_state_pub 76496      45 ros2 72824    5300 python3 
908058624 | 291612     74 python3 158516     73 rviz2 99820      67 joint_state_pub 76496      45 ros2 72824    5300 python3 
907792384 | 291612     74 python3 158516     73 rviz2 99820      67 joint_state_pub 76496      45 ros2 72824    5300 python3 
907788288 | 291612     74 python3 158516     73 rviz2 99820      67 joint_state_pub 76496      45 ros2 72824    5300 python3 
907902976 | 291612     74 python3 158516     73 rviz2 99820      67 joint_state_pub 76496      45 ros2 72824    5300 python3 
907792384 | 291612     74 python3 158516     73 rviz2 99820      67 joint_state_pub 76496      45 ros2 72824    5300 python3 
907948032 | 291612     74 python3 158516     73 rviz2 99820      67 joint_state_pub 76496      45 ros2 72824    5300 python3 
907792384 | 291612     74 python3 158516     73 rviz2 99820      67 joint_state_pub 76496      45 ros2 72824    5300 python3 
907788288 | 291612     74 python3 158516     73 rviz2 99820      67 joint_state_pub 76496      45 ros2 72824    5300 python3 
907403264 | 291612     74 python3 158516     73 rviz2 99820      67 joint_state_pub 76496      45 ros2 72824    5300 python3 
907874304 | 291612     74 python3 158516     73 rviz2 99820      67 joint_state_pub 76496      45 ros2 72824    5300 python3 
907739136 | 291612     74 python3 158516     73 rviz2 99820      67 joint_state_pub 76496      45 ros2 72824    5300 python3 
907657216 | 291612     74 python3 158516     73 rviz2 99820      67 joint_state_pub 76496      45 ros2 72824    5300 python3 
907997184 | 291612     74 python3 158516     73 rviz2 99820      67 joint_state_pub 76496      45 ros2 72824    5300 python3 
907792384 | 291612     74 python3 158516     73 rviz2 99820      67 joint_state_pub 76496      45 ros2 72824    5300 python3 
908054528 | 291612     74 python3 158516     73 rviz2 99820      67 joint_state_pub 76496      45 ros2 72824    5300 python3 
907808768 | 291612     74 python3 158516     73 rviz2 99820      67 joint_state_pub 76496      45 ros2 72824    5300 python3 
907513856 | 291612     74 python3 158516     73 rviz2 99820      67 joint_state_pub 76496      45 ros2 72824    5300 python3 
907792384 | 291612     74 python3 158516     73 rviz2 99820      67 joint_state_pub 76496      45 ros2 72824    5300 python3 
907530240 | 291612     74 python3 158516     73 rviz2 99820      67 joint_state_pub 76496      45 ros2 72824    5300 python3 
907530240 | 291612     74 python3 158516     73 rviz2 99820      67 joint_state_pub 76496      45 ros2 72824    5300 python3 
907534336 | 291612     74 python3 158516     73 rviz2 99820      67 joint_state_pub 76496      45 ros2 72824    5300 python3 
907530240 | 291612     74 python3 158516     73 rviz2 99820      67 joint_state_pub 76496      45 ros2 72824    5300 python3 
907579392 | 291612     74 python3 158516     73 rviz2 99820      67 joint_state_pub 76496      45 ros2 72824    5300 python3 
907575296 | 291612     74 python3 158516     73 rviz2 99820      67 joint_state_pub 76496      45 ros2 72824    5300 python3 
907530240 | 291612     74 python3 158516     73 rviz2 99820      67 joint_state_pub 76496      45 ros2 72824    5300 python3 
907649024 | 291612     74 python3 158516     73 rviz2 99820      67 joint_state_pub 76496      45 ros2 72824    5300 python3 
907796480 | 291612     74 python3 158516     73 rviz2 99820      67 joint_state_pub 76496      45 ros2 72824    5300 python3 
907526144 | 291612     74 python3 158516     73 rviz2 99820      67 joint_state_pub 76496      45 ros2 72824    5300 python3 
907530240 | 291612     74 python3 158516     73 rviz2 99820      67 joint_state_pub 76496      45 ros2 72824    5300 python3 
908017664 | 291612     74 python3 158516     73 rviz2 99820      67 joint_state_pub 76496      45 ros2 72824    5300 python3 
907427840 | 291612     74 python3 158516     73 rviz2 99820      67 joint_state_pub 76496      45 ros2 72824    5300 python3 
907575296 | 291612     74 python3 158516     73 rviz2 99820      67 joint_state_pub 76496      45 ros2 72824    5300 python3 
907575296 | 291612     74 python3 158516     73 rviz2 99820      67 joint_state_pub 76496      45 ros2 72824    5300 python3 
908054528 | 291612     74 python3 158516     73 rviz2 99820      67 joint_state_pub 76496      45 ros2 72824    5300 python3 
907894784 | 291612     74 python3 158516     73 rviz2 99820      67 joint_state_pub 76496      45 ros2 72824    5300 python3 
907796480 | 291612     74 python3 158516     73 rviz2 99820      67 joint_state_pub 76496      45 ros2 72824    5300 python3 
907792384 | 291612     74 python3 158516     73 rviz2 99820      67 joint_state_pub 76496      45 ros2 72824    5300 python3 
907792384 | 291612     74 python3 158516     73 rviz2 99820      67 joint_state_pub 76496      45 ros2 72824    5300 python3 
907792384 | 291612     74 python3 158516     73 rviz2 99820      67 joint_state_pub 76496      45 ros2 72824    5300 python3 
908083200 | 291612     74 python3 158516     73 rviz2 99820      67 joint_state_pub 76496      45 ros2 72824    5300 python3 
907927552 | 291612     74 python3 158516     73 rviz2 99820      67 joint_state_pub 76496      45 ros2 72824    5300 python3 
907673600 | 291612     74 python3 158516     73 rviz2 99820      67 joint_state_pub 76496      45 ros2 72824    5300 python3 
907669504 | 291612     74 python3 158516     73 rviz2 99820      67 joint_state_pub 76496      45 ros2 72824    5300 python3 
907788288 | 291612     74 python3 158516     73 rviz2 99820      67 joint_state_pub 76496      45 ros2 72824    5300 python3 
907792384 | 291612     74 python3 158516     73 rviz2 99820      67 joint_state_pub 76496      45 ros2 72824    5300 python3 
907538432 | 291612     74 python3 158516     73 rviz2 99820      67 joint_state_pub 76496      45 ros2 72824    5300 python3 
907792384 | 291612     74 python3 158516     73 rviz2 99820      67 joint_state_pub 76496      45 ros2 72824    5300 python3 
908492800 | 291612     74 python3 158516     73 rviz2 99820      67 joint_state_pub 76496      45 ros2 72824    5300 python3 
907816960 | 291612     74 python3 158516     73 rviz2 99820      67 joint_state_pub 76496      45 ros2 72824    5300 python3 
908054528 | 291612     74 python3 158516     73 rviz2 99820      67 joint_state_pub 76496      45 ros2 72824    5300 python3 
907788288 | 291612     74 python3 158516     73 rviz2 99820      67 joint_state_pub 76496      45 ros2 72824    5300 python3 
907550720 | 291612     74 python3 158516     73 rviz2 99820      67 joint_state_pub 76496      45 ros2 72824    5300 python3 
907792384 | 291612     74 python3 158516     73 rviz2 99820      67 joint_state_pub 76496      45 ros2 72824    5300 python3 
907526144 | 291612     74 python3 158516     73 rviz2 99820      67 joint_state_pub 76496      45 ros2 72824    5300 python3 
907526144 | 291612     74 python3 158516     73 rviz2 99820      67 joint_state_pub 76496      45 ros2 72824    5300 python3 
907530240 | 291612     74 python3 158516     73 rviz2 99820      67 joint_state_pub 76496      45 ros2 72824    5300 python3 
907796480 | 291612     74 python3 158516     73 rviz2 99820      67 joint_state_pub 76496      45 ros2 72824    5300 python3 
907763712 | 291612     74 python3 158516     73 rviz2 99820      67 joint_state_pub 76496      45 ros2 72824    5300 python3 
908095488 | 291612     74 python3 158516     73 rviz2 99820      67 joint_state_pub 76496      45 ros2 72824    5300 python3 
907763712 | 291612     74 python3 158516     73 rviz2 99820      67 joint_state_pub 76496      45 ros2 72824    5300 python3 
907829248 | 291612     74 python3 158516     73 rviz2 99820      67 joint_state_pub 76496      45 ros2 72824    5300 python3 
907800576 | 291612     74 python3 158516     73 rviz2 99820      67 joint_state_pub 76496      45 ros2 72824    5300 python3 
907800576 | 291612     74 python3 158516     73 rviz2 99820      67 joint_state_pub 76496      45 ros2 72824    5300 python3 
908267520 | 291612     74 python3 158516     73 rviz2 99820      67 joint_state_pub 76496      45 ros2 72824    5300 python3 
907534336 | 291612     74 python3 158516     73 rviz2 99820      67 joint_state_pub 76496      45 ros2 72824    5300 python3 
907669504 | 291612     74 python3 158516     73 rviz2 99820      67 joint_state_pub 76496      45 ros2 72824    5300 python3 
907534336 | 291612     74 python3 158516     73 rviz2 99820      67 joint_state_pub 76496      45 ros2 72824    5300 python3 
907796480 | 291612     74 python3 158516     73 rviz2 99820      67 joint_state_pub 76496      45 ros2 72824    5300 python3 
907792384 | 291612     74 python3 158516     73 rviz2 99820      67 joint_state_pub 76496      45 ros2 72824    5300 python3 
907661312 | 291612     74 python3 158516     73 rviz2 99820      67 joint_state_pub 76496      45 ros2 72824    5300 python3 
907636736 | 291612     74 python3 158516     73 rviz2 99820      67 joint_state_pub 76496      45 ros2 72824    5300 python3 
907534336 | 291612     74 python3 158516     73 rviz2 99820      67 joint_state_pub 76496      45 ros2 72824    5300 python3 
908316672 | 291612     74 python3 158516     73 rviz2 99820      67 joint_state_pub 76496      45 ros2 72824    5300 python3 
907808768 | 291612     74 python3 158516     73 rviz2 99820      67 joint_state_pub 76496      45 ros2 72824    5300 python3 
907530240 | 291612     74 python3 158516     73 rviz2 99820      67 joint_state_pub 76496      45 ros2 72824    5300 python3 
907796480 | 291612     74 python3 158516     73 rviz2 99820      67 joint_state_pub 76496      45 ros2 72824    5300 python3 
907534336 | 291612     74 python3 158516     73 rviz2 99820      67 joint_state_pub 76496      45 ros2 72824    5300 python3 
907538432 | 291612     74 python3 158516     73 rviz2 99820      67 joint_state_pub 76496      45 ros2 72824    5300 python3 
907620352 | 291612     74 python3 158516     73 rviz2 99820      67 joint_state_pub 76496      45 ros2 72824    5300 python3 
907530240 | 291612     74 python3 158516     73 rviz2 99820      67 joint_state_pub 76496      45 ros2 72824    5300 python3 
907796480 | 291612     74 python3 158516     73 rviz2 99820      67 joint_state_pub 76496      45 ros2 72824    5300 python3 
907681792 | 291612     74 python3 158516     73 rviz2 99820      67 joint_state_pub 76496      45 ros2 72824    5300 python3 
908075008 | 291612     74 python3 158516     73 rviz2 99820      67 joint_state_pub 76496      45 ros2 72824    5300 python3 
907796480 | 291612     74 python3 158516     73 rviz2 99820      67 joint_state_pub 76496      45 ros2 72824    5300 python3 
907587584 | 291612     74 python3 158516     73 rviz2 99820      67 joint_state_pub 76496      45 ros2 72824    5300 python3 
907591680 | 291612     74 python3 158516     73 rviz2 99820      67 joint_state_pub 76496      45 ros2 72824    5300 python3 
907538432 | 291612     74 python3 158516     73 rviz2 99820      67 joint_state_pub 76496      45 ros2 72824    5300 python3 
908058624 | 291612     74 python3 158516     73 rviz2 99820      67 joint_state_pub 76496      45 ros2 72824    5300 python3 
908058624 | 291612     74 python3 158516     73 rviz2 99820      67 joint_state_pub 76496      45 ros2 72824    5300 python3 
907800576 | 291612     74 python3 158516     73 rviz2 99820      67 joint_state_pub 76496      45 ros2 72824    5300 python3 
907534336 | 291612     74 python3 158516     73 rviz2 99820      67 joint_state_pub 76496      45 ros2 72824    5300 python3 
907542528 | 291612     74 python3 158516     73 rviz2 99820      67 joint_state_pub 76496      45 ros2 72824    5300 python3 
913219584 | 291612     74 python3 158516     73 rviz2 99820      67 joint_state_pub 76496      45 ros2 72824    5300 python3 
911613952 | 291612     74 python3 158516     73 rviz2 99820      67 joint_state_pub 76496      45 ros2 72824    5300 python3 
914219008 | 291612     74 python3 158516     73 rviz2 99820      67 joint_state_pub 76496      45 ros2 72824    5300 python3 
923205632 | 291612     74 python3 158516     73 rviz2 99820      67 joint_state_pub 76496      45 ros2 72824    5300 python3 
947097600 | 291716     74 python3 158684     73 rviz2 99988      67 joint_state_pub 76664      45 ros2 72992    5300 python3 
908599296 | 291780     74 python3 158684     73 rviz2 99884      67 joint_state_pub 76664      45 ros2 72992    5300 python3 
908857344 | 291780     74 python3 158580     73 rviz2 99884      67 joint_state_pub 76560      45 ros2 72992    5300 python3 
908857344 | 291676     74 python3 158580     73 rviz2 99884      67 joint_state_pub 76560      45 ros2 72992    5300 python3 
908861440 | 291676     74 python3 158580     73 rviz2 99884      67 joint_state_pub 76560      45 ros2 72992    5300 python3 
908861440 | 291676     74 python3 158580     73 rviz2 99884      67 joint_state_pub 76560      45 ros2 72992    5300 python3 
908734464 | 291676     74 python3 158580     73 rviz2 99884      67 joint_state_pub 76560      45 ros2 72888    5300 python3 
908623872 | 291676     74 python3 158580     73 rviz2 99884      67 joint_state_pub 76560      45 ros2 72888    5300 python3 
908468224 | 291676     74 python3 158580     73 rviz2 99884      67 joint_state_pub 76560      45 ros2 72888    5300 python3 
908472320 | 291676     74 python3 158580     73 rviz2 99884      67 joint_state_pub 76560      45 ros2 72888    5300 python3 
908492800 | 291676     74 python3 158580     73 rviz2 99884      67 joint_state_pub 76560      45 ros2 72888    5300 python3 
908730368 | 291676     74 python3 158580     73 rviz2 99884      67 joint_state_pub 76560      45 ros2 72888    5300 python3 
908701696 | 291676     74 python3 158580     73 rviz2 99884      67 joint_state_pub 76560      45 ros2 72888    5300 python3 
908734464 | 291676     74 python3 158580     73 rviz2 99884      67 joint_state_pub 76560      45 ros2 72888    5300 python3 
908734464 | 291676     74 python3 158580     73 rviz2 99884      67 joint_state_pub 76560      45 ros2 72888    5300 python3 
908603392 | 291676     74 python3 158580     73 rviz2 99884      67 joint_state_pub 76560      45 ros2 72888    5300 python3 
908464128 | 291676     74 python3 158516     73 rviz2 99884      67 joint_state_pub 76496      45 ros2 72824    5300 python3 
908984320 | 291676     74 python3 158516     73 rviz2 99884      67 joint_state_pub 76496      45 ros2 72824    5300 python3 
908394496 | 291612     74 python3 158516     73 rviz2 99820      67 joint_state_pub 76496      45 ros2 72824    5300 python3 
908165120 | 291612     74 python3 158516     73 rviz2 99820      67 joint_state_pub 76496      45 ros2 72824    5300 python3 
907902976 | 291612     74 python3 158516     73 rviz2 99820      67 joint_state_pub 76496      45 ros2 72824    5300 python3 
907898880 | 291612     74 python3 158516     73 rviz2 99820      67 joint_state_pub 76496      45 ros2 72824    5300 python3 
908161024 | 291612     74 python3 158516     73 rviz2 99820      67 joint_state_pub 76496      45 ros2 72824    5300 python3 
908169216 | 291612     74 python3 158516     73 rviz2 99820      67 joint_state_pub 76496      45 ros2 72824    5300 python3 
908431360 | 291612     74 python3 158516     73 rviz2 99820      67 joint_state_pub 76496      45 ros2 72824    5300 python3 
907902976 | 291612     74 python3 158516     73 rviz2 99820      67 joint_state_pub 76496      45 ros2 72824    5300 python3 
908169216 | 291612     74 python3 158516     73 rviz2 99820      67 joint_state_pub 76496      45 ros2 72824    5300 python3 
907907072 | 291612     74 python3 158516     73 rviz2 99820      67 joint_state_pub 76496      45 ros2 72824    5300 python3 
908431360 | 291612     74 python3 158516     73 rviz2 99820      67 joint_state_pub 76496      45 ros2 72824    5300 python3 
907907072 | 291612     74 python3 158516     73 rviz2 99820      67 joint_state_pub 76496      45 ros2 72824    5300 python3 
907755520 | 291612     74 python3 158516     73 rviz2 99820      67 joint_state_pub 76496      45 ros2 72824    5300 python3 
907935744 | 291612     74 python3 158516     73 rviz2 99820      67 joint_state_pub 76496      45 ros2 72824    5300 python3 
908169216 | 291612     74 python3 158516     73 rviz2 99820      67 joint_state_pub 76496      45 ros2 72824    5300 python3 
908169216 | 291612     74 python3 158516     73 rviz2 99820      67 joint_state_pub 76496      45 ros2 72824    5300 python3 
908435456 | 291612     74 python3 158516     73 rviz2 99820      67 joint_state_pub 76496      45 ros2 72824    5300 python3 
908169216 | 291612     74 python3 158516     73 rviz2 99820      67 joint_state_pub 76496      45 ros2 72824    5300 python3 
907907072 | 291612     74 python3 158516     73 rviz2 99820      67 joint_state_pub 76496      45 ros2 72824    5300 python3 
908455936 | 291612     74 python3 158516     73 rviz2 99820      67 joint_state_pub 76496      45 ros2 72824    5300 python3 
908169216 | 291612     74 python3 158516     73 rviz2 99820      67 joint_state_pub 76496      45 ros2 72824    5300 python3 
908435456 | 291612     74 python3 158516     73 rviz2 99820      67 joint_state_pub 76496      45 ros2 72824    5300 python3 
908173312 | 291612     74 python3 158516     73 rviz2 99820      67 joint_state_pub 76496      45 ros2 72824    5300 python3 
908431360 | 291612     74 python3 158516     73 rviz2 99820      67 joint_state_pub 76496      45 ros2 72824    5300 python3 
908398592 | 291612     74 python3 158516     73 rviz2 99820      67 joint_state_pub 76496      45 ros2 72824    5300 python3 
908689408 | 291612     74 python3 158516     73 rviz2 99820      67 joint_state_pub 76496      45 ros2 72824    5300 python3 
908439552 | 291612     74 python3 158516     73 rviz2 99820      67 joint_state_pub 76496      45 ros2 72824    5300 python3 
908439552 | 291612     74 python3 158516     73 rviz2 99820      67 joint_state_pub 76496      45 ros2 72824    5300 python3 
907907072 | 291612     74 python3 158516     73 rviz2 99820      67 joint_state_pub 76496      45 ros2 72824    5300 python3 
908038144 | 291612     74 python3 158516     73 rviz2 99820      67 joint_state_pub 76496      45 ros2 72824    5300 python3 
908169216 | 291612     74 python3 158516     73 rviz2 99820      67 joint_state_pub 76496      45 ros2 72824    5300 python3 
907907072 | 291612     74 python3 158516     73 rviz2 99820      67 joint_state_pub 76496      45 ros2 72824    5300 python3 
908021760 | 291612     74 python3 158516     73 rviz2 99820      67 joint_state_pub 76496      45 ros2 72824    5300 python3 
908177408 | 291612     74 python3 158516     73 rviz2 99820      67 joint_state_pub 76496      45 ros2 72824    5300 python3 
908169216 | 291612     74 python3 158516     73 rviz2 99820      67 joint_state_pub 76496      45 ros2 72824    5300 python3 
908431360 | 291612     74 python3 158516     73 rviz2 99820      67 joint_state_pub 76496      45 ros2 72824    5300 python3 
908062720 | 291612     74 python3 158516     73 rviz2 99820      67 joint_state_pub 76496      45 ros2 72824    5300 python3 
908169216 | 291612     74 python3 158516     73 rviz2 99820      67 joint_state_pub 76496      45 ros2 72824    5300 python3 
908046336 | 291612     74 python3 158516     73 rviz2 99820      67 joint_state_pub 76496      45 ros2 72824    5300 python3 
908042240 | 291612     74 python3 158516     73 rviz2 99820      67 joint_state_pub 76496      45 ros2 72824    5300 python3 
907911168 | 291612     74 python3 158516     73 rviz2 99820      67 joint_state_pub 76496      45 ros2 72824    5300 python3 
908177408 | 291612     74 python3 158516     73 rviz2 99820      67 joint_state_pub 76496      45 ros2 72824    5300 python3 
908177408 | 291612     74 python3 158516     73 rviz2 99820      67 joint_state_pub 76496      45 ros2 72824    5300 python3 
908431360 | 291612     74 python3 158516     73 rviz2 99820      67 joint_state_pub 76496      45 ros2 72824    5300 python3 
907911168 | 291612     74 python3 158516     73 rviz2 99820      67 joint_state_pub 76496      45 ros2 72824    5300 python3 
908115968 | 291612     74 python3 158516     73 rviz2 99820      67 joint_state_pub 76496      45 ros2 72824    5300 python3 
907919360 | 291612     74 python3 158516     73 rviz2 99820      67 joint_state_pub 76496      45 ros2 72824    5300 python3 
908476416 | 291612     74 python3 158516     73 rviz2 99820      67 joint_state_pub 76496      45 ros2 72824    5300 python3 
908300288 | 291612     74 python3 158516     73 rviz2 99820      67 joint_state_pub 76496      45 ros2 72824    5300 python3 
907878400 | 291612     74 python3 158516     73 rviz2 99820      67 joint_state_pub 76496      45 ros2 72824    5300 python3 
907878400 | 291612     74 python3 158516     73 rviz2 99820      67 joint_state_pub 76496      45 ros2 72824    5300 python3 
908255232 | 291612     74 python3 158516     73 rviz2 99820      67 joint_state_pub 76496      45 ros2 72824    5300 python3 
908091392 | 291612     74 python3 158516     73 rviz2 99820      67 joint_state_pub 76496      45 ros2 72824    5300 python3 
908173312 | 291612     74 python3 158516     73 rviz2 99820      67 joint_state_pub 76496      45 ros2 72824    5300 python3 
907964416 | 291612     74 python3 158516     73 rviz2 99820      67 joint_state_pub 76496      45 ros2 72824    5300 python3 
907972608 | 291612     74 python3 158516     73 rviz2 99820      67 joint_state_pub 76496      45 ros2 72824    5300 python3 
908308480 | 291612     74 python3 158516     73 rviz2 99820      67 joint_state_pub 76496      45 ros2 72824    5300 python3 
908034048 | 291612     74 python3 158516     73 rviz2 99820      67 joint_state_pub 76496      45 ros2 72824    5300 python3 
908173312 | 291612     74 python3 158516     73 rviz2 99820      67 joint_state_pub 76496      45 ros2 72824    5300 python3 
908238848 | 291612     74 python3 158516     73 rviz2 99820      67 joint_state_pub 76496      45 ros2 72824    5300 python3 
908435456 | 291612     74 python3 158516     73 rviz2 99820      67 joint_state_pub 76496      45 ros2 72824    5300 python3 
908177408 | 291612     74 python3 158516     73 rviz2 99820      67 joint_state_pub 76496      45 ros2 72824    5300 python3 
908173312 | 291612     74 python3 158516     73 rviz2 99820      67 joint_state_pub 76496      45 ros2 72824    5300 python3 
908304384 | 291612     74 python3 158516     73 rviz2 99820      67 joint_state_pub 76496      45 ros2 72824    5300 python3 
908173312 | 291612     74 python3 158516     73 rviz2 99820      67 joint_state_pub 76496      45 ros2 72824    5300 python3 
907911168 | 291612     74 python3 158516     73 rviz2 99820      67 joint_state_pub 76496      45 ros2 72824    5300 python3 
1789458151.076412386 1304846336 | 450860     74 python3 274688     73 rviz2 176584     67 joint_state_pub 130964     76 snp_motion_plan 89324      75 noether_ros_too 
1789458151.289510302 1305645056 | 450860     74 python3 274688     73 rviz2 176584     67 joint_state_pub 130964     76 snp_motion_plan 89324      75 noether_ros_too 
1789458151.510200993 1305120768 | 450860     74 python3 274688     73 rviz2 176584     67 joint_state_pub 130964     76 snp_motion_plan 89324      75 noether_ros_too 
1789458151.731647644 1305280512 | 450860     74 python3 274688     73 rviz2 176584     67 joint_state_pub 130964     76 snp_motion_plan 89324      75 noether_ros_too 
1789458151.945822481 1305407488 | 450860     74 python3 274688     73 rviz2 176584     67 joint_state_pub 130964     76 snp_motion_plan 89324      75 noether_ros_too 
1789458152.160298332 1305653248 | 450860     74 python3 274688     73 rviz2 176584     67 joint_state_pub 130964     76 snp_motion_plan 89324      75 noether_ros_too 
1789458152.383760853 1305288704 | 450860     74 python3 274688     73 rviz2 176584     67 joint_state_pub 130964     76 snp_motion_plan 89324      75 noether_ros_too 
1789458152.603484986 1305427968 | 450860     74 python3 274688     73 rviz2 176584     67 joint_state_pub 130964     76 snp_motion_plan 89324      75 noether_ros_too 
1789458152.824368164 1305186304 | 450860     74 python3 274688     73 rviz2 176584     67 joint_state_pub 130964     76 snp_motion_plan 89324      75 noether_ros_too 
1789458153.047996633 1305407488 | 450860     74 python3 274688     73 rviz2 176584     67 joint_state_pub 130964     76 snp_motion_plan 89324      75 noether_ros_too 
1789458153.271267433 1313009664 | 450860     74 python3 274688     73 rviz2 176584     67 joint_state_pub 130964     76 snp_motion_plan 89324      75 noether_ros_too 
1789458153.493113447 1312858112 | 450860     74 python3 274688     73 rviz2 176584     67 joint_state_pub 130964     76 snp_motion_plan 89324      75 noether_ros_too 
1789458153.713397466 1309474816 | 450860     74 python3 274688     73 rviz2 176584     67 joint_state_pub 130964     76 snp_motion_plan 89324      75 noether_ros_too 
1789458153.926542254 1306284032 | 450860     74 python3 274688     73 rviz2 176584     67 joint_state_pub 130964     76 snp_motion_plan 89324      75 noether_ros_too 
1789458154.144746301 1320558592 | 450860     74 python3 274688     73 rviz2 176584     67 joint_state_pub 130964     76 snp_motion_plan 89324      75 noether_ros_too 
1789458154.359839122 1332559872 | 450864     74 python3 274688     73 rviz2 176584     67 joint_state_pub 130964     76 snp_motion_plan 89324      75 noether_ros_too 
1789458154.580867700 1344417792 | 450864     74 python3 274688     73 rviz2 176584     67 joint_state_pub 130964     76 snp_motion_plan 89324      75 noether_ros_too 
1789458154.802789601 1344909312 | 450864     74 python3 274688     73 rviz2 176584     67 joint_state_pub 130964     76 snp_motion_plan 89324      75 noether_ros_too 
1789458155.027208670 1345085440 | 450864     74 python3 274688     73 rviz2 176584     67 joint_state_pub 130964     76 snp_motion_plan 89324      75 noether_ros_too 
1789458155.250458422 1344274432 | 450864     74 python3 274688     73 rviz2 176584     67 joint_state_pub 130964     76 snp_motion_plan 89324      75 noether_ros_too 
1789458155.472354635 1344471040 | 450864     74 python3 274688     73 rviz2 176584     67 joint_state_pub 130964     76 snp_motion_plan 89324      75 noether_ros_too 
1789458155.688740831 1344565248 | 450864     74 python3 274688     73 rviz2 176584     67 joint_state_pub 130964     76 snp_motion_plan 89324      75 noether_ros_too 
1789458155.905729925 1344647168 | 450864     74 python3 274688     73 rviz2 176584     67 joint_state_pub 130964     76 snp_motion_plan 89324      75 noether_ros_too 
1789458156.127570353 1345421312 | 450864     74 python3 274688     73 rviz2 176584     67 joint_state_pub 130964     76 snp_motion_plan 89324      75 noether_ros_too 
1789458156.350172763 1346043904 | 451076     74 python3 274688     73 rviz2 176584     67 joint_state_pub 130964     76 snp_motion_plan 89324      75 noether_ros_too 
1789458156.567394081 1345945600 | 451076     74 python3 274764     73 rviz2 176584     67 joint_state_pub 130964     76 snp_motion_plan 89324      75 noether_ros_too 
1789458156.790970797 1345957888 | 451076     74 python3 274764     73 rviz2 176584     67 joint_state_pub 130964     76 snp_motion_plan 89324      75 noether_ros_too 
1789458157.013285268 1346322432 | 451076     74 python3 274896     73 rviz2 176584     67 joint_state_pub 130964     76 snp_motion_plan 89564      75 noether_ros_too 
1789458157.233293678 1353302016 | 451080     74 python3 274904     73 rviz2 176584     67 joint_state_pub 132204     76 snp_motion_plan 106096     75 noether_ros_too 
1789458157.444538040 1365659648 | 451080     74 python3 274904     73 rviz2 176800     67 joint_state_pub 142072     76 snp_motion_plan 106096     75 noether_ros_too 
1789458157.660294199 1584918528 | 451080     74 python3 366208     76 snp_motion_plan 274904     73 rviz2 176800     67 joint_state_pub 106096     75 noether_ros_too 
1789458157.881619016 1824260096 | 597920     76 snp_motion_plan 451080     74 python3 274904     73 rviz2 176800     67 joint_state_pub 106096     75 noether_ros_too 
1789458158.106271764 2038136832 | 806048     76 snp_motion_plan 451080     74 python3 274904     73 rviz2 176800     67 joint_state_pub 106096     75 noether_ros_too 
1789458158.328128095 2283794432 | 1044028    76 snp_motion_plan 451080     74 python3 274904     73 rviz2 176800     67 joint_state_pub 106096     75 noether_ros_too 
1789458158.543919622 2492977152 | 1248608    76 snp_motion_plan 451080     74 python3 274904     73 rviz2 176800     67 joint_state_pub 106096     75 noether_ros_too 
1789458158.761473086 2700783616 | 1450856    76 snp_motion_plan 451080     74 python3 274904     73 rviz2 176800     67 joint_state_pub 106096     75 noether_ros_too 
1789458158.978363066 2861678592 | 1609988    76 snp_motion_plan 451080     74 python3 274904     73 rviz2 176800     67 joint_state_pub 106096     75 noether_ros_too 
1789458159.199856096 3000045568 | 1804180    76 snp_motion_plan 447668     74 python3 270916     73 rviz2 173960     67 joint_state_pub 105496     75 noether_ros_too 
1789458159.423134348 3200086016 | 2002664    76 snp_motion_plan 445128     74 python3 270348     73 rviz2 173416     67 joint_state_pub 105344     75 noether_ros_too 
1789458159.669408090 3221000192 | 2109728    76 snp_motion_plan 416764     74 python3 232584     73 rviz2 162044     67 joint_state_pub 80260      45 ros2 
1789458159.893896187 3221131264 | 2269292    76 snp_motion_plan 356372     74 python3 184468     73 rviz2 128272     67 joint_state_pub 80260      45 ros2 
1789458160.117088065 3221127168 | 297456     74 python3 184432     73 rviz2 127784     67 joint_state_pub 80180      45 ros2 76092      79 python3 
1789458160.360389616 1224175616 | 297456     74 python3 184468     73 rviz2 127784     67 joint_state_pub 80180      45 ros2 76092      79 python3 
1789458160.582923060 802975744 | 297456     74 python3 184468     73 rviz2 127784     67 joint_state_pub 80180      45 ros2 76092      79 python3 
1789458160.806087326 802779136 | 297456     74 python3 184468     73 rviz2 127784     67 joint_state_pub 80180      45 ros2 76092      79 python3 
1789458161.030204117 802701312 | 297456     74 python3 184468     73 rviz2 127784     67 joint_state_pub 80180      45 ros2 76092      79 python3 
1789458161.253494575 803004416 | 297456     74 python3 184468     73 rviz2 127784     67 joint_state_pub 80180      45 ros2 76092      79 python3 
1789458161.477018067 803115008 | 297456     74 python3 184468     73 rviz2 127784     67 joint_state_pub 80180      45 ros2 76092      79 python3 
1789458161.697445017 802922496 | 297456     74 python3 184468     73 rviz2 127784     67 joint_state_pub 80180      45 ros2 76092      79 python3 
1789458161.920324763 802746368 | 297456     74 python3 184468     73 rviz2 127680     67 joint_state_pub 80180      45 ros2 76092      79 python3 
1789458162.139369845 802889728 | 297352     74 python3 184468     73 rviz2 127680     67 joint_state_pub 80180      45 ros2 76092      79 python3 
1789458162.361350459 802689024 | 297288     74 python3 184364     73 rviz2 127680     67 joint_state_pub 80180      45 ros2 76092      79 python3 
1789458162.585528479 802467840 | 297288     74 python3 184364     73 rviz2 127680     67 joint_state_pub 80180      45 ros2 76028      79 python3 
1789458162.816910154 803119104 | 297288     74 python3 184364     73 rviz2 127616     67 joint_state_pub 80180      45 ros2 76028      79 python3 
1789458163.040890227 802983936 | 297288     74 python3 184364     73 rviz2 127616     67 joint_state_pub 80180      45 ros2 76028      79 python3 
1789458163.261252118 803225600 | 297288     74 python3 184364     73 rviz2 127616     67 joint_state_pub 80180      45 ros2 75924      79 python3 
1789458163.478068444 803020800 | 297288     74 python3 184364     73 rviz2 127616     67 joint_state_pub 80180      45 ros2 75924      79 python3 
1789458163.701445540 802746368 | 297288     74 python3 184364     73 rviz2 127616     67 joint_state_pub 80180      45 ros2 75924      79 python3 
1789458163.924707657 802922496 | 297288     74 python3 184364     73 rviz2 127616     67 joint_state_pub 80180      45 ros2 75924      79 python3 
1789458164.145733844 802742272 | 297288     74 python3 184364     73 rviz2 127616     67 joint_state_pub 80180      45 ros2 75924      79 python3 
1789458164.367790606 802717696 | 297288     74 python3 184364     73 rviz2 127616     67 joint_state_pub 80116      45 ros2 75924      79 python3 
1789458164.588705422 803397632 | 297288     74 python3 184364     73 rviz2 127616     67 joint_state_pub 80116      45 ros2 75924      79 python3 
1789458164.808361279 802783232 | 297288     74 python3 184364     73 rviz2 127616     67 joint_state_pub 80012      45 ros2 75924      79 python3 
1789458165.031692689 802910208 | 297288     74 python3 184300     73 rviz2 127616     67 joint_state_pub 80012      45 ros2 75924      79 python3 
1789458165.254854037 802676736 | 297288     74 python3 184300     73 rviz2 127616     67 joint_state_pub 80012      45 ros2 75924      79 python3 
1789458165.473391735 802852864 | 297288     74 python3 184300     73 rviz2 127616     67 joint_state_pub 80012      45 ros2 75924      79 python3 
1789458165.694060353 802713600 | 297288     74 python3 184300     73 rviz2 127616     67 joint_state_pub 80012      45 ros2 75924      79 python3 
1789458165.917227592 802971648 | 297288     74 python3 184300     73 rviz2 127616     67 joint_state_pub 80012      45 ros2 75924      79 python3 
1789458166.140767632 802705408 | 297288     74 python3 184300     73 rviz2 127616     67 joint_state_pub 80012      45 ros2 75924      79 python3 
1789458166.360404546 802992128 | 297288     74 python3 184300     73 rviz2 127616     67 joint_state_pub 80012      45 ros2 75924      79 python3 
1789458166.584754690 802779136 | 297288     74 python3 184300     73 rviz2 127616     67 joint_state_pub 80012      45 ros2 75924      79 python3 
1789458166.808060103 802824192 | 297288     74 python3 184300     73 rviz2 127616     67 joint_state_pub 80012      45 ros2 75924      79 python3 
1789458167.033786659 802848768 | 297288     74 python3 184300     73 rviz2 127616     67 joint_state_pub 80012      45 ros2 75924      79 python3 
1789458167.258240602 802803712 | 297288     74 python3 184300     73 rviz2 127616     67 joint_state_pub 80012      45 ros2 75924      79 python3 
1789458167.482152182 802603008 | 297288     74 python3 184300     73 rviz2 127616     67 joint_state_pub 80012      45 ros2 75924      79 python3 
1789458167.707643732 802836480 | 297288     74 python3 184300     73 rviz2 127616     67 joint_state_pub 80012      45 ros2 75924      79 python3 
1789458167.932148852 802910208 | 297288     74 python3 184300     73 rviz2 127616     67 joint_state_pub 80012      45 ros2 75924      79 python3 
1789458168.150615308 803184640 | 297288     74 python3 184300     73 rviz2 127616     67 joint_state_pub 80012      45 ros2 75924      79 python3 
1789458168.372462616 802897920 | 297288     74 python3 184300     73 rviz2 127616     67 joint_state_pub 80012      45 ros2 75924      79 python3 
1789458168.586057050 802918400 | 297288     74 python3 184300     73 rviz2 127616     67 joint_state_pub 80012      45 ros2 75924      79 python3 
1789458168.810334729 803049472 | 297288     74 python3 184300     73 rviz2 127616     67 joint_state_pub 80012      45 ros2 75924      79 python3 
1789458169.033755164 803192832 | 297288     74 python3 184300     73 rviz2 127616     67 joint_state_pub 80012      45 ros2 75924      79 python3 
1789458169.255296180 803131392 | 297288     74 python3 184300     73 rviz2 127616     67 joint_state_pub 80012      45 ros2 75924      79 python3 
1789458169.475485961 802709504 | 297288     74 python3 184300     73 rviz2 127616     67 joint_state_pub 80012      45 ros2 75924      79 python3 
1789458169.694578642 802091008 | 297288     74 python3 184300     73 rviz2 127616     67 joint_state_pub 80012      45 ros2 75924      79 python3 
1789458169.918728749 802033664 | 297288     74 python3 184300     73 rviz2 127616     67 joint_state_pub 80012      45 ros2 75924      79 python3 
1789458170.135641397 801935360 | 297288     74 python3 184300     73 rviz2 127616     67 joint_state_pub 80012      45 ros2 75924      79 python3 
1789458170.359002382 802041856 | 297288     74 python3 184300     73 rviz2 127616     67 joint_state_pub 80012      45 ros2 75924      79 python3 
1789458170.581151106 802631680 | 297288     74 python3 184300     73 rviz2 127616     67 joint_state_pub 80012      45 ros2 75924      79 python3 
1789458170.802701421 802500608 | 297288     74 python3 184300     73 rviz2 127616     67 joint_state_pub 80012      45 ros2 75924      79 python3 
1789458171.024810691 801927168 | 297288     74 python3 184300     73 rviz2 127616     67 joint_state_pub 80012      45 ros2 75924      79 python3 
1789458171.246439686 802504704 | 297288     74 python3 184300     73 rviz2 127616     67 joint_state_pub 80012      45 ros2 75924      79 python3 
1789458171.470858398 802430976 | 297288     74 python3 184300     73 rviz2 127616     67 joint_state_pub 80012      45 ros2 75924      79 python3 
1789458171.691628077 802168832 | 297288     74 python3 184300     73 rviz2 127616     67 joint_state_pub 80012      45 ros2 75924      79 python3 
1789458171.913962417 802357248 | 297288     74 python3 184300     73 rviz2 127616     67 joint_state_pub 80012      45 ros2 75924      79 python3 
1789458172.131627792 802246656 | 297288     74 python3 184300     73 rviz2 127616     67 joint_state_pub 80012      45 ros2 75924      79 python3 
1789458172.356505108 802590720 | 297288     74 python3 184300     73 rviz2 127616     67 joint_state_pub 80012      45 ros2 75924      79 python3 
1789458172.579629475 802611200 | 297288     74 python3 184300     73 rviz2 127616     67 joint_state_pub 80012      45 ros2 75924      79 python3 
1789458172.800118730 802320384 | 297288     74 python3 184300     73 rviz2 127616     67 joint_state_pub 80012      45 ros2 75924      79 python3 
1789458173.023949954 802189312 | 297288     74 python3 184300     73 rviz2 127616     67 joint_state_pub 80012      45 ros2 75924      79 python3 
1789458173.245664476 802619392 | 297288     74 python3 184300     73 rviz2 127616     67 joint_state_pub 80012      45 ros2 75924      79 python3 
1789458173.470989707 802250752 | 297288     74 python3 184300     73 rviz2 127616     67 joint_state_pub 80012      45 ros2 75924      79 python3 
1789458173.693883104 802164736 | 297288     74 python3 184300     73 rviz2 127616     67 joint_state_pub 80012      45 ros2 75924      79 python3 
1789458173.916772534 802054144 | 297288     74 python3 184300     73 rviz2 127616     67 joint_state_pub 80012      45 ros2 75924      79 python3 
1789458174.138801626 802889728 | 297288     74 python3 184300     73 rviz2 127616     67 joint_state_pub 80012      45 ros2 75924      79 python3 
1789458174.359657313 802684928 | 297288     74 python3 184300     73 rviz2 127616     67 joint_state_pub 80012      45 ros2 75924      79 python3 
1789458174.581526641 802541568 | 297288     74 python3 184300     73 rviz2 127616     67 joint_state_pub 80012      45 ros2 75924      79 python3 
1789458174.802790215 802365440 | 297288     74 python3 184300     73 rviz2 127616     67 joint_state_pub 80012      45 ros2 75924      79 python3 
1789458175.024587957 802316288 | 297288     74 python3 184300     73 rviz2 127616     67 joint_state_pub 80012      45 ros2 75924      79 python3 
1789458175.246393304 802430976 | 297288     74 python3 184300     73 rviz2 127616     67 joint_state_pub 80012      45 ros2 75924      79 python3 
1789458175.460853206 802672640 | 297288     74 python3 184300     73 rviz2 127616     67 joint_state_pub 80012      45 ros2 75924      79 python3 
1789458175.679352134 802177024 | 297288     74 python3 184300     73 rviz2 127616     67 joint_state_pub 80012      45 ros2 75924      79 python3 
1789458175.895402917 802459648 | 297288     74 python3 184300     73 rviz2 127616     67 joint_state_pub 80012      45 ros2 75924      79 python3 
1789458176.116261963 802267136 | 297288     74 python3 184300     73 rviz2 127616     67 joint_state_pub 80012      45 ros2 75924      79 python3 
1789458176.332328136 802422784 | 297288     74 python3 184300     73 rviz2 127616     67 joint_state_pub 80012      45 ros2 75924      79 python3 
1789458176.555277404 801902592 | 297288     74 python3 184300     73 rviz2 127616     67 joint_state_pub 80012      45 ros2 75924      79 python3 
1789458176.769305615 802664448 | 297288     74 python3 184300     73 rviz2 127616     67 joint_state_pub 80012      45 ros2 75924      79 python3 
1789458176.987168924 802693120 | 297288     74 python3 184300     73 rviz2 127616     67 joint_state_pub 80012      45 ros2 75924      79 python3 
1789458177.209129489 802615296 | 297288     74 python3 184300     73 rviz2 127616     67 joint_state_pub 80012      45 ros2 75924      79 python3 
1789458177.434734348 802959360 | 297288     74 python3 184300     73 rviz2 127616     67 joint_state_pub 80012      45 ros2 75924      79 python3 
1789458177.653037094 802258944 | 297288     74 python3 184300     73 rviz2 127616     67 joint_state_pub 80012      45 ros2 75924      79 python3 
1789458177.871649110 802361344 | 297288     74 python3 184300     73 rviz2 127616     67 joint_state_pub 80012      45 ros2 75924      79 python3 
1789458178.094723679 802209792 | 297288     74 python3 184300     73 rviz2 127616     67 joint_state_pub 80012      45 ros2 75924      79 python3 
1789458178.318853900 802336768 | 297288     74 python3 184300     73 rviz2 127616     67 joint_state_pub 80012      45 ros2 75924      79 python3 
1789458178.538389195 803115008 | 297288     74 python3 184300     73 rviz2 127616     67 joint_state_pub 80012      45 ros2 75924      79 python3 
1789458178.762866327 802430976 | 297288     74 python3 184300     73 rviz2 127616     67 joint_state_pub 80012      45 ros2 75924      79 python3 
1789458178.977079003 802689024 | 297288     74 python3 184300     73 rviz2 127616     67 joint_state_pub 80012      45 ros2 75924      79 python3 
1789458179.197484068 802140160 | 297288     74 python3 184300     73 rviz2 127616     67 joint_state_pub 80012      45 ros2 75924      79 python3 
1789458179.416199002 802103296 | 297288     74 python3 184300     73 rviz2 127616     67 joint_state_pub 80012      45 ros2 75924      79 python3 
1789458179.638993299 802430976 | 297288     74 python3 184300     73 rviz2 127616     67 joint_state_pub 80012      45 ros2 75924      79 python3 
1789458179.853391750 802238464 | 297288     74 python3 184300     73 rviz2 127616     67 joint_state_pub 80012      45 ros2 75924      79 python3 
1789458180.074964860 802107392 | 297288     74 python3 184300     73 rviz2 127616     67 joint_state_pub 80012      45 ros2 75924      79 python3 
1789458180.296545727 802095104 | 297288     74 python3 184300     73 rviz2 127616     67 joint_state_pub 80012      45 ros2 75924      79 python3 
1789458180.518010302 802361344 | 297288     74 python3 184300     73 rviz2 127616     67 joint_state_pub 80012      45 ros2 75924      79 python3 
1789458180.742417002 802103296 | 297288     74 python3 184300     73 rviz2 127616     67 joint_state_pub 80012      45 ros2 75924      79 python3 
1789458180.964234179 802111488 | 297288     74 python3 184300     73 rviz2 127616     67 joint_state_pub 80012      45 ros2 75924      79 python3 
1789458181.187618372 802525184 | 297288     74 python3 184300     73 rviz2 127616     67 joint_state_pub 80012      45 ros2 75924      79 python3 
1789458181.408974983 802426880 | 297288     74 python3 184300     73 rviz2 127616     67 joint_state_pub 80012      45 ros2 75924      79 python3 
1789458181.633266606 802283520 | 297288     74 python3 184300     73 rviz2 127616     67 joint_state_pub 80012      45 ros2 75924      79 python3 
1789458181.853629031 802258944 | 297288     74 python3 184300     73 rviz2 127616     67 joint_state_pub 80012      45 ros2 75924      79 python3 
1789458182.076817031 802369536 | 297288     74 python3 184300     73 rviz2 127616     67 joint_state_pub 80012      45 ros2 75924      79 python3 
1789458182.299053249 802705408 | 297288     74 python3 184300     73 rviz2 127616     67 joint_state_pub 80012      45 ros2 75924      79 python3 
1789458182.517526928 802304000 | 297288     74 python3 184300     73 rviz2 127616     67 joint_state_pub 80012      45 ros2 75924      79 python3 
1789458182.738536109 802246656 | 297288     74 python3 184300     73 rviz2 127616     67 joint_state_pub 80012      45 ros2 75924      79 python3 
1789458182.960636999 802398208 | 297288     74 python3 184300     73 rviz2 127616     67 joint_state_pub 80012      45 ros2 75924      79 python3 
1789458183.179239274 802086912 | 297288     74 python3 184300     73 rviz2 127616     67 joint_state_pub 80012      45 ros2 75924      79 python3 
1789458183.399885624 802758656 | 297288     74 python3 184300     73 rviz2 127616     67 joint_state_pub 80012      45 ros2 75924      79 python3 
1789458183.624000772 802648064 | 297288     74 python3 184300     73 rviz2 127616     67 joint_state_pub 80012      45 ros2 75924      79 python3 
1789458183.847455453 801861632 | 297288     74 python3 184300     73 rviz2 127616     67 joint_state_pub 80012      45 ros2 75924      79 python3 
1789458184.066189811 802373632 | 297288     74 python3 184300     73 rviz2 127616     67 joint_state_pub 80012      45 ros2 75924      79 python3 
1789458184.288392818 802250752 | 297288     74 python3 184300     73 rviz2 127616     67 joint_state_pub 80012      45 ros2 75924      79 python3 
1789458184.507263615 801955840 | 297288     74 python3 184300     73 rviz2 127616     67 joint_state_pub 80012      45 ros2 75924      79 python3 
1789458184.729248216 802287616 | 297288     74 python3 184300     73 rviz2 127616     67 joint_state_pub 80012      45 ros2 75924      79 python3 
1789458184.951122878 802111488 | 297288     74 python3 184300     73 rviz2 127616     67 joint_state_pub 80012      45 ros2 75924      79 python3 
1789458185.174358193 802066432 | 297288     74 python3 184300     73 rviz2 127616     67 joint_state_pub 80012      45 ros2 75924      79 python3 
1789458185.387722071 802119680 | 297288     74 python3 184300     73 rviz2 127616     67 joint_state_pub 80012      45 ros2 75924      79 python3 
1789458185.609480072 802201600 | 297288     74 python3 184300     73 rviz2 127616     67 joint_state_pub 80012      45 ros2 75924      79 python3 
1789458185.830946697 802377728 | 297288     74 python3 184300     73 rviz2 127616     67 joint_state_pub 80012      45 ros2 75924      79 python3 
1789458186.050288374 802373632 | 297288     74 python3 184300     73 rviz2 127616     67 joint_state_pub 80012      45 ros2 75924      79 python3 
1789458186.266966236 802205696 | 297288     74 python3 184300     73 rviz2 127616     67 joint_state_pub 80012      45 ros2 75924      79 python3 
1789458186.484730259 801853440 | 297288     74 python3 184300     73 rviz2 127616     67 joint_state_pub 80012      45 ros2 75924      79 python3 
1789458186.705298004 802271232 | 297288     74 python3 184300     73 rviz2 127616     67 joint_state_pub 80012      45 ros2 75924      79 python3 
1789458186.928763890 801853440 | 297288     74 python3 184300     73 rviz2 127616     67 joint_state_pub 80012      45 ros2 75924      79 python3 
1789458187.151381322 802349056 | 297288     74 python3 184300     73 rviz2 127616     67 joint_state_pub 80012      45 ros2 75924      79 python3 
1789458187.368095785 802312192 | 297288     74 python3 184300     73 rviz2 127616     67 joint_state_pub 80012      45 ros2 75924      79 python3 
1789458187.587835253 802480128 | 297288     74 python3 184300     73 rviz2 127616     67 joint_state_pub 80012      45 ros2 75924      79 python3 
1789458187.810956663 802234368 | 297288     74 python3 184300     73 rviz2 127616     67 joint_state_pub 80012      45 ros2 75924      79 python3 
1789458188.035610454 802385920 | 297288     74 python3 184300     73 rviz2 127616     67 joint_state_pub 80012      45 ros2 75924      79 python3 
1789458188.248908419 802390016 | 297288     74 python3 184300     73 rviz2 127616     67 joint_state_pub 80012      45 ros2 75924      79 python3 
1789458188.472370841 802119680 | 297288     74 python3 184304     73 rviz2 127616     67 joint_state_pub 80012      45 ros2 75924      79 python3 
1789458188.695154770 802136064 | 297288     74 python3 184308     73 rviz2 127616     67 joint_state_pub 80012      45 ros2 75924      79 python3 
1789458188.919388302 802369536 | 297288     74 python3 184308     73 rviz2 127620     67 joint_state_pub 80012      45 ros2 75924      79 python3 
1789458189.135122279 802066432 | 297288     74 python3 184308     73 rviz2 127620     67 joint_state_pub 80012      45 ros2 75924      79 python3 
1789458189.355349188 801890304 | 297288     74 python3 184308     73 rviz2 127620     67 joint_state_pub 80012      45 ros2 75924      79 python3 
1789458189.577802509 802394112 | 297288     74 python3 184308     73 rviz2 127620     67 joint_state_pub 80012      45 ros2 75924      79 python3 
1789458189.797465603 801894400 | 297288     74 python3 184308     73 rviz2 127632     67 joint_state_pub 80012      45 ros2 75924      79 python3 
1789458190.016237299 802279424 | 297288     74 python3 184308     73 rviz2 127652     67 joint_state_pub 80012      45 ros2 75924      79 python3 
1789458190.231501203 802025472 | 297288     74 python3 184308     73 rviz2 127652     67 joint_state_pub 80012      45 ros2 75924      79 python3 
1789458190.446963545 802164736 | 297288     74 python3 184308     73 rviz2 127652     67 joint_state_pub 80012      45 ros2 75924      79 python3 
1789458190.670353882 802230272 | 297288     74 python3 184308     73 rviz2 127652     67 joint_state_pub 80012      45 ros2 75924      79 python3 
1789458190.894889211 802181120 | 297288     74 python3 184308     73 rviz2 127652     67 joint_state_pub 80012      45 ros2 75924      79 python3 
1789458191.121343458 802541568 | 297288     74 python3 184308     73 rviz2 127652     67 joint_state_pub 80012      45 ros2 75924      79 python3 
1789458191.338297622 802017280 | 297288     74 python3 184308     73 rviz2 127652     67 joint_state_pub 80012      45 ros2 75924      79 python3 
1789458191.557547151 802185216 | 297288     74 python3 184308     73 rviz2 127652     67 joint_state_pub 80012      45 ros2 75924      79 python3 
1789458191.780952688 802267136 | 297288     74 python3 184308     73 rviz2 127652     67 joint_state_pub 80012      45 ros2 75924      79 python3 
1789458192.003549235 802488320 | 297288     74 python3 184308     73 rviz2 127652     67 joint_state_pub 80012      45 ros2 75924      79 python3 
1789458192.220720395 802476032 | 297288     74 python3 184308     73 rviz2 127652     67 joint_state_pub 80012      45 ros2 75924      79 python3 
1789458192.443335147 802107392 | 297288     74 python3 184308     73 rviz2 127652     67 joint_state_pub 80012      45 ros2 75924      79 python3 
1789458192.663960700 802488320 | 297288     74 python3 184308     73 rviz2 127652     67 joint_state_pub 80012      45 ros2 75924      79 python3 
1789458192.887967325 802168832 | 297288     74 python3 184308     73 rviz2 127652     67 joint_state_pub 80012      45 ros2 75924      79 python3 
1789458193.110092785 802426880 | 297288     74 python3 184308     73 rviz2 127652     67 joint_state_pub 80012      45 ros2 75924      79 python3 
1789458193.333550184 802435072 | 297288     74 python3 184308     73 rviz2 127652     67 joint_state_pub 80012      45 ros2 75924      79 python3 
1789458193.558248048 802234368 | 297288     74 python3 184308     73 rviz2 127652     67 joint_state_pub 80012      45 ros2 75924      79 python3 
1789458193.781194393 802430976 | 297288     74 python3 184308     73 rviz2 127652     67 joint_state_pub 80012      45 ros2 75924      79 python3 
1789458194.004897169 802451456 | 297288     74 python3 184308     73 rviz2 127652     67 joint_state_pub 80012      45 ros2 75924      79 python3 
1789458194.230076571 802390016 | 297288     74 python3 184308     73 rviz2 127652     67 joint_state_pub 80012      45 ros2 75924      79 python3 
1789458194.453308270 802377728 | 297288     74 python3 184308     73 rviz2 127652     67 joint_state_pub 80012      45 ros2 75924      79 python3 
1789458194.676214380 802136064 | 297288     74 python3 184308     73 rviz2 127652     67 joint_state_pub 80012      45 ros2 75924      79 python3 
1789458194.899600505 802000896 | 297288     74 python3 184308     73 rviz2 127652     67 joint_state_pub 80012      45 ros2 75924      79 python3 
1789458195.115759671 802979840 | 297288     74 python3 184308     73 rviz2 127652     67 joint_state_pub 80012      45 ros2 75924      79 python3 
1789458195.336947919 802443264 | 297288     74 python3 184308     73 rviz2 127652     67 joint_state_pub 80012      45 ros2 75924      79 python3 
1789458195.558605521 802447360 | 297288     74 python3 184308     73 rviz2 127652     67 joint_state_pub 80012      45 ros2 75924      79 python3 
1789458195.782928713 802172928 | 297288     74 python3 184308     73 rviz2 127652     67 joint_state_pub 80012      45 ros2 75924      79 python3 
1789458196.003488273 802168832 | 297288     74 python3 184308     73 rviz2 127652     67 joint_state_pub 80012      45 ros2 75924      79 python3 
1789458196.226649392 802590720 | 297288     74 python3 184308     73 rviz2 127652     67 joint_state_pub 80012      45 ros2 75924      79 python3 
1789458196.450330591 802455552 | 297288     74 python3 184308     73 rviz2 127652     67 joint_state_pub 80012      45 ros2 75924      79 python3 
1789458196.672094848 802824192 | 297288     74 python3 184308     73 rviz2 127652     67 joint_state_pub 80012      45 ros2 75924      79 python3 
1789458196.891440276 802164736 | 297288     74 python3 184308     73 rviz2 127652     67 joint_state_pub 80012      45 ros2 75924      79 python3 
1789458197.116381968 802480128 | 297288     74 python3 184312     73 rviz2 127652     67 joint_state_pub 80012      45 ros2 75924      79 python3 
1789458197.333225170 807424000 | 297288     74 python3 189048     73 rviz2 127652     67 joint_state_pub 80012      45 ros2 75924      79 python3 
1789458197.555775176 807428096 | 297288     74 python3 189048     73 rviz2 127652     67 joint_state_pub 80012      45 ros2 75924      79 python3 
1789458197.775863080 807116800 | 297288     74 python3 189048     73 rviz2 127652     67 joint_state_pub 80012      45 ros2 75924      79 python3 
1789458197.999061041 807157760 | 297288     74 python3 189048     73 rviz2 127652     67 joint_state_pub 80012      45 ros2 75924      79 python3 
1789458198.222529166 807292928 | 297288     74 python3 189048     73 rviz2 127652     67 joint_state_pub 80012      45 ros2 75924      79 python3 
1789458198.445931327 807313408 | 297288     74 python3 189048     73 rviz2 127652     67 joint_state_pub 80012      45 ros2 75924      79 python3 
1789458198.667576620 807424000 | 297288     74 python3 189048     73 rviz2 127652     67 joint_state_pub 80012      45 ros2 75924      79 python3 
1789458198.890123761 807157760 | 297288     74 python3 189048     73 rviz2 127652     67 joint_state_pub 80012      45 ros2 75924      79 python3 
1789458199.114976215 807391232 | 297288     74 python3 189048     73 rviz2 127652     67 joint_state_pub 80012      45 ros2 75924      79 python3 
1789458199.338490109 807555072 | 297288     74 python3 189048     73 rviz2 127652     67 joint_state_pub 80012      45 ros2 75924      79 python3 
1789458199.559887411 807948288 | 297288     74 python3 189048     73 rviz2 127652     67 joint_state_pub 80012      45 ros2 75924      79 python3 
1789458199.783425201 807030784 | 297288     74 python3 189048     73 rviz2 127652     67 joint_state_pub 80012      45 ros2 75924      79 python3 
1789458200.000982686 807161856 | 297288     74 python3 189048     73 rviz2 127652     67 joint_state_pub 80012      45 ros2 75924      79 python3 
1789458200.221390253 807596032 | 297288     74 python3 189048     73 rviz2 127652     67 joint_state_pub 80012      45 ros2 75924      79 python3 
1789458200.444250834 807370752 | 297288     74 python3 189048     73 rviz2 127652     67 joint_state_pub 80012      45 ros2 75924      79 python3 
1789458200.669061821 807165952 | 297288     74 python3 189048     73 rviz2 127652     67 joint_state_pub 80012      45 ros2 75924      79 python3 
1789458200.889431787 807165952 | 297288     74 python3 189048     73 rviz2 127652     67 joint_state_pub 80012      45 ros2 75924      79 python3 
1789458201.106122813 807268352 | 297288     74 python3 189048     73 rviz2 127652     67 joint_state_pub 80012      45 ros2 75924      79 python3 
1789458201.326810876 807178240 | 297288     74 python3 189048     73 rviz2 127652     67 joint_state_pub 80012      45 ros2 75924      79 python3 
1789458201.543062966 807096320 | 297288     74 python3 189048     73 rviz2 127652     67 joint_state_pub 80012      45 ros2 75924      79 python3 
1789458201.765202535 807456768 | 297288     74 python3 189048     73 rviz2 127652     67 joint_state_pub 80012      45 ros2 75924      79 python3 
1789458201.980685309 807559168 | 297288     74 python3 189048     73 rviz2 127652     67 joint_state_pub 80012      45 ros2 75924      79 python3 
1789458202.204909501 807170048 | 297288     74 python3 189048     73 rviz2 127652     67 joint_state_pub 80012      45 ros2 75924      79 python3 
1789458202.430117397 807698432 | 297288     74 python3 189088     73 rviz2 127652     67 joint_state_pub 80012      45 ros2 75924      79 python3 
1789458202.653294784 807202816 | 297288     74 python3 189088     73 rviz2 127652     67 joint_state_pub 80012      45 ros2 75924      79 python3 
1789458202.871920238 807350272 | 297288     74 python3 189088     73 rviz2 127652     67 joint_state_pub 80012      45 ros2 75924      79 python3 
1789458203.089398757 807739392 | 297288     74 python3 189088     73 rviz2 127652     67 joint_state_pub 80012      45 ros2 75924      79 python3 
1789458203.304513653 807510016 | 297288     74 python3 189088     73 rviz2 127652     67 joint_state_pub 80012      45 ros2 75924      79 python3 
1789458203.525375961 807751680 | 297288     74 python3 189088     73 rviz2 127652     67 joint_state_pub 80012      45 ros2 75924      79 python3 
1789458203.745233684 807268352 | 297288     74 python3 189088     73 rviz2 127652     67 joint_state_pub 80012      45 ros2 75924      79 python3 
1789458203.969387202 807706624 | 297288     74 python3 189088     73 rviz2 127652     67 joint_state_pub 80012      45 ros2 75924      79 python3 
1789458204.187631001 806969344 | 297288     74 python3 189088     73 rviz2 127652     67 joint_state_pub 80012      45 ros2 75924      79 python3 
1789458204.413255443 807243776 | 297288     74 python3 189088     73 rviz2 127652     67 joint_state_pub 80012      45 ros2 75924      79 python3 
1789458204.637173534 807510016 | 297288     74 python3 189088     73 rviz2 127652     67 joint_state_pub 80012      45 ros2 75924      79 python3 
1789458204.854697913 806948864 | 297288     74 python3 189088     73 rviz2 127652     67 joint_state_pub 80012      45 ros2 75924      79 python3 
1789458205.077785682 806948864 | 297288     74 python3 189088     73 rviz2 127652     67 joint_state_pub 80012      45 ros2 75924      79 python3 
1789458205.298455605 807174144 | 297288     74 python3 189088     73 rviz2 127652     67 joint_state_pub 80012      45 ros2 75924      79 python3 
1789458205.513841440 807026688 | 297288     74 python3 189088     73 rviz2 127652     67 joint_state_pub 80012      45 ros2 75924      79 python3 
1789458205.737390780 807481344 | 297288     74 python3 189088     73 rviz2 127652     67 joint_state_pub 80012      45 ros2 75924      79 python3 
1789458205.954268718 807739392 | 297288     74 python3 189088     73 rviz2 127652     67 joint_state_pub 80012      45 ros2 75924      79 python3 
1789458206.170179964 807477248 | 297288     74 python3 189088     73 rviz2 127652     67 joint_state_pub 80012      45 ros2 75924      79 python3 
1789458206.385732889 807206912 | 297288     74 python3 189088     73 rviz2 127652     67 joint_state_pub 80012      45 ros2 75924      79 python3 
1789458206.600689567 807051264 | 297288     74 python3 189088     73 rviz2 127652     67 joint_state_pub 80012      45 ros2 75924      79 python3 
1789458206.822325312 807563264 | 297288     74 python3 189088     73 rviz2 127652     67 joint_state_pub 80012      45 ros2 75924      79 python3 
1789458207.045187194 807731200 | 297288     74 python3 189088     73 rviz2 127652     67 joint_state_pub 80012      45 ros2 75924      79 python3 
1789458207.267974224 807358464 | 297288     74 python3 189088     73 rviz2 127652     67 joint_state_pub 80012      45 ros2 75924      79 python3 
1789458207.487018493 806924288 | 297288     74 python3 189088     73 rviz2 127652     67 joint_state_pub 80012      45 ros2 75924      79 python3 
1789458207.704212676 807215104 | 297288     74 python3 189088     73 rviz2 127652     67 joint_state_pub 80012      45 ros2 75924      79 python3 
1789458207.926474525 807251968 | 297288     74 python3 189088     73 rviz2 127652     67 joint_state_pub 80012      45 ros2 75924      79 python3 
1789458208.150212688 807501824 | 297288     74 python3 189088     73 rviz2 127652     67 joint_state_pub 80012      45 ros2 75924      79 python3 
1789458208.375180384 807206912 | 297288     74 python3 189088     73 rviz2 127652     67 joint_state_pub 80012      45 ros2 75924      79 python3 
1789458208.597840634 806957056 | 297288     74 python3 189088     73 rviz2 127652     67 joint_state_pub 80012      45 ros2 75924      79 python3 
1789458208.822277349 807493632 | 297288     74 python3 189088     73 rviz2 127652     67 joint_state_pub 80012      45 ros2 75924      79 python3 
1789458209.043839096 807108608 | 297288     74 python3 189088     73 rviz2 127652     67 joint_state_pub 80012      45 ros2 75924      79 python3 
1789458209.265177157 807514112 | 297288     74 python3 189088     73 rviz2 127652     67 joint_state_pub 80012      45 ros2 75924      79 python3 
1789458209.488851160 807223296 | 297288     74 python3 189088     73 rviz2 127652     67 joint_state_pub 80012      45 ros2 75924      79 python3 
1789458209.708375876 806924288 | 297288     74 python3 189088     73 rviz2 127652     67 joint_state_pub 80012      45 ros2 75924      79 python3 
1789458209.931296263 807223296 | 297288     74 python3 189088     73 rviz2 127652     67 joint_state_pub 80012      45 ros2 75924      79 python3 
1789458210.152623264 807358464 | 297288     74 python3 189088     73 rviz2 127652     67 joint_state_pub 80012      45 ros2 75924      79 python3 
1789458210.375539914 807211008 | 297288     74 python3 189088     73 rviz2 127652     67 joint_state_pub 80012      45 ros2 75924      79 python3 
1789458210.597734950 807481344 | 297288     74 python3 189088     73 rviz2 127652     67 joint_state_pub 80012      45 ros2 75924      79 python3 
1789458210.813122975 807219200 | 297288     74 python3 189088     73 rviz2 127652     67 joint_state_pub 80012      45 ros2 75924      79 python3 
1789458211.030404349 807219200 | 297288     74 python3 189088     73 rviz2 127652     67 joint_state_pub 80012      45 ros2 75924      79 python3 
1789458211.251157258 807145472 | 297288     74 python3 189088     73 rviz2 127652     67 joint_state_pub 80012      45 ros2 75924      79 python3 
1789458211.473243277 807477248 | 297288     74 python3 189088     73 rviz2 127652     67 joint_state_pub 80012      45 ros2 75924      79 python3 
1789458211.696032877 807747584 | 297288     74 python3 189088     73 rviz2 127652     67 joint_state_pub 80012      45 ros2 75924      79 python3 
1789458211.911473674 807215104 | 297288     74 python3 189088     73 rviz2 127652     67 joint_state_pub 80012      45 ros2 75924      79 python3 
1789458212.134215484 807407616 | 297288     74 python3 189088     73 rviz2 127652     67 joint_state_pub 80012      45 ros2 75924      79 python3 
1789458212.352137831 807161856 | 297288     74 python3 189088     73 rviz2 127652     67 joint_state_pub 80012      45 ros2 75924      79 python3 
1789458212.569922605 807997440 | 297288     74 python3 189088     73 rviz2 127652     67 joint_state_pub 80012      45 ros2 75924      79 python3 
1789458212.791471643 807223296 | 297288     74 python3 189088     73 rviz2 127652     67 joint_state_pub 80012      45 ros2 75924      79 python3 
1789458213.013397337 807223296 | 297288     74 python3 189088     73 rviz2 127652     67 joint_state_pub 80012      45 ros2 75924      79 python3 
1789458213.230443997 807493632 | 297288     74 python3 189088     73 rviz2 127652     67 joint_state_pub 80012      45 ros2 75924      79 python3 
1789458213.454511204 807759872 | 297288     74 python3 189088     73 rviz2 127652     67 joint_state_pub 80012      45 ros2 75924      79 python3 
1789458213.676221369 807219200 | 297288     74 python3 189088     73 rviz2 127652     67 joint_state_pub 80012      45 ros2 75924      79 python3 
1789458213.899064243 806961152 | 297288     74 python3 189088     73 rviz2 127652     67 joint_state_pub 80012      45 ros2 75924      79 python3 
1789458214.122311920 807260160 | 297288     74 python3 189088     73 rviz2 127652     67 joint_state_pub 80012      45 ros2 75924      79 python3 
1789458214.346500320 807317504 | 297288     74 python3 189088     73 rviz2 127652     67 joint_state_pub 80012      45 ros2 75924      79 python3 
1789458214.567075533 807489536 | 297288     74 python3 189088     73 rviz2 127652     67 joint_state_pub 80012      45 ros2 75924      79 python3 
1789458214.787828216 807325696 | 297288     74 python3 189088     73 rviz2 127652     67 joint_state_pub 80012      45 ros2 75924      79 python3 
1789458215.009732002 807747584 | 297288     74 python3 189088     73 rviz2 127652     67 joint_state_pub 80012      45 ros2 75924      79 python3 
1789458215.231535388 807223296 | 297288     74 python3 189088     73 rviz2 127652     67 joint_state_pub 80012      45 ros2 75924      79 python3 
1789458215.450981131 806920192 | 297288     74 python3 189088     73 rviz2 127652     67 joint_state_pub 80012      45 ros2 75924      79 python3 
1789458215.671500380 807481344 | 297288     74 python3 189088     73 rviz2 127652     67 joint_state_pub 80012      45 ros2 75924      79 python3 
1789458215.892440251 807178240 | 297288     74 python3 189088     73 rviz2 127652     67 joint_state_pub 80012      45 ros2 75924      79 python3 
1789458216.115851982 807215104 | 297288     74 python3 189088     73 rviz2 127652     67 joint_state_pub 80012      45 ros2 75924      79 python3 
1789458216.335796677 806957056 | 297288     74 python3 189088     73 rviz2 127652     67 joint_state_pub 80012      45 ros2 75924      79 python3 
1789458216.559185344 807776256 | 297288     74 python3 189088     73 rviz2 127652     67 joint_state_pub 80012      45 ros2 75924      79 python3 
1789458216.783190857 807243776 | 297288     74 python3 189088     73 rviz2 127652     67 joint_state_pub 80012      45 ros2 75924      79 python3 
1789458217.004474142 807231488 | 297288     74 python3 189088     73 rviz2 127652     67 joint_state_pub 80012      45 ros2 75924      79 python3 
1789458217.227740518 807505920 | 297288     74 python3 189088     73 rviz2 127652     67 joint_state_pub 80012      45 ros2 75924      79 python3 
1789458217.443997406 807587840 | 297288     74 python3 189088     73 rviz2 127652     67 joint_state_pub 80012      45 ros2 75924      79 python3 
1789458217.667390225 807333888 | 297288     74 python3 189088     73 rviz2 127652     67 joint_state_pub 80012      45 ros2 75924      79 python3 
1789458217.891155310 807616512 | 297288     74 python3 189088     73 rviz2 127652     67 joint_state_pub 80012      45 ros2 75924      79 python3 
1789458218.117041109 807710720 | 297288     74 python3 189088     73 rviz2 127652     67 joint_state_pub 80012      45 ros2 75924      79 python3 
1789458218.342313549 807362560 | 297288     74 python3 189088     73 rviz2 127652     67 joint_state_pub 80012      45 ros2 75924      79 python3 
1789458218.565231753 807763968 | 297288     74 python3 189088     73 rviz2 127652     67 joint_state_pub 80012      45 ros2 75924      79 python3 
1789458218.782381695 806952960 | 297288     74 python3 189088     73 rviz2 127652     67 joint_state_pub 80012      45 ros2 75924      79 python3 
1789458219.003702424 807518208 | 297288     74 python3 189088     73 rviz2 127652     67 joint_state_pub 80012      45 ros2 75924      79 python3 
1789458219.219341789 807219200 | 297288     74 python3 189088     73 rviz2 127652     67 joint_state_pub 80012      45 ros2 75924      79 python3 
1789458219.441973549 807481344 | 297288     74 python3 189088     73 rviz2 127652     67 joint_state_pub 80012      45 ros2 75924      79 python3 
1789458219.657841790 807239680 | 297288     74 python3 189088     73 rviz2 127652     67 joint_state_pub 80012      45 ros2 75924      79 python3 
1789458219.880584299 807677952 | 297288     74 python3 189088     73 rviz2 127652     67 joint_state_pub 80012      45 ros2 75924      79 python3 
1789458220.101170260 807522304 | 297288     74 python3 189088     73 rviz2 127652     67 joint_state_pub 80012      45 ros2 75924      79 python3 
1789458220.320344511 807481344 | 297288     74 python3 189088     73 rviz2 127652     67 joint_state_pub 80012      45 ros2 75924      79 python3 
1789458220.539277022 807481344 | 297288     74 python3 189088     73 rviz2 127652     67 joint_state_pub 80012      45 ros2 75924      79 python3 
1789458220.763172500 807751680 | 297288     74 python3 189088     73 rviz2 127652     67 joint_state_pub 80012      45 ros2 75924      79 python3 
1789458220.983702866 807223296 | 297288     74 python3 189088     73 rviz2 127652     67 joint_state_pub 80012      45 ros2 75924      79 python3 
1789458221.204053641 807493632 | 297288     74 python3 189088     73 rviz2 127652     67 joint_state_pub 80012      45 ros2 75924      79 python3 
1789458221.427137223 807485440 | 297288     74 python3 189088     73 rviz2 127652     67 joint_state_pub 80012      45 ros2 75924      79 python3 
1789458221.648187120 806912000 | 297288     74 python3 189088     73 rviz2 127652     67 joint_state_pub 80012      45 ros2 75924      79 python3 
1789458221.862791135 807186432 | 297288     74 python3 189088     73 rviz2 127652     67 joint_state_pub 80012      45 ros2 75924      79 python3 
1789458222.078002607 807489536 | 297288     74 python3 189088     73 rviz2 127652     67 joint_state_pub 80012      45 ros2 75924      79 python3 
1789458222.296939478 807755776 | 297288     74 python3 189088     73 rviz2 127652     67 joint_state_pub 80012      45 ros2 75924      79 python3 
1789458222.517862174 807329792 | 297288     74 python3 189088     73 rviz2 127652     67 joint_state_pub 80012      45 ros2 75924      79 python3 
1789458222.737329407 806965248 | 297288     74 python3 189088     73 rviz2 127652     67 joint_state_pub 80012      45 ros2 75924      79 python3 
1789458222.956297629 807501824 | 297288     74 python3 189088     73 rviz2 127652     67 joint_state_pub 80012      45 ros2 75924      79 python3 
1789458223.177263007 807280640 | 297288     74 python3 189088     73 rviz2 127652     67 joint_state_pub 80012      45 ros2 75924      79 python3 
1789458223.398152200 807227392 | 297288     74 python3 189088     73 rviz2 127652     67 joint_state_pub 80012      45 ros2 75924      79 python3 
1789458223.619016756 807219200 | 297288     74 python3 189088     73 rviz2 127652     67 joint_state_pub 80012      45 ros2 75924      79 python3 
1789458223.844775770 807747584 | 297288     74 python3 189088     73 rviz2 127652     67 joint_state_pub 80012      45 ros2 75924      79 python3 
1789458224.068122175 807522304 | 297288     74 python3 189088     73 rviz2 127652     67 joint_state_pub 80012      45 ros2 75924      79 python3 
1789458224.291407285 807235584 | 297288     74 python3 189088     73 rviz2 127652     67 joint_state_pub 80012      45 ros2 75924      79 python3 
1789458224.511876288 807768064 | 297288     74 python3 189088     73 rviz2 127652     67 joint_state_pub 80012      45 ros2 75924      79 python3 
1789458224.736251235 807485440 | 297288     74 python3 189088     73 rviz2 127652     67 joint_state_pub 80012      45 ros2 75924      79 python3 
1789458224.952410095 807497728 | 297288     74 python3 189088     73 rviz2 127652     67 joint_state_pub 80012      45 ros2 75924      79 python3 
1789458225.174544544 807247872 | 297288     74 python3 189088     73 rviz2 127652     67 joint_state_pub 80012      45 ros2 75924      79 python3 
1789458225.402963937 807239680 | 297288     74 python3 189088     73 rviz2 127652     67 joint_state_pub 80012      45 ros2 75924      79 python3 
1789458225.623070052 807641088 | 297288     74 python3 189088     73 rviz2 127652     67 joint_state_pub 80012      45 ros2 75924      79 python3 
1789458225.846027579 807755776 | 297288     74 python3 189088     73 rviz2 127652     67 joint_state_pub 80012      45 ros2 75924      79 python3 
1789458226.069169968 807239680 | 297288     74 python3 189088     73 rviz2 127652     67 joint_state_pub 80012      45 ros2 75924      79 python3 
1789458226.291653944 807108608 | 297288     74 python3 189088     73 rviz2 127652     67 joint_state_pub 80012      45 ros2 75924      79 python3 
1789458226.512488386 807227392 | 297288     74 python3 189088     73 rviz2 127652     67 joint_state_pub 80012      45 ros2 75924      79 python3 
1789458226.736610674 807038976 | 297288     74 python3 189088     73 rviz2 127652     67 joint_state_pub 80012      45 ros2 75924      79 python3 
1789458226.959045507 807727104 | 297288     74 python3 189088     73 rviz2 127652     67 joint_state_pub 80012      45 ros2 75924      79 python3 
1789458227.183171342 807108608 | 297288     74 python3 189088     73 rviz2 127652     67 joint_state_pub 80012      45 ros2 75924      79 python3 
1789458227.407355179 807788544 | 297288     74 python3 189088     73 rviz2 127652     67 joint_state_pub 80012      45 ros2 75924      79 python3 
1789458227.629771306 806944768 | 297288     74 python3 189088     73 rviz2 127652     67 joint_state_pub 80012      45 ros2 75924      79 python3 
1789458227.845709440 807358464 | 297288     74 python3 189088     73 rviz2 127652     67 joint_state_pub 80012      45 ros2 75924      79 python3 
1789458228.062695000 807395328 | 297288     74 python3 189088     73 rviz2 127652     67 joint_state_pub 80012      45 ros2 75924      79 python3 
1789458228.285465805 807096320 | 297288     74 python3 189088     73 rviz2 127652     67 joint_state_pub 80012      45 ros2 75924      79 python3 
1789458228.505310524 807751680 | 297288     74 python3 189088     73 rviz2 127652     67 joint_state_pub 80012      45 ros2 75924      79 python3 
1789458228.727885556 807792640 | 297288     74 python3 189088     73 rviz2 127652     67 joint_state_pub 80012      45 ros2 75924      79 python3 
1789458228.949728814 807227392 | 297288     74 python3 189088     73 rviz2 127652     67 joint_state_pub 80012      45 ros2 75924      79 python3 
1789458229.169760730 807112704 | 297288     74 python3 189088     73 rviz2 127652     67 joint_state_pub 80012      45 ros2 75924      79 python3 
1789458229.388403720 807583744 | 297288     74 python3 189088     73 rviz2 127652     67 joint_state_pub 80012      45 ros2 75924      79 python3 
1789458229.610833777 807546880 | 297288     74 python3 189088     73 rviz2 127652     67 joint_state_pub 80012      45 ros2 75924      79 python3 
1789458229.835529211 807485440 | 297288     74 python3 189088     73 rviz2 127652     67 joint_state_pub 80012      45 ros2 75924      79 python3 
1789458230.057960280 807485440 | 297288     74 python3 189088     73 rviz2 127652     67 joint_state_pub 80012      45 ros2 75924      79 python3 
1789458230.281839740 807735296 | 297288     74 python3 189088     73 rviz2 127652     67 joint_state_pub 80012      45 ros2 75924      79 python3 
1789458230.505161748 807231488 | 297288     74 python3 189088     73 rviz2 127652     67 joint_state_pub 80012      45 ros2 75924      79 python3 
1789458230.726153586 807485440 | 297288     74 python3 189088     73 rviz2 127652     67 joint_state_pub 80012      45 ros2 75924      79 python3 
1789458230.940163599 807858176 | 297288     74 python3 189088     73 rviz2 127652     67 joint_state_pub 80012      45 ros2 75924      79 python3 
1789458231.157200781 807321600 | 297288     74 python3 189088     73 rviz2 127652     67 joint_state_pub 80012      45 ros2 75924      79 python3 
1789458231.375384368 807206912 | 297288     74 python3 189088     73 rviz2 127652     67 joint_state_pub 80012      45 ros2 75924      79 python3 
1789458231.595918265 807239680 | 297288     74 python3 189088     73 rviz2 127652     67 joint_state_pub 80012      45 ros2 75924      79 python3 
1789458231.819479119 807559168 | 297288     74 python3 189088     73 rviz2 127652     67 joint_state_pub 80012      45 ros2 75924      79 python3 
1789458232.043197524 807305216 | 297288     74 python3 189088     73 rviz2 127652     67 joint_state_pub 80012      45 ros2 75924      79 python3 
1789458232.264698924 807571456 | 297288     74 python3 189088     73 rviz2 127652     67 joint_state_pub 80012      45 ros2 75924      79 python3 
1789458232.487051067 807636992 | 297288     74 python3 189088     73 rviz2 127652     67 joint_state_pub 80012      45 ros2 75924      79 python3 
1789458232.706324061 807608320 | 297288     74 python3 189088     73 rviz2 127652     67 joint_state_pub 80012      45 ros2 75924      79 python3 
1789458232.929911047 807346176 | 297288     74 python3 189088     73 rviz2 127652     67 joint_state_pub 80012      45 ros2 75924      79 python3 
1789458233.150974804 807383040 | 297288     74 python3 189088     73 rviz2 127652     67 joint_state_pub 80012      45 ros2 75924      79 python3 
1789458233.370746400 807452672 | 297288     74 python3 189088     73 rviz2 127652     67 joint_state_pub 80012      45 ros2 75924      79 python3 
1789458233.587633409 807235584 | 297288     74 python3 189088     73 rviz2 127652     67 joint_state_pub 80012      45 ros2 75924      79 python3 
1789458233.811044501 807231488 | 297288     74 python3 189088     73 rviz2 127652     67 joint_state_pub 80012      45 ros2 75924      79 python3 
1789458234.032746505 807251968 | 297288     74 python3 189088     73 rviz2 127652     67 joint_state_pub 80012      45 ros2 75924      79 python3 
1789458234.256000709 806981632 | 297288     74 python3 189088     73 rviz2 127652     67 joint_state_pub 80012      45 ros2 75924      79 python3 
1789458234.479623034 807243776 | 297288     74 python3 189088     73 rviz2 127652     67 joint_state_pub 80012      45 ros2 75924      79 python3 
1789458234.699736032 807489536 | 297288     74 python3 189088     73 rviz2 127652     67 joint_state_pub 80012      45 ros2 75924      79 python3 
1789458234.919574186 806985728 | 297288     74 python3 189088     73 rviz2 127652     67 joint_state_pub 80012      45 ros2 75924      79 python3 
1789458235.143021318 807047168 | 297288     74 python3 189088     73 rviz2 127652     67 joint_state_pub 80012      45 ros2 75924      79 python3 
1789458235.365791269 807129088 | 297288     74 python3 189088     73 rviz2 127652     67 joint_state_pub 80012      45 ros2 75924      79 python3 
1789458235.590327187 807276544 | 297288     74 python3 189088     73 rviz2 127652     67 joint_state_pub 80012      45 ros2 75924      79 python3 
1789458235.813492482 807243776 | 297288     74 python3 189088     73 rviz2 127652     67 joint_state_pub 80012      45 ros2 75924      79 python3 
1789458236.036445513 807247872 | 297288     74 python3 189088     73 rviz2 127652     67 joint_state_pub 80012      45 ros2 75924      79 python3 
1789458236.260625123 807358464 | 297288     74 python3 189088     73 rviz2 127652     67 joint_state_pub 80012      45 ros2 75924      79 python3 
1789458236.485036323 807641088 | 297288     74 python3 189088     73 rviz2 127652     67 joint_state_pub 80012      45 ros2 75924      79 python3 
1789458236.704220985 807403520 | 297288     74 python3 189088     73 rviz2 127652     67 joint_state_pub 80012      45 ros2 75924      79 python3 
1789458236.926348994 807235584 | 297288     74 python3 189088     73 rviz2 127652     67 joint_state_pub 80012      45 ros2 75924      79 python3 
1789458237.148072665 807268352 | 297288     74 python3 189088     73 rviz2 127652     67 joint_state_pub 80012      45 ros2 75924      79 python3 
1789458237.367137649 806985728 | 297288     74 python3 189088     73 rviz2 127652     67 joint_state_pub 80012      45 ros2 75924      79 python3 
1789458237.588739367 807526400 | 297288     74 python3 189088     73 rviz2 127652     67 joint_state_pub 80012      45 ros2 75924      79 python3 
1789458237.802626083 806920192 | 297288     74 python3 189088     73 rviz2 127652     67 joint_state_pub 80012      45 ros2 75924      79 python3 
1789458238.020273587 807354368 | 297288     74 python3 189088     73 rviz2 127652     67 joint_state_pub 80012      45 ros2 75924      79 python3 
1789458238.236957214 807202816 | 297288     74 python3 189088     73 rviz2 127652     67 joint_state_pub 80012      45 ros2 75924      79 python3 
1789458238.462171037 807247872 | 297288     74 python3 189088     73 rviz2 127652     67 joint_state_pub 80012      45 ros2 75924      79 python3 
1789458238.683592293 806981632 | 297288     74 python3 189088     73 rviz2 127652     67 joint_state_pub 80012      45 ros2 75924      79 python3 
1789458238.899969536 807038976 | 297288     74 python3 189088     73 rviz2 127652     67 joint_state_pub 80012      45 ros2 75924      79 python3 
1789458239.118891089 807354368 | 297288     74 python3 189088     73 rviz2 127652     67 joint_state_pub 80012      45 ros2 75924      79 python3 
1789458239.340283099 807256064 | 297288     74 python3 189088     73 rviz2 127652     67 joint_state_pub 80012      45 ros2 75924      79 python3 
1789458239.563593185 807882752 | 297288     74 python3 189088     73 rviz2 127652     67 joint_state_pub 80012      45 ros2 75924      79 python3 
1789458239.786827097 807514112 | 297288     74 python3 189088     73 rviz2 127652     67 joint_state_pub 80012      45 ros2 75924      79 python3 
1789458240.009214575 807772160 | 297288     74 python3 189088     73 rviz2 127652     67 joint_state_pub 80012      45 ros2 75924      79 python3 
1789458240.230063933 807264256 | 297288     74 python3 189088     73 rviz2 127652     67 joint_state_pub 80012      45 ros2 75924      79 python3 
1789458240.449161112 807575552 | 297288     74 python3 189088     73 rviz2 127652     67 joint_state_pub 80012      45 ros2 75924      79 python3 
1789458240.664305729 807518208 | 297288     74 python3 189088     73 rviz2 127652     67 joint_state_pub 80012      45 ros2 75924      79 python3 
1789458240.883426182 807256064 | 297288     74 python3 189088     73 rviz2 127652     67 joint_state_pub 80012      45 ros2 75924      79 python3 
1789458241.107009300 807501824 | 297288     74 python3 189088     73 rviz2 127652     67 joint_state_pub 80012      45 ros2 75924      79 python3 
1789458241.325472372 807510016 | 297288     74 python3 189088     73 rviz2 127652     67 joint_state_pub 80012      45 ros2 75924      79 python3 
1789458241.541330790 808267776 | 297288     74 python3 189088     73 rviz2 127652     67 joint_state_pub 80012      45 ros2 75924      79 python3 
1789458241.763682271 807534592 | 297288     74 python3 189088     73 rviz2 127652     67 joint_state_pub 80012      45 ros2 75924      79 python3 
1789458241.985212999 807399424 | 297288     74 python3 189088     73 rviz2 127652     67 joint_state_pub 80012      45 ros2 75924      79 python3 
1789458242.207857791 807522304 | 297288     74 python3 189088     73 rviz2 127652     67 joint_state_pub 80012      45 ros2 75924      79 python3 
1789458242.431173241 807268352 | 297288     74 python3 189088     73 rviz2 127652     67 joint_state_pub 80012      45 ros2 75924      79 python3 
1789458242.656208959 807211008 | 297288     74 python3 189088     73 rviz2 127652     67 joint_state_pub 80012      45 ros2 75924      79 python3 
1789458242.878702783 807239680 | 297288     74 python3 189088     73 rviz2 127652     67 joint_state_pub 80012      45 ros2 75924      79 python3 
1789458243.101625034 807510016 | 297288     74 python3 189088     73 rviz2 127652     67 joint_state_pub 80012      45 ros2 75924      79 python3 
1789458243.322616316 807505920 | 297288     74 python3 189088     73 rviz2 127652     67 joint_state_pub 80012      45 ros2 75924      79 python3 
1789458243.545760531 807776256 | 297288     74 python3 189088     73 rviz2 127652     67 joint_state_pub 80012      45 ros2 75924      79 python3 
1789458243.768779628 807546880 | 297288     74 python3 189088     73 rviz2 127652     67 joint_state_pub 80012      45 ros2 75924      79 python3 
1789458243.989313317 807796736 | 297288     74 python3 189088     73 rviz2 127652     67 joint_state_pub 80012      45 ros2 75924      79 python3 
1789458244.211183635 807510016 | 297288     74 python3 189088     73 rviz2 127652     67 joint_state_pub 80012      45 ros2 75924      79 python3 
1789458244.434174058 807514112 | 297288     74 python3 189088     73 rviz2 127652     67 joint_state_pub 80012      45 ros2 75924      79 python3 
1789458244.656037453 807514112 | 297288     74 python3 189088     73 rviz2 127652     67 joint_state_pub 80012      45 ros2 75924      79 python3 
1789458244.876631860 807247872 | 297288     74 python3 189088     73 rviz2 127652     67 joint_state_pub 80012      45 ros2 75924      79 python3 
1789458245.096972003 807370752 | 297288     74 python3 189088     73 rviz2 127652     67 joint_state_pub 80012      45 ros2 75924      79 python3 
1789458245.319214341 807374848 | 297288     74 python3 189088     73 rviz2 127652     67 joint_state_pub 80012      45 ros2 75924      79 python3 
1789458245.540647798 807211008 | 297288     74 python3 189088     73 rviz2 127652     67 joint_state_pub 80012      45 ros2 75924      79 python3 
1789458245.764725885 807632896 | 297288     74 python3 189088     73 rviz2 127652     67 joint_state_pub 80012      45 ros2 75924      79 python3 
1789458245.985705407 806989824 | 297288     74 python3 189088     73 rviz2 127652     67 joint_state_pub 80012      45 ros2 75924      79 python3 
1789458246.208656678 807510016 | 297288     74 python3 189088     73 rviz2 127652     67 joint_state_pub 80012      45 ros2 75924      79 python3 
1789458246.432479769 807526400 | 297288     74 python3 189088     73 rviz2 127652     67 joint_state_pub 80012      45 ros2 75924      79 python3 
1789458246.651276122 807231488 | 297288     74 python3 189088     73 rviz2 127652     67 joint_state_pub 80012      45 ros2 75924      79 python3 
1789458246.873082931 808005632 | 297288     74 python3 189088     73 rviz2 127652     67 joint_state_pub 80012      45 ros2 75924      79 python3 
1789458247.096372266 807514112 | 297288     74 python3 189088     73 rviz2 127652     67 joint_state_pub 80012      45 ros2 75924      79 python3 
1789458247.320034252 807251968 | 297288     74 python3 189088     73 rviz2 127652     67 joint_state_pub 80012      45 ros2 75924      79 python3 
1789458247.541504331 807497728 | 297288     74 python3 189088     73 rviz2 127652     67 joint_state_pub 80012      45 ros2 75924      79 python3 
1789458247.764414945 807493632 | 297288     74 python3 189088     73 rviz2 127652     67 joint_state_pub 80012      45 ros2 75924      79 python3 
1789458247.983482636 807649280 | 297288     74 python3 189088     73 rviz2 127652     67 joint_state_pub 80012      45 ros2 75924      79 python3 
1789458248.209201482 807223296 | 297288     74 python3 189088     73 rviz2 127652     67 joint_state_pub 80012      45 ros2 75924      79 python3 
1789458248.429001100 807256064 | 297288     74 python3 189088     73 rviz2 127652     67 joint_state_pub 80012      45 ros2 75924      79 python3 
1789458248.651362819 807522304 | 297288     74 python3 189088     73 rviz2 127652     67 joint_state_pub 80012      45 ros2 75924      79 python3 
1789458248.868380624 806981632 | 297288     74 python3 189088     73 rviz2 127652     67 joint_state_pub 80012      45 ros2 75924      79 python3 
1789458249.089162694 807227392 | 297288     74 python3 189088     73 rviz2 127652     67 joint_state_pub 80012      45 ros2 75924      79 python3 
1789458249.310258722 807514112 | 297288     74 python3 189088     73 rviz2 127652     67 joint_state_pub 80012      45 ros2 75924      79 python3 
1789458249.533600450 807776256 | 297288     74 python3 189088     73 rviz2 127652     67 joint_state_pub 80012      45 ros2 75924      79 python3 
1789458249.754649220 806985728 | 297288     74 python3 189088     73 rviz2 127652     67 joint_state_pub 80012      45 ros2 75924      79 python3 
1789458249.970185763 807239680 | 297288     74 python3 189088     73 rviz2 127652     67 joint_state_pub 80012      45 ros2 75924      79 python3 
1789458250.193599108 807190528 | 297288     74 python3 189088     73 rviz2 127652     67 joint_state_pub 80012      45 ros2 75924      79 python3 
1789458250.415972272 807796736 | 297288     74 python3 189088     73 rviz2 127652     67 joint_state_pub 80012      45 ros2 75924      79 python3 
1789458250.639422999 806973440 | 297288     74 python3 189088     73 rviz2 127652     67 joint_state_pub 80012      45 ros2 75924      79 python3 
1789458250.862949230 807227392 | 297288     74 python3 189088     73 rviz2 127652     67 joint_state_pub 80012      45 ros2 75924      79 python3 
1789458251.085544758 806985728 | 297288     74 python3 189088     73 rviz2 127652     67 joint_state_pub 80012      45 ros2 75924      79 python3 
1789458251.303310141 807628800 | 297288     74 python3 189088     73 rviz2 127652     67 joint_state_pub 80012      45 ros2 75924      79 python3 
1789458251.525111287 807911424 | 297288     74 python3 189088     73 rviz2 127652     67 joint_state_pub 80012      45 ros2 75924      79 python3 
1789458251.746644220 807354368 | 297288     74 python3 189088     73 rviz2 127652     67 joint_state_pub 80012      45 ros2 75924      79 python3 
1789458251.969935755 807251968 | 297288     74 python3 189088     73 rviz2 127652     67 joint_state_pub 80012      45 ros2 75924      79 python3 
1789458252.191906033 807809024 | 297288     74 python3 189088     73 rviz2 127652     67 joint_state_pub 80012      45 ros2 75924      79 python3 
1789458252.415385197 807268352 | 297288     74 python3 189088     73 rviz2 127652     67 joint_state_pub 80012      45 ros2 75924      79 python3 
1789458252.636981501 807260160 | 297288     74 python3 189088     73 rviz2 127652     67 joint_state_pub 80012      45 ros2 75924      79 python3 
1789458252.854644080 806993920 | 297288     74 python3 189088     73 rviz2 127652     67 joint_state_pub 80012      45 ros2 75924      79 python3 
1789458253.075713803 807444480 | 297288     74 python3 189088     73 rviz2 127652     67 joint_state_pub 80012      45 ros2 75924      79 python3 
1789458253.297198798 807514112 | 297288     74 python3 189088     73 rviz2 127652     67 joint_state_pub 80012      45 ros2 75924      79 python3 
1789458253.519380109 807723008 | 297288     74 python3 189088     73 rviz2 127652     67 joint_state_pub 80012      45 ros2 75924      79 python3 
1789458253.738702122 807264256 | 297288     74 python3 189088     73 rviz2 127652     67 joint_state_pub 80012      45 ros2 75924      79 python3 
1789458253.959160680 807170048 | 297288     74 python3 189088     73 rviz2 127652     67 joint_state_pub 80012      45 ros2 75924      79 python3 
1789458254.179440639 807264256 | 297288     74 python3 189088     73 rviz2 127652     67 joint_state_pub 80012      45 ros2 75924      79 python3 
1789458254.401285682 807415808 | 297288     74 python3 189088     73 rviz2 127652     67 joint_state_pub 80012      45 ros2 75924      79 python3 
1789458254.621163935 807538688 | 297288     74 python3 189088     73 rviz2 127652     67 joint_state_pub 80012      45 ros2 75924      79 python3 
1789458254.845926477 807481344 | 297288     74 python3 189088     73 rviz2 127652     67 joint_state_pub 80012      45 ros2 75924      79 python3 
1789458255.067622044 807317504 | 297288     74 python3 189088     73 rviz2 127652     67 joint_state_pub 80012      45 ros2 75924      79 python3 
1789458255.292546286 807518208 | 297288     74 python3 189088     73 rviz2 127652     67 joint_state_pub 80012      45 ros2 75924      79 python3 
1789458255.514296618 807264256 | 297288     74 python3 189088     73 rviz2 127652     67 joint_state_pub 80012      45 ros2 75924      79 python3 
1789458255.736179603 807264256 | 297288     74 python3 189088     73 rviz2 127652     67 joint_state_pub 80012      45 ros2 75924      79 python3 
1789458255.957685299 807002112 | 297288     74 python3 189088     73 rviz2 127652     67 joint_state_pub 80012      45 ros2 75924      79 python3 
1789458256.182719991 807010304 | 297288     74 python3 189088     73 rviz2 127652     67 joint_state_pub 80012      45 ros2 75924      79 python3 
1789458256.408137463 807260160 | 297288     74 python3 189088     73 rviz2 127652     67 joint_state_pub 80012      45 ros2 75924      79 python3 
1789458256.630954680 807268352 | 297288     74 python3 189088     73 rviz2 127652     67 joint_state_pub 80012      45 ros2 75924      79 python3 
1789458256.853018481 807526400 | 297288     74 python3 189088     73 rviz2 127652     67 joint_state_pub 80012      45 ros2 75924      79 python3 
1789458257.069469105 807514112 | 297288     74 python3 189088     73 rviz2 127652     67 joint_state_pub 80012      45 ros2 75924      79 python3 
1789458257.290364059 807632896 | 297288     74 python3 189088     73 rviz2 127652     67 joint_state_pub 80012      45 ros2 75924      79 python3 
1789458257.506597761 807788544 | 297288     74 python3 189088     73 rviz2 127652     67 joint_state_pub 80012      45 ros2 75924      79 python3 
1789458257.732727319 807895040 | 297288     74 python3 189088     73 rviz2 127652     67 joint_state_pub 80012      45 ros2 75924      79 python3 
1789458257.955979735 807534592 | 297288     74 python3 189088     73 rviz2 127652     67 joint_state_pub 80012      45 ros2 75924      79 python3 
1789458258.180797197 807493632 | 297288     74 python3 189088     73 rviz2 127652     67 joint_state_pub 80012      45 ros2 75924      79 python3 
1789458258.397953428 807325696 | 297288     74 python3 189088     73 rviz2 127652     67 joint_state_pub 80012      45 ros2 75924      79 python3 
1789458258.623845558 807526400 | 297288     74 python3 189088     73 rviz2 127652     67 joint_state_pub 80012      45 ros2 75924      79 python3 
1789458258.848418244 807530496 | 297288     74 python3 189088     73 rviz2 127652     67 joint_state_pub 80012      45 ros2 75924      79 python3 
1789458259.072225841 807583744 | 297288     74 python3 189088     73 rviz2 127652     67 joint_state_pub 80012      45 ros2 75924      79 python3 
1789458259.297730181 807604224 | 297288     74 python3 189088     73 rviz2 127652     67 joint_state_pub 80012      45 ros2 75924      79 python3 
1789458259.520075622 808144896 | 297288     74 python3 189088     73 rviz2 127652     67 joint_state_pub 80012      45 ros2 75924      79 python3 
1789458259.741890625 807788544 | 297288     74 python3 189088     73 rviz2 127652     67 joint_state_pub 80012      45 ros2 75924      79 python3 
1789458259.965947619 807268352 | 297288     74 python3 189088     73 rviz2 127652     67 joint_state_pub 80012      45 ros2 75924      79 python3 
1789458260.189632303 807501824 | 297288     74 python3 189088     73 rviz2 127652     67 joint_state_pub 80012      45 ros2 75924      79 python3 
1789458260.412998011 807563264 | 297288     74 python3 189088     73 rviz2 127652     67 joint_state_pub 80012      45 ros2 75924      79 python3 
1789458260.638099025 806965248 | 297288     74 python3 189088     73 rviz2 127652     67 joint_state_pub 80012      45 ros2 75924      79 python3 
1789458260.860474375 807264256 | 297288     74 python3 189088     73 rviz2 127652     67 joint_state_pub 80012      45 ros2 75924      79 python3 
1789458261.085403051 807411712 | 297288     74 python3 189088     73 rviz2 127652     67 joint_state_pub 80012      45 ros2 75924      79 python3 
1789458261.309204940 807522304 | 297288     74 python3 189088     73 rviz2 127652     67 joint_state_pub 80012      45 ros2 75924      79 python3 
1789458261.528993001 807268352 | 297288     74 python3 189088     73 rviz2 127652     67 joint_state_pub 80012      45 ros2 75924      79 python3 
1789458261.752405027 807272448 | 297288     74 python3 189088     73 rviz2 127652     67 joint_state_pub 80012      45 ros2 75924      79 python3 
1789458261.969089994 807538688 | 297288     74 python3 189088     73 rviz2 127652     67 joint_state_pub 80012      45 ros2 75924      79 python3 
1789458262.186872622 807636992 | 297288     74 python3 189088     73 rviz2 127652     67 joint_state_pub 80012      45 ros2 75924      79 python3 
1789458262.409436013 807534592 | 297288     74 python3 189088     73 rviz2 127652     67 joint_state_pub 80012      45 ros2 75924      79 python3 
1789458262.631659636 807174144 | 297288     74 python3 189088     73 rviz2 127652     67 joint_state_pub 80012      45 ros2 75924      79 python3 
1789458262.848256294 807759872 | 297288     74 python3 189088     73 rviz2 127652     67 joint_state_pub 80012      45 ros2 75924      79 python3 
1789458263.070340532 807448576 | 297288     74 python3 189088     73 rviz2 127652     67 joint_state_pub 80012      45 ros2 75924      79 python3 
1789458263.293141887 807796736 | 297288     74 python3 189088     73 rviz2 127652     67 joint_state_pub 80012      45 ros2 75924      79 python3 
1789458263.518080766 807378944 | 297288     74 python3 189088     73 rviz2 127652     67 joint_state_pub 80012      45 ros2 75924      79 python3 
1789458263.741357428 807616512 | 297288     74 python3 189088     73 rviz2 127652     67 joint_state_pub 80012      45 ros2 75924      79 python3 
1789458263.963972988 807292928 | 297288     74 python3 189088     73 rviz2 127652     67 joint_state_pub 80012      45 ros2 75924      79 python3 
1789458264.182359461 807145472 | 297288     74 python3 189088     73 rviz2 127652     67 joint_state_pub 80012      45 ros2 75924      79 python3 
1789458264.405476698 807354368 | 297288     74 python3 189088     73 rviz2 127652     67 joint_state_pub 80012      45 ros2 75924      79 python3 
1789458264.629218195 807804928 | 297288     74 python3 189088     73 rviz2 127652     67 joint_state_pub 80012      45 ros2 75924      79 python3 
1789458264.852804397 807501824 | 297288     74 python3 189088     73 rviz2 127652     67 joint_state_pub 80012      45 ros2 75924      79 python3 
1789458265.068418235 807505920 | 297288     74 python3 189088     73 rviz2 127652     67 joint_state_pub 80012      45 ros2 75924      79 python3 
1789458265.289783615 807280640 | 297288     74 python3 189088     73 rviz2 127652     67 joint_state_pub 80012      45 ros2 75924      79 python3 
1789458265.510510160 807399424 | 297288     74 python3 189088     73 rviz2 127652     67 joint_state_pub 80012      45 ros2 75924      79 python3 
1789458265.730486723 807481344 | 297288     74 python3 189088     73 rviz2 127652     67 joint_state_pub 80012      45 ros2 75924      79 python3 
1789458265.952870985 807206912 | 297288     74 python3 189088     73 rviz2 127652     67 joint_state_pub 80012      45 ros2 75924      79 python3 
1789458266.169397425 807395328 | 297288     74 python3 189088     73 rviz2 127652     67 joint_state_pub 80012      45 ros2 75924      79 python3 
1789458266.388636575 807661568 | 297288     74 python3 189088     73 rviz2 127652     67 joint_state_pub 80012      45 ros2 75924      79 python3 
1789458266.612269157 807301120 | 297288     74 python3 189088     73 rviz2 127652     67 joint_state_pub 80012      45 ros2 75924      79 python3 
1789458266.835935514 807497728 | 297288     74 python3 189088     73 rviz2 127652     67 joint_state_pub 80012      45 ros2 75924      79 python3 
1789458267.059480229 807174144 | 297288     74 python3 189088     73 rviz2 127652     67 joint_state_pub 80012      45 ros2 75924      79 python3 
1789458267.283162547 807239680 | 297288     74 python3 189088     73 rviz2 127652     67 joint_state_pub 80012      45 ros2 75924      79 python3 
1789458267.502839251 807604224 | 297288     74 python3 189088     73 rviz2 127652     67 joint_state_pub 80012      45 ros2 75924      79 python3 
1789458267.727832507 807403520 | 297288     74 python3 189088     73 rviz2 127652     67 joint_state_pub 80012      45 ros2 75924      79 python3 
1789458267.952731093 807530496 | 297288     74 python3 189088     73 rviz2 127652     67 joint_state_pub 80012      45 ros2 75924      79 python3 
1789458268.176502201 807362560 | 297288     74 python3 189088     73 rviz2 127652     67 joint_state_pub 80012      45 ros2 75924      79 python3 
1789458268.399226225 807280640 | 297288     74 python3 189088     73 rviz2 127652     67 joint_state_pub 80012      45 ros2 75924      79 python3 
1789458268.622738730 807563264 | 297288     74 python3 189088     73 rviz2 127652     67 joint_state_pub 80012      45 ros2 75924      79 python3 
1789458268.842731839 807698432 | 297288     74 python3 189088     73 rviz2 127652     67 joint_state_pub 80012      45 ros2 75924      79 python3 
1789458269.064536801 807534592 | 297288     74 python3 189088     73 rviz2 127652     67 joint_state_pub 80012      45 ros2 75924      79 python3 
1789458269.281453587 807804928 | 297288     74 python3 189088     73 rviz2 127652     67 joint_state_pub 80012      45 ros2 75924      79 python3 
1789458269.500596617 806948864 | 297288     74 python3 189088     73 rviz2 127652     67 joint_state_pub 80012      45 ros2 75924      79 python3 
1789458269.719199237 807534592 | 297288     74 python3 189088     73 rviz2 127652     67 joint_state_pub 80012      45 ros2 75924      79 python3 
1789458269.938708925 807243776 | 297288     74 python3 189088     73 rviz2 127652     67 joint_state_pub 80012      45 ros2 75924      79 python3 
1789458270.153683051 807116800 | 297288     74 python3 189088     73 rviz2 127652     67 joint_state_pub 80012      45 ros2 75924      79 python3 
1789458270.375848621 807538688 | 297288     74 python3 189088     73 rviz2 127652     67 joint_state_pub 80012      45 ros2 75924      79 python3 
1789458270.591837421 807538688 | 297288     74 python3 189088     73 rviz2 127652     67 joint_state_pub 80012      45 ros2 75924      79 python3 
1789458270.807251635 807542784 | 297288     74 python3 189088     73 rviz2 127652     67 joint_state_pub 80012      45 ros2 75924      79 python3 
1789458271.027861290 807346176 | 297288     74 python3 189088     73 rviz2 127652     67 joint_state_pub 80012      45 ros2 75924      79 python3 
1789458271.250194412 807329792 | 297288     74 python3 189088     73 rviz2 127652     67 joint_state_pub 80012      45 ros2 75924      79 python3 
1789458271.470422973 807272448 | 297288     74 python3 189088     73 rviz2 127652     67 joint_state_pub 80012      45 ros2 75924      79 python3 
1789458271.693297125 807669760 | 297288     74 python3 189088     73 rviz2 127652     67 joint_state_pub 80012      45 ros2 75924      79 python3 
1789458271.910534717 807276544 | 297288     74 python3 189088     73 rviz2 127652     67 joint_state_pub 80012      45 ros2 75924      79 python3 
1789458272.131599641 807550976 | 297288     74 python3 189088     73 rviz2 127652     67 joint_state_pub 80012      45 ros2 75924      79 python3 
1789458272.352937568 807239680 | 297288     74 python3 189088     73 rviz2 127652     67 joint_state_pub 80012      45 ros2 75924      79 python3 
1789458272.576010531 807534592 | 297288     74 python3 189088     73 rviz2 127652     67 joint_state_pub 80012      45 ros2 75924      79 python3 
1789458272.792280788 807272448 | 297288     74 python3 189088     73 rviz2 127652     67 joint_state_pub 80012      45 ros2 75924      79 python3 
1789458273.014448967 807546880 | 297288     74 python3 189088     73 rviz2 127652     67 joint_state_pub 80012      45 ros2 75924      79 python3 
1789458273.230458599 807804928 | 297288     74 python3 189088     73 rviz2 127652     67 joint_state_pub 80012      45 ros2 75924      79 python3 
1789458273.447315365 807538688 | 297288     74 python3 189088     73 rviz2 127652     67 joint_state_pub 80012      45 ros2 75924      79 python3 
1789458273.668863432 807215104 | 297288     74 python3 189088     73 rviz2 127652     67 joint_state_pub 80012      45 ros2 75924      79 python3 
1789458273.887683280 807133184 | 297288     74 python3 189088     73 rviz2 127652     67 joint_state_pub 80012      45 ros2 75924      79 python3 
1789458274.103143145 807206912 | 297288     74 python3 189088     73 rviz2 127652     67 joint_state_pub 80012      45 ros2 75928      79 python3 
1789458274.320408391 768401408 | 297288     74 python3 189088     73 rviz2 127548     67 joint_state_pub 80012      45 ros2 75824      79 python3 
1789458274.542862036 768983040 | 297288     74 python3 189088     73 rviz2 127548     67 joint_state_pub 80012      45 ros2 75824      79 python3 
1789458274.766517601 768475136 | 297288     74 python3 189088     73 rviz2 127548     67 joint_state_pub 80012      45 ros2 75824      79 python3 
1789458274.986782323 767995904 | 297288     74 python3 188984     73 rviz2 127548     67 joint_state_pub 80012      45 ros2 75824      79 python3 
1789458275.209805313 768077824 | 297288     74 python3 188984     73 rviz2 127548     67 joint_state_pub 79948      45 ros2 75824      79 python3 
1789458275.433093630 768192512 | 297288     74 python3 188984     73 rviz2 127548     67 joint_state_pub 79948      45 ros2 75824      79 python3 
1789458275.655527848 768188416 | 297288     74 python3 188984     73 rviz2 127548     67 joint_state_pub 79844      45 ros2 75824      79 python3 
1789458275.874951970 768331776 | 297288     74 python3 188984     73 rviz2 127548     67 joint_state_pub 79844      45 ros2 75824      79 python3 
1789458276.099608734 768512000 | 297184     74 python3 188984     73 rviz2 127548     67 joint_state_pub 79844      45 ros2 75824      79 python3 
1789458276.323765747 768585728 | 297184     74 python3 188984     73 rviz2 127548     67 joint_state_pub 79844      45 ros2 75824      79 python3 
1789458276.547604183 768233472 | 297120     74 python3 188984     73 rviz2 127548     67 joint_state_pub 79844      45 ros2 75824      79 python3 
1789458276.771983811 768294912 | 297120     74 python3 188984     73 rviz2 127548     67 joint_state_pub 79844      45 ros2 75824      79 python3 
1789458276.991163688 768188416 | 297120     74 python3 188920     73 rviz2 127548     67 joint_state_pub 79844      45 ros2 75824      79 python3 
1789458277.213981759 768462848 | 297120     74 python3 188920     73 rviz2 127548     67 joint_state_pub 79844      45 ros2 75824      79 python3 
1789458277.437659630 768188416 | 297120     74 python3 188920     73 rviz2 127548     67 joint_state_pub 79844      45 ros2 75824      79 python3 
1789458277.654926693 768331776 | 297120     74 python3 188920     73 rviz2 127548     67 joint_state_pub 79844      45 ros2 75760      79 python3 
1789458277.871614733 768200704 | 297120     74 python3 188920     73 rviz2 127484     67 joint_state_pub 79844      45 ros2 75760      79 python3 
1789458278.094496888 768196608 | 297120     74 python3 188920     73 rviz2 127484     67 joint_state_pub 79844      45 ros2 75760      79 python3 
1789458278.316447279 768737280 | 297120     74 python3 188920     73 rviz2 127484     67 joint_state_pub 79844      45 ros2 75760      79 python3 
1789458278.539043469 768724992 | 297120     74 python3 188920     73 rviz2 127484     67 joint_state_pub 79844      45 ros2 75760      79 python3 
1789458278.762205959 768557056 | 297120     74 python3 188920     73 rviz2 127484     67 joint_state_pub 79844      45 ros2 75760      79 python3 
1789458278.981187881 768319488 | 297120     74 python3 188920     73 rviz2 127484     67 joint_state_pub 79844      45 ros2 75760      79 python3 
1789458279.203852042 768446464 | 297120     74 python3 188920     73 rviz2 127484     67 joint_state_pub 79844      45 ros2 75760      79 python3 
1789458279.425036994 768520192 | 297120     74 python3 188920     73 rviz2 127484     67 joint_state_pub 79844      45 ros2 75760      79 python3 
1283706880 | 450548     87 python3 277816     86 rviz2 176096     80 joint_state_pub 130616     89 snp_motion_plan 88840      88 noether_ros_too 
1283956736 | 450548     87 python3 277820     86 rviz2 176096     80 joint_state_pub 130616     89 snp_motion_plan 88840      88 noether_ros_too 
1284108288 | 450548     87 python3 277820     86 rviz2 176096     80 joint_state_pub 130616     89 snp_motion_plan 88840      88 noether_ros_too 
1283629056 | 450548     87 python3 277820     86 rviz2 176096     80 joint_state_pub 130616     89 snp_motion_plan 88840      88 noether_ros_too 
1283866624 | 450548     87 python3 277820     86 rviz2 176096     80 joint_state_pub 130616     89 snp_motion_plan 88840      88 noether_ros_too 
1284124672 | 450548     87 python3 277820     86 rviz2 176096     80 joint_state_pub 130616     89 snp_motion_plan 88840      88 noether_ros_too 
1284120576 | 450548     87 python3 277820     86 rviz2 176096     80 joint_state_pub 130616     89 snp_motion_plan 88840      88 noether_ros_too 
1283600384 | 450548     87 python3 277820     86 rviz2 176096     80 joint_state_pub 130616     89 snp_motion_plan 88840      88 noether_ros_too 
1284096000 | 450548     87 python3 277820     86 rviz2 176096     80 joint_state_pub 130616     89 snp_motion_plan 88840      88 noether_ros_too 
1283657728 | 450548     87 python3 277820     86 rviz2 176096     80 joint_state_pub 130616     89 snp_motion_plan 88840      88 noether_ros_too 
1291059200 | 450548     87 python3 277820     86 rviz2 176096     80 joint_state_pub 130616     89 snp_motion_plan 88840      88 noether_ros_too 
1291108352 | 450548     87 python3 277820     86 rviz2 176096     80 joint_state_pub 130616     89 snp_motion_plan 88840      88 noether_ros_too 
1284632576 | 450548     87 python3 277820     86 rviz2 176096     80 joint_state_pub 130616     89 snp_motion_plan 88840      88 noether_ros_too 
1287356416 | 450548     87 python3 277820     86 rviz2 176096     80 joint_state_pub 130616     89 snp_motion_plan 88840      88 noether_ros_too 
1288794112 | 450548     87 python3 277820     86 rviz2 176096     80 joint_state_pub 130616     89 snp_motion_plan 88840      88 noether_ros_too 
1299832832 | 450548     87 python3 277820     86 rviz2 176096     80 joint_state_pub 130616     89 snp_motion_plan 88840      88 noether_ros_too 
1323991040 | 450836     87 python3 278040     86 rviz2 176376     80 joint_state_pub 130924     89 snp_motion_plan 89128      88 noether_ros_too 
1331699712 | 450844     87 python3 278084     86 rviz2 176384     80 joint_state_pub 130932     89 snp_motion_plan 105892     88 noether_ros_too 
1343664128 | 450848     87 python3 278088     86 rviz2 176388     80 joint_state_pub 140956     89 snp_motion_plan 105636     88 noether_ros_too 
1550508032 | 450848     87 python3 350668     89 snp_motion_plan 278088     86 rviz2 176388     80 joint_state_pub 105636     88 noether_ros_too 
1808621568 | 602348     89 snp_motion_plan 450848     87 python3 278088     86 rviz2 176388     80 joint_state_pub 105636     88 noether_ros_too 
2043760640 | 830136     89 snp_motion_plan 450848     87 python3 278088     86 rviz2 176388     80 joint_state_pub 105636     88 noether_ros_too 
2294349824 | 1078216    89 snp_motion_plan 450848     87 python3 278088     86 rviz2 176388     80 joint_state_pub 105636     88 noether_ros_too 
2552877056 | 1328900    89 snp_motion_plan 450848     87 python3 278088     86 rviz2 176388     80 joint_state_pub 105636     88 noether_ros_too 
2800128000 | 1569264    89 snp_motion_plan 450848     87 python3 278088     86 rviz2 176388     80 joint_state_pub 105636     88 noether_ros_too 
3048382464 | 1812780    89 snp_motion_plan 450848     87 python3 278088     86 rviz2 176388     80 joint_state_pub 105636     88 noether_ros_too 
3221192704 | 1998344    89 snp_motion_plan 450840     87 python3 278032     86 rviz2 176388     80 joint_state_pub 105628     88 noether_ros_too 
3221118976 | 2123268    89 snp_motion_plan 427564     87 python3 240092     86 rviz2 163212     80 joint_state_pub 80072      58 ros2 
3221045248 | 2281832    89 snp_motion_plan 368124     87 python3 188968     86 rviz2 128716     80 joint_state_pub 80072      58 ros2 
3216998400 | 2414548    89 snp_motion_plan 297916     87 python3 188880     86 rviz2 128180     80 joint_state_pub 79992      58 ros2 
1425010688 | 297916     87 python3 188880     86 rviz2 128180     80 joint_state_pub 79992      58 ros2 76140      92 python3 
767078400 | 297916     87 python3 188880     86 rviz2 128180     80 joint_state_pub 79992      58 ros2 76140      92 python3 
766582784 | 297916     87 python3 188880     86 rviz2 128180     80 joint_state_pub 79992      58 ros2 76140      92 python3 
766672896 | 297916     87 python3 188880     86 rviz2 128180     80 joint_state_pub 79992      58 ros2 76140      92 python3 
766627840 | 297916     87 python3 188880     86 rviz2 128180     80 joint_state_pub 79992      58 ros2 76140      92 python3 
766554112 | 297916     87 python3 188880     86 rviz2 128180     80 joint_state_pub 79992      58 ros2 76140      92 python3 
766971904 | 297916     87 python3 188880     86 rviz2 128128     80 joint_state_pub 79992      58 ros2 76140      92 python3 
766382080 | 297916     87 python3 188880     86 rviz2 128076     80 joint_state_pub 79992      58 ros2 76140      92 python3 
766644224 | 297916     87 python3 188880     86 rviz2 128076     80 joint_state_pub 79992      58 ros2 76140      92 python3 
766238720 | 297916     87 python3 188880     86 rviz2 128076     80 joint_state_pub 79992      58 ros2 76140      92 python3 
766980096 | 297916     87 python3 188880     86 rviz2 128076     80 joint_state_pub 79992      58 ros2 76140      92 python3 
766623744 | 297916     87 python3 188776     86 rviz2 128076     80 joint_state_pub 79888      58 ros2 76140      92 python3 
766726144 | 297916     87 python3 188776     86 rviz2 128076     80 joint_state_pub 79888      58 ros2 76140      92 python3 
766550016 | 297916     87 python3 188712     86 rviz2 128076     80 joint_state_pub 79824      58 ros2 76140      92 python3 
766627840 | 297812     87 python3 188712     86 rviz2 128076     80 joint_state_pub 79824      58 ros2 76140      92 python3 
766455808 | 297748     87 python3 188712     86 rviz2 128076     80 joint_state_pub 79824      58 ros2 76076      92 python3 
766328832 | 297748     87 python3 188712     86 rviz2 128012     80 joint_state_pub 79824      58 ros2 76076      92 python3 
766357504 | 297748     87 python3 188712     86 rviz2 128012     80 joint_state_pub 79824      58 ros2 76076      92 python3 
765980672 | 297748     87 python3 188712     86 rviz2 128012     80 joint_state_pub 79824      58 ros2 75972      92 python3 
766177280 | 297748     87 python3 188712     86 rviz2 128012     80 joint_state_pub 79824      58 ros2 75972      92 python3 
766005248 | 297748     87 python3 188712     86 rviz2 128012     80 joint_state_pub 79824      58 ros2 75972      92 python3 
766189568 | 297748     87 python3 188712     86 rviz2 128012     80 joint_state_pub 79824      58 ros2 75972      92 python3 
766103552 | 297748     87 python3 188712     86 rviz2 128012     80 joint_state_pub 79824      58 ros2 75972      92 python3 
766001152 | 297748     87 python3 188712     86 rviz2 128012     80 joint_state_pub 79824      58 ros2 75972      92 python3 
766337024 | 297748     87 python3 188712     86 rviz2 128012     80 joint_state_pub 79824      58 ros2 75972      92 python3 
766099456 | 297748     87 python3 188712     86 rviz2 128012     80 joint_state_pub 79824      58 ros2 75972      92 python3 
766218240 | 297748     87 python3 188712     86 rviz2 128012     80 joint_state_pub 79824      58 ros2 75972      92 python3 
766320640 | 297748     87 python3 188712     86 rviz2 128012     80 joint_state_pub 79824      58 ros2 75972      92 python3 
766054400 | 297748     87 python3 188712     86 rviz2 128012     80 joint_state_pub 79824      58 ros2 75972      92 python3 
765898752 | 297748     87 python3 188712     86 rviz2 128012     80 joint_state_pub 79824      58 ros2 75972      92 python3 
765915136 | 297748     87 python3 188712     86 rviz2 128012     80 joint_state_pub 79824      58 ros2 75972      92 python3 
766005248 | 297748     87 python3 188712     86 rviz2 128012     80 joint_state_pub 79824      58 ros2 75972      92 python3 
766066688 | 297748     87 python3 188712     86 rviz2 128012     80 joint_state_pub 79824      58 ros2 75972      92 python3 
766582784 | 297748     87 python3 188712     86 rviz2 128012     80 joint_state_pub 79824      58 ros2 75972      92 python3 
766029824 | 297748     87 python3 188712     86 rviz2 128012     80 joint_state_pub 79824      58 ros2 75972      92 python3 
766615552 | 297748     87 python3 188712     86 rviz2 128012     80 joint_state_pub 79824      58 ros2 75972      92 python3 
766312448 | 297748     87 python3 188712     86 rviz2 128012     80 joint_state_pub 79824      58 ros2 75972      92 python3 
766566400 | 297748     87 python3 188712     86 rviz2 128012     80 joint_state_pub 79824      58 ros2 75972      92 python3 
766001152 | 297748     87 python3 188712     86 rviz2 128012     80 joint_state_pub 79824      58 ros2 75972      92 python3 
766201856 | 297748     87 python3 188712     86 rviz2 128012     80 joint_state_pub 79824      58 ros2 75972      92 python3 
765804544 | 297748     87 python3 188712     86 rviz2 128012     80 joint_state_pub 79824      58 ros2 75972      92 python3 
766271488 | 297748     87 python3 188712     86 rviz2 128012     80 joint_state_pub 79824      58 ros2 75972      92 python3 
766173184 | 297748     87 python3 188712     86 rviz2 128012     80 joint_state_pub 79824      58 ros2 75972      92 python3 
766279680 | 297748     87 python3 188712     86 rviz2 128012     80 joint_state_pub 79824      58 ros2 75972      92 python3 
766066688 | 297748     87 python3 188712     86 rviz2 128012     80 joint_state_pub 79824      58 ros2 75972      92 python3 
766009344 | 297748     87 python3 188712     86 rviz2 128012     80 joint_state_pub 79824      58 ros2 75972      92 python3 
766332928 | 297748     87 python3 188712     86 rviz2 128012     80 joint_state_pub 79824      58 ros2 75972      92 python3 
766349312 | 297748     87 python3 188712     86 rviz2 128012     80 joint_state_pub 79824      58 ros2 75972      92 python3 
765915136 | 297748     87 python3 188712     86 rviz2 128012     80 joint_state_pub 79824      58 ros2 75972      92 python3 
765808640 | 297748     87 python3 188712     86 rviz2 128012     80 joint_state_pub 79824      58 ros2 75972      92 python3 
765800448 | 297748     87 python3 188712     86 rviz2 128012     80 joint_state_pub 79824      58 ros2 75972      92 python3 
765878272 | 297748     87 python3 188712     86 rviz2 128012     80 joint_state_pub 79824      58 ros2 75972      92 python3 
766058496 | 297748     87 python3 188712     86 rviz2 128012     80 joint_state_pub 79824      58 ros2 75972      92 python3 
766038016 | 297748     87 python3 188712     86 rviz2 128012     80 joint_state_pub 79824      58 ros2 75972      92 python3 
766783488 | 297748     87 python3 188712     86 rviz2 128012     80 joint_state_pub 79824      58 ros2 75972      92 python3 
765829120 | 297748     87 python3 188304     86 rviz2 128012     80 joint_state_pub 79824      58 ros2 75972      92 python3 
765779968 | 297748     87 python3 188304     86 rviz2 128012     80 joint_state_pub 79824      58 ros2 75972      92 python3 
765476864 | 297748     87 python3 188304     86 rviz2 128012     80 joint_state_pub 79824      58 ros2 75972      92 python3 
765710336 | 297748     87 python3 188304     86 rviz2 128012     80 joint_state_pub 79824      58 ros2 75972      92 python3 
765534208 | 297748     87 python3 188304     86 rviz2 128012     80 joint_state_pub 79824      58 ros2 75972      92 python3 
765915136 | 297748     87 python3 188304     86 rviz2 128012     80 joint_state_pub 79824      58 ros2 75972      92 python3 
765857792 | 297748     87 python3 188304     86 rviz2 128012     80 joint_state_pub 79824      58 ros2 75972      92 python3 
765599744 | 297748     87 python3 188304     86 rviz2 128012     80 joint_state_pub 79824      58 ros2 75972      92 python3 
765902848 | 297748     87 python3 188304     86 rviz2 128012     80 joint_state_pub 79824      58 ros2 75972      92 python3 
765857792 | 297748     87 python3 188304     86 rviz2 128012     80 joint_state_pub 79824      58 ros2 75972      92 python3 
765444096 | 297748     87 python3 188304     86 rviz2 128012     80 joint_state_pub 79824      58 ros2 75972      92 python3 
765575168 | 297748     87 python3 188304     86 rviz2 128012     80 joint_state_pub 79824      58 ros2 75972      92 python3 
765399040 | 297748     87 python3 188304     86 rviz2 128012     80 joint_state_pub 79824      58 ros2 75972      92 python3 
766083072 | 297748     87 python3 188304     86 rviz2 128012     80 joint_state_pub 79824      58 ros2 75972      92 python3 
765394944 | 297748     87 python3 188304     86 rviz2 128012     80 joint_state_pub 79824      58 ros2 75972      92 python3 
765526016 | 297748     87 python3 188304     86 rviz2 128012     80 joint_state_pub 79824      58 ros2 75972      92 python3 
765538304 | 297748     87 python3 188304     86 rviz2 128012     80 joint_state_pub 79824      58 ros2 75972      92 python3 
765657088 | 297748     87 python3 188304     86 rviz2 128012     80 joint_state_pub 79824      58 ros2 75972      92 python3 
765661184 | 297748     87 python3 188304     86 rviz2 128012     80 joint_state_pub 79824      58 ros2 75972      92 python3 
765603840 | 297748     87 python3 188304     86 rviz2 128012     80 joint_state_pub 79824      58 ros2 75972      92 python3 
765722624 | 297748     87 python3 188304     86 rviz2 128012     80 joint_state_pub 79824      58 ros2 75972      92 python3 
765894656 | 297748     87 python3 188304     86 rviz2 128012     80 joint_state_pub 79824      58 ros2 75972      92 python3 
765632512 | 297748     87 python3 188304     86 rviz2 128012     80 joint_state_pub 79824      58 ros2 75972      92 python3 
765607936 | 297748     87 python3 188304     86 rviz2 128012     80 joint_state_pub 79824      58 ros2 75972      92 python3 
765861888 | 297748     87 python3 188304     86 rviz2 128012     80 joint_state_pub 79824      58 ros2 75972      92 python3 
765399040 | 297748     87 python3 188304     86 rviz2 128012     80 joint_state_pub 79824      58 ros2 75972      92 python3 
765923328 | 297748     87 python3 188304     86 rviz2 128012     80 joint_state_pub 79824      58 ros2 75972      92 python3 
765865984 | 297748     87 python3 188304     86 rviz2 128012     80 joint_state_pub 79824      58 ros2 75972      92 python3 
765652992 | 297748     87 python3 188304     86 rviz2 128012     80 joint_state_pub 79824      58 ros2 75972      92 python3 
765734912 | 297748     87 python3 188304     86 rviz2 128012     80 joint_state_pub 79824      58 ros2 75972      92 python3 
765382656 | 297748     87 python3 188304     86 rviz2 128012     80 joint_state_pub 79824      58 ros2 75972      92 python3 
765603840 | 297748     87 python3 188304     86 rviz2 128012     80 joint_state_pub 79824      58 ros2 75972      92 python3 
765394944 | 297748     87 python3 188304     86 rviz2 128012     80 joint_state_pub 79824      58 ros2 75972      92 python3 
765337600 | 297748     87 python3 188304     86 rviz2 128012     80 joint_state_pub 79824      58 ros2 75972      92 python3 
765349888 | 297748     87 python3 188304     86 rviz2 128012     80 joint_state_pub 79824      58 ros2 75972      92 python3 
765329408 | 297748     87 python3 188304     86 rviz2 128012     80 joint_state_pub 79824      58 ros2 75972      92 python3 
765353984 | 297748     87 python3 188304     86 rviz2 128012     80 joint_state_pub 79824      58 ros2 75972      92 python3 
766091264 | 297748     87 python3 188304     86 rviz2 128012     80 joint_state_pub 79824      58 ros2 75972      92 python3 
765693952 | 297748     87 python3 188304     86 rviz2 128012     80 joint_state_pub 79824      58 ros2 75972      92 python3 
765566976 | 297748     87 python3 188304     86 rviz2 128012     80 joint_state_pub 79824      58 ros2 75972      92 python3 
765857792 | 297748     87 python3 188304     86 rviz2 128012     80 joint_state_pub 79824      58 ros2 75972      92 python3 
765636608 | 297748     87 python3 188304     86 rviz2 128012     80 joint_state_pub 79824      58 ros2 75972      92 python3 
765698048 | 297748     87 python3 188304     86 rviz2 128012     80 joint_state_pub 79824      58 ros2 75972      92 python3 
765300736 | 297748     87 python3 188304     86 rviz2 128012     80 joint_state_pub 79824      58 ros2 75972      92 python3 
765595648 | 297748     87 python3 188304     86 rviz2 128012     80 joint_state_pub 79824      58 ros2 75972      92 python3 
765628416 | 297748     87 python3 188304     86 rviz2 128012     80 joint_state_pub 79824      58 ros2 75972      92 python3 
765345792 | 297748     87 python3 188304     86 rviz2 128012     80 joint_state_pub 79824      58 ros2 75972      92 python3 
765341696 | 297748     87 python3 188304     86 rviz2 128012     80 joint_state_pub 79824      58 ros2 75972      92 python3 
765603840 | 297748     87 python3 188304     86 rviz2 128012     80 joint_state_pub 79824      58 ros2 75972      92 python3 
765468672 | 297748     87 python3 188304     86 rviz2 128012     80 joint_state_pub 79824      58 ros2 75972      92 python3 
765599744 | 297748     87 python3 188304     86 rviz2 128012     80 joint_state_pub 79824      58 ros2 75972      92 python3 
766451712 | 297748     87 python3 188304     86 rviz2 128012     80 joint_state_pub 79824      58 ros2 75972      92 python3 
765665280 | 297748     87 python3 188304     86 rviz2 128012     80 joint_state_pub 79824      58 ros2 75972      92 python3 
765726720 | 297748     87 python3 188304     86 rviz2 128012     80 joint_state_pub 79824      58 ros2 75972      92 python3 
765468672 | 297748     87 python3 188304     86 rviz2 128012     80 joint_state_pub 79824      58 ros2 75972      92 python3 
765341696 | 297748     87 python3 188304     86 rviz2 128012     80 joint_state_pub 79824      58 ros2 75972      92 python3 
765562880 | 297748     87 python3 188304     86 rviz2 128012     80 joint_state_pub 79824      58 ros2 75972      92 python3 
765399040 | 297748     87 python3 188304     86 rviz2 128012     80 joint_state_pub 79824      58 ros2 75972      92 python3 
765337600 | 297748     87 python3 188304     86 rviz2 128012     80 joint_state_pub 79824      58 ros2 75972      92 python3 
765603840 | 297748     87 python3 188304     86 rviz2 128012     80 joint_state_pub 79824      58 ros2 75972      92 python3 
765337600 | 297748     87 python3 188304     86 rviz2 128012     80 joint_state_pub 79824      58 ros2 75972      92 python3 
765337600 | 297748     87 python3 188304     86 rviz2 128012     80 joint_state_pub 79824      58 ros2 75972      92 python3 
765693952 | 297748     87 python3 188304     86 rviz2 128012     80 joint_state_pub 79824      58 ros2 75972      92 python3 
765603840 | 297748     87 python3 188304     86 rviz2 128012     80 joint_state_pub 79824      58 ros2 75972      92 python3 
765603840 | 297748     87 python3 188304     86 rviz2 128012     80 joint_state_pub 79824      58 ros2 75972      92 python3 
765571072 | 297748     87 python3 188304     86 rviz2 128012     80 joint_state_pub 79824      58 ros2 75972      92 python3 
765399040 | 297748     87 python3 188304     86 rviz2 128012     80 joint_state_pub 79824      58 ros2 75972      92 python3 
765554688 | 297748     87 python3 188304     86 rviz2 128012     80 joint_state_pub 79824      58 ros2 75972      92 python3 
765505536 | 297748     87 python3 188304     86 rviz2 128012     80 joint_state_pub 79824      58 ros2 75972      92 python3 
766132224 | 297748     87 python3 188304     86 rviz2 128012     80 joint_state_pub 79824      58 ros2 75972      92 python3 
765341696 | 297748     87 python3 188304     86 rviz2 128012     80 joint_state_pub 79824      58 ros2 75972      92 python3 
765345792 | 297748     87 python3 188304     86 rviz2 128012     80 joint_state_pub 79824      58 ros2 75972      92 python3 
765632512 | 297748     87 python3 188304     86 rviz2 128012     80 joint_state_pub 79824      58 ros2 75972      92 python3 
765607936 | 297748     87 python3 188304     86 rviz2 128012     80 joint_state_pub 79824      58 ros2 75972      92 python3 
766111744 | 297748     87 python3 188304     86 rviz2 128012     80 joint_state_pub 79824      58 ros2 75972      92 python3 
765378560 | 297748     87 python3 188304     86 rviz2 128012     80 joint_state_pub 79824      58 ros2 75972      92 python3 
765665280 | 297748     87 python3 188304     86 rviz2 128012     80 joint_state_pub 79824      58 ros2 75972      92 python3 
765669376 | 297748     87 python3 188304     86 rviz2 128012     80 joint_state_pub 79824      58 ros2 75972      92 python3 
765403136 | 297748     87 python3 188304     86 rviz2 128012     80 joint_state_pub 79824      58 ros2 75972      92 python3 
765874176 | 297748     87 python3 188304     86 rviz2 128012     80 joint_state_pub 79824      58 ros2 75972      92 python3 
765349888 | 297748     87 python3 188304     86 rviz2 128012     80 joint_state_pub 79824      58 ros2 75972      92 python3 
765612032 | 297748     87 python3 188304     86 rviz2 128012     80 joint_state_pub 79824      58 ros2 75972      92 python3 
765612032 | 297748     87 python3 188304     86 rviz2 128012     80 joint_state_pub 79824      58 ros2 75972      92 python3 
766132224 | 297748     87 python3 188304     86 rviz2 128012     80 joint_state_pub 79824      58 ros2 75972      92 python3 
765222912 | 297748     87 python3 188304     86 rviz2 128012     80 joint_state_pub 79824      58 ros2 75972      92 python3 
765353984 | 297748     87 python3 188304     86 rviz2 128012     80 joint_state_pub 79824      58 ros2 75972      92 python3 
765374464 | 297748     87 python3 188304     86 rviz2 128012     80 joint_state_pub 79824      58 ros2 75972      92 python3 
765349888 | 297748     87 python3 188304     86 rviz2 128012     80 joint_state_pub 79824      58 ros2 75972      92 python3 
765616128 | 297748     87 python3 188304     86 rviz2 128012     80 joint_state_pub 79824      58 ros2 75972      92 python3 
765841408 | 297748     87 python3 188304     86 rviz2 128012     80 joint_state_pub 79824      58 ros2 75972      92 python3 
765874176 | 297748     87 python3 188304     86 rviz2 128012     80 joint_state_pub 79824      58 ros2 75972      92 python3 
765358080 | 297748     87 python3 188304     86 rviz2 128012     80 joint_state_pub 79824      58 ros2 75972      92 python3 
765620224 | 297748     87 python3 188304     86 rviz2 128012     80 joint_state_pub 79824      58 ros2 75972      92 python3 
765390848 | 297748     87 python3 188304     86 rviz2 128012     80 joint_state_pub 79824      58 ros2 75972      92 python3 
765661184 | 297748     87 python3 188304     86 rviz2 128012     80 joint_state_pub 79824      58 ros2 75972      92 python3 
765616128 | 297748     87 python3 188304     86 rviz2 128012     80 joint_state_pub 79824      58 ros2 75972      92 python3 
765612032 | 297748     87 python3 188304     86 rviz2 128012     80 joint_state_pub 79824      58 ros2 75972      92 python3 
765624320 | 297748     87 python3 188304     86 rviz2 128012     80 joint_state_pub 79824      58 ros2 75972      92 python3 
765349888 | 297748     87 python3 188304     86 rviz2 128012     80 joint_state_pub 79824      58 ros2 75972      92 python3 
765612032 | 297748     87 python3 188304     86 rviz2 128012     80 joint_state_pub 79824      58 ros2 75972      92 python3 
765468672 | 297748     87 python3 188304     86 rviz2 128012     80 joint_state_pub 79824      58 ros2 75972      92 python3 
765444096 | 297748     87 python3 188304     86 rviz2 128012     80 joint_state_pub 79824      58 ros2 75972      92 python3 
765374464 | 297748     87 python3 188304     86 rviz2 128012     80 joint_state_pub 79824      58 ros2 75972      92 python3 
765579264 | 297748     87 python3 188304     86 rviz2 128012     80 joint_state_pub 79824      58 ros2 75972      92 python3 
765964288 | 297748     87 python3 188304     86 rviz2 128012     80 joint_state_pub 79824      58 ros2 75972      92 python3 
765612032 | 297748     87 python3 188304     86 rviz2 128012     80 joint_state_pub 79824      58 ros2 75972      92 python3 
765874176 | 297748     87 python3 188304     86 rviz2 128012     80 joint_state_pub 79824      58 ros2 75972      92 python3 
765612032 | 297748     87 python3 188304     86 rviz2 128012     80 joint_state_pub 79824      58 ros2 75972      92 python3 
765698048 | 297748     87 python3 188304     86 rviz2 128012     80 joint_state_pub 79824      58 ros2 75972      92 python3 
765620224 | 297748     87 python3 188304     86 rviz2 128012     80 joint_state_pub 79824      58 ros2 75972      92 python3 
765358080 | 297748     87 python3 188304     86 rviz2 128012     80 joint_state_pub 79824      58 ros2 75972      92 python3 
765358080 | 297748     87 python3 188304     86 rviz2 128012     80 joint_state_pub 79824      58 ros2 75972      92 python3 
765628416 | 297748     87 python3 188304     86 rviz2 128012     80 joint_state_pub 79824      58 ros2 75972      92 python3 
765628416 | 297748     87 python3 188304     86 rviz2 128012     80 joint_state_pub 79824      58 ros2 75972      92 python3 
765353984 | 297748     87 python3 188304     86 rviz2 128012     80 joint_state_pub 79824      58 ros2 75972      92 python3 
765681664 | 297748     87 python3 188304     86 rviz2 128012     80 joint_state_pub 79824      58 ros2 75972      92 python3 
765620224 | 297748     87 python3 188304     86 rviz2 128012     80 joint_state_pub 79824      58 ros2 75972      92 python3 
765620224 | 297748     87 python3 188304     86 rviz2 128012     80 joint_state_pub 79824      58 ros2 75972      92 python3 
765386752 | 297748     87 python3 188304     86 rviz2 128012     80 joint_state_pub 79824      58 ros2 75972      92 python3 
765616128 | 297748     87 python3 188304     86 rviz2 128012     80 joint_state_pub 79824      58 ros2 75972      92 python3 
765497344 | 297748     87 python3 188304     86 rviz2 128012     80 joint_state_pub 79824      58 ros2 75972      92 python3 
765231104 | 297748     87 python3 188304     86 rviz2 128012     80 joint_state_pub 79824      58 ros2 75972      92 python3 
765878272 | 297748     87 python3 188304     86 rviz2 128012     80 joint_state_pub 79824      58 ros2 75972      92 python3 
765321216 | 297748     87 python3 188304     86 rviz2 128012     80 joint_state_pub 79824      58 ros2 75972      92 python3 
765607936 | 297748     87 python3 188304     86 rviz2 128012     80 joint_state_pub 79824      58 ros2 75972      92 python3 
765550592 | 297748     87 python3 188304     86 rviz2 128012     80 joint_state_pub 79824      58 ros2 75972      92 python3 
765366272 | 297748     87 python3 188304     86 rviz2 128012     80 joint_state_pub 79824      58 ros2 75972      92 python3 
765485056 | 297748     87 python3 188304     86 rviz2 128012     80 joint_state_pub 79824      58 ros2 75972      92 python3 
765755392 | 297748     87 python3 188304     86 rviz2 128012     80 joint_state_pub 79824      58 ros2 75972      92 python3 
765616128 | 297748     87 python3 188304     86 rviz2 128012     80 joint_state_pub 79824      58 ros2 75972      92 python3 
765632512 | 297748     87 python3 188304     86 rviz2 128012     80 joint_state_pub 79824      58 ros2 75972      92 python3 
765984768 | 297748     87 python3 188304     86 rviz2 128012     80 joint_state_pub 79824      58 ros2 75972      92 python3 
765370368 | 297748     87 python3 188304     86 rviz2 128012     80 joint_state_pub 79824      58 ros2 75972      92 python3 
765628416 | 297748     87 python3 188304     86 rviz2 128012     80 joint_state_pub 79824      58 ros2 75972      92 python3 
765624320 | 297748     87 python3 188304     86 rviz2 128012     80 joint_state_pub 79824      58 ros2 75972      92 python3 
765698048 | 297748     87 python3 188304     86 rviz2 128012     80 joint_state_pub 79824      58 ros2 75972      92 python3 
765878272 | 297748     87 python3 188304     86 rviz2 128012     80 joint_state_pub 79824      58 ros2 75972      92 python3 
765878272 | 297748     87 python3 188304     86 rviz2 128012     80 joint_state_pub 79824      58 ros2 75972      92 python3 
765878272 | 297748     87 python3 188304     86 rviz2 128012     80 joint_state_pub 79824      58 ros2 75972      92 python3 
765665280 | 297748     87 python3 188304     86 rviz2 128012     80 joint_state_pub 79824      58 ros2 75972      92 python3 
765521920 | 297748     87 python3 188304     86 rviz2 128012     80 joint_state_pub 79824      58 ros2 75972      92 python3 
765644800 | 297748     87 python3 188304     86 rviz2 128012     80 joint_state_pub 79824      58 ros2 75972      92 python3 
765358080 | 297748     87 python3 188304     86 rviz2 128012     80 joint_state_pub 79824      58 ros2 75972      92 python3 
765296640 | 297748     87 python3 188304     86 rviz2 128012     80 joint_state_pub 79824      58 ros2 75972      92 python3 
765677568 | 297748     87 python3 188304     86 rviz2 128012     80 joint_state_pub 79824      58 ros2 75972      92 python3 
765493248 | 297748     87 python3 188304     86 rviz2 128012     80 joint_state_pub 79824      58 ros2 75972      92 python3 
765353984 | 297748     87 python3 188304     86 rviz2 128012     80 joint_state_pub 79824      58 ros2 75972      92 python3 
765628416 | 297748     87 python3 188304     86 rviz2 128012     80 joint_state_pub 79824      58 ros2 75972      92 python3 
765677568 | 297748     87 python3 188304     86 rviz2 128012     80 joint_state_pub 79824      58 ros2 75972      92 python3 
765882368 | 297748     87 python3 188304     86 rviz2 128012     80 joint_state_pub 79824      58 ros2 75972      92 python3 
765730816 | 297748     87 python3 188304     86 rviz2 128012     80 joint_state_pub 79824      58 ros2 75972      92 python3 
766144512 | 297748     87 python3 188304     86 rviz2 128012     80 joint_state_pub 79824      58 ros2 75972      92 python3 
765624320 | 297748     87 python3 188304     86 rviz2 128012     80 joint_state_pub 79824      58 ros2 75972      92 python3 
765624320 | 297748     87 python3 188304     86 rviz2 128012     80 joint_state_pub 79824      58 ros2 75972      92 python3 
765628416 | 297748     87 python3 188304     86 rviz2 128012     80 joint_state_pub 79824      58 ros2 75972      92 python3 
765489152 | 297748     87 python3 188304     86 rviz2 128012     80 joint_state_pub 79824      58 ros2 75972      92 python3 
765624320 | 297748     87 python3 188304     86 rviz2 128012     80 joint_state_pub 79824      58 ros2 75972      92 python3 
765661184 | 297748     87 python3 188304     86 rviz2 128012     80 joint_state_pub 79824      58 ros2 75972      92 python3 
765399040 | 297748     87 python3 188304     86 rviz2 128012     80 joint_state_pub 79824      58 ros2 75972      92 python3 
765603840 | 297748     87 python3 188304     86 rviz2 128012     80 joint_state_pub 79824      58 ros2 75972      92 python3 
765501440 | 297748     87 python3 188304     86 rviz2 128012     80 joint_state_pub 79824      58 ros2 75972      92 python3 
765751296 | 297748     87 python3 188304     86 rviz2 128012     80 joint_state_pub 79824      58 ros2 75972      92 python3 
765628416 | 297748     87 python3 188304     86 rviz2 128012     80 joint_state_pub 79824      58 ros2 75972      92 python3 
765616128 | 297748     87 python3 188304     86 rviz2 128012     80 joint_state_pub 79824      58 ros2 75972      92 python3 
765632512 | 297748     87 python3 188304     86 rviz2 128012     80 joint_state_pub 79824      58 ros2 75972      92 python3 
765849600 | 297748     87 python3 188304     86 rviz2 128012     80 joint_state_pub 79824      58 ros2 75972      92 python3 
765628416 | 297748     87 python3 188304     86 rviz2 128012     80 joint_state_pub 79824      58 ros2 75972      92 python3 
765624320 | 297748     87 python3 188304     86 rviz2 128012     80 joint_state_pub 79824      58 ros2 75972      92 python3 
765624320 | 297748     87 python3 188304     86 rviz2 128012     80 joint_state_pub 79824      58 ros2 75972      92 python3 
765366272 | 297748     87 python3 188304     86 rviz2 128012     80 joint_state_pub 79824      58 ros2 75972      92 python3 
765706240 | 297748     87 python3 188304     86 rviz2 128012     80 joint_state_pub 79824      58 ros2 75972      92 python3 
765792256 | 297748     87 python3 188304     86 rviz2 128012     80 joint_state_pub 79824      58 ros2 75972      92 python3 
765624320 | 297748     87 python3 188304     86 rviz2 128012     80 joint_state_pub 79824      58 ros2 75972      92 python3 
765575168 | 297748     87 python3 188304     86 rviz2 128012     80 joint_state_pub 79824      58 ros2 75972      92 python3 
765583360 | 297748     87 python3 188304     86 rviz2 128012     80 joint_state_pub 79824      58 ros2 75972      92 python3 
765587456 | 297748     87 python3 188304     86 rviz2 128012     80 joint_state_pub 79824      58 ros2 75972      92 python3 
765853696 | 297748     87 python3 188304     86 rviz2 128012     80 joint_state_pub 79824      58 ros2 75972      92 python3 
765370368 | 297748     87 python3 188304     86 rviz2 128012     80 joint_state_pub 79824      58 ros2 75972      92 python3 
765505536 | 297748     87 python3 188304     86 rviz2 128012     80 joint_state_pub 79824      58 ros2 75972      92 python3 
765362176 | 297748     87 python3 188304     86 rviz2 128012     80 joint_state_pub 79824      58 ros2 75972      92 python3 
765370368 | 297748     87 python3 188304     86 rviz2 128012     80 joint_state_pub 79824      58 ros2 75972      92 python3 
765370368 | 297748     87 python3 188304     86 rviz2 128012     80 joint_state_pub 79824      58 ros2 75972      92 python3 
765632512 | 297748     87 python3 188304     86 rviz2 128012     80 joint_state_pub 79824      58 ros2 75972      92 python3 
765374464 | 297748     87 python3 188304     86 rviz2 128012     80 joint_state_pub 79824      58 ros2 75972      92 python3 
765374464 | 297748     87 python3 188304     86 rviz2 128012     80 joint_state_pub 79824      58 ros2 75972      92 python3 
765571072 | 297748     87 python3 188304     86 rviz2 128012     80 joint_state_pub 79824      58 ros2 75972      92 python3 
765845504 | 297748     87 python3 188304     86 rviz2 128012     80 joint_state_pub 79824      58 ros2 75972      92 python3 
765595648 | 297748     87 python3 188304     86 rviz2 128012     80 joint_state_pub 79824      58 ros2 75972      92 python3 
765628416 | 297748     87 python3 188304     86 rviz2 128012     80 joint_state_pub 79824      58 ros2 75972      92 python3 
765370368 | 297748     87 python3 188304     86 rviz2 128012     80 joint_state_pub 79824      58 ros2 75972      92 python3 
765431808 | 297748     87 python3 188304     86 rviz2 128012     80 joint_state_pub 79824      58 ros2 75972      92 python3 
765730816 | 297748     87 python3 188304     86 rviz2 128012     80 joint_state_pub 79824      58 ros2 75972      92 python3 
765652992 | 297748     87 python3 188304     86 rviz2 128012     80 joint_state_pub 79824      58 ros2 75972      92 python3 
765628416 | 297748     87 python3 188304     86 rviz2 128012     80 joint_state_pub 79824      58 ros2 75972      92 python3 
765370368 | 297748     87 python3 188304     86 rviz2 128012     80 joint_state_pub 79824      58 ros2 75972      92 python3 
765382656 | 297748     87 python3 188304     86 rviz2 128012     80 joint_state_pub 79824      58 ros2 75972      92 python3 
765640704 | 297748     87 python3 188304     86 rviz2 128012     80 joint_state_pub 79824      58 ros2 75972      92 python3 
765628416 | 297748     87 python3 188304     86 rviz2 128012     80 joint_state_pub 79824      58 ros2 75972      92 python3 
765657088 | 297748     87 python3 188304     86 rviz2 128012     80 joint_state_pub 79824      58 ros2 75972      92 python3 
765501440 | 297748     87 python3 188304     86 rviz2 128012     80 joint_state_pub 79824      58 ros2 75972      92 python3 
765362176 | 297748     87 python3 188304     86 rviz2 128012     80 joint_state_pub 79824      58 ros2 75972      92 python3 
765624320 | 297748     87 python3 188304     86 rviz2 128012     80 joint_state_pub 79824      58 ros2 75972      92 python3 
765636608 | 297748     87 python3 188304     86 rviz2 128012     80 joint_state_pub 79824      58 ros2 75972      92 python3 
765722624 | 297748     87 python3 188304     86 rviz2 128120     80 joint_state_pub 79824      58 ros2 75972      92 python3 
776617984 | 297760     87 python3 196692     86 rviz2 128124     80 joint_state_pub 79828      58 ros2 75980      92 python3 
776261632 | 297760     87 python3 196692     86 rviz2 128124     80 joint_state_pub 79828      58 ros2 75980      92 python3 
776364032 | 297760     87 python3 196692     86 rviz2 128124     80 joint_state_pub 79828      58 ros2 75980      92 python3 
776257536 | 297760     87 python3 196692     86 rviz2 128124     80 joint_state_pub 79828      58 ros2 75980      92 python3 
776257536 | 297760     87 python3 196692     86 rviz2 128124     80 joint_state_pub 79828      58 ros2 75980      92 python3 
776572928 | 297760     87 python3 196740     86 rviz2 128124     80 joint_state_pub 79828      58 ros2 75980      92 python3 
777039872 | 297760     87 python3 197336     86 rviz2 128124     80 joint_state_pub 79828      58 ros2 75980      92 python3 
777211904 | 297760     87 python3 197380     86 rviz2 128124     80 joint_state_pub 79828      58 ros2 75980      92 python3 
777539584 | 297760     87 python3 197432     86 rviz2 128124     80 joint_state_pub 79828      58 ros2 75980      92 python3 
777170944 | 297760     87 python3 197472     86 rviz2 128124     80 joint_state_pub 79828      58 ros2 75980      92 python3 
777764864 | 297760     87 python3 197504     86 rviz2 128124     80 joint_state_pub 79828      58 ros2 75980      92 python3 
777588736 | 297760     87 python3 197516     86 rviz2 128124     80 joint_state_pub 79828      58 ros2 75980      92 python3 
777461760 | 297760     87 python3 197520     86 rviz2 128124     80 joint_state_pub 79828      58 ros2 75980      92 python3 
777490432 | 297760     87 python3 197556     86 rviz2 128124     80 joint_state_pub 79828      58 ros2 75980      92 python3 
777482240 | 297760     87 python3 197592     86 rviz2 128124     80 joint_state_pub 79828      58 ros2 75980      92 python3 
777428992 | 297760     87 python3 197596     86 rviz2 128124     80 joint_state_pub 79828      58 ros2 75980      92 python3 
777392128 | 297760     87 python3 197636     86 rviz2 128124     80 joint_state_pub 79828      58 ros2 75980      92 python3 
778072064 | 297760     87 python3 197664     86 rviz2 128124     80 joint_state_pub 79828      58 ros2 75980      92 python3 
777629696 | 297760     87 python3 197672     86 rviz2 128124     80 joint_state_pub 79828      58 ros2 75980      92 python3 
777781248 | 297760     87 python3 197688     86 rviz2 128124     80 joint_state_pub 79828      58 ros2 75980      92 python3 
777687040 | 297760     87 python3 197692     86 rviz2 128124     80 joint_state_pub 79828      58 ros2 75980      92 python3 
777830400 | 297760     87 python3 197696     86 rviz2 128124     80 joint_state_pub 79828      58 ros2 75980      92 python3 
777773056 | 297760     87 python3 197700     86 rviz2 128124     80 joint_state_pub 79828      58 ros2 75980      92 python3 
777478144 | 297760     87 python3 197704     86 rviz2 128124     80 joint_state_pub 79828      58 ros2 75980      92 python3 
777928704 | 297760     87 python3 197732     86 rviz2 128124     80 joint_state_pub 79828      58 ros2 75980      92 python3 
778100736 | 297760     87 python3 197752     86 rviz2 128124     80 joint_state_pub 79828      58 ros2 75980      92 python3 
777596928 | 297760     87 python3 197764     86 rviz2 128124     80 joint_state_pub 79828      58 ros2 75980      92 python3 
777678848 | 297760     87 python3 197764     86 rviz2 128124     80 joint_state_pub 79828      58 ros2 75980      92 python3 
784195584 | 298184     87 python3 201136     86 rviz2 128132     80 joint_state_pub 79836      58 ros2 76948      92 python3 
797171712 | 305620     87 python3 201140     86 rviz2 128132     80 joint_state_pub 79836      58 ros2 76948      92 python3 
801615872 | 307316     87 python3 203644     86 rviz2 128132     80 joint_state_pub 79836      58 ros2 76948      92 python3 
801357824 | 307316     87 python3 203644     86 rviz2 128132     80 joint_state_pub 79836      58 ros2 76948      92 python3 
801185792 | 307316     87 python3 203644     86 rviz2 128132     80 joint_state_pub 79836      58 ros2 76948      92 python3 
801714176 | 307316     87 python3 203644     86 rviz2 128132     80 joint_state_pub 79836      58 ros2 76948      92 python3 
801185792 | 307316     87 python3 203644     86 rviz2 128132     80 joint_state_pub 79836      58 ros2 76948      92 python3 
801357824 | 307316     87 python3 203644     86 rviz2 128132     80 joint_state_pub 79836      58 ros2 76948      92 python3 
801452032 | 307316     87 python3 203644     86 rviz2 128132     80 joint_state_pub 79836      58 ros2 76948      92 python3 
801521664 | 307316     87 python3 203644     86 rviz2 128132     80 joint_state_pub 79836      58 ros2 76948      92 python3 
801513472 | 307316     87 python3 203644     86 rviz2 128132     80 joint_state_pub 79836      58 ros2 76948      92 python3 
801161216 | 307316     87 python3 203644     86 rviz2 128132     80 joint_state_pub 79836      58 ros2 76948      92 python3 
801095680 | 307316     87 python3 203644     86 rviz2 128132     80 joint_state_pub 79836      58 ros2 76948      92 python3 
801488896 | 307316     87 python3 203644     86 rviz2 128132     80 joint_state_pub 79836      58 ros2 76948      92 python3 
801329152 | 307316     87 python3 203644     86 rviz2 128132     80 joint_state_pub 79836      58 ros2 76948      92 python3 
801390592 | 307316     87 python3 203644     86 rviz2 128132     80 joint_state_pub 79836      58 ros2 76948      92 python3 
801349632 | 307316     87 python3 203652     86 rviz2 128132     80 joint_state_pub 79836      58 ros2 76948      92 python3 
804265984 | 309008     87 python3 204348     86 rviz2 128132     80 joint_state_pub 79836      58 ros2 76952      92 python3 
803995648 | 309008     87 python3 204348     86 rviz2 128132     80 joint_state_pub 79836      58 ros2 76952      92 python3 
803713024 | 309008     87 python3 204348     86 rviz2 128132     80 joint_state_pub 79836      58 ros2 76952      92 python3 
803737600 | 309008     87 python3 204348     86 rviz2 128132     80 joint_state_pub 79836      58 ros2 76952      92 python3 
803868672 | 309020     87 python3 204356     86 rviz2 128132     80 joint_state_pub 79836      58 ros2 76956      92 python3 
804773888 | 310032     87 python3 204356     86 rviz2 128132     80 joint_state_pub 79836      58 ros2 76956      92 python3 
805109760 | 310032     87 python3 204356     86 rviz2 128132     80 joint_state_pub 79836      58 ros2 76956      92 python3 
804802560 | 310032     87 python3 204356     86 rviz2 128132     80 joint_state_pub 79836      58 ros2 76956      92 python3 
804745216 | 310032     87 python3 204356     86 rviz2 128132     80 joint_state_pub 79836      58 ros2 76956      92 python3 
805318656 | 310032     87 python3 204356     86 rviz2 128132     80 joint_state_pub 79836      58 ros2 76956      92 python3 
805044224 | 310032     87 python3 204356     86 rviz2 128132     80 joint_state_pub 79836      58 ros2 76956      92 python3 
804777984 | 310032     87 python3 204356     86 rviz2 128132     80 joint_state_pub 79836      58 ros2 76956      92 python3 
805298176 | 310032     87 python3 204356     86 rviz2 128132     80 joint_state_pub 79836      58 ros2 76956      92 python3 
804929536 | 310032     87 python3 204356     86 rviz2 128132     80 joint_state_pub 79836      58 ros2 76956      92 python3 
804958208 | 310032     87 python3 204508     86 rviz2 128132     80 joint_state_pub 79836      58 ros2 76956      92 python3 
805187584 | 310032     87 python3 204508     86 rviz2 128132     80 joint_state_pub 79836      58 ros2 76956      92 python3 
804913152 | 310032     87 python3 204508     86 rviz2 128132     80 joint_state_pub 79836      58 ros2 76956      92 python3 
805670912 | 310032     87 python3 205240     86 rviz2 128132     80 joint_state_pub 79836      58 ros2 76956      92 python3 
807227392 | 310032     87 python3 205788     86 rviz2 128132     80 joint_state_pub 79836      58 ros2 76956      92 python3 
806957056 | 310032     87 python3 205788     86 rviz2 128132     80 joint_state_pub 79836      58 ros2 76956      92 python3 
806944768 | 310032     87 python3 205788     86 rviz2 128132     80 joint_state_pub 79836      58 ros2 76956      92 python3 
807034880 | 310032     87 python3 205844     86 rviz2 128132     80 joint_state_pub 79836      58 ros2 76956      92 python3 
806805504 | 310032     87 python3 205844     86 rviz2 128132     80 joint_state_pub 79836      58 ros2 76956      92 python3 
807034880 | 310032     87 python3 205844     86 rviz2 128132     80 joint_state_pub 79836      58 ros2 76956      92 python3 
806932480 | 310032     87 python3 205844     86 rviz2 128132     80 joint_state_pub 79836      58 ros2 76956      92 python3 
806862848 | 310032     87 python3 205844     86 rviz2 128132     80 joint_state_pub 79836      58 ros2 76956      92 python3 
806768640 | 310032     87 python3 205844     86 rviz2 128132     80 joint_state_pub 79836      58 ros2 76956      92 python3 
807063552 | 310032     87 python3 205844     86 rviz2 128132     80 joint_state_pub 79836      58 ros2 76956      92 python3 
807292928 | 310032     87 python3 205844     86 rviz2 128132     80 joint_state_pub 79836      58 ros2 76956      92 python3 
807350272 | 310032     87 python3 205844     86 rviz2 128132     80 joint_state_pub 79836      58 ros2 76956      92 python3 
806903808 | 310032     87 python3 205844     86 rviz2 128132     80 joint_state_pub 79836      58 ros2 76956      92 python3 
806805504 | 310032     87 python3 205844     86 rviz2 128132     80 joint_state_pub 79836      58 ros2 76956      92 python3 
807067648 | 310032     87 python3 205844     86 rviz2 128132     80 joint_state_pub 79836      58 ros2 76956      92 python3 
806895616 | 310032     87 python3 205844     86 rviz2 128132     80 joint_state_pub 79836      58 ros2 76956      92 python3 
806932480 | 310032     87 python3 205844     86 rviz2 128132     80 joint_state_pub 79836      58 ros2 76956      92 python3 
807329792 | 310032     87 python3 205844     86 rviz2 128132     80 joint_state_pub 79836      58 ros2 76956      92 python3 
807329792 | 310032     87 python3 205844     86 rviz2 128132     80 joint_state_pub 79836      58 ros2 76956      92 python3 
807321600 | 310032     87 python3 205844     86 rviz2 128132     80 joint_state_pub 79836      58 ros2 76956      92 python3 
807333888 | 310032     87 python3 205844     86 rviz2 128132     80 joint_state_pub 79836      58 ros2 76956      92 python3 
806854656 | 310032     87 python3 205844     86 rviz2 128132     80 joint_state_pub 79836      58 ros2 76956      92 python3 
807133184 | 310032     87 python3 205844     86 rviz2 128132     80 joint_state_pub 79836      58 ros2 76956      92 python3 
807108608 | 310032     87 python3 205844     86 rviz2 128132     80 joint_state_pub 79836      58 ros2 76956      92 python3 
806813696 | 310032     87 python3 205844     86 rviz2 128132     80 joint_state_pub 79836      58 ros2 76956      92 python3 
807047168 | 310032     87 python3 205844     86 rviz2 128132     80 joint_state_pub 79836      58 ros2 76956      92 python3 
806903808 | 310032     87 python3 205844     86 rviz2 128132     80 joint_state_pub 79836      58 ros2 76956      92 python3 
806809600 | 310032     87 python3 205844     86 rviz2 128132     80 joint_state_pub 79836      58 ros2 76956      92 python3 
807051264 | 310032     87 python3 205844     86 rviz2 128132     80 joint_state_pub 79836      58 ros2 76956      92 python3 
806719488 | 310032     87 python3 205844     86 rviz2 128132     80 joint_state_pub 79836      58 ros2 76956      92 python3 
806809600 | 310032     87 python3 205844     86 rviz2 128132     80 joint_state_pub 79836      58 ros2 76956      92 python3 
807469056 | 310032     87 python3 205844     86 rviz2 128132     80 joint_state_pub 79836      58 ros2 76956      92 python3 
807071744 | 310032     87 python3 205844     86 rviz2 128132     80 joint_state_pub 79836      58 ros2 76956      92 python3 
806809600 | 310032     87 python3 205844     86 rviz2 128132     80 joint_state_pub 79836      58 ros2 76956      92 python3 
807067648 | 310032     87 python3 205844     86 rviz2 128132     80 joint_state_pub 79836      58 ros2 76956      92 python3 
806809600 | 310032     87 python3 205844     86 rviz2 128132     80 joint_state_pub 79836      58 ros2 76956      92 python3 
807063552 | 310032     87 python3 205844     86 rviz2 128132     80 joint_state_pub 79836      58 ros2 76956      92 python3 
806809600 | 310032     87 python3 205844     86 rviz2 128132     80 joint_state_pub 79836      58 ros2 76956      92 python3 
807333888 | 310032     87 python3 205844     86 rviz2 128132     80 joint_state_pub 79836      58 ros2 76956      92 python3 
806948864 | 310032     87 python3 205844     86 rviz2 128132     80 joint_state_pub 79836      58 ros2 76956      92 python3 
806821888 | 310032     87 python3 205844     86 rviz2 128132     80 joint_state_pub 79836      58 ros2 76956      92 python3 
806936576 | 310032     87 python3 205844     86 rviz2 128132     80 joint_state_pub 79836      58 ros2 76956      92 python3 
807079936 | 310032     87 python3 205844     86 rviz2 128132     80 joint_state_pub 79836      58 ros2 76956      92 python3 
806813696 | 310032     87 python3 205844     86 rviz2 128132     80 joint_state_pub 79836      58 ros2 76956      92 python3 
806936576 | 310032     87 python3 205844     86 rviz2 128132     80 joint_state_pub 79836      58 ros2 76956      92 python3 
807366656 | 310032     87 python3 205844     86 rviz2 128132     80 joint_state_pub 79836      58 ros2 76956      92 python3 
806944768 | 310032     87 python3 205844     86 rviz2 128132     80 joint_state_pub 79836      58 ros2 76956      92 python3 
807043072 | 310032     87 python3 205844     86 rviz2 128132     80 joint_state_pub 79836      58 ros2 76956      92 python3 
807071744 | 310032     87 python3 205844     86 rviz2 128132     80 joint_state_pub 79836      58 ros2 76956      92 python3 
807198720 | 310032     87 python3 205844     86 rviz2 128132     80 joint_state_pub 79836      58 ros2 76956      92 python3 
806920192 | 310032     87 python3 205844     86 rviz2 128132     80 joint_state_pub 79836      58 ros2 76956      92 python3 
807047168 | 310032     87 python3 205844     86 rviz2 128132     80 joint_state_pub 79836      58 ros2 76956      92 python3 
807120896 | 310032     87 python3 205844     86 rviz2 128132     80 joint_state_pub 79836      58 ros2 76956      92 python3 
807075840 | 310032     87 python3 205844     86 rviz2 128132     80 joint_state_pub 79836      58 ros2 76956      92 python3 
806932480 | 310032     87 python3 205844     86 rviz2 128132     80 joint_state_pub 79836      58 ros2 76956      92 python3 
807120896 | 310032     87 python3 205844     86 rviz2 128132     80 joint_state_pub 79836      58 ros2 76956      92 python3 
807161856 | 310032     87 python3 205844     86 rviz2 128132     80 joint_state_pub 79836      58 ros2 76956      92 python3 
806903808 | 310032     87 python3 205844     86 rviz2 128132     80 joint_state_pub 79836      58 ros2 76956      92 python3 
807084032 | 310032     87 python3 205844     86 rviz2 128132     80 joint_state_pub 79836      58 ros2 76956      92 python3 
806817792 | 310032     87 python3 205844     86 rviz2 128132     80 joint_state_pub 79836      58 ros2 76956      92 python3 
807206912 | 310032     87 python3 205844     86 rviz2 128132     80 joint_state_pub 79836      58 ros2 76956      92 python3 
806809600 | 310032     87 python3 205844     86 rviz2 128132     80 joint_state_pub 79836      58 ros2 76956      92 python3 
806871040 | 310032     87 python3 205844     86 rviz2 128132     80 joint_state_pub 79836      58 ros2 76956      92 python3 
807292928 | 310032     87 python3 205844     86 rviz2 128132     80 joint_state_pub 79836      58 ros2 76956      92 python3 
807055360 | 310032     87 python3 205844     86 rviz2 128132     80 joint_state_pub 79836      58 ros2 76956      92 python3 
807051264 | 310032     87 python3 205844     86 rviz2 128132     80 joint_state_pub 79836      58 ros2 76956      92 python3 
806961152 | 310032     87 python3 205844     86 rviz2 128132     80 joint_state_pub 79836      58 ros2 76956      92 python3 
806813696 | 310032     87 python3 205844     86 rviz2 128132     80 joint_state_pub 79836      58 ros2 76956      92 python3 
807194624 | 310032     87 python3 205844     86 rviz2 128132     80 joint_state_pub 79836      58 ros2 76956      92 python3 
807190528 | 310032     87 python3 205844     86 rviz2 128132     80 joint_state_pub 79836      58 ros2 76956      92 python3 
807104512 | 310032     87 python3 205844     86 rviz2 128132     80 joint_state_pub 79836      58 ros2 76956      92 python3 
807206912 | 310032     87 python3 205844     86 rviz2 128132     80 joint_state_pub 79836      58 ros2 76956      92 python3 
807636992 | 310032     87 python3 205844     86 rviz2 128132     80 joint_state_pub 79836      58 ros2 76956      92 python3 
806821888 | 310032     87 python3 205844     86 rviz2 128132     80 joint_state_pub 79836      58 ros2 76956      92 python3 
805793792 | 310032     87 python3 205740     86 rviz2 128028     80 joint_state_pub 79836      58 ros2 76956      92 python3 
768618496 | 310032     87 python3 205740     86 rviz2 128028     80 joint_state_pub 79836      58 ros2 76956      92 python3 
768618496 | 309928     87 python3 205740     86 rviz2 128028     80 joint_state_pub 79836      58 ros2 76956      92 python3 
768872448 | 309864     87 python3 205740     86 rviz2 128028     80 joint_state_pub 79836      58 ros2 76892      92 python3 
768589824 | 309864     87 python3 205740     86 rviz2 127964     80 joint_state_pub 79836      58 ros2 76892      92 python3 
768397312 | 309864     87 python3 205740     86 rviz2 127964     80 joint_state_pub 79836      58 ros2 76892      92 python3 
768598016 | 309864     87 python3 205700     86 rviz2 127964     80 joint_state_pub 79836      58 ros2 76788      92 python3 
768860160 | 309864     87 python3 205700     86 rviz2 127964     80 joint_state_pub 79836      58 ros2 76788      92 python3 
768503808 | 309864     87 python3 205700     86 rviz2 127964     80 joint_state_pub 79836      58 ros2 76788      92 python3 
768593920 | 309864     87 python3 205700     86 rviz2 127964     80 joint_state_pub 79836      58 ros2 76788      92 python3 
768565248 | 309864     87 python3 205700     86 rviz2 127964     80 joint_state_pub 79836      58 ros2 76788      92 python3 
768335872 | 309864     87 python3 205700     86 rviz2 127964     80 joint_state_pub 79772      58 ros2 76788      92 python3 
768593920 | 309864     87 python3 205700     86 rviz2 127964     80 joint_state_pub 79772      58 ros2 76788      92 python3 
768593920 | 309864     87 python3 205700     86 rviz2 127964     80 joint_state_pub 79668      58 ros2 76788      92 python3 
768598016 | 309864     87 python3 205700     86 rviz2 127964     80 joint_state_pub 79668      58 ros2 76788      92 python3 
768978944 | 309864     87 python3 205700     86 rviz2 127964     80 joint_state_pub 79668      58 ros2 76788      92 python3 
768393216 | 309864     87 python3 205700     86 rviz2 127964     80 joint_state_pub 79668      58 ros2 76788      92 python3 
768360448 | 309864     87 python3 205700     86 rviz2 127964     80 joint_state_pub 79668      58 ros2 76788      92 python3 
768331776 | 309864     87 python3 205700     86 rviz2 127964     80 joint_state_pub 79668      58 ros2 76788      92 python3 
768593920 | 309864     87 python3 205700     86 rviz2 127964     80 joint_state_pub 79668      58 ros2 76788      92 python3 
768598016 | 309864     87 python3 205700     86 rviz2 127964     80 joint_state_pub 79668      58 ros2 76788      92 python3 
768598016 | 309864     87 python3 205700     86 rviz2 127964     80 joint_state_pub 79668      58 ros2 76788      92 python3 
768577536 | 309864     87 python3 205700     86 rviz2 127964     80 joint_state_pub 79668      58 ros2 76788      92 python3 
768598016 | 309864     87 python3 205700     86 rviz2 127964     80 joint_state_pub 79668      58 ros2 76788      92 python3 
768593920 | 309864     87 python3 205700     86 rviz2 127964     80 joint_state_pub 79668      58 ros2 76788      92 python3 
768606208 | 309864     87 python3 205700     86 rviz2 127964     80 joint_state_pub 79668      58 ros2 76788      92 python3 
768561152 | 309864     87 python3 205700     86 rviz2 127964     80 joint_state_pub 79668      58 ros2 76788      92 python3 
768380928 | 309864     87 python3 205700     86 rviz2 127964     80 joint_state_pub 79668      58 ros2 76788      92 python3 
768040960 | 309864     87 python3 205700     86 rviz2 127964     80 joint_state_pub 79668      58 ros2 76788      92 python3 
768192512 | 309864     87 python3 205700     86 rviz2 127964     80 joint_state_pub 79668      58 ros2 76788      92 python3 
768319488 | 309864     87 python3 205700     86 rviz2 127964     80 joint_state_pub 79668      58 ros2 76788      92 python3 
768045056 | 309864     87 python3 205700     86 rviz2 127964     80 joint_state_pub 79668      58 ros2 76788      92 python3 
768172032 | 309864     87 python3 205700     86 rviz2 127964     80 joint_state_pub 79668      58 ros2 76788      92 python3 
768032768 | 309864     87 python3 205700     86 rviz2 127964     80 joint_state_pub 79668      58 ros2 76788      92 python3 
767856640 | 309864     87 python3 205700     86 rviz2 127964     80 joint_state_pub 79668      58 ros2 76788      92 python3 
767918080 | 309864     87 python3 205700     86 rviz2 127964     80 joint_state_pub 79668      58 ros2 76788      92 python3 
768040960 | 309864     87 python3 205700     86 rviz2 127964     80 joint_state_pub 79668      58 ros2 76788      92 python3 
767852544 | 309864     87 python3 205700     86 rviz2 127964     80 joint_state_pub 79668      58 ros2 76788      92 python3 
768040960 | 309864     87 python3 205700     86 rviz2 127964     80 joint_state_pub 79668      58 ros2 76788      92 python3 
767848448 | 309864     87 python3 205700     86 rviz2 127964     80 joint_state_pub 79668      58 ros2 76788      92 python3 
767787008 | 309864     87 python3 205700     86 rviz2 127964     80 joint_state_pub 79668      58 ros2 76788      92 python3 
767774720 | 309864     87 python3 205700     86 rviz2 127964     80 joint_state_pub 79668      58 ros2 76788      92 python3 
767787008 | 309864     87 python3 205700     86 rviz2 127964     80 joint_state_pub 79668      58 ros2 76788      92 python3 
768053248 | 309864     87 python3 205700     86 rviz2 127964     80 joint_state_pub 79668      58 ros2 76788      92 python3 
768069632 | 309864     87 python3 205700     86 rviz2 127964     80 joint_state_pub 79668      58 ros2 76788      92 python3 
768040960 | 309864     87 python3 205700     86 rviz2 127964     80 joint_state_pub 79668      58 ros2 76788      92 python3 
767774720 | 309864     87 python3 205700     86 rviz2 127964     80 joint_state_pub 79668      58 ros2 76788      92 python3 
768045056 | 309864     87 python3 205700     86 rviz2 127964     80 joint_state_pub 79668      58 ros2 76788      92 python3 
767647744 | 309864     87 python3 205700     86 rviz2 127964     80 joint_state_pub 79668      58 ros2 76788      92 python3 
767913984 | 309864     87 python3 205700     86 rviz2 127964     80 joint_state_pub 79668      58 ros2 76788      92 python3 
767823872 | 309864     87 python3 205700     86 rviz2 127964     80 joint_state_pub 79668      58 ros2 76788      92 python3 
768421888 | 309864     87 python3 205700     86 rviz2 127964     80 joint_state_pub 79668      58 ros2 76788      92 python3 
768135168 | 309864     87 python3 205700     86 rviz2 127964     80 joint_state_pub 79668      58 ros2 76788      92 python3 
768040960 | 309864     87 python3 205700     86 rviz2 127964     80 joint_state_pub 79668      58 ros2 76788      92 python3 
768036864 | 309864     87 python3 205700     86 rviz2 127964     80 joint_state_pub 79668      58 ros2 76788      92 python3 
768036864 | 309864     87 python3 205700     86 rviz2 127964     80 joint_state_pub 79668      58 ros2 76788      92 python3 
767881216 | 309864     87 python3 205700     86 rviz2 127964     80 joint_state_pub 79668      58 ros2 76788      92 python3 
767778816 | 309864     87 python3 205700     86 rviz2 127964     80 joint_state_pub 79668      58 ros2 76788      92 python3 
767860736 | 309864     87 python3 205700     86 rviz2 127964     80 joint_state_pub 79668      58 ros2 76788      92 python3 
767643648 | 309864     87 python3 205700     86 rviz2 127964     80 joint_state_pub 79668      58 ros2 76788      92 python3 
767954944 | 309864     87 python3 205700     86 rviz2 127964     80 joint_state_pub 79668      58 ros2 76788      92 python3 
768040960 | 309864     87 python3 205700     86 rviz2 127964     80 joint_state_pub 79668      58 ros2 76788      92 python3 
768045056 | 309864     87 python3 205700     86 rviz2 127964     80 joint_state_pub 79668      58 ros2 76788      92 python3 
768045056 | 309864     87 python3 205700     86 rviz2 127964     80 joint_state_pub 79668      58 ros2 76788      92 python3 
768065536 | 309864     87 python3 205700     86 rviz2 127964     80 joint_state_pub 79668      58 ros2 76788      92 python3 
767696896 | 309864     87 python3 205700     86 rviz2 127964     80 joint_state_pub 79668      58 ros2 76788      92 python3 
768049152 | 309864     87 python3 205700     86 rviz2 127964     80 joint_state_pub 79668      58 ros2 76788      92 python3 
768045056 | 309864     87 python3 205700     86 rviz2 127964     80 joint_state_pub 79668      58 ros2 76788      92 python3 
768045056 | 309864     87 python3 205700     86 rviz2 127964     80 joint_state_pub 79668      58 ros2 76788      92 python3 
767901696 | 309864     87 python3 205700     86 rviz2 127964     80 joint_state_pub 79668      58 ros2 76788      92 python3 
768045056 | 309864     87 python3 205700     86 rviz2 127964     80 joint_state_pub 79668      58 ros2 76788      92 python3 
768098304 | 309864     87 python3 205700     86 rviz2 127964     80 joint_state_pub 79668      58 ros2 76788      92 python3 
767782912 | 309864     87 python3 205700     86 rviz2 127964     80 joint_state_pub 79668      58 ros2 76788      92 python3 
768045056 | 309864     87 python3 205700     86 rviz2 127964     80 joint_state_pub 79668      58 ros2 76788      92 python3 
768180224 | 309864     87 python3 205700     86 rviz2 127964     80 joint_state_pub 79668      58 ros2 76788      92 python3 
768057344 | 309864     87 python3 205700     86 rviz2 127964     80 joint_state_pub 79668      58 ros2 76788      92 python3 
768315392 | 309864     87 python3 205700     86 rviz2 127964     80 joint_state_pub 79668      58 ros2 76788      92 python3 
767803392 | 309864     87 python3 205700     86 rviz2 127964     80 joint_state_pub 79668      58 ros2 76788      92 python3 
768065536 | 309864     87 python3 205700     86 rviz2 127964     80 joint_state_pub 79668      58 ros2 76788      92 python3 
768057344 | 309864     87 python3 205700     86 rviz2 127964     80 joint_state_pub 79668      58 ros2 76788      92 python3 
767803392 | 309864     87 python3 205700     86 rviz2 127964     80 joint_state_pub 79668      58 ros2 76788      92 python3 
767840256 | 309864     87 python3 205700     86 rviz2 127964     80 joint_state_pub 79668      58 ros2 76788      92 python3 
768045056 | 309864     87 python3 205700     86 rviz2 127964     80 joint_state_pub 79668      58 ros2 76788      92 python3 
768053248 | 309864     87 python3 205700     86 rviz2 127964     80 joint_state_pub 79668      58 ros2 76788      92 python3 
768045056 | 309864     87 python3 205700     86 rviz2 127964     80 joint_state_pub 79668      58 ros2 76788      92 python3 
768049152 | 309864     87 python3 205700     86 rviz2 127964     80 joint_state_pub 79668      58 ros2 76788      92 python3 
768045056 | 309864     87 python3 205700     86 rviz2 127964     80 joint_state_pub 79668      58 ros2 76788      92 python3 
767782912 | 309864     87 python3 205700     86 rviz2 127964     80 joint_state_pub 79668      58 ros2 76788      92 python3 
768049152 | 309864     87 python3 205700     86 rviz2 127964     80 joint_state_pub 79668      58 ros2 76788      92 python3 
768049152 | 309864     87 python3 205700     86 rviz2 127964     80 joint_state_pub 79668      58 ros2 76788      92 python3 
768397312 | 309864     87 python3 205700     86 rviz2 127964     80 joint_state_pub 79668      58 ros2 76788      92 python3 
767655936 | 309864     87 python3 205700     86 rviz2 127964     80 joint_state_pub 79668      58 ros2 76788      92 python3 
768602112 | 309864     87 python3 205700     86 rviz2 127964     80 joint_state_pub 79668      58 ros2 76788      92 python3 
767782912 | 309864     87 python3 205700     86 rviz2 127964     80 joint_state_pub 79668      58 ros2 76788      92 python3 
768126976 | 309864     87 python3 205700     86 rviz2 127964     80 joint_state_pub 79668      58 ros2 76788      92 python3 
768053248 | 309864     87 python3 205700     86 rviz2 127964     80 joint_state_pub 79668      58 ros2 76788      92 python3 
767803392 | 309864     87 python3 205700     86 rviz2 127964     80 joint_state_pub 79668      58 ros2 76788      92 python3 
767795200 | 309864     87 python3 205700     86 rviz2 127964     80 joint_state_pub 79668      58 ros2 76788      92 python3 
767750144 | 309864     87 python3 205700     86 rviz2 127964     80 joint_state_pub 79668      58 ros2 76788      92 python3 
767938560 | 309864     87 python3 205700     86 rviz2 127964     80 joint_state_pub 79668      58 ros2 76788      92 python3 
768049152 | 309864     87 python3 205700     86 rviz2 127964     80 joint_state_pub 79668      58 ros2 76788      92 python3 
768094208 | 309864     87 python3 205700     86 rviz2 127964     80 joint_state_pub 79668      58 ros2 76788      92 python3 
767934464 | 309864     87 python3 205700     86 rviz2 127964     80 joint_state_pub 79668      58 ros2 76788      92 python3 
768405504 | 309864     87 python3 205700     86 rviz2 127964     80 joint_state_pub 79668      58 ros2 76788      92 python3 
768069632 | 309864     87 python3 205700     86 rviz2 127964     80 joint_state_pub 79668      58 ros2 76788      92 python3 
768065536 | 309864     87 python3 205700     86 rviz2 127964     80 joint_state_pub 79668      58 ros2 76788      92 python3 
767942656 | 309864     87 python3 205700     86 rviz2 127964     80 joint_state_pub 79668      58 ros2 76788      92 python3 
767975424 | 309864     87 python3 205700     86 rviz2 127964     80 joint_state_pub 79668      58 ros2 76788      92 python3 
767991808 | 309864     87 python3 205700     86 rviz2 127964     80 joint_state_pub 79668      58 ros2 76788      92 python3 
767787008 | 309864     87 python3 205700     86 rviz2 127964     80 joint_state_pub 79668      58 ros2 76788      92 python3 
767787008 | 309864     87 python3 205700     86 rviz2 127964     80 joint_state_pub 79668      58 ros2 76788      92 python3 
767791104 | 309864     87 python3 205700     86 rviz2 127964     80 joint_state_pub 79668      58 ros2 76788      92 python3 
768135168 | 309864     87 python3 205700     86 rviz2 127964     80 joint_state_pub 79668      58 ros2 76788      92 python3 
767946752 | 309864     87 python3 205700     86 rviz2 127964     80 joint_state_pub 79668      58 ros2 76788      92 python3 
767950848 | 309864     87 python3 205700     86 rviz2 127964     80 joint_state_pub 79668      58 ros2 76788      92 python3 
767799296 | 309864     87 python3 205700     86 rviz2 127964     80 joint_state_pub 79668      58 ros2 76788      92 python3 
768151552 | 309864     87 python3 205700     86 rviz2 127964     80 joint_state_pub 79668      58 ros2 76788      92 python3 
768389120 | 309864     87 python3 205700     86 rviz2 127964     80 joint_state_pub 79668      58 ros2 76788      92 python3 
768143360 | 309864     87 python3 205700     86 rviz2 127964     80 joint_state_pub 79668      58 ros2 76788      92 python3 
768049152 | 309864     87 python3 205700     86 rviz2 127964     80 joint_state_pub 79668      58 ros2 76788      92 python3 
767811584 | 309864     87 python3 205700     86 rviz2 127964     80 joint_state_pub 79668      58 ros2 76788      92 python3 
768057344 | 309864     87 python3 205700     86 rviz2 127964     80 joint_state_pub 79668      58 ros2 76788      92 python3 
768385024 | 309864     87 python3 205700     86 rviz2 127964     80 joint_state_pub 79668      58 ros2 76788      92 python3 
768049152 | 309864     87 python3 205700     86 rviz2 127964     80 joint_state_pub 79668      58 ros2 76788      92 python3 
768073728 | 309864     87 python3 205700     86 rviz2 127964     80 joint_state_pub 79668      58 ros2 76788      92 python3 
767787008 | 309864     87 python3 205700     86 rviz2 127964     80 joint_state_pub 79668      58 ros2 76788      92 python3 
768122880 | 309864     87 python3 205700     86 rviz2 127964     80 joint_state_pub 79668      58 ros2 76788      92 python3 
767799296 | 309864     87 python3 205700     86 rviz2 127964     80 joint_state_pub 79668      58 ros2 76788      92 python3 
768344064 | 309864     87 python3 205700     86 rviz2 127964     80 joint_state_pub 79668      58 ros2 76788      92 python3 
768319488 | 309864     87 python3 205700     86 rviz2 127964     80 joint_state_pub 79668      58 ros2 76788      92 python3 
767848448 | 309864     87 python3 205700     86 rviz2 127964     80 joint_state_pub 79668      58 ros2 76788      92 python3 
767791104 | 309864     87 python3 205700     86 rviz2 127964     80 joint_state_pub 79668      58 ros2 76788      92 python3 
768053248 | 309864     87 python3 205700     86 rviz2 127964     80 joint_state_pub 79668      58 ros2 76788      92 python3 
767758336 | 309864     87 python3 205700     86 rviz2 127964     80 joint_state_pub 79668      58 ros2 76788      92 python3 
767959040 | 309864     87 python3 205700     86 rviz2 127964     80 joint_state_pub 79668      58 ros2 76788      92 python3 
768057344 | 309864     87 python3 205700     86 rviz2 127964     80 joint_state_pub 79668      58 ros2 76788      92 python3 
768053248 | 309864     87 python3 205700     86 rviz2 127964     80 joint_state_pub 79668      58 ros2 76788      92 python3 
767791104 | 309864     87 python3 205700     86 rviz2 127964     80 joint_state_pub 79668      58 ros2 76788      92 python3 
768315392 | 309864     87 python3 205700     86 rviz2 127964     80 joint_state_pub 79668      58 ros2 76788      92 python3 
768131072 | 309864     87 python3 205700     86 rviz2 127964     80 joint_state_pub 79668      58 ros2 76788      92 python3 
768143360 | 309864     87 python3 205700     86 rviz2 127964     80 joint_state_pub 79668      58 ros2 76788      92 python3 
767893504 | 309864     87 python3 205700     86 rviz2 127964     80 joint_state_pub 79668      58 ros2 76788      92 python3 
768053248 | 309864     87 python3 205700     86 rviz2 127964     80 joint_state_pub 79668      58 ros2 76788      92 python3 
768053248 | 309864     87 python3 205700     86 rviz2 127964     80 joint_state_pub 79668      58 ros2 76788      92 python3 
767795200 | 309864     87 python3 205700     86 rviz2 127964     80 joint_state_pub 79668      58 ros2 76788      92 python3 
768053248 | 309864     87 python3 205700     86 rviz2 127964     80 joint_state_pub 79668      58 ros2 76788      92 python3 
768057344 | 309864     87 python3 205700     86 rviz2 127964     80 joint_state_pub 79668      58 ros2 76788      92 python3 
767791104 | 309864     87 python3 205700     86 rviz2 127964     80 joint_state_pub 79668      58 ros2 76788      92 python3 
768053248 | 309864     87 python3 205700     86 rviz2 127964     80 joint_state_pub 79668      58 ros2 76788      92 python3 
768053248 | 309864     87 python3 205700     86 rviz2 127964     80 joint_state_pub 79668      58 ros2 76788      92 python3 
768057344 | 309864     87 python3 205700     86 rviz2 127964     80 joint_state_pub 79668      58 ros2 76788      92 python3 
767823872 | 309864     87 python3 205700     86 rviz2 127964     80 joint_state_pub 79668      58 ros2 76788      92 python3 
768372736 | 309864     87 python3 205700     86 rviz2 127964     80 joint_state_pub 79668      58 ros2 76788      92 python3 
767827968 | 309864     87 python3 205700     86 rviz2 127964     80 joint_state_pub 79668      58 ros2 76788      92 python3 
768344064 | 309864     87 python3 205700     86 rviz2 127964     80 joint_state_pub 79668      58 ros2 76788      92 python3 
768057344 | 309864     87 python3 205700     86 rviz2 127964     80 joint_state_pub 79668      58 ros2 76788      92 python3 
767848448 | 309864     87 python3 205700     86 rviz2 127964     80 joint_state_pub 79668      58 ros2 76788      92 python3 
767930368 | 309864     87 python3 205700     86 rviz2 127964     80 joint_state_pub 79668      58 ros2 76788      92 python3 
768094208 | 309864     87 python3 205700     86 rviz2 127964     80 joint_state_pub 79668      58 ros2 76788      92 python3 
767795200 | 309864     87 python3 205700     86 rviz2 127964     80 joint_state_pub 79668      58 ros2 76788      92 python3 
767913984 | 309864     87 python3 205700     86 rviz2 127964     80 joint_state_pub 79668      58 ros2 76788      92 python3 
767938560 | 309864     87 python3 205700     86 rviz2 127964     80 joint_state_pub 79668      58 ros2 76788      92 python3 
768352256 | 309864     87 python3 205700     86 rviz2 127964     80 joint_state_pub 79668      58 ros2 76788      92 python3 
768319488 | 309864     87 python3 205700     86 rviz2 127964     80 joint_state_pub 79668      58 ros2 76788      92 python3 
768057344 | 309864     87 python3 205700     86 rviz2 127964     80 joint_state_pub 79668      58 ros2 76788      92 python3 
767942656 | 309864     87 python3 205700     86 rviz2 127964     80 joint_state_pub 79668      58 ros2 76788      92 python3 
768327680 | 309864     87 python3 205700     86 rviz2 127964     80 joint_state_pub 79668      58 ros2 76788      92 python3 
768307200 | 309864     87 python3 205700     86 rviz2 127964     80 joint_state_pub 79668      58 ros2 76788      92 python3 
767803392 | 309864     87 python3 205700     86 rviz2 127964     80 joint_state_pub 79668      58 ros2 76788      92 python3 
768069632 | 309864     87 python3 205700     86 rviz2 127964     80 joint_state_pub 79668      58 ros2 76788      92 python3 
767799296 | 309864     87 python3 205700     86 rviz2 127964     80 joint_state_pub 79668      58 ros2 76788      92 python3 
768057344 | 309864     87 python3 205700     86 rviz2 127964     80 joint_state_pub 79668      58 ros2 76788      92 python3 
768057344 | 309864     87 python3 205700     86 rviz2 127964     80 joint_state_pub 79668      58 ros2 76788      92 python3 
768057344 | 309864     87 python3 205700     86 rviz2 127964     80 joint_state_pub 79668      58 ros2 76788      92 python3 
767799296 | 309864     87 python3 205700     86 rviz2 127964     80 joint_state_pub 79668      58 ros2 76788      92 python3 
767885312 | 309864     87 python3 205700     86 rviz2 127964     80 joint_state_pub 79668      58 ros2 76788      92 python3 
768057344 | 309864     87 python3 205700     86 rviz2 127964     80 joint_state_pub 79668      58 ros2 76788      92 python3 
768057344 | 309864     87 python3 205700     86 rviz2 127964     80 joint_state_pub 79668      58 ros2 76788      92 python3 
767668224 | 309864     87 python3 205700     86 rviz2 127964     80 joint_state_pub 79668      58 ros2 76788      92 python3 
767803392 | 309864     87 python3 205700     86 rviz2 127964     80 joint_state_pub 79668      58 ros2 76788      92 python3 
767795200 | 309864     87 python3 205700     86 rviz2 127964     80 joint_state_pub 79668      58 ros2 76788      92 python3 
767795200 | 309864     87 python3 205700     86 rviz2 127964     80 joint_state_pub 79668      58 ros2 76788      92 python3 
767799296 | 309864     87 python3 205700     86 rviz2 127964     80 joint_state_pub 79668      58 ros2 76788      92 python3 
767836160 | 309864     87 python3 205700     86 rviz2 127964     80 joint_state_pub 79668      58 ros2 76788      92 python3 
768057344 | 309864     87 python3 205700     86 rviz2 127964     80 joint_state_pub 79668      58 ros2 76788      92 python3 
767926272 | 309864     87 python3 205700     86 rviz2 127964     80 joint_state_pub 79668      58 ros2 76788      92 python3 
768294912 | 309864     87 python3 205700     86 rviz2 127964     80 joint_state_pub 79668      58 ros2 76788      92 python3 
768057344 | 309864     87 python3 205700     86 rviz2 127964     80 joint_state_pub 79668      58 ros2 76788      92 python3 
768053248 | 309864     87 python3 205700     86 rviz2 127964     80 joint_state_pub 79668      58 ros2 76788      92 python3 
768069632 | 309864     87 python3 205700     86 rviz2 127964     80 joint_state_pub 79668      58 ros2 76788      92 python3 
767827968 | 309864     87 python3 205700     86 rviz2 127964     80 joint_state_pub 79668      58 ros2 76788      92 python3 
768221184 | 309864     87 python3 205700     86 rviz2 127964     80 joint_state_pub 79668      58 ros2 76788      92 python3 
767799296 | 309864     87 python3 205700     86 rviz2 127964     80 joint_state_pub 79668      58 ros2 76788      92 python3 
768057344 | 309864     87 python3 205700     86 rviz2 127964     80 joint_state_pub 79668      58 ros2 76788      92 python3 
767799296 | 309864     87 python3 205700     86 rviz2 127964     80 joint_state_pub 79668      58 ros2 76788      92 python3 
767922176 | 309864     87 python3 205700     86 rviz2 127964     80 joint_state_pub 79668      58 ros2 76788      92 python3 
767766528 | 309864     87 python3 205700     86 rviz2 127964     80 joint_state_pub 79668      58 ros2 76788      92 python3 
768061440 | 309864     87 python3 205700     86 rviz2 127964     80 joint_state_pub 79668      58 ros2 76788      92 python3 
768061440 | 309864     87 python3 205700     86 rviz2 127964     80 joint_state_pub 79668      58 ros2 76788      92 python3 
768221184 | 309864     87 python3 205700     86 rviz2 127964     80 joint_state_pub 79668      58 ros2 76788      92 python3 
768028672 | 309864     87 python3 205700     86 rviz2 127964     80 joint_state_pub 79668      58 ros2 76788      92 python3 
768061440 | 309864     87 python3 205700     86 rviz2 127964     80 joint_state_pub 79668      58 ros2 76788      92 python3 
767897600 | 309864     87 python3 205700     86 rviz2 127964     80 joint_state_pub 79668      58 ros2 76788      92 python3 
767799296 | 309864     87 python3 205700     86 rviz2 127964     80 joint_state_pub 79668      58 ros2 76788      92 python3 
767803392 | 309864     87 python3 205700     86 rviz2 127964     80 joint_state_pub 79668      58 ros2 76788      92 python3 
767819776 | 309864     87 python3 205700     86 rviz2 127964     80 joint_state_pub 79668      58 ros2 76788      92 python3 
768270336 | 309864     87 python3 205700     86 rviz2 127964     80 joint_state_pub 79668      58 ros2 76788      92 python3 
767815680 | 309864     87 python3 205700     86 rviz2 127964     80 joint_state_pub 79668      58 ros2 76788      92 python3 
767815680 | 309864     87 python3 205700     86 rviz2 127964     80 joint_state_pub 79668      58 ros2 76788      92 python3 
768073728 | 309864     87 python3 205700     86 rviz2 127964     80 joint_state_pub 79668      58 ros2 76788      92 python3 
767897600 | 309864     87 python3 205700     86 rviz2 127964     80 joint_state_pub 79668      58 ros2 76788      92 python3 
767799296 | 309864     87 python3 205700     86 rviz2 127964     80 joint_state_pub 79668      58 ros2 76788      92 python3 
767799296 | 309864     87 python3 205700     86 rviz2 127964     80 joint_state_pub 79668      58 ros2 76788      92 python3 
767868928 | 309864     87 python3 205700     86 rviz2 127964     80 joint_state_pub 79668      58 ros2 76788      92 python3 
768159744 | 309864     87 python3 205700     86 rviz2 127964     80 joint_state_pub 79668      58 ros2 76788      92 python3 
768065536 | 309864     87 python3 205700     86 rviz2 127964     80 joint_state_pub 79668      58 ros2 76788      92 python3 
767799296 | 309864     87 python3 205700     86 rviz2 127964     80 joint_state_pub 79668      58 ros2 76788      92 python3 
768114688 | 309864     87 python3 205700     86 rviz2 127964     80 joint_state_pub 79668      58 ros2 76788      92 python3 
767934464 | 309864     87 python3 205700     86 rviz2 127964     80 joint_state_pub 79668      58 ros2 76788      92 python3 
767799296 | 309864     87 python3 205700     86 rviz2 127964     80 joint_state_pub 79668      58 ros2 76788      92 python3 
768028672 | 309864     87 python3 205700     86 rviz2 127964     80 joint_state_pub 79668      58 ros2 76788      92 python3 
768065536 | 309864     87 python3 205700     86 rviz2 127964     80 joint_state_pub 79668      58 ros2 76788      92 python3 
768720896 | 309864     87 python3 205700     86 rviz2 127964     80 joint_state_pub 79668      58 ros2 76788      92 python3 
768135168 | 309864     87 python3 205700     86 rviz2 127964     80 joint_state_pub 79668      58 ros2 76788      92 python3 
768032768 | 309864     87 python3 205700     86 rviz2 127964     80 joint_state_pub 79668      58 ros2 76788      92 python3 
767946752 | 309864     87 python3 205700     86 rviz2 127964     80 joint_state_pub 79668      58 ros2 76788      92 python3 
768176128 | 309864     87 python3 205700     86 rviz2 127964     80 joint_state_pub 79668      58 ros2 76788      92 python3 
768094208 | 309864     87 python3 205700     86 rviz2 127964     80 joint_state_pub 79668      58 ros2 76788      92 python3 
768589824 | 309864     87 python3 205700     86 rviz2 127964     80 joint_state_pub 79668      58 ros2 76788      92 python3 
768065536 | 309864     87 python3 205700     86 rviz2 127964     80 joint_state_pub 79668      58 ros2 76788      92 python3 
767934464 | 309864     87 python3 205700     86 rviz2 127964     80 joint_state_pub 79668      58 ros2 76788      92 python3 
767877120 | 309864     87 python3 205700     86 rviz2 127964     80 joint_state_pub 79668      58 ros2 76788      92 python3 
768032768 | 309864     87 python3 205700     86 rviz2 127964     80 joint_state_pub 79668      58 ros2 76788      92 python3 
768094208 | 309864     87 python3 205700     86 rviz2 127964     80 joint_state_pub 79668      58 ros2 76788      92 python3 
768450560 | 309864     87 python3 205700     86 rviz2 127964     80 joint_state_pub 79668      58 ros2 76788      92 python3 
768331776 | 309864     87 python3 205700     86 rviz2 127964     80 joint_state_pub 79668      58 ros2 76788      92 python3 
768335872 | 309864     87 python3 205700     86 rviz2 127964     80 joint_state_pub 79668      58 ros2 76788      92 python3 
768032768 | 309864     87 python3 205700     86 rviz2 127964     80 joint_state_pub 79668      58 ros2 76788      92 python3 
768327680 | 309864     87 python3 205700     86 rviz2 127964     80 joint_state_pub 79668      58 ros2 76788      92 python3 
768110592 | 309864     87 python3 205700     86 rviz2 127964     80 joint_state_pub 79668      58 ros2 76788      92 python3 
767860736 | 309864     87 python3 205700     86 rviz2 127964     80 joint_state_pub 79668      58 ros2 76788      92 python3 
767766528 | 309864     87 python3 205700     86 rviz2 127964     80 joint_state_pub 79668      58 ros2 76788      92 python3 
768065536 | 309864     87 python3 205700     86 rviz2 127964     80 joint_state_pub 79668      58 ros2 76788      92 python3 
767803392 | 309864     87 python3 205700     86 rviz2 127964     80 joint_state_pub 79668      58 ros2 76788      92 python3 
768069632 | 309864     87 python3 205700     86 rviz2 127964     80 joint_state_pub 79668      58 ros2 76788      92 python3 
768155648 | 309864     87 python3 205700     86 rviz2 127964     80 joint_state_pub 79668      58 ros2 76788      92 python3 
767901696 | 309864     87 python3 205700     86 rviz2 127964     80 joint_state_pub 79668      58 ros2 76788      92 python3 
767877120 | 309864     87 python3 205700     86 rviz2 127964     80 joint_state_pub 79668      58 ros2 76788      92 python3 
768106496 | 309864     87 python3 205700     86 rviz2 127964     80 joint_state_pub 79668      58 ros2 76788      92 python3 
768245760 | 309864     87 python3 205700     86 rviz2 127964     80 joint_state_pub 79668      58 ros2 76788      92 python3 
768131072 | 309864     87 python3 205700     86 rviz2 127964     80 joint_state_pub 79668      58 ros2 76788      92 python3 
767909888 | 309864     87 python3 205700     86 rviz2 127964     80 joint_state_pub 79668      58 ros2 76788      92 python3 
768245760 | 309864     87 python3 205700     86 rviz2 127964     80 joint_state_pub 79668      58 ros2 76788      92 python3 
768114688 | 309864     87 python3 205700     86 rviz2 127964     80 joint_state_pub 79668      58 ros2 76788      92 python3 
767873024 | 309864     87 python3 205700     86 rviz2 127964     80 joint_state_pub 79668      58 ros2 76788      92 python3 
768327680 | 309864     87 python3 205700     86 rviz2 127964     80 joint_state_pub 79668      58 ros2 76788      92 python3 
768356352 | 309864     87 python3 205700     86 rviz2 127964     80 joint_state_pub 79668      58 ros2 76788      92 python3 
768069632 | 309864     87 python3 205700     86 rviz2 127964     80 joint_state_pub 79668      58 ros2 76788      92 python3 
768147456 | 309864     87 python3 205700     86 rviz2 127964     80 joint_state_pub 79668      58 ros2 76788      92 python3 
768331776 | 309864     87 python3 205700     86 rviz2 127964     80 joint_state_pub 79668      58 ros2 76788      92 python3 
767807488 | 309864     87 python3 205700     86 rviz2 127964     80 joint_state_pub 79668      58 ros2 76788      92 python3 
768335872 | 309864     87 python3 205700     86 rviz2 127964     80 joint_state_pub 79668      58 ros2 76788      92 python3 
768331776 | 309864     87 python3 205700     86 rviz2 127964     80 joint_state_pub 79668      58 ros2 76788      92 python3 
768069632 | 309864     87 python3 205700     86 rviz2 127964     80 joint_state_pub 79668      58 ros2 76788      92 python3 
767815680 | 309864     87 python3 205700     86 rviz2 127964     80 joint_state_pub 79668      58 ros2 76788      92 python3 
767684608 | 309864     87 python3 205700     86 rviz2 127964     80 joint_state_pub 79668      58 ros2 76788      92 python3 
768172032 | 309864     87 python3 205700     86 rviz2 127964     80 joint_state_pub 79668      58 ros2 76788      92 python3 
768385024 | 309864     87 python3 205700     86 rviz2 127964     80 joint_state_pub 79668      58 ros2 76788      92 python3 
767913984 | 309864     87 python3 205700     86 rviz2 127964     80 joint_state_pub 79668      58 ros2 76788      92 python3 
767778816 | 309864     87 python3 205700     86 rviz2 127964     80 joint_state_pub 79668      58 ros2 76788      92 python3 
768094208 | 309864     87 python3 205700     86 rviz2 127964     80 joint_state_pub 79668      58 ros2 76788      92 python3 
768131072 | 309864     87 python3 205700     86 rviz2 127964     80 joint_state_pub 79668      58 ros2 76788      92 python3 
767893504 | 309864     87 python3 205700     86 rviz2 127964     80 joint_state_pub 79668      58 ros2 76788      92 python3 
768081920 | 309864     87 python3 205700     86 rviz2 127964     80 joint_state_pub 79668      58 ros2 76788      92 python3 
768073728 | 309864     87 python3 205700     86 rviz2 127964     80 joint_state_pub 79668      58 ros2 76788      92 python3 
767885312 | 309864     87 python3 205700     86 rviz2 127964     80 joint_state_pub 79668      58 ros2 76788      92 python3 
768069632 | 309864     87 python3 205700     86 rviz2 127964     80 joint_state_pub 79668      58 ros2 76788      92 python3 
768589824 | 309864     87 python3 205700     86 rviz2 127964     80 joint_state_pub 79668      58 ros2 76788      92 python3 
768069632 | 309864     87 python3 205700     86 rviz2 127964     80 joint_state_pub 79668      58 ros2 76788      92 python3 
768331776 | 309864     87 python3 205700     86 rviz2 127964     80 joint_state_pub 79668      58 ros2 76788      92 python3 
768073728 | 309864     87 python3 205700     86 rviz2 127964     80 joint_state_pub 79668      58 ros2 76788      92 python3 
768069632 | 309864     87 python3 205700     86 rviz2 127964     80 joint_state_pub 79668      58 ros2 76788      92 python3 
768065536 | 309864     87 python3 205700     86 rviz2 127964     80 joint_state_pub 79668      58 ros2 76788      92 python3 
767975424 | 309864     87 python3 205700     86 rviz2 127964     80 joint_state_pub 79668      58 ros2 76788      92 python3 
767811584 | 309864     87 python3 205700     86 rviz2 127964     80 joint_state_pub 79668      58 ros2 76788      92 python3 
768032768 | 309864     87 python3 205700     86 rviz2 127964     80 joint_state_pub 79668      58 ros2 76788      92 python3 
767815680 | 309864     87 python3 205700     86 rviz2 127964     80 joint_state_pub 79668      58 ros2 76788      92 python3 
768028672 | 309864     87 python3 205700     86 rviz2 127964     80 joint_state_pub 79668      58 ros2 76788      92 python3 
767807488 | 309864     87 python3 205700     86 rviz2 127964     80 joint_state_pub 79668      58 ros2 76788      92 python3 
767811584 | 309864     87 python3 205700     86 rviz2 127964     80 joint_state_pub 79668      58 ros2 76788      92 python3 
768139264 | 309864     87 python3 205700     86 rviz2 127964     80 joint_state_pub 79668      58 ros2 76788      92 python3 
768282624 | 309864     87 python3 205700     86 rviz2 127964     80 joint_state_pub 79668      58 ros2 76788      92 python3 
768073728 | 309864     87 python3 205700     86 rviz2 127964     80 joint_state_pub 79668      58 ros2 76788      92 python3 
768081920 | 309864     87 python3 205700     86 rviz2 127964     80 joint_state_pub 79668      58 ros2 76788      92 python3 
767905792 | 309864     87 python3 205700     86 rviz2 127964     80 joint_state_pub 79668      58 ros2 76788      92 python3 
767795200 | 309864     87 python3 205700     86 rviz2 127964     80 joint_state_pub 79668      58 ros2 76788      92 python3 
768258048 | 309864     87 python3 205700     86 rviz2 127964     80 joint_state_pub 79668      58 ros2 76788      92 python3 
767868928 | 309864     87 python3 205700     86 rviz2 127964     80 joint_state_pub 79668      58 ros2 76788      92 python3 
768122880 | 309864     87 python3 205700     86 rviz2 127964     80 joint_state_pub 79668      58 ros2 76788      92 python3 
768061440 | 309864     87 python3 205700     86 rviz2 127964     80 joint_state_pub 79668      58 ros2 76788      92 python3 
768098304 | 309864     87 python3 205700     86 rviz2 127964     80 joint_state_pub 79668      58 ros2 76788      92 python3 
767819776 | 309864     87 python3 205700     86 rviz2 127964     80 joint_state_pub 79668      58 ros2 76788      92 python3 
768229376 | 309864     87 python3 205700     86 rviz2 127964     80 joint_state_pub 79668      58 ros2 76788      92 python3 
767787008 | 309864     87 python3 205700     86 rviz2 127964     80 joint_state_pub 79668      58 ros2 76788      92 python3 
768139264 | 309864     87 python3 205700     86 rviz2 127964     80 joint_state_pub 79668      58 ros2 76788      92 python3 
768335872 | 309864     87 python3 205700     86 rviz2 127964     80 joint_state_pub 79668      58 ros2 76788      92 python3 
768094208 | 309864     87 python3 205700     86 rviz2 127964     80 joint_state_pub 79668      58 ros2 76788      92 python3 
768073728 | 309864     87 python3 205700     86 rviz2 127964     80 joint_state_pub 79668      58 ros2 76788      92 python3 
767807488 | 309864     87 python3 205700     86 rviz2 127964     80 joint_state_pub 79668      58 ros2 76788      92 python3 
767823872 | 309864     87 python3 205700     86 rviz2 127964     80 joint_state_pub 79668      58 ros2 76788      92 python3 
767692800 | 309864     87 python3 205700     86 rviz2 127964     80 joint_state_pub 79668      58 ros2 76788      92 python3 
768049152 | 309864     87 python3 205700     86 rviz2 127964     80 joint_state_pub 79668      58 ros2 76788      92 python3 
767959040 | 309864     87 python3 205700     86 rviz2 127964     80 joint_state_pub 79668      58 ros2 76788      92 python3 
768086016 | 309864     87 python3 205700     86 rviz2 127964     80 joint_state_pub 79668      58 ros2 76788      92 python3 
767811584 | 309864     87 python3 205700     86 rviz2 127964     80 joint_state_pub 79668      58 ros2 76788      92 python3 
767811584 | 309864     87 python3 205700     86 rviz2 127964     80 joint_state_pub 79668      58 ros2 76788      92 python3 
768077824 | 309864     87 python3 205700     86 rviz2 127964     80 joint_state_pub 79668      58 ros2 76788      92 python3 
767815680 | 309864     87 python3 205700     86 rviz2 127964     80 joint_state_pub 79668      58 ros2 76788      92 python3 
767807488 | 309864     87 python3 205700     86 rviz2 127964     80 joint_state_pub 79668      58 ros2 76788      92 python3 
767815680 | 309864     87 python3 205700     86 rviz2 127964     80 joint_state_pub 79668      58 ros2 76788      92 python3 
768237568 | 309864     87 python3 205700     86 rviz2 127964     80 joint_state_pub 79668      58 ros2 76788      92 python3 
767815680 | 309864     87 python3 205700     86 rviz2 127964     80 joint_state_pub 79668      58 ros2 76788      92 python3 
768180224 | 309864     87 python3 205700     86 rviz2 127964     80 joint_state_pub 79668      58 ros2 76788      92 python3 
768237568 | 309864     87 python3 205700     86 rviz2 127964     80 joint_state_pub 79668      58 ros2 76788      92 python3 
768077824 | 309864     87 python3 205700     86 rviz2 127964     80 joint_state_pub 79668      58 ros2 76788      92 python3 
768200704 | 309864     87 python3 205700     86 rviz2 127964     80 joint_state_pub 79668      58 ros2 76788      92 python3 
767815680 | 309864     87 python3 205700     86 rviz2 127964     80 joint_state_pub 79668      58 ros2 76788      92 python3 
767852544 | 309864     87 python3 205700     86 rviz2 127964     80 joint_state_pub 79668      58 ros2 76788      92 python3 
767881216 | 309864     87 python3 205700     86 rviz2 127964     80 joint_state_pub 79668      58 ros2 76788      92 python3 
767995904 | 309864     87 python3 205700     86 rviz2 127964     80 joint_state_pub 79668      58 ros2 76788      92 python3 
768135168 | 309864     87 python3 205700     86 rviz2 127964     80 joint_state_pub 79668      58 ros2 76788      92 python3 
768077824 | 309864     87 python3 205700     86 rviz2 127964     80 joint_state_pub 79668      58 ros2 76788      92 python3 
768073728 | 309864     87 python3 205700     86 rviz2 127964     80 joint_state_pub 79668      58 ros2 76788      92 python3 
767938560 | 309864     87 python3 205700     86 rviz2 127964     80 joint_state_pub 79668      58 ros2 76788      92 python3 
768258048 | 309864     87 python3 205700     86 rviz2 127964     80 joint_state_pub 79668      58 ros2 76788      92 python3 
768106496 | 309864     87 python3 205700     86 rviz2 127964     80 joint_state_pub 79668      58 ros2 76788      92 python3 
768352256 | 309864     87 python3 205700     86 rviz2 127964     80 joint_state_pub 79668      58 ros2 76788      92 python3 
768090112 | 309864     87 python3 205700     86 rviz2 127964     80 joint_state_pub 79668      58 ros2 76788      92 python3 
768077824 | 309864     87 python3 205700     86 rviz2 127964     80 joint_state_pub 79668      58 ros2 76788      92 python3 
767979520 | 309864     87 python3 205700     86 rviz2 127964     80 joint_state_pub 79668      58 ros2 76788      92 python3 
768077824 | 309864     87 python3 205700     86 rviz2 127964     80 joint_state_pub 79668      58 ros2 76788      92 python3 
768077824 | 309864     87 python3 205700     86 rviz2 127964     80 joint_state_pub 79668      58 ros2 76788      92 python3 
768090112 | 309864     87 python3 205700     86 rviz2 127964     80 joint_state_pub 79668      58 ros2 76788      92 python3 
768077824 | 309864     87 python3 205700     86 rviz2 127964     80 joint_state_pub 79668      58 ros2 76788      92 python3 
767815680 | 309864     87 python3 205700     86 rviz2 127964     80 joint_state_pub 79668      58 ros2 76788      92 python3 
768163840 | 309864     87 python3 205700     86 rviz2 127964     80 joint_state_pub 79668      58 ros2 76788      92 python3 
767815680 | 309864     87 python3 205700     86 rviz2 127964     80 joint_state_pub 79668      58 ros2 76788      92 python3 
767799296 | 309864     87 python3 205700     86 rviz2 127964     80 joint_state_pub 79668      58 ros2 76788      92 python3 
768339968 | 309864     87 python3 205700     86 rviz2 127964     80 joint_state_pub 79668      58 ros2 76788      92 python3 
768073728 | 309864     87 python3 205700     86 rviz2 127964     80 joint_state_pub 79668      58 ros2 76788      92 python3 
768245760 | 309864     87 python3 205700     86 rviz2 127964     80 joint_state_pub 79668      58 ros2 76788      92 python3 
768135168 | 309864     87 python3 205700     86 rviz2 127964     80 joint_state_pub 79668      58 ros2 76788      92 python3 
767987712 | 309864     87 python3 205700     86 rviz2 127964     80 joint_state_pub 79668      58 ros2 76788      92 python3 
767815680 | 309864     87 python3 205700     86 rviz2 127964     80 joint_state_pub 79668      58 ros2 76788      92 python3 
768389120 | 309864     87 python3 205700     86 rviz2 127964     80 joint_state_pub 79668      58 ros2 76788      92 python3 
768126976 | 309864     87 python3 205700     86 rviz2 127964     80 joint_state_pub 79668      58 ros2 76788      92 python3 
767913984 | 309864     87 python3 205700     86 rviz2 127964     80 joint_state_pub 79668      58 ros2 76788      92 python3 
767959040 | 309864     87 python3 205700     86 rviz2 127964     80 joint_state_pub 79668      58 ros2 76788      92 python3 
768081920 | 309864     87 python3 205700     86 rviz2 127964     80 joint_state_pub 79668      58 ros2 76788      92 python3 
768344064 | 309864     87 python3 205700     86 rviz2 127968     80 joint_state_pub 79668      58 ros2 76788      92 python3 
767823872 | 309864     87 python3 205700     86 rviz2 127968     80 joint_state_pub 79668      58 ros2 76788      92 python3 
768348160 | 309864     87 python3 205700     86 rviz2 127968     80 joint_state_pub 79668      58 ros2 76788      92 python3 
767893504 | 309864     87 python3 205700     86 rviz2 127968     80 joint_state_pub 79668      58 ros2 76788      92 python3 
768139264 | 309864     87 python3 205700     86 rviz2 127968     80 joint_state_pub 79668      58 ros2 76788      92 python3 
768122880 | 309864     87 python3 205700     86 rviz2 127968     80 joint_state_pub 79668      58 ros2 76788      92 python3 
768090112 | 309864     87 python3 205700     86 rviz2 127968     80 joint_state_pub 79668      58 ros2 76788      92 python3 
767823872 | 309864     87 python3 205700     86 rviz2 127968     80 joint_state_pub 79668      58 ros2 76788      92 python3 
767836160 | 309864     87 python3 205700     86 rviz2 127968     80 joint_state_pub 79668      58 ros2 76788      92 python3 
767823872 | 309864     87 python3 205700     86 rviz2 127968     80 joint_state_pub 79668      58 ros2 76788      92 python3 
768098304 | 309864     87 python3 205700     86 rviz2 127968     80 joint_state_pub 79668      58 ros2 76788      92 python3 
768233472 | 309864     87 python3 205700     86 rviz2 127968     80 joint_state_pub 79668      58 ros2 76788      92 python3 
768425984 | 309864     87 python3 205700     86 rviz2 127968     80 joint_state_pub 79668      58 ros2 76788      92 python3 
768139264 | 309864     87 python3 205700     86 rviz2 127968     80 joint_state_pub 79668      58 ros2 76788      92 python3 
768282624 | 309864     87 python3 205700     86 rviz2 127968     80 joint_state_pub 79668      58 ros2 76788      92 python3 
767868928 | 309864     87 python3 205700     86 rviz2 127968     80 joint_state_pub 79668      58 ros2 76788      92 python3 
767721472 | 309864     87 python3 205700     86 rviz2 127968     80 joint_state_pub 79668      58 ros2 76788      92 python3 
768086016 | 309864     87 python3 205700     86 rviz2 127968     80 joint_state_pub 79668      58 ros2 76788      92 python3 
767913984 | 309864     87 python3 205700     86 rviz2 127968     80 joint_state_pub 79668      58 ros2 76788      92 python3 
767954944 | 309864     87 python3 205700     86 rviz2 127968     80 joint_state_pub 79668      58 ros2 76788      92 python3 
768086016 | 309864     87 python3 205700     86 rviz2 127968     80 joint_state_pub 79668      58 ros2 76788      92 python3 
767930368 | 309864     87 python3 205700     86 rviz2 127968     80 joint_state_pub 79668      58 ros2 76788      92 python3 
768008192 | 309864     87 python3 205700     86 rviz2 127968     80 joint_state_pub 79668      58 ros2 76788      92 python3 
768348160 | 309864     87 python3 205700     86 rviz2 127968     80 joint_state_pub 79668      58 ros2 76788      92 python3 
768090112 | 309864     87 python3 205700     86 rviz2 127968     80 joint_state_pub 79668      58 ros2 76788      92 python3 
767823872 | 309864     87 python3 205700     86 rviz2 127968     80 joint_state_pub 79668      58 ros2 76788      92 python3 
767823872 | 309864     87 python3 205700     86 rviz2 127968     80 joint_state_pub 79668      58 ros2 76788      92 python3 
768114688 | 309864     87 python3 205700     86 rviz2 127968     80 joint_state_pub 79668      58 ros2 76788      92 python3 
768192512 | 309864     87 python3 205700     86 rviz2 127968     80 joint_state_pub 79668      58 ros2 76788      92 python3 
768090112 | 309864     87 python3 205700     86 rviz2 127968     80 joint_state_pub 79668      58 ros2 76788      92 python3 
767832064 | 309864     87 python3 205700     86 rviz2 127968     80 joint_state_pub 79668      58 ros2 76788      92 python3 
767827968 | 309864     87 python3 205700     86 rviz2 127968     80 joint_state_pub 79668      58 ros2 76788      92 python3 
767836160 | 309864     87 python3 205700     86 rviz2 127968     80 joint_state_pub 79668      58 ros2 76788      92 python3 
768225280 | 309864     87 python3 205700     86 rviz2 127968     80 joint_state_pub 79668      58 ros2 76788      92 python3 
768348160 | 309864     87 python3 205700     86 rviz2 127968     80 joint_state_pub 79668      58 ros2 76788      92 python3 
768360448 | 309864     87 python3 205700     86 rviz2 127968     80 joint_state_pub 79668      58 ros2 76788      92 python3 
767799296 | 309864     87 python3 205700     86 rviz2 127968     80 joint_state_pub 79668      58 ros2 76788      92 python3 
768376832 | 309864     87 python3 205700     86 rviz2 127968     80 joint_state_pub 79668      58 ros2 76788      92 python3 
767795200 | 309864     87 python3 205700     86 rviz2 127968     80 joint_state_pub 79668      58 ros2 76788      92 python3 
768090112 | 309864     87 python3 205700     86 rviz2 127968     80 joint_state_pub 79668      58 ros2 76788      92 python3 
767827968 | 309864     87 python3 205700     86 rviz2 127968     80 joint_state_pub 79668      58 ros2 76788      92 python3 
768249856 | 309864     87 python3 205700     86 rviz2 127968     80 joint_state_pub 79668      58 ros2 76788      92 python3 
767864832 | 309864     87 python3 205700     86 rviz2 127968     80 joint_state_pub 79668      58 ros2 76788      92 python3 
767827968 | 309864     87 python3 205700     86 rviz2 127968     80 joint_state_pub 79668      58 ros2 76788      92 python3 
768086016 | 309864     87 python3 205700     86 rviz2 127968     80 joint_state_pub 79668      58 ros2 76788      92 python3 
768094208 | 309864     87 python3 205700     86 rviz2 127968     80 joint_state_pub 79668      58 ros2 76788      92 python3 
768389120 | 309864     87 python3 205700     86 rviz2 127968     80 joint_state_pub 79668      58 ros2 76788      92 python3 
768159744 | 309864     87 python3 205700     86 rviz2 127968     80 joint_state_pub 79668      58 ros2 76788      92 python3 
767885312 | 309864     87 python3 205700     86 rviz2 127968     80 joint_state_pub 79668      58 ros2 76788      92 python3 
767827968 | 309864     87 python3 205700     86 rviz2 127968     80 joint_state_pub 79668      58 ros2 76788      92 python3 
767827968 | 309864     87 python3 205700     86 rviz2 127968     80 joint_state_pub 79668      58 ros2 76788      92 python3 
768057344 | 309864     87 python3 205700     86 rviz2 127968     80 joint_state_pub 79668      58 ros2 76788      92 python3 
768094208 | 309864     87 python3 205700     86 rviz2 127968     80 joint_state_pub 79668      58 ros2 76788      92 python3 
768208896 | 309864     87 python3 205700     86 rviz2 127968     80 joint_state_pub 79668      58 ros2 76788      92 python3 
768090112 | 309864     87 python3 205700     86 rviz2 127968     80 joint_state_pub 79668      58 ros2 76788      92 python3 
768167936 | 309864     87 python3 205700     86 rviz2 127968     80 joint_state_pub 79668      58 ros2 76788      92 python3 
768090112 | 309864     87 python3 205700     86 rviz2 127968     80 joint_state_pub 79668      58 ros2 76788      92 python3 
768090112 | 309864     87 python3 205700     86 rviz2 127968     80 joint_state_pub 79668      58 ros2 76788      92 python3 
768118784 | 309864     87 python3 205700     86 rviz2 127968     80 joint_state_pub 79668      58 ros2 76788      92 python3 
768090112 | 309864     87 python3 205700     86 rviz2 127968     80 joint_state_pub 79668      58 ros2 76788      92 python3 
767819776 | 309864     87 python3 205700     86 rviz2 127968     80 joint_state_pub 79668      58 ros2 76788      92 python3 
768098304 | 309864     87 python3 205700     86 rviz2 127968     80 joint_state_pub 79668      58 ros2 76788      92 python3 
767811584 | 309864     87 python3 205700     86 rviz2 127968     80 joint_state_pub 79668      58 ros2 76788      92 python3 
768323584 | 309864     87 python3 205700     86 rviz2 127968     80 joint_state_pub 79668      58 ros2 76788      92 python3 
768094208 | 309864     87 python3 205700     86 rviz2 127968     80 joint_state_pub 79668      58 ros2 76788      92 python3 
767827968 | 309864     87 python3 205700     86 rviz2 127968     80 joint_state_pub 79668      58 ros2 76788      92 python3 
767832064 | 309864     87 python3 205700     86 rviz2 127968     80 joint_state_pub 79668      58 ros2 76788      92 python3 
768094208 | 309864     87 python3 205700     86 rviz2 127968     80 joint_state_pub 79668      58 ros2 76788      92 python3 
768200704 | 309864     87 python3 205700     86 rviz2 127968     80 joint_state_pub 79668      58 ros2 76788      92 python3 
768049152 | 309864     87 python3 205700     86 rviz2 127968     80 joint_state_pub 79668      58 ros2 76788      92 python3 
767827968 | 309864     87 python3 205700     86 rviz2 127968     80 joint_state_pub 79668      58 ros2 76788      92 python3 
767954944 | 309864     87 python3 205700     86 rviz2 127968     80 joint_state_pub 79668      58 ros2 76788      92 python3 
767827968 | 309864     87 python3 205700     86 rviz2 127968     80 joint_state_pub 79668      58 ros2 76788      92 python3 
767967232 | 309864     87 python3 205700     86 rviz2 127968     80 joint_state_pub 79668      58 ros2 76788      92 python3 
767913984 | 309864     87 python3 205700     86 rviz2 127968     80 joint_state_pub 79668      58 ros2 76788      92 python3 
768135168 | 309864     87 python3 205700     86 rviz2 127968     80 joint_state_pub 79668      58 ros2 76788      92 python3 
767832064 | 309864     87 python3 205700     86 rviz2 127968     80 joint_state_pub 79668      58 ros2 76788      92 python3 
768094208 | 309864     87 python3 205700     86 rviz2 127968     80 joint_state_pub 79668      58 ros2 76788      92 python3 
768094208 | 309864     87 python3 205700     86 rviz2 127968     80 joint_state_pub 79668      58 ros2 76788      92 python3 
768098304 | 309864     87 python3 205700     86 rviz2 127972     80 joint_state_pub 79668      58 ros2 76788      92 python3 
768102400 | 309864     87 python3 205700     86 rviz2 127972     80 joint_state_pub 79668      58 ros2 76788      92 python3 
767836160 | 309864     87 python3 205700     86 rviz2 127972     80 joint_state_pub 79668      58 ros2 76788      92 python3 
767840256 | 309864     87 python3 205700     86 rviz2 127972     80 joint_state_pub 79668      58 ros2 76788      92 python3 
768098304 | 309864     87 python3 205700     86 rviz2 127972     80 joint_state_pub 79668      58 ros2 76788      92 python3 
767803392 | 309864     87 python3 205700     86 rviz2 127972     80 joint_state_pub 79668      58 ros2 76788      92 python3 
767954944 | 309864     87 python3 205700     86 rviz2 127972     80 joint_state_pub 79668      58 ros2 76788      92 python3 
767852544 | 309864     87 python3 205700     86 rviz2 127972     80 joint_state_pub 79668      58 ros2 76788      92 python3 
768098304 | 309864     87 python3 205700     86 rviz2 127972     80 joint_state_pub 79668      58 ros2 76788      92 python3 
767942656 | 309864     87 python3 205700     86 rviz2 127972     80 joint_state_pub 79668      58 ros2 76788      92 python3 
767836160 | 309864     87 python3 205700     86 rviz2 127972     80 joint_state_pub 79668      58 ros2 76788      92 python3 
768122880 | 309864     87 python3 205700     86 rviz2 127972     80 joint_state_pub 79668      58 ros2 76788      92 python3 
768135168 | 309864     87 python3 205700     86 rviz2 127972     80 joint_state_pub 79668      58 ros2 76788      92 python3 
768110592 | 309864     87 python3 205700     86 rviz2 127972     80 joint_state_pub 79668      58 ros2 76788      92 python3 
768102400 | 309864     87 python3 205700     86 rviz2 127972     80 joint_state_pub 79668      58 ros2 76788      92 python3 
768192512 | 309864     87 python3 205700     86 rviz2 127972     80 joint_state_pub 79668      58 ros2 76788      92 python3 
767840256 | 309864     87 python3 205700     86 rviz2 127972     80 joint_state_pub 79668      58 ros2 76788      92 python3 
768294912 | 309864     87 python3 205700     86 rviz2 127972     80 joint_state_pub 79668      58 ros2 76788      92 python3 
768167936 | 309864     87 python3 205700     86 rviz2 127972     80 joint_state_pub 79668      58 ros2 76788      92 python3 
767717376 | 309864     87 python3 205700     86 rviz2 127972     80 joint_state_pub 79668      58 ros2 76788      92 python3 
768008192 | 309864     87 python3 205700     86 rviz2 127972     80 joint_state_pub 79668      58 ros2 76788      92 python3 
768241664 | 309864     87 python3 205700     86 rviz2 127972     80 joint_state_pub 79668      58 ros2 76788      92 python3 
768294912 | 309864     87 python3 205700     86 rviz2 127972     80 joint_state_pub 79668      58 ros2 76788      92 python3 
768040960 | 309864     87 python3 205700     86 rviz2 127972     80 joint_state_pub 79668      58 ros2 76788      92 python3 
767975424 | 309864     87 python3 205700     86 rviz2 127972     80 joint_state_pub 79668      58 ros2 76788      92 python3 
768335872 | 309864     87 python3 205700     86 rviz2 127972     80 joint_state_pub 79668      58 ros2 76788      92 python3 
768204800 | 309864     87 python3 205700     86 rviz2 127972     80 joint_state_pub 79668      58 ros2 76788      92 python3 
768241664 | 309864     87 python3 205700     86 rviz2 127972     80 joint_state_pub 79668      58 ros2 76788      92 python3 
768446464 | 309864     87 python3 205700     86 rviz2 127972     80 joint_state_pub 79668      58 ros2 76788      92 python3 
768114688 | 309864     87 python3 205700     86 rviz2 127972     80 joint_state_pub 79668      58 ros2 76788      92 python3 
768233472 | 309864     87 python3 205700     86 rviz2 127972     80 joint_state_pub 79668      58 ros2 76788      92 python3 
768221184 | 309864     87 python3 205700     86 rviz2 127972     80 joint_state_pub 79668      58 ros2 76788      92 python3 
768413696 | 309864     87 python3 205700     86 rviz2 127972     80 joint_state_pub 79668      58 ros2 76788      92 python3 
768245760 | 309864     87 python3 205700     86 rviz2 127972     80 joint_state_pub 79668      58 ros2 76788      92 python3 
768327680 | 309864     87 python3 205700     86 rviz2 127972     80 joint_state_pub 79668      58 ros2 76788      92 python3 
767971328 | 309864     87 python3 205700     86 rviz2 127972     80 joint_state_pub 79668      58 ros2 76788      92 python3 
768471040 | 309864     87 python3 205700     86 rviz2 127972     80 joint_state_pub 79668      58 ros2 76788      92 python3 
768192512 | 309864     87 python3 205700     86 rviz2 127972     80 joint_state_pub 79668      58 ros2 76788      92 python3 
768192512 | 309864     87 python3 205700     86 rviz2 127972     80 joint_state_pub 79668      58 ros2 76788      92 python3 
768274432 | 309864     87 python3 205700     86 rviz2 127972     80 joint_state_pub 79668      58 ros2 76788      92 python3 
768106496 | 309864     87 python3 205700     86 rviz2 127972     80 joint_state_pub 79668      58 ros2 76788      92 python3 
768364544 | 309864     87 python3 205700     86 rviz2 127972     80 joint_state_pub 79668      58 ros2 76788      92 python3 
767987712 | 309864     87 python3 205700     86 rviz2 127972     80 joint_state_pub 79668      58 ros2 76788      92 python3 
768241664 | 309864     87 python3 205700     86 rviz2 127972     80 joint_state_pub 79668      58 ros2 76788      92 python3 
767971328 | 309864     87 python3 205700     86 rviz2 127972     80 joint_state_pub 79668      58 ros2 76788      92 python3 
768397312 | 309864     87 python3 205700     86 rviz2 127972     80 joint_state_pub 79668      58 ros2 76788      92 python3 
767885312 | 309864     87 python3 205700     86 rviz2 127972     80 joint_state_pub 79668      58 ros2 76788      92 python3 
768475136 | 309864     87 python3 205700     86 rviz2 127972     80 joint_state_pub 79668      58 ros2 76788      92 python3 
768241664 | 309864     87 python3 205700     86 rviz2 127972     80 joint_state_pub 79668      58 ros2 76788      92 python3 
768196608 | 309864     87 python3 205700     86 rviz2 127972     80 joint_state_pub 79668      58 ros2 76788      92 python3 
767975424 | 309864     87 python3 205700     86 rviz2 127972     80 joint_state_pub 79668      58 ros2 76788      92 python3 
768241664 | 309864     87 python3 205700     86 rviz2 127972     80 joint_state_pub 79668      58 ros2 76788      92 python3 
767852544 | 309864     87 python3 205700     86 rviz2 127972     80 joint_state_pub 79668      58 ros2 76788      92 python3 
768208896 | 309864     87 python3 205700     86 rviz2 127972     80 joint_state_pub 79668      58 ros2 76788      92 python3 
767979520 | 309864     87 python3 205700     86 rviz2 127972     80 joint_state_pub 79668      58 ros2 76788      92 python3 
767975424 | 309864     87 python3 205700     86 rviz2 127972     80 joint_state_pub 79668      58 ros2 76788      92 python3 
767979520 | 309864     87 python3 205700     86 rviz2 127972     80 joint_state_pub 79668      58 ros2 76788      92 python3 
768274432 | 309864     87 python3 205700     86 rviz2 127972     80 joint_state_pub 79668      58 ros2 76788      92 python3 
768090112 | 309864     87 python3 205700     86 rviz2 127972     80 joint_state_pub 79668      58 ros2 76788      92 python3 
768565248 | 309864     87 python3 205700     86 rviz2 127972     80 joint_state_pub 79668      58 ros2 76788      92 python3 
768299008 | 309864     87 python3 205700     86 rviz2 127972     80 joint_state_pub 79668      58 ros2 76788      92 python3 
768241664 | 309864     87 python3 205700     86 rviz2 127972     80 joint_state_pub 79668      58 ros2 76788      92 python3 
767979520 | 309864     87 python3 205700     86 rviz2 127972     80 joint_state_pub 79668      58 ros2 76788      92 python3 
767979520 | 309864     87 python3 205700     86 rviz2 127972     80 joint_state_pub 79668      58 ros2 76788      92 python3 
768131072 | 309864     87 python3 205700     86 rviz2 127972     80 joint_state_pub 79668      58 ros2 76788      92 python3 
767979520 | 309864     87 python3 205700     86 rviz2 127972     80 joint_state_pub 79668      58 ros2 76788      92 python3 
768114688 | 309864     87 python3 205700     86 rviz2 127972     80 joint_state_pub 79668      58 ros2 76788      92 python3 
768098304 | 309864     87 python3 205700     86 rviz2 127972     80 joint_state_pub 79668      58 ros2 76788      92 python3 
767975424 | 309864     87 python3 205700     86 rviz2 127972     80 joint_state_pub 79668      58 ros2 76788      92 python3 
768258048 | 309864     87 python3 205700     86 rviz2 127972     80 joint_state_pub 79668      58 ros2 76788      92 python3 
768765952 | 309864     87 python3 205700     86 rviz2 127972     80 joint_state_pub 79668      58 ros2 76788      92 python3 
768065536 | 309864     87 python3 205700     86 rviz2 127972     80 joint_state_pub 79668      58 ros2 76788      92 python3 
767983616 | 309864     87 python3 205700     86 rviz2 127972     80 joint_state_pub 79668      58 ros2 76788      92 python3 
768245760 | 309864     87 python3 205700     86 rviz2 127972     80 joint_state_pub 79668      58 ros2 76788      92 python3 
767987712 | 309864     87 python3 205700     86 rviz2 127972     80 joint_state_pub 79668      58 ros2 76788      92 python3 
768479232 | 309864     87 python3 205700     86 rviz2 127972     80 joint_state_pub 79668      58 ros2 76788      92 python3 
768393216 | 309864     87 python3 205700     86 rviz2 127972     80 joint_state_pub 79668      58 ros2 76788      92 python3 
768274432 | 309864     87 python3 205700     86 rviz2 127972     80 joint_state_pub 79668      58 ros2 76788      92 python3 
767991808 | 309864     87 python3 205700     86 rviz2 127976     80 joint_state_pub 79668      58 ros2 76788      92 python3 
767991808 | 309864     87 python3 205700     86 rviz2 127976     80 joint_state_pub 79668      58 ros2 76788      92 python3 
767983616 | 309864     87 python3 205700     86 rviz2 127976     80 joint_state_pub 79668      58 ros2 76788      92 python3 
768167936 | 309864     87 python3 205700     86 rviz2 127976     80 joint_state_pub 79668      58 ros2 76788      92 python3 
768430080 | 309864     87 python3 205700     86 rviz2 127976     80 joint_state_pub 79668      58 ros2 76788      92 python3 
767987712 | 309864     87 python3 205700     86 rviz2 127976     80 joint_state_pub 79668      58 ros2 76788      92 python3 
768073728 | 309864     87 python3 205700     86 rviz2 127976     80 joint_state_pub 79668      58 ros2 76788      92 python3 
768077824 | 309864     87 python3 205700     86 rviz2 127976     80 joint_state_pub 79668      58 ros2 76788      92 python3 
768540672 | 309864     87 python3 205700     86 rviz2 127976     80 joint_state_pub 79668      58 ros2 76788      92 python3 
767991808 | 309864     87 python3 205700     86 rviz2 127976     80 joint_state_pub 79668      58 ros2 76788      92 python3 
767954944 | 309864     87 python3 205700     86 rviz2 127976     80 joint_state_pub 79668      58 ros2 76788      92 python3 
768376832 | 309864     87 python3 205700     86 rviz2 127976     80 joint_state_pub 79668      58 ros2 76788      92 python3 
768131072 | 309864     87 python3 205700     86 rviz2 127976     80 joint_state_pub 79668      58 ros2 76788      92 python3 
768249856 | 309864     87 python3 205700     86 rviz2 127976     80 joint_state_pub 79668      58 ros2 76788      92 python3 
768028672 | 309864     87 python3 205700     86 rviz2 127976     80 joint_state_pub 79668      58 ros2 76788      92 python3 
768151552 | 309864     87 python3 205700     86 rviz2 127976     80 joint_state_pub 79668      58 ros2 76788      92 python3 
768258048 | 309864     87 python3 205700     86 rviz2 127976     80 joint_state_pub 79668      58 ros2 76788      92 python3 
768512000 | 309864     87 python3 205700     86 rviz2 127976     80 joint_state_pub 79668      58 ros2 76788      92 python3 
768212992 | 309864     87 python3 205700     86 rviz2 127976     80 joint_state_pub 79668      58 ros2 76788      92 python3 
768217088 | 309864     87 python3 205700     86 rviz2 127976     80 joint_state_pub 79668      58 ros2 76788      92 python3 
768307200 | 309864     87 python3 205700     86 rviz2 127976     80 joint_state_pub 79668      58 ros2 76788      92 python3 
768290816 | 309864     87 python3 205700     86 rviz2 127976     80 joint_state_pub 79668      58 ros2 76788      92 python3 
768278528 | 309864     87 python3 205700     86 rviz2 127976     80 joint_state_pub 79668      58 ros2 76788      92 python3 
768217088 | 309864     87 python3 205700     86 rviz2 127976     80 joint_state_pub 79668      58 ros2 76788      92 python3 
768520192 | 309864     87 python3 205700     86 rviz2 127976     80 joint_state_pub 79668      58 ros2 76788      92 python3 
768139264 | 309864     87 python3 205700     86 rviz2 127976     80 joint_state_pub 79668      58 ros2 76788      92 python3 
768040960 | 309864     87 python3 205700     86 rviz2 127976     80 joint_state_pub 79668      58 ros2 76788      92 python3 
767832064 | 309864     87 python3 205700     86 rviz2 127976     80 joint_state_pub 79668      58 ros2 76788      92 python3 
768278528 | 309864     87 python3 205700     86 rviz2 127976     80 joint_state_pub 79668      58 ros2 76788      92 python3 
767942656 | 309864     87 python3 205700     86 rviz2 127976     80 joint_state_pub 79668      58 ros2 76788      92 python3 
767991808 | 309864     87 python3 205700     86 rviz2 127976     80 joint_state_pub 79668      58 ros2 76788      92 python3 
768249856 | 309864     87 python3 205700     86 rviz2 127976     80 joint_state_pub 79668      58 ros2 76788      92 python3 
767959040 | 309864     87 python3 205700     86 rviz2 127976     80 joint_state_pub 79668      58 ros2 76788      92 python3 
767987712 | 309864     87 python3 205700     86 rviz2 127976     80 joint_state_pub 79668      58 ros2 76788      92 python3 
768512000 | 309864     87 python3 205700     86 rviz2 127976     80 joint_state_pub 79668      58 ros2 76788      92 python3 
767995904 | 309864     87 python3 205700     86 rviz2 127976     80 joint_state_pub 79668      58 ros2 76788      92 python3 
768077824 | 309864     87 python3 205700     86 rviz2 127976     80 joint_state_pub 79668      58 ros2 76788      92 python3 
768172032 | 309864     87 python3 205700     86 rviz2 127976     80 joint_state_pub 79668      58 ros2 76788      92 python3 
768270336 | 309864     87 python3 205700     86 rviz2 127976     80 joint_state_pub 79668      58 ros2 76788      92 python3 
768237568 | 309864     87 python3 205700     86 rviz2 127976     80 joint_state_pub 79668      58 ros2 76788      92 python3 
768090112 | 309864     87 python3 205700     86 rviz2 127976     80 joint_state_pub 79668      58 ros2 76788      92 python3 
768012288 | 309864     87 python3 205700     86 rviz2 127976     80 joint_state_pub 79668      58 ros2 76788      92 python3 
768274432 | 309864     87 python3 205700     86 rviz2 127976     80 joint_state_pub 79668      58 ros2 76788      92 python3 
767971328 | 309864     87 python3 205700     86 rviz2 127976     80 joint_state_pub 79668      58 ros2 76788      92 python3 
768094208 | 309864     87 python3 205700     86 rviz2 127976     80 joint_state_pub 79668      58 ros2 76788      92 python3 
768315392 | 309864     87 python3 205700     86 rviz2 127976     80 joint_state_pub 79668      58 ros2 76788      92 python3 
768110592 | 309864     87 python3 205700     86 rviz2 127976     80 joint_state_pub 79668      58 ros2 76788      92 python3 
767991808 | 309864     87 python3 205700     86 rviz2 127976     80 joint_state_pub 79668      58 ros2 76788      92 python3 
768258048 | 309864     87 python3 205700     86 rviz2 127976     80 joint_state_pub 79668      58 ros2 76788      92 python3 
768225280 | 309864     87 python3 205700     86 rviz2 127976     80 joint_state_pub 79668      58 ros2 76788      92 python3 
768196608 | 309864     87 python3 205700     86 rviz2 127976     80 joint_state_pub 79668      58 ros2 76788      92 python3 
767995904 | 309864     87 python3 205700     86 rviz2 127976     80 joint_state_pub 79668      58 ros2 76788      92 python3 
768540672 | 309864     87 python3 205700     86 rviz2 127976     80 joint_state_pub 79668      58 ros2 76788      92 python3 
768520192 | 309864     87 python3 205700     86 rviz2 127976     80 joint_state_pub 79668      58 ros2 76788      92 python3 
768212992 | 309864     87 python3 205700     86 rviz2 127976     80 joint_state_pub 79668      58 ros2 76788      92 python3 
768139264 | 309864     87 python3 205700     86 rviz2 127976     80 joint_state_pub 79668      58 ros2 76788      92 python3 
768278528 | 309864     87 python3 205700     86 rviz2 127976     80 joint_state_pub 79668      58 ros2 76788      92 python3 
768147456 | 309864     87 python3 205700     86 rviz2 127976     80 joint_state_pub 79668      58 ros2 76788      92 python3 
767995904 | 309864     87 python3 205700     86 rviz2 127976     80 joint_state_pub 79668      58 ros2 76788      92 python3 
768024576 | 309864     87 python3 205700     86 rviz2 127976     80 joint_state_pub 79668      58 ros2 76788      92 python3 
768516096 | 309864     87 python3 205700     86 rviz2 127976     80 joint_state_pub 79668      58 ros2 76788      92 python3 
768303104 | 309864     87 python3 205700     86 rviz2 127976     80 joint_state_pub 79668      58 ros2 76788      92 python3 
768233472 | 309864     87 python3 205700     86 rviz2 127976     80 joint_state_pub 79668      58 ros2 76788      92 python3 
768454656 | 309864     87 python3 205700     86 rviz2 127976     80 joint_state_pub 79668      58 ros2 76788      92 python3 
768450560 | 309864     87 python3 205700     86 rviz2 127976     80 joint_state_pub 79668      58 ros2 76788      92 python3 
768000000 | 309864     87 python3 205700     86 rviz2 127976     80 joint_state_pub 79668      58 ros2 76788      92 python3 
768520192 | 309864     87 python3 205700     86 rviz2 127976     80 joint_state_pub 79668      58 ros2 76788      92 python3 
768258048 | 309864     87 python3 205700     86 rviz2 127976     80 joint_state_pub 79668      58 ros2 76788      92 python3 
768532480 | 309864     87 python3 205700     86 rviz2 127976     80 joint_state_pub 79668      58 ros2 76788      92 python3 
768102400 | 309864     87 python3 205700     86 rviz2 127976     80 joint_state_pub 79668      58 ros2 76788      92 python3 
768282624 | 309864     87 python3 205700     86 rviz2 127976     80 joint_state_pub 79668      58 ros2 76788      92 python3 
768098304 | 309864     87 python3 205700     86 rviz2 127976     80 joint_state_pub 79668      58 ros2 76788      92 python3 
768385024 | 309864     87 python3 205700     86 rviz2 127976     80 joint_state_pub 79668      58 ros2 76788      92 python3 
768323584 | 309864     87 python3 205700     86 rviz2 127976     80 joint_state_pub 79668      58 ros2 76788      92 python3 
768294912 | 309864     87 python3 205700     86 rviz2 127976     80 joint_state_pub 79668      58 ros2 76788      92 python3 
767975424 | 309864     87 python3 205700     86 rviz2 127976     80 joint_state_pub 79668      58 ros2 76788      92 python3 
768090112 | 309864     87 python3 205700     86 rviz2 127976     80 joint_state_pub 79668      58 ros2 76788      92 python3 
767983616 | 309864     87 python3 205700     86 rviz2 127976     80 joint_state_pub 79668      58 ros2 76788      92 python3 
768208896 | 309864     87 python3 205700     86 rviz2 127980     80 joint_state_pub 79668      58 ros2 76788      92 python3 
768040960 | 309864     87 python3 205700     86 rviz2 127980     80 joint_state_pub 79668      58 ros2 76788      92 python3 
768122880 | 309864     87 python3 205700     86 rviz2 127980     80 joint_state_pub 79668      58 ros2 76788      92 python3 
768278528 | 309864     87 python3 205700     86 rviz2 127980     80 joint_state_pub 79668      58 ros2 76788      92 python3 
767877120 | 309864     87 python3 205700     86 rviz2 127980     80 joint_state_pub 79668      58 ros2 76788      92 python3 
768544768 | 309864     87 python3 205700     86 rviz2 127980     80 joint_state_pub 79668      58 ros2 76788      92 python3 
768253952 | 309864     87 python3 205700     86 rviz2 127980     80 joint_state_pub 79668      58 ros2 76788      92 python3 
768262144 | 309864     87 python3 205700     86 rviz2 127980     80 joint_state_pub 79668      58 ros2 76788      92 python3 
768282624 | 309864     87 python3 205700     86 rviz2 127980     80 joint_state_pub 79668      58 ros2 76788      92 python3 
768012288 | 309864     87 python3 205700     86 rviz2 127980     80 joint_state_pub 79668      58 ros2 76788      92 python3 
768262144 | 309864     87 python3 205700     86 rviz2 127980     80 joint_state_pub 79668      58 ros2 76788      92 python3 
768114688 | 309864     87 python3 205700     86 rviz2 127980     80 joint_state_pub 79668      58 ros2 76788      92 python3 
768262144 | 309864     87 python3 205700     86 rviz2 127980     80 joint_state_pub 79668      58 ros2 76788      92 python3 
768077824 | 309864     87 python3 205700     86 rviz2 127980     80 joint_state_pub 79668      58 ros2 76788      92 python3 
768258048 | 309864     87 python3 205700     86 rviz2 127980     80 joint_state_pub 79668      58 ros2 76788      92 python3 
768434176 | 309864     87 python3 205700     86 rviz2 127980     80 joint_state_pub 79668      58 ros2 76788      92 python3 
768258048 | 309864     87 python3 205700     86 rviz2 127980     80 joint_state_pub 79668      58 ros2 76788      92 python3 
768000000 | 309864     87 python3 205700     86 rviz2 127980     80 joint_state_pub 79668      58 ros2 76788      92 python3 
768524288 | 309864     87 python3 205700     86 rviz2 127980     80 joint_state_pub 79668      58 ros2 76788      92 python3 
767967232 | 309864     87 python3 205700     86 rviz2 127980     80 joint_state_pub 79668      58 ros2 76788      92 python3 
768274432 | 309864     87 python3 205700     86 rviz2 127980     80 joint_state_pub 79668      58 ros2 76788      92 python3 
768266240 | 309864     87 python3 205700     86 rviz2 127980     80 joint_state_pub 79668      58 ros2 76788      92 python3 
768004096 | 309864     87 python3 205700     86 rviz2 127980     80 joint_state_pub 79668      58 ros2 76788      92 python3 
768266240 | 309864     87 python3 205700     86 rviz2 127980     80 joint_state_pub 79668      58 ros2 76788      92 python3 
768266240 | 309864     87 python3 205700     86 rviz2 127980     80 joint_state_pub 79668      58 ros2 76788      92 python3 
768012288 | 309864     87 python3 205700     86 rviz2 127980     80 joint_state_pub 79668      58 ros2 76788      92 python3 
768278528 | 309864     87 python3 205700     86 rviz2 127980     80 joint_state_pub 79668      58 ros2 76788      92 python3 
768282624 | 309864     87 python3 205700     86 rviz2 127980     80 joint_state_pub 79668      58 ros2 76788      92 python3 
768008192 | 309864     87 python3 205700     86 rviz2 127980     80 joint_state_pub 79668      58 ros2 76788      92 python3 
768008192 | 309864     87 python3 205700     86 rviz2 127980     80 joint_state_pub 79668      58 ros2 76788      92 python3 
768024576 | 309864     87 python3 205700     86 rviz2 127980     80 joint_state_pub 79668      58 ros2 76788      92 python3 
768684032 | 309864     87 python3 205700     86 rviz2 127980     80 joint_state_pub 79668      58 ros2 76788      92 python3 
768270336 | 309864     87 python3 205700     86 rviz2 127980     80 joint_state_pub 79668      58 ros2 76788      92 python3 
768016384 | 309864     87 python3 205700     86 rviz2 127980     80 joint_state_pub 79668      58 ros2 76788      92 python3 
768028672 | 309864     87 python3 205700     86 rviz2 127980     80 joint_state_pub 79668      58 ros2 76788      92 python3 
768008192 | 309864     87 python3 205700     86 rviz2 127980     80 joint_state_pub 79668      58 ros2 76788      92 python3 
768335872 | 309864     87 python3 205700     86 rviz2 127980     80 joint_state_pub 79668      58 ros2 76788      92 python3 
768311296 | 309864     87 python3 205700     86 rviz2 127980     80 joint_state_pub 79668      58 ros2 76788      92 python3 
768172032 | 309864     87 python3 205700     86 rviz2 127980     80 joint_state_pub 79668      58 ros2 76788      92 python3 
768012288 | 309864     87 python3 205700     86 rviz2 127980     80 joint_state_pub 79668      58 ros2 76788      92 python3 
768012288 | 309864     87 python3 205700     86 rviz2 127980     80 joint_state_pub 79668      58 ros2 76788      92 python3 
768098304 | 309864     87 python3 205700     86 rviz2 127980     80 joint_state_pub 79668      58 ros2 76788      92 python3 
768008192 | 309864     87 python3 205700     86 rviz2 127980     80 joint_state_pub 79668      58 ros2 76788      92 python3 
768266240 | 309864     87 python3 205700     86 rviz2 127980     80 joint_state_pub 79668      58 ros2 76788      92 python3 
768262144 | 309864     87 python3 205700     86 rviz2 127980     80 joint_state_pub 79668      58 ros2 76788      92 python3 
768008192 | 309864     87 python3 205700     86 rviz2 127980     80 joint_state_pub 79668      58 ros2 76788      92 python3 
768012288 | 309864     87 python3 205700     86 rviz2 127980     80 joint_state_pub 79668      58 ros2 76788      92 python3 
768008192 | 309864     87 python3 205700     86 rviz2 127980     80 joint_state_pub 79668      58 ros2 76788      92 python3 
768266240 | 309864     87 python3 205700     86 rviz2 127980     80 joint_state_pub 79668      58 ros2 76788      92 python3 
768131072 | 309864     87 python3 205700     86 rviz2 127980     80 joint_state_pub 79668      58 ros2 76788      92 python3 
768274432 | 309864     87 python3 205700     86 rviz2 127980     80 joint_state_pub 79668      58 ros2 76788      92 python3 
768008192 | 309864     87 python3 205700     86 rviz2 127980     80 joint_state_pub 79668      58 ros2 76788      92 python3 
768327680 | 309864     87 python3 205700     86 rviz2 127980     80 joint_state_pub 79668      58 ros2 76788      92 python3 
768536576 | 309864     87 python3 205700     86 rviz2 127980     80 joint_state_pub 79668      58 ros2 76788      92 python3 
768499712 | 309864     87 python3 205700     86 rviz2 127980     80 joint_state_pub 79668      58 ros2 76788      92 python3 
768012288 | 309864     87 python3 205700     86 rviz2 127980     80 joint_state_pub 79668      58 ros2 76788      92 python3 
768565248 | 309864     87 python3 205700     86 rviz2 127980     80 joint_state_pub 79668      58 ros2 76788      92 python3 
768544768 | 309864     87 python3 205700     86 rviz2 127980     80 joint_state_pub 79668      58 ros2 76788      92 python3 
768430080 | 309864     87 python3 205700     86 rviz2 127980     80 joint_state_pub 79668      58 ros2 76788      92 python3 
768503808 | 309864     87 python3 205700     86 rviz2 127980     80 joint_state_pub 79668      58 ros2 76788      92 python3 
768208896 | 309864     87 python3 205700     86 rviz2 127980     80 joint_state_pub 79668      58 ros2 76788      92 python3 
768536576 | 309864     87 python3 205700     86 rviz2 127980     80 joint_state_pub 79668      58 ros2 76788      92 python3 
768270336 | 309864     87 python3 205700     86 rviz2 127980     80 joint_state_pub 79668      58 ros2 76788      92 python3 
768274432 | 309864     87 python3 205700     86 rviz2 127980     80 joint_state_pub 79668      58 ros2 76788      92 python3 
768249856 | 309864     87 python3 205700     86 rviz2 127980     80 joint_state_pub 79668      58 ros2 76788      92 python3 
768274432 | 309864     87 python3 205700     86 rviz2 127980     80 joint_state_pub 79668      58 ros2 76788      92 python3 
768286720 | 309864     87 python3 205700     86 rviz2 127980     80 joint_state_pub 79668      58 ros2 76788      92 python3 
768012288 | 309864     87 python3 205700     86 rviz2 127980     80 joint_state_pub 79668      58 ros2 76788      92 python3 
768274432 | 309864     87 python3 205700     86 rviz2 127980     80 joint_state_pub 79668      58 ros2 76788      92 python3 
768253952 | 309864     87 python3 205700     86 rviz2 127980     80 joint_state_pub 79668      58 ros2 76788      92 python3 
768278528 | 309864     87 python3 205700     86 rviz2 127980     80 joint_state_pub 79668      58 ros2 76788      92 python3 
768331776 | 309864     87 python3 205700     86 rviz2 127980     80 joint_state_pub 79668      58 ros2 76788      92 python3 
768311296 | 309864     87 python3 205700     86 rviz2 127980     80 joint_state_pub 79668      58 ros2 76788      92 python3 
768192512 | 309864     87 python3 205700     86 rviz2 127980     80 joint_state_pub 79668      58 ros2 76788      92 python3 
768135168 | 309864     87 python3 205700     86 rviz2 127980     80 joint_state_pub 79668      58 ros2 76788      92 python3 
768057344 | 309864     87 python3 205700     86 rviz2 127980     80 joint_state_pub 79668      58 ros2 76788      92 python3 
768008192 | 309864     87 python3 205700     86 rviz2 127980     80 joint_state_pub 79668      58 ros2 76788      92 python3 
768274432 | 309864     87 python3 205700     86 rviz2 127980     80 joint_state_pub 79668      58 ros2 76788      92 python3 
768274432 | 309864     87 python3 205700     86 rviz2 127980     80 joint_state_pub 79668      58 ros2 76788      92 python3 
768151552 | 309864     87 python3 205700     86 rviz2 127984     80 joint_state_pub 79668      58 ros2 76788      92 python3 
768069632 | 309864     87 python3 205700     86 rviz2 127984     80 joint_state_pub 79668      58 ros2 76788      92 python3 
768016384 | 309864     87 python3 205700     86 rviz2 127984     80 joint_state_pub 79668      58 ros2 76788      92 python3 
768303104 | 309864     87 python3 205700     86 rviz2 127984     80 joint_state_pub 79668      58 ros2 76788      92 python3 
768172032 | 309864     87 python3 205700     86 rviz2 127984     80 joint_state_pub 79668      58 ros2 76788      92 python3 
768770048 | 309864     87 python3 205700     86 rviz2 127984     80 joint_state_pub 79668      58 ros2 76788      92 python3 
768552960 | 309864     87 python3 205700     86 rviz2 127984     80 joint_state_pub 79668      58 ros2 76788      92 python3 
768020480 | 309864     87 python3 205700     86 rviz2 127984     80 joint_state_pub 79668      58 ros2 76788      92 python3 
768323584 | 309864     87 python3 205700     86 rviz2 127984     80 joint_state_pub 79668      58 ros2 76788      92 python3 
768020480 | 309864     87 python3 205700     86 rviz2 127984     80 joint_state_pub 79668      58 ros2 76788      92 python3 
768294912 | 309864     87 python3 205700     86 rviz2 127984     80 joint_state_pub 79668      58 ros2 76788      92 python3 
768258048 | 309864     87 python3 205700     86 rviz2 127984     80 joint_state_pub 79668      58 ros2 76788      92 python3 
768299008 | 309864     87 python3 205700     86 rviz2 127984     80 joint_state_pub 79668      58 ros2 76788      92 python3 
768020480 | 309864     87 python3 205700     86 rviz2 127984     80 joint_state_pub 79668      58 ros2 76788      92 python3 
768024576 | 309864     87 python3 205700     86 rviz2 127984     80 joint_state_pub 79668      58 ros2 76788      92 python3 
768307200 | 309864     87 python3 205700     86 rviz2 127984     80 joint_state_pub 79668      58 ros2 76788      92 python3 
768249856 | 309864     87 python3 205700     86 rviz2 127984     80 joint_state_pub 79668      58 ros2 76788      92 python3 
768020480 | 309864     87 python3 205700     86 rviz2 127984     80 joint_state_pub 79668      58 ros2 76788      92 python3 
768294912 | 309864     87 python3 205700     86 rviz2 127984     80 joint_state_pub 79668      58 ros2 76788      92 python3 
768286720 | 309864     87 python3 205700     86 rviz2 127984     80 joint_state_pub 79668      58 ros2 76788      92 python3 
768565248 | 309864     87 python3 205700     86 rviz2 127984     80 joint_state_pub 79668      58 ros2 76788      92 python3 
768106496 | 309864     87 python3 205700     86 rviz2 127984     80 joint_state_pub 79668      58 ros2 76788      92 python3 
768024576 | 309864     87 python3 205700     86 rviz2 127984     80 joint_state_pub 79668      58 ros2 76788      92 python3 
768020480 | 309864     87 python3 205700     86 rviz2 127984     80 joint_state_pub 79668      58 ros2 76788      92 python3 
768307200 | 309864     87 python3 205700     86 rviz2 127984     80 joint_state_pub 79668      58 ros2 76788      92 python3 
768024576 | 309864     87 python3 205700     86 rviz2 127984     80 joint_state_pub 79668      58 ros2 76788      92 python3 
768020480 | 309864     87 python3 205700     86 rviz2 127984     80 joint_state_pub 79668      58 ros2 76788      92 python3 
768049152 | 309864     87 python3 205700     86 rviz2 127984     80 joint_state_pub 79668      58 ros2 76788      92 python3 
767991808 | 309864     87 python3 205700     86 rviz2 127984     80 joint_state_pub 79668      58 ros2 76788      92 python3 
768245760 | 309864     87 python3 205700     86 rviz2 127984     80 joint_state_pub 79668      58 ros2 76788      92 python3 
768303104 | 309864     87 python3 205700     86 rviz2 127984     80 joint_state_pub 79668      58 ros2 76788      92 python3 
768114688 | 309864     87 python3 205700     86 rviz2 127984     80 joint_state_pub 79668      58 ros2 76788      92 python3 
768122880 | 309864     87 python3 205700     86 rviz2 127984     80 joint_state_pub 79668      58 ros2 76788      92 python3 
768139264 | 309864     87 python3 205700     86 rviz2 127984     80 joint_state_pub 79668      58 ros2 76788      92 python3 
768282624 | 309864     87 python3 205700     86 rviz2 127984     80 joint_state_pub 79668      58 ros2 76788      92 python3 
768282624 | 309864     87 python3 205700     86 rviz2 127984     80 joint_state_pub 79668      58 ros2 76788      92 python3 
768364544 | 309864     87 python3 205700     86 rviz2 127984     80 joint_state_pub 79668      58 ros2 76788      92 python3 
768315392 | 309864     87 python3 205700     86 rviz2 127984     80 joint_state_pub 79668      58 ros2 76788      92 python3 
768307200 | 309864     87 python3 205700     86 rviz2 127984     80 joint_state_pub 79668      58 ros2 76788      92 python3 
768024576 | 309864     87 python3 205700     86 rviz2 127984     80 joint_state_pub 79668      58 ros2 76788      92 python3 
767991808 | 309864     87 python3 205700     86 rviz2 127984     80 joint_state_pub 79668      58 ros2 76788      92 python3 
768299008 | 309864     87 python3 205700     86 rviz2 127984     80 joint_state_pub 79668      58 ros2 76788      92 python3 
768286720 | 309864     87 python3 205700     86 rviz2 127984     80 joint_state_pub 79668      58 ros2 76788      92 python3 
768163840 | 309864     87 python3 205700     86 rviz2 127984     80 joint_state_pub 79668      58 ros2 76788      92 python3 
768557056 | 309864     87 python3 205700     86 rviz2 127984     80 joint_state_pub 79668      58 ros2 76788      92 python3 
768286720 | 309864     87 python3 205700     86 rviz2 127984     80 joint_state_pub 79668      58 ros2 76788      92 python3 
768032768 | 309864     87 python3 205700     86 rviz2 127984     80 joint_state_pub 79668      58 ros2 76788      92 python3 
768286720 | 309864     87 python3 205700     86 rviz2 127984     80 joint_state_pub 79668      58 ros2 76788      92 python3 
768450560 | 309864     87 python3 205700     86 rviz2 127984     80 joint_state_pub 79668      58 ros2 76788      92 python3 
768286720 | 309864     87 python3 205700     86 rviz2 127984     80 joint_state_pub 79668      58 ros2 76788      92 python3 
768172032 | 309864     87 python3 205700     86 rviz2 127984     80 joint_state_pub 79668      58 ros2 76788      92 python3 
768528384 | 309864     87 python3 205700     86 rviz2 127984     80 joint_state_pub 79668      58 ros2 76788      92 python3 
768102400 | 309864     87 python3 205700     86 rviz2 127984     80 joint_state_pub 79668      58 ros2 76788      92 python3 
768253952 | 309864     87 python3 205700     86 rviz2 127984     80 joint_state_pub 79668      58 ros2 76788      92 python3 
768024576 | 309864     87 python3 205700     86 rviz2 127984     80 joint_state_pub 79668      58 ros2 76788      92 python3 
768163840 | 309864     87 python3 205700     86 rviz2 127984     80 joint_state_pub 79668      58 ros2 76788      92 python3 
768077824 | 309864     87 python3 205700     86 rviz2 127984     80 joint_state_pub 79668      58 ros2 76788      92 python3 
768524288 | 309864     87 python3 205700     86 rviz2 127984     80 joint_state_pub 79668      58 ros2 76788      92 python3 
768299008 | 309864     87 python3 205700     86 rviz2 127984     80 joint_state_pub 79668      58 ros2 76788      92 python3 
768385024 | 309864     87 python3 205700     86 rviz2 127984     80 joint_state_pub 79668      58 ros2 76788      92 python3 
767901696 | 309864     87 python3 205700     86 rviz2 127984     80 joint_state_pub 79668      58 ros2 76788      92 python3 
768282624 | 309864     87 python3 205700     86 rviz2 127984     80 joint_state_pub 79668      58 ros2 76788      92 python3 
768028672 | 309864     87 python3 205700     86 rviz2 127984     80 joint_state_pub 79668      58 ros2 76788      92 python3 
768258048 | 309864     87 python3 205700     86 rviz2 127984     80 joint_state_pub 79668      58 ros2 76788      92 python3 
768843776 | 309864     87 python3 205700     86 rviz2 127984     80 joint_state_pub 79668      58 ros2 76788      92 python3 
768024576 | 309864     87 python3 205700     86 rviz2 127984     80 joint_state_pub 79668      58 ros2 76788      92 python3 
768417792 | 309864     87 python3 205700     86 rviz2 127984     80 joint_state_pub 79668      58 ros2 76788      92 python3 
768040960 | 309864     87 python3 205700     86 rviz2 127984     80 joint_state_pub 79668      58 ros2 76788      92 python3 
768548864 | 309864     87 python3 205700     86 rviz2 127984     80 joint_state_pub 79668      58 ros2 76788      92 python3 
768299008 | 309864     87 python3 205700     86 rviz2 127984     80 joint_state_pub 79668      58 ros2 76788      92 python3 
768282624 | 309864     87 python3 205700     86 rviz2 127984     80 joint_state_pub 79668      58 ros2 76788      92 python3 
768102400 | 309864     87 python3 205700     86 rviz2 127984     80 joint_state_pub 79668      58 ros2 76788      92 python3 
768299008 | 309864     87 python3 205700     86 rviz2 127984     80 joint_state_pub 79668      58 ros2 76788      92 python3 
768290816 | 309864     87 python3 205700     86 rviz2 127984     80 joint_state_pub 79668      58 ros2 76788      92 python3 
768290816 | 309864     87 python3 205700     86 rviz2 127984     80 joint_state_pub 79668      58 ros2 76788      92 python3 
768450560 | 309864     87 python3 205700     86 rviz2 127984     80 joint_state_pub 79668      58 ros2 76788      92 python3 
768290816 | 309864     87 python3 205700     86 rviz2 127984     80 joint_state_pub 79668      58 ros2 76788      92 python3 
768368640 | 309864     87 python3 205700     86 rviz2 127984     80 joint_state_pub 79668      58 ros2 76788      92 python3 
768032768 | 309864     87 python3 205700     86 rviz2 127988     80 joint_state_pub 79668      58 ros2 76788      92 python3 
767963136 | 309864     87 python3 205700     86 rviz2 127988     80 joint_state_pub 79668      58 ros2 76788      92 python3 
768000000 | 309864     87 python3 205700     86 rviz2 127988     80 joint_state_pub 79668      58 ros2 76788      92 python3 
768167936 | 309864     87 python3 205700     86 rviz2 127988     80 joint_state_pub 79668      58 ros2 76788      92 python3 
768299008 | 309864     87 python3 205700     86 rviz2 127988     80 joint_state_pub 79668      58 ros2 76788      92 python3 
768106496 | 309864     87 python3 205700     86 rviz2 127988     80 joint_state_pub 79668      58 ros2 76788      92 python3 
768106496 | 309864     87 python3 205700     86 rviz2 127988     80 joint_state_pub 79668      58 ros2 76788      92 python3 
768479232 | 309864     87 python3 205700     86 rviz2 127988     80 joint_state_pub 79668      58 ros2 76788      92 python3 
768139264 | 309864     87 python3 205700     86 rviz2 127988     80 joint_state_pub 79668      58 ros2 76788      92 python3 
768847872 | 309864     87 python3 205700     86 rviz2 127988     80 joint_state_pub 79668      58 ros2 76788      92 python3 
768860160 | 309864     87 python3 205700     86 rviz2 127988     80 joint_state_pub 79668      58 ros2 76788      92 python3 
768155648 | 309864     87 python3 205700     86 rviz2 127988     80 joint_state_pub 79668      58 ros2 76788      92 python3 
768118784 | 309864     87 python3 205700     86 rviz2 127988     80 joint_state_pub 79668      58 ros2 76788      92 python3 
768139264 | 309864     87 python3 205700     86 rviz2 127988     80 joint_state_pub 79668      58 ros2 76788      92 python3 
768335872 | 309864     87 python3 205700     86 rviz2 127988     80 joint_state_pub 79668      58 ros2 76788      92 python3 
768208896 | 309864     87 python3 205700     86 rviz2 127988     80 joint_state_pub 79668      58 ros2 76788      92 python3 
768188416 | 309864     87 python3 205700     86 rviz2 127988     80 joint_state_pub 79668      58 ros2 76788      92 python3 
768245760 | 309864     87 python3 205700     86 rviz2 127988     80 joint_state_pub 79668      58 ros2 76788      92 python3 
768032768 | 309864     87 python3 205700     86 rviz2 127988     80 joint_state_pub 79668      58 ros2 76788      92 python3 
768368640 | 309864     87 python3 205700     86 rviz2 127988     80 joint_state_pub 79668      58 ros2 76788      92 python3 
768032768 | 309864     87 python3 205700     86 rviz2 127988     80 joint_state_pub 79668      58 ros2 76788      92 python3 
768880640 | 309864     87 python3 205700     86 rviz2 127988     80 joint_state_pub 79668      58 ros2 76788      92 python3 
768294912 | 309864     87 python3 205700     86 rviz2 127988     80 joint_state_pub 79668      58 ros2 76788      92 python3 
768733184 | 309864     87 python3 205700     86 rviz2 127988     80 joint_state_pub 79668      58 ros2 76788      92 python3 
768294912 | 309864     87 python3 205700     86 rviz2 127988     80 joint_state_pub 79668      58 ros2 76788      92 python3 
768167936 | 309864     87 python3 205700     86 rviz2 127988     80 joint_state_pub 79668      58 ros2 76788      92 python3 
768339968 | 309864     87 python3 205700     86 rviz2 127988     80 joint_state_pub 79668      58 ros2 76788      92 python3 
768155648 | 309864     87 python3 205700     86 rviz2 127988     80 joint_state_pub 79668      58 ros2 76788      92 python3 
768454656 | 309864     87 python3 205700     86 rviz2 127988     80 joint_state_pub 79668      58 ros2 76788      92 python3 
768479232 | 309864     87 python3 205700     86 rviz2 127988     80 joint_state_pub 79668      58 ros2 76788      92 python3 
768548864 | 309864     87 python3 205700     86 rviz2 127988     80 joint_state_pub 79668      58 ros2 76788      92 python3 
768000000 | 309864     87 python3 205700     86 rviz2 127988     80 joint_state_pub 79668      58 ros2 76788      92 python3 
768294912 | 309864     87 python3 205700     86 rviz2 127988     80 joint_state_pub 79668      58 ros2 76788      92 python3 
768036864 | 309864     87 python3 205700     86 rviz2 127988     80 joint_state_pub 79668      58 ros2 76788      92 python3 
768258048 | 309864     87 python3 205700     86 rviz2 127988     80 joint_state_pub 79668      58 ros2 76788      92 python3 
768397312 | 309864     87 python3 205700     86 rviz2 127988     80 joint_state_pub 79668      58 ros2 76788      92 python3 
768233472 | 309864     87 python3 205700     86 rviz2 127988     80 joint_state_pub 79668      58 ros2 76788      92 python3 
768094208 | 309864     87 python3 205700     86 rviz2 127988     80 joint_state_pub 79668      58 ros2 76788      92 python3 
768032768 | 309864     87 python3 205700     86 rviz2 127988     80 joint_state_pub 79668      58 ros2 76788      92 python3 
768049152 | 309864     87 python3 205700     86 rviz2 127988     80 joint_state_pub 79668      58 ros2 76788      92 python3 
768036864 | 309864     87 python3 205700     86 rviz2 127988     80 joint_state_pub 79668      58 ros2 76788      92 python3 
768299008 | 309864     87 python3 205700     86 rviz2 127988     80 joint_state_pub 79668      58 ros2 76788      92 python3 
768561152 | 309864     87 python3 205700     86 rviz2 127988     80 joint_state_pub 79668      58 ros2 76788      92 python3 
768409600 | 309864     87 python3 205700     86 rviz2 127988     80 joint_state_pub 79668      58 ros2 76788      92 python3 
768040960 | 309864     87 python3 205700     86 rviz2 127988     80 joint_state_pub 79668      58 ros2 76788      92 python3 
768655360 | 309864     87 python3 205700     86 rviz2 127988     80 joint_state_pub 79668      58 ros2 76788      92 python3 
768466944 | 309864     87 python3 205700     86 rviz2 127988     80 joint_state_pub 79668      58 ros2 76788      92 python3 
768036864 | 309864     87 python3 205700     86 rviz2 127988     80 joint_state_pub 79668      58 ros2 76788      92 python3 
768487424 | 309864     87 python3 205700     86 rviz2 127988     80 joint_state_pub 79668      58 ros2 76788      92 python3 
768454656 | 309864     87 python3 205700     86 rviz2 127988     80 joint_state_pub 79668      58 ros2 76788      92 python3 
768311296 | 309864     87 python3 205700     86 rviz2 127988     80 joint_state_pub 79668      58 ros2 76788      92 python3 
768311296 | 309864     87 python3 205700     86 rviz2 127988     80 joint_state_pub 79668      58 ros2 76788      92 python3 
768278528 | 309864     87 python3 205700     86 rviz2 127988     80 joint_state_pub 79668      58 ros2 76788      92 python3 
768831488 | 309864     87 python3 205700     86 rviz2 127988     80 joint_state_pub 79668      58 ros2 76788      92 python3 
768294912 | 309864     87 python3 205700     86 rviz2 127988     80 joint_state_pub 79668      58 ros2 76788      92 python3 
768036864 | 309864     87 python3 205700     86 rviz2 127988     80 joint_state_pub 79668      58 ros2 76788      92 python3 
768331776 | 309864     87 python3 205700     86 rviz2 127988     80 joint_state_pub 79668      58 ros2 76788      92 python3 
767918080 | 309864     87 python3 205700     86 rviz2 127988     80 joint_state_pub 79668      58 ros2 76788      92 python3 
768143360 | 309864     87 python3 205700     86 rviz2 127988     80 joint_state_pub 79668      58 ros2 76788      92 python3 
768045056 | 309864     87 python3 205700     86 rviz2 127988     80 joint_state_pub 79668      58 ros2 76788      92 python3 
768032768 | 309864     87 python3 205700     86 rviz2 127988     80 joint_state_pub 79668      58 ros2 76788      92 python3 
768565248 | 309864     87 python3 205700     86 rviz2 127988     80 joint_state_pub 79668      58 ros2 76788      92 python3 
768139264 | 309864     87 python3 205700     86 rviz2 127988     80 joint_state_pub 79668      58 ros2 76788      92 python3 
768040960 | 309864     87 python3 205700     86 rviz2 127988     80 joint_state_pub 79668      58 ros2 76788      92 python3 
768303104 | 309864     87 python3 205700     86 rviz2 127988     80 joint_state_pub 79668      58 ros2 76788      92 python3 
768372736 | 309864     87 python3 205700     86 rviz2 127988     80 joint_state_pub 79668      58 ros2 76788      92 python3 
768368640 | 309864     87 python3 205700     86 rviz2 127988     80 joint_state_pub 79668      58 ros2 76788      92 python3 
768303104 | 309864     87 python3 205700     86 rviz2 127988     80 joint_state_pub 79668      58 ros2 76788      92 python3 
768299008 | 309864     87 python3 205700     86 rviz2 127988     80 joint_state_pub 79668      58 ros2 76788      92 python3 
768307200 | 309864     87 python3 205700     86 rviz2 127988     80 joint_state_pub 79668      58 ros2 76788      92 python3 
768352256 | 309864     87 python3 205700     86 rviz2 127988     80 joint_state_pub 79668      58 ros2 76788      92 python3 
768364544 | 309864     87 python3 205700     86 rviz2 127988     80 joint_state_pub 79668      58 ros2 76788      92 python3 
767918080 | 309864     87 python3 205700     86 rviz2 127988     80 joint_state_pub 79668      58 ros2 76788      92 python3 
768401408 | 309864     87 python3 205700     86 rviz2 127988     80 joint_state_pub 79668      58 ros2 76788      92 python3 
768188416 | 309864     87 python3 205700     86 rviz2 127988     80 joint_state_pub 79668      58 ros2 76788      92 python3 
768040960 | 309864     87 python3 205700     86 rviz2 127988     80 joint_state_pub 79668      58 ros2 76788      92 python3 
768454656 | 309864     87 python3 205700     86 rviz2 127988     80 joint_state_pub 79668      58 ros2 76788      92 python3 
768385024 | 309864     87 python3 205700     86 rviz2 127988     80 joint_state_pub 79668      58 ros2 76788      92 python3 
768036864 | 309864     87 python3 205700     86 rviz2 127992     80 joint_state_pub 79668      58 ros2 76788      92 python3 
768307200 | 309864     87 python3 205700     86 rviz2 127992     80 joint_state_pub 79668      58 ros2 76788      92 python3 
768180224 | 309864     87 python3 205700     86 rviz2 127992     80 joint_state_pub 79668      58 ros2 76788      92 python3 
767983616 | 309864     87 python3 205700     86 rviz2 127992     80 joint_state_pub 79668      58 ros2 76788      92 python3 
768798720 | 309864     87 python3 205700     86 rviz2 127992     80 joint_state_pub 79668      58 ros2 76788      92 python3 
768184320 | 309864     87 python3 205700     86 rviz2 127992     80 joint_state_pub 79668      58 ros2 76788      92 python3 
768045056 | 309864     87 python3 205700     86 rviz2 127992     80 joint_state_pub 79668      58 ros2 76788      92 python3 
768344064 | 309864     87 python3 205700     86 rviz2 127992     80 joint_state_pub 79668      58 ros2 76788      92 python3 
768307200 | 309864     87 python3 205700     86 rviz2 127992     80 joint_state_pub 79668      58 ros2 76788      92 python3 
768307200 | 309864     87 python3 205700     86 rviz2 127992     80 joint_state_pub 79668      58 ros2 76788      92 python3 
768073728 | 309864     87 python3 205700     86 rviz2 127992     80 joint_state_pub 79668      58 ros2 76788      92 python3 
768372736 | 309864     87 python3 205700     86 rviz2 127992     80 joint_state_pub 79668      58 ros2 76788      92 python3 
768483328 | 309864     87 python3 205700     86 rviz2 127992     80 joint_state_pub 79668      58 ros2 76788      92 python3 
768430080 | 309864     87 python3 205700     86 rviz2 127992     80 joint_state_pub 79668      58 ros2 76788      92 python3 
768049152 | 309864     87 python3 205700     86 rviz2 127992     80 joint_state_pub 79668      58 ros2 76788      92 python3 
768045056 | 309864     87 python3 205700     86 rviz2 127992     80 joint_state_pub 79668      58 ros2 76788      92 python3 
768339968 | 309864     87 python3 205700     86 rviz2 127992     80 joint_state_pub 79668      58 ros2 76788      92 python3 
768331776 | 309864     87 python3 205700     86 rviz2 127992     80 joint_state_pub 79668      58 ros2 76788      92 python3 
768118784 | 309864     87 python3 205700     86 rviz2 127992     80 joint_state_pub 79668      58 ros2 76788      92 python3 
768258048 | 309864     87 python3 205700     86 rviz2 127992     80 joint_state_pub 79668      58 ros2 76788      92 python3 
768053248 | 309864     87 python3 205700     86 rviz2 127992     80 joint_state_pub 79668      58 ros2 76788      92 python3 
768585728 | 309864     87 python3 205700     86 rviz2 127992     80 joint_state_pub 79668      58 ros2 76788      92 python3 
768311296 | 309864     87 python3 205700     86 rviz2 127992     80 joint_state_pub 79668      58 ros2 76788      92 python3 
768045056 | 309864     87 python3 205700     86 rviz2 127992     80 joint_state_pub 79668      58 ros2 76788      92 python3 
768274432 | 309864     87 python3 205700     86 rviz2 127992     80 joint_state_pub 79668      58 ros2 76788      92 python3 
768016384 | 309864     87 python3 205700     86 rviz2 127992     80 joint_state_pub 79668      58 ros2 76788      92 python3 
768577536 | 309864     87 python3 205700     86 rviz2 127992     80 joint_state_pub 79668      58 ros2 76788      92 python3 
768094208 | 309864     87 python3 205700     86 rviz2 127992     80 joint_state_pub 79668      58 ros2 76788      92 python3 
768409600 | 309864     87 python3 205700     86 rviz2 127992     80 joint_state_pub 79668      58 ros2 76788      92 python3 
768184320 | 309864     87 python3 205700     86 rviz2 127992     80 joint_state_pub 79668      58 ros2 76788      92 python3 
768335872 | 309864     87 python3 205700     86 rviz2 127992     80 joint_state_pub 79668      58 ros2 76788      92 python3 
768380928 | 309864     87 python3 205700     86 rviz2 127992     80 joint_state_pub 79668      58 ros2 76788      92 python3 
768077824 | 309864     87 python3 205700     86 rviz2 127992     80 joint_state_pub 79668      58 ros2 76788      92 python3 
768053248 | 309864     87 python3 205700     86 rviz2 127992     80 joint_state_pub 79668      58 ros2 76788      92 python3 
768376832 | 309864     87 python3 205700     86 rviz2 127992     80 joint_state_pub 79668      58 ros2 76788      92 python3 
768307200 | 309864     87 python3 205700     86 rviz2 127992     80 joint_state_pub 79668      58 ros2 76788      92 python3 
768577536 | 309864     87 python3 205700     86 rviz2 127992     80 joint_state_pub 79668      58 ros2 76788      92 python3 
768581632 | 309864     87 python3 205700     86 rviz2 127992     80 joint_state_pub 79668      58 ros2 76788      92 python3 
768507904 | 309864     87 python3 205700     86 rviz2 127992     80 joint_state_pub 79668      58 ros2 76788      92 python3 
768573440 | 309864     87 python3 205700     86 rviz2 127992     80 joint_state_pub 79668      58 ros2 76788      92 python3 
768061440 | 309864     87 python3 205700     86 rviz2 127992     80 joint_state_pub 79668      58 ros2 76788      92 python3 
768278528 | 309864     87 python3 205700     86 rviz2 127992     80 joint_state_pub 79668      58 ros2 76788      92 python3 
767950848 | 309864     87 python3 205700     86 rviz2 127992     80 joint_state_pub 79668      58 ros2 76788      92 python3 
768278528 | 309864     87 python3 205700     86 rviz2 127992     80 joint_state_pub 79668      58 ros2 76788      92 python3 
768319488 | 309864     87 python3 205700     86 rviz2 127992     80 joint_state_pub 79668      58 ros2 76788      92 python3 
768307200 | 309864     87 python3 205700     86 rviz2 127992     80 joint_state_pub 79668      58 ros2 76788      92 python3 
768057344 | 309864     87 python3 205700     86 rviz2 127992     80 joint_state_pub 79668      58 ros2 76788      92 python3 
768057344 | 309864     87 python3 205700     86 rviz2 127992     80 joint_state_pub 79668      58 ros2 76788      92 python3 
768651264 | 309864     87 python3 205700     86 rviz2 127992     80 joint_state_pub 79668      58 ros2 76788      92 python3 
768335872 | 309864     87 python3 205700     86 rviz2 127992     80 joint_state_pub 79668      58 ros2 76788      92 python3 
768212992 | 309864     87 python3 205700     86 rviz2 127992     80 joint_state_pub 79668      58 ros2 76788      92 python3 
768446464 | 309864     87 python3 205700     86 rviz2 127992     80 joint_state_pub 79668      58 ros2 76788      92 python3 
768471040 | 309864     87 python3 205700     86 rviz2 127992     80 joint_state_pub 79668      58 ros2 76788      92 python3 
768430080 | 309864     87 python3 205700     86 rviz2 127992     80 joint_state_pub 79668      58 ros2 76788      92 python3 
768540672 | 309864     87 python3 205700     86 rviz2 127992     80 joint_state_pub 79668      58 ros2 76788      92 python3 
768458752 | 309864     87 python3 205700     86 rviz2 127992     80 joint_state_pub 79668      58 ros2 76788      92 python3 
768290816 | 309864     87 python3 205700     86 rviz2 127992     80 joint_state_pub 79668      58 ros2 76788      92 python3 
768311296 | 309864     87 python3 205700     86 rviz2 127992     80 joint_state_pub 79668      58 ros2 76788      92 python3 
767995904 | 309864     87 python3 205700     86 rviz2 127992     80 joint_state_pub 79668      58 ros2 76788      92 python3 
768372736 | 309864     87 python3 205700     86 rviz2 127992     80 joint_state_pub 79668      58 ros2 76788      92 python3 
768372736 | 309864     87 python3 205700     86 rviz2 127992     80 joint_state_pub 79668      58 ros2 76788      92 python3 
768208896 | 309864     87 python3 205700     86 rviz2 127992     80 joint_state_pub 79668      58 ros2 76788      92 python3 
768053248 | 309864     87 python3 205700     86 rviz2 127992     80 joint_state_pub 79668      58 ros2 76788      92 python3 
768335872 | 309864     87 python3 205700     86 rviz2 127992     80 joint_state_pub 79668      58 ros2 76788      92 python3 
767909888 | 309864     87 python3 205700     86 rviz2 127992     80 joint_state_pub 79668      58 ros2 76788      92 python3 
767963136 | 309864     87 python3 205700     86 rviz2 127992     80 joint_state_pub 79668      58 ros2 76788      92 python3 
768290816 | 309864     87 python3 205700     86 rviz2 127992     80 joint_state_pub 79668      58 ros2 76788      92 python3 
768073728 | 309864     87 python3 205700     86 rviz2 127992     80 joint_state_pub 79668      58 ros2 76788      92 python3 
768159744 | 309864     87 python3 205700     86 rviz2 127992     80 joint_state_pub 79668      58 ros2 76788      92 python3 
768053248 | 309864     87 python3 205700     86 rviz2 127992     80 joint_state_pub 79668      58 ros2 76788      92 python3 
768319488 | 309864     87 python3 205700     86 rviz2 127992     80 joint_state_pub 79668      58 ros2 76788      92 python3 
768180224 | 309864     87 python3 205700     86 rviz2 127992     80 joint_state_pub 79668      58 ros2 76788      92 python3 
768061440 | 309864     87 python3 205700     86 rviz2 127992     80 joint_state_pub 79668      58 ros2 76788      92 python3 
768049152 | 309864     87 python3 205700     86 rviz2 127992     80 joint_state_pub 79668      58 ros2 76788      92 python3 
768684032 | 309864     87 python3 205700     86 rviz2 127992     80 joint_state_pub 79668      58 ros2 76788      92 python3 
768348160 | 309864     87 python3 205700     86 rviz2 127992     80 joint_state_pub 79668      58 ros2 76788      92 python3 
768868352 | 309864     87 python3 205700     86 rviz2 127992     80 joint_state_pub 79668      58 ros2 76788      92 python3 
768311296 | 309864     87 python3 205700     86 rviz2 127992     80 joint_state_pub 79668      58 ros2 76788      92 python3 
768053248 | 309864     87 python3 205700     86 rviz2 127992     80 joint_state_pub 79668      58 ros2 76788      92 python3 
768454656 | 309864     87 python3 205700     86 rviz2 127992     80 joint_state_pub 79668      58 ros2 76788      92 python3 
768319488 | 309864     87 python3 205700     86 rviz2 127992     80 joint_state_pub 79668      58 ros2 76788      92 python3 
768311296 | 309864     87 python3 205700     86 rviz2 127992     80 joint_state_pub 79668      58 ros2 76788      92 python3 
768208896 | 309864     87 python3 205700     86 rviz2 127992     80 joint_state_pub 79668      58 ros2 76788      92 python3 
768184320 | 309864     87 python3 205700     86 rviz2 127992     80 joint_state_pub 79668      58 ros2 76788      92 python3 
768319488 | 309864     87 python3 205700     86 rviz2 127992     80 joint_state_pub 79668      58 ros2 76788      92 python3 
767991808 | 309864     87 python3 205700     86 rviz2 127992     80 joint_state_pub 79668      58 ros2 76788      92 python3 
768348160 | 309864     87 python3 205700     86 rviz2 127992     80 joint_state_pub 79668      58 ros2 76788      92 python3 
768659456 | 309864     87 python3 205700     86 rviz2 127992     80 joint_state_pub 79668      58 ros2 76788      92 python3 
768434176 | 309864     87 python3 205700     86 rviz2 127992     80 joint_state_pub 79668      58 ros2 76788      92 python3 
768581632 | 309864     87 python3 205700     86 rviz2 127992     80 joint_state_pub 79668      58 ros2 76788      92 python3 
768843776 | 309864     87 python3 205700     86 rviz2 127992     80 joint_state_pub 79668      58 ros2 76788      92 python3 
768323584 | 309864     87 python3 205700     86 rviz2 127992     80 joint_state_pub 79668      58 ros2 76788      92 python3 
768315392 | 309864     87 python3 205700     86 rviz2 127992     80 joint_state_pub 79668      58 ros2 76788      92 python3 
768348160 | 309864     87 python3 205700     86 rviz2 127992     80 joint_state_pub 79668      58 ros2 76788      92 python3 
768544768 | 309864     87 python3 205700     86 rviz2 127992     80 joint_state_pub 79668      58 ros2 76788      92 python3 
768516096 | 309864     87 python3 205700     86 rviz2 127992     80 joint_state_pub 79668      58 ros2 76788      92 python3 
768020480 | 309864     87 python3 205700     86 rviz2 127992     80 joint_state_pub 79668      58 ros2 76788      92 python3 
768135168 | 309864     87 python3 205700     86 rviz2 127992     80 joint_state_pub 79668      58 ros2 76788      92 python3 
