=== converge 6g ===
827764736 | 452676     87 python3 265088     86 rviz2 130652     89 snp_motion_plan 89644      88 noether_ros_too 
827817984 | 452676     87 python3 265088     86 rviz2 130652     89 snp_motion_plan 89644      88 noether_ros_too 
827498496 | 452676     87 python3 264988     86 rviz2 130652     89 snp_motion_plan 89540      88 noether_ros_too 
827645952 | 452676     87 python3 264992     86 rviz2 130652     89 snp_motion_plan 89540      88 noether_ros_too 
827858944 | 452676     87 python3 264992     86 rviz2 130652     89 snp_motion_plan 89540      88 noether_ros_too 
827863040 | 452612     87 python3 264996     86 rviz2 130652     89 snp_motion_plan 89540      88 noether_ros_too 
828395520 | 452612     87 python3 265000     86 rviz2 130652     89 snp_motion_plan 89540      88 noether_ros_too 
828723200 | 452612     87 python3 265000     86 rviz2 130652     89 snp_motion_plan 89540      88 noether_ros_too 
828776448 | 452612     87 python3 265172     86 rviz2 130652     89 snp_motion_plan 89540      88 noether_ros_too 
828301312 | 452508     87 python3 265176     86 rviz2 130652     89 snp_motion_plan 89540      88 noether_ros_too 
834539520 | 452508     87 python3 265176     86 rviz2 130652     89 snp_motion_plan 89540      88 noether_ros_too 
832917504 | 452508     87 python3 265116     86 rviz2 130652     89 snp_motion_plan 89540      88 noether_ros_too 
836288512 | 452508     87 python3 265296     86 rviz2 130588     89 snp_motion_plan 89476      88 noether_ros_too 
836198400 | 452508     87 python3 265296     86 rviz2 130588     89 snp_motion_plan 89476      88 noether_ros_too 
837734400 | 452508     87 python3 265300     86 rviz2 130588     89 snp_motion_plan 89476      88 noether_ros_too 
853483520 | 452568     87 python3 265356     86 rviz2 130644     89 snp_motion_plan 89528      88 noether_ros_too 
868847616 | 452688     87 python3 265476     86 rviz2 130760     89 snp_motion_plan 89644      88 noether_ros_too 
873037824 | 452688     87 python3 265480     86 rviz2 130764     89 snp_motion_plan 105892     88 noether_ros_too 
874651648 | 452688     87 python3 265488     86 rviz2 131636     89 snp_motion_plan 105900     88 noether_ros_too 
924057600 | 452688     87 python3 265488     86 rviz2 183332     89 snp_motion_plan 105900     88 noether_ros_too 
1284079616 | 539744     89 snp_motion_plan 452688     87 python3 265492     86 rviz2 105900     88 noether_ros_too 
1626910720 | 872056     89 snp_motion_plan 452688     87 python3 265496     86 rviz2 105900     88 noether_ros_too 
1688489984 | 922260     89 snp_motion_plan 452688     87 python3 265504     86 rviz2 105900     88 noether_ros_too 
1971499008 | 1206676    89 snp_motion_plan 452688     87 python3 265504     86 rviz2 105900     88 noether_ros_too 
2227630080 | 1452700    89 snp_motion_plan 452688     87 python3 265504     86 rviz2 105900     88 noether_ros_too 
2447757312 | 1662160    89 snp_motion_plan 452688     87 python3 265504     86 rviz2 105900     88 noether_ros_too 
2452533248 | 1666428    89 snp_motion_plan 452688     87 python3 265504     86 rviz2 105900     88 noether_ros_too 
2455973888 | 1675404    89 snp_motion_plan 452688     87 python3 265504     86 rviz2 105900     88 noether_ros_too 
2724270080 | 1939036    89 snp_motion_plan 452688     87 python3 265504     86 rviz2 105900     88 noether_ros_too 
3088695296 | 2293200    89 snp_motion_plan 452688     87 python3 265504     86 rviz2 105900     88 noether_ros_too 
3405459456 | 2602356    89 snp_motion_plan 452688     87 python3 265504     86 rviz2 105900     88 noether_ros_too 
3732250624 | 2921856    89 snp_motion_plan 452688     87 python3 265504     86 rviz2 105900     88 noether_ros_too 
4054384640 | 3243188    89 snp_motion_plan 392640     87 python3 198392     86 rviz2 88508      88 noether_ros_too 
4400070656 | 3571444    89 snp_motion_plan 392640     87 python3 198392     86 rviz2 88508      88 noether_ros_too 
4717166592 | 3889480    89 snp_motion_plan 392640     87 python3 198392     86 rviz2 88508      88 noether_ros_too 
5060866048 | 4228936    89 snp_motion_plan 391116     87 python3 196296     86 rviz2 83136      88 noether_ros_too 
5154906112 | 4301176    89 snp_motion_plan 345536     87 python3 169568     86 rviz2 69916      58 ros2 
5487296512 | 4596876    89 snp_motion_plan 259364     87 python3 104396     86 rviz2 58212      58 ros2 
5668028416 | 4779812    89 snp_motion_plan 259364     87 python3 105284     86 rviz2 58212      58 ros2 
5855715328 | 4964600    89 snp_motion_plan 259364     87 python3 105232     86 rviz2 59032      58 ros2 
6015143936 | 5098020    89 snp_motion_plan 259364     87 python3 108176     86 rviz2 59032      58 ros2 
6277169152 | 5354008    89 snp_motion_plan 259032     87 python3 108616     86 rviz2 59008      58 ros2 
6322049024 | 249608     87 python3 92400      86 rviz2 52324      58 ros2 47128      94 python3 
2281697280 | 249608     87 python3 92900      86 rviz2 52324      58 ros2 47908      83 joint_state_pub 
785068032 | 249608     87 python3 93044      86 rviz2 53464      58 ros2 47908      79 joint_state_pub 
784850944 | 249608     87 python3 93044      86 rviz2 53464      58 ros2 47908      79 joint_state_pub 
795267072 | 249608     87 python3 100128     86 rviz2 54480      58 ros2 47912      79 joint_state_pub 
795267072 | 249608     87 python3 100128     86 rviz2 54480      58 ros2 47912      79 joint_state_pub 
795275264 | 249608     87 python3 100128     86 rviz2 54480      58 ros2 47912      79 joint_state_pub 
797110272 | 249608     87 python3 100128     86 rviz2 54480      58 ros2 49280      79 joint_state_pub 
798056448 | 249608     87 python3 100128     86 rviz2 54480      58 ros2 49900      79 joint_state_pub 
798318592 | 249608     87 python3 100128     86 rviz2 54480      58 ros2 49900      79 joint_state_pub 
798904320 | 249608     87 python3 100128     86 rviz2 54480      58 ros2 49900      79 joint_state_pub 
799285248 | 249608     87 python3 100128     86 rviz2 54504      58 ros2 49900      79 joint_state_pub 
799866880 | 250476     87 python3 100128     86 rviz2 54504      58 ros2 49900      79 joint_state_pub 
799866880 | 250476     87 python3 100044     86 rviz2 54448      58 ros2 49900      79 joint_state_pub 
799969280 | 250476     87 python3 100044     86 rviz2 54448      58 ros2 49936      79 joint_state_pub 
800145408 | 250476     87 python3 100044     86 rviz2 54460      58 ros2 49936      79 joint_state_pub 
799498240 | 250476     87 python3 100044     86 rviz2 54460      58 ros2 49952      79 joint_state_pub 
799293440 | 250608     87 python3 100044     86 rviz2 54460      58 ros2 49952      79 joint_state_pub 
799334400 | 250608     87 python3 100056     86 rviz2 54460      58 ros2 49952      79 joint_state_pub 
799346688 | 250608     87 python3 100056     86 rviz2 54460      58 ros2 49952      79 joint_state_pub 
799367168 | 250608     87 python3 100056     86 rviz2 54460      58 ros2 49952      79 joint_state_pub 
799174656 | 250552     87 python3 100056     86 rviz2 54460      58 ros2 49964      79 joint_state_pub 
799916032 | 250552     87 python3 100056     86 rviz2 54460      58 ros2 49968      79 joint_state_pub 
800026624 | 250552     87 python3 100116     86 rviz2 54460      58 ros2 49968      79 joint_state_pub 
799547392 | 250552     87 python3 100116     86 rviz2 54460      58 ros2 49968      79 joint_state_pub 
800268288 | 250552     87 python3 100116     86 rviz2 54460      58 ros2 49968      79 joint_state_pub 
799506432 | 250552     87 python3 100116     86 rviz2 54460      58 ros2 49904      79 joint_state_pub 
799469568 | 250552     87 python3 100116     86 rviz2 54460      58 ros2 49904      79 joint_state_pub 
799436800 | 250552     87 python3 100116     86 rviz2 54460      58 ros2 49904      79 joint_state_pub 
799014912 | 250552     87 python3 100116     86 rviz2 54460      58 ros2 49904      79 joint_state_pub 
792670208 | 250552     87 python3 100176     86 rviz2 54460      58 ros2 49904      79 joint_state_pub 
792711168 | 250552     87 python3 100176     86 rviz2 54460      58 ros2 49904      79 joint_state_pub 
792633344 | 250552     87 python3 100176     86 rviz2 54460      58 ros2 49904      79 joint_state_pub 
793071616 | 250552     87 python3 100176     86 rviz2 54460      58 ros2 49908      79 joint_state_pub 
793112576 | 250552     87 python3 100176     86 rviz2 54460      58 ros2 49908      79 joint_state_pub 
793321472 | 250552     87 python3 100176     86 rviz2 54460      58 ros2 49908      79 joint_state_pub 
793518080 | 250552     87 python3 100176     86 rviz2 54460      58 ros2 49908      79 joint_state_pub 
792997888 | 250552     87 python3 100176     86 rviz2 54460      58 ros2 49908      79 joint_state_pub 
793313280 | 250552     87 python3 100176     86 rviz2 54460      58 ros2 49908      79 joint_state_pub 
793108480 | 250552     87 python3 100176     86 rviz2 54460      58 ros2 49908      79 joint_state_pub 
792555520 | 250552     87 python3 100176     86 rviz2 54460      58 ros2 49908      79 joint_state_pub 
792920064 | 250552     87 python3 100300     86 rviz2 54460      58 ros2 49908      79 joint_state_pub 
792707072 | 250552     87 python3 100300     86 rviz2 54460      58 ros2 49908      79 joint_state_pub 
792846336 | 250552     87 python3 100300     86 rviz2 54460      58 ros2 49908      79 joint_state_pub 
792797184 | 250552     87 python3 99892      86 rviz2 54460      58 ros2 49908      79 joint_state_pub 
792465408 | 250552     87 python3 99892      86 rviz2 54460      58 ros2 49908      79 joint_state_pub 
793116672 | 250552     87 python3 99892      86 rviz2 54460      58 ros2 49908      79 joint_state_pub 
793022464 | 250552     87 python3 99892      86 rviz2 54460      58 ros2 49908      79 joint_state_pub 
792764416 | 250552     87 python3 99892      86 rviz2 54460      58 ros2 49908      79 joint_state_pub 
792698880 | 250552     87 python3 99892      86 rviz2 54460      58 ros2 49908      79 joint_state_pub 
792555520 | 250552     87 python3 99892      86 rviz2 54460      58 ros2 49908      79 joint_state_pub 
792649728 | 250552     87 python3 99892      86 rviz2 54460      58 ros2 49908      79 joint_state_pub 
792571904 | 250552     87 python3 99892      86 rviz2 54460      58 ros2 49908      79 joint_state_pub 
793235456 | 250552     87 python3 99892      86 rviz2 54460      58 ros2 49908      79 joint_state_pub 
792735744 | 250552     87 python3 99892      86 rviz2 54460      58 ros2 49908      79 joint_state_pub 
792219648 | 250552     87 python3 99892      86 rviz2 54460      58 ros2 49908      79 joint_state_pub 
792190976 | 250552     87 python3 99892      86 rviz2 54460      58 ros2 49908      79 joint_state_pub 
792485888 | 250552     87 python3 99892      86 rviz2 54460      58 ros2 49912      79 joint_state_pub 
792981504 | 250552     87 python3 99892      86 rviz2 54460      58 ros2 49912      79 joint_state_pub 
792846336 | 250552     87 python3 99892      86 rviz2 54460      58 ros2 49912      79 joint_state_pub 
793088000 | 250552     87 python3 99892      86 rviz2 54460      58 ros2 49912      79 joint_state_pub 
792895488 | 250552     87 python3 99892      86 rviz2 54460      58 ros2 49912      79 joint_state_pub 
792797184 | 250552     87 python3 99892      86 rviz2 54460      58 ros2 49912      79 joint_state_pub 
792875008 | 250552     87 python3 99892      86 rviz2 54460      58 ros2 49912      79 joint_state_pub 
792449024 | 250552     87 python3 99892      86 rviz2 54460      58 ros2 49912      79 joint_state_pub 
792735744 | 250552     87 python3 99892      86 rviz2 54460      58 ros2 49912      79 joint_state_pub 
792035328 | 250552     87 python3 99892      86 rviz2 54460      58 ros2 49912      79 joint_state_pub 
792555520 | 250552     87 python3 99892      86 rviz2 54460      58 ros2 49912      79 joint_state_pub 
792510464 | 250552     87 python3 99892      86 rviz2 54460      58 ros2 49912      79 joint_state_pub 
792035328 | 250552     87 python3 99892      86 rviz2 54460      58 ros2 49912      79 joint_state_pub 
793092096 | 250552     87 python3 99892      86 rviz2 54460      58 ros2 49912      79 joint_state_pub 
792829952 | 250552     87 python3 99892      86 rviz2 54460      58 ros2 49912      79 joint_state_pub 
792768512 | 250552     87 python3 99892      86 rviz2 54460      58 ros2 49912      79 joint_state_pub 
792928256 | 250552     87 python3 99892      86 rviz2 54460      58 ros2 49912      79 joint_state_pub 
792571904 | 250552     87 python3 99892      86 rviz2 54460      58 ros2 49912      79 joint_state_pub 
793088000 | 250552     87 python3 99892      86 rviz2 54460      58 ros2 49912      79 joint_state_pub 
792838144 | 250552     87 python3 99892      86 rviz2 54460      58 ros2 49860      79 joint_state_pub 
793202688 | 250552     87 python3 99892      86 rviz2 54460      58 ros2 49912      79 joint_state_pub 
792043520 | 250552     87 python3 99892      86 rviz2 54460      58 ros2 49912      79 joint_state_pub 
792563712 | 250552     87 python3 99892      86 rviz2 54460      58 ros2 49912      79 joint_state_pub 
792043520 | 250552     87 python3 99892      86 rviz2 54460      58 ros2 49912      79 joint_state_pub 
792248320 | 250552     87 python3 99892      86 rviz2 54460      58 ros2 49912      79 joint_state_pub 
793047040 | 250552     87 python3 99892      86 rviz2 54460      58 ros2 49912      79 joint_state_pub 
793276416 | 250552     87 python3 99892      86 rviz2 54460      58 ros2 49912      79 joint_state_pub 
794361856 | 251640     87 python3 100864     86 rviz2 55508      58 ros2 49912      79 joint_state_pub 
794800128 | 251640     87 python3 100864     86 rviz2 55508      58 ros2 49912      79 joint_state_pub 
794443776 | 251640     87 python3 100864     86 rviz2 55508      58 ros2 49912      79 joint_state_pub 
794804224 | 251640     87 python3 100864     86 rviz2 55508      58 ros2 49912      79 joint_state_pub 
793882624 | 251640     87 python3 100864     86 rviz2 55508      58 ros2 49912      79 joint_state_pub 
793767936 | 251640     87 python3 100864     86 rviz2 55508      58 ros2 49912      79 joint_state_pub 
793579520 | 251640     87 python3 100864     86 rviz2 55508      58 ros2 49912      79 joint_state_pub 
794005504 | 251640     87 python3 100864     86 rviz2 55508      58 ros2 49912      79 joint_state_pub 
793735168 | 251640     87 python3 100864     86 rviz2 55508      58 ros2 49912      79 joint_state_pub 
794013696 | 251640     87 python3 100864     86 rviz2 55508      58 ros2 49912      79 joint_state_pub 
794431488 | 251640     87 python3 100864     86 rviz2 55508      58 ros2 49916      79 joint_state_pub 
794370048 | 251640     87 python3 100864     86 rviz2 55508      58 ros2 50908      79 joint_state_pub 
794365952 | 251640     87 python3 100864     86 rviz2 55508      58 ros2 50908      79 joint_state_pub 
794370048 | 251640     87 python3 100864     86 rviz2 55508      58 ros2 50908      79 joint_state_pub 
794116096 | 251640     87 python3 100864     86 rviz2 55508      58 ros2 50908      79 joint_state_pub 
794370048 | 251640     87 python3 100864     86 rviz2 55508      58 ros2 50908      79 joint_state_pub 
794603520 | 251640     87 python3 100864     86 rviz2 55508      58 ros2 50908      79 joint_state_pub 
794423296 | 251640     87 python3 100864     86 rviz2 55508      58 ros2 50908      79 joint_state_pub 
793841664 | 251640     87 python3 100864     86 rviz2 55508      58 ros2 50908      79 joint_state_pub 
793841664 | 251640     87 python3 100864     86 rviz2 55508      58 ros2 50908      79 joint_state_pub 
793571328 | 251640     87 python3 100864     86 rviz2 55508      58 ros2 50908      79 joint_state_pub 
793845760 | 251640     87 python3 100864     86 rviz2 55508      58 ros2 50908      79 joint_state_pub 
793841664 | 251640     87 python3 100864     86 rviz2 55508      58 ros2 50908      79 joint_state_pub 
794226688 | 251640     87 python3 100864     86 rviz2 55508      58 ros2 50908      79 joint_state_pub 
794378240 | 251640     87 python3 100864     86 rviz2 55508      58 ros2 50908      79 joint_state_pub 
794107904 | 251640     87 python3 100864     86 rviz2 55508      58 ros2 50908      79 joint_state_pub 
794546176 | 251640     87 python3 100864     86 rviz2 55508      58 ros2 50908      79 joint_state_pub 
794456064 | 251640     87 python3 100864     86 rviz2 55508      58 ros2 50908      79 joint_state_pub 
793759744 | 251640     87 python3 100864     86 rviz2 55508      58 ros2 50908      79 joint_state_pub 
793432064 | 251640     87 python3 100864     86 rviz2 55508      58 ros2 50908      79 joint_state_pub 
793579520 | 251640     87 python3 100864     86 rviz2 55508      58 ros2 50908      79 joint_state_pub 
794112000 | 251640     87 python3 100864     86 rviz2 55508      58 ros2 50908      79 joint_state_pub 
793849856 | 251640     87 python3 100864     86 rviz2 55508      58 ros2 50908      79 joint_state_pub 
793849856 | 251640     87 python3 100864     86 rviz2 55508      58 ros2 50908      79 joint_state_pub 
793841664 | 251640     87 python3 100864     86 rviz2 55508      58 ros2 50908      79 joint_state_pub 
794112000 | 251640     87 python3 100864     86 rviz2 55508      58 ros2 50908      79 joint_state_pub 
794136576 | 251640     87 python3 100864     86 rviz2 55508      58 ros2 50908      79 joint_state_pub 
794492928 | 251640     87 python3 100864     86 rviz2 55508      58 ros2 50908      79 joint_state_pub 
794501120 | 251640     87 python3 100864     86 rviz2 55508      58 ros2 50908      79 joint_state_pub 
794619904 | 251640     87 python3 100864     86 rviz2 55508      58 ros2 50908      79 joint_state_pub 
794435584 | 251640     87 python3 100864     86 rviz2 55508      58 ros2 50908      79 joint_state_pub 
794112000 | 251640     87 python3 100864     86 rviz2 55508      58 ros2 50908      79 joint_state_pub 
793583616 | 251640     87 python3 100864     86 rviz2 55508      58 ros2 50908      79 joint_state_pub 
793677824 | 251640     87 python3 100864     86 rviz2 55508      58 ros2 50908      79 joint_state_pub 
793845760 | 251640     87 python3 100864     86 rviz2 55508      58 ros2 50908      79 joint_state_pub 
793886720 | 251640     87 python3 100864     86 rviz2 55508      58 ros2 50908      79 joint_state_pub 
794058752 | 251640     87 python3 100864     86 rviz2 55508      58 ros2 50908      79 joint_state_pub 
794308608 | 251640     87 python3 100864     86 rviz2 55508      58 ros2 50908      79 joint_state_pub 
794370048 | 251640     87 python3 100864     86 rviz2 55508      58 ros2 50908      79 joint_state_pub 
794234880 | 251640     87 python3 100932     86 rviz2 55508      58 ros2 50908      79 joint_state_pub 
794660864 | 251640     87 python3 100932     86 rviz2 55508      58 ros2 50908      79 joint_state_pub 
794329088 | 251640     87 python3 100932     86 rviz2 55508      58 ros2 50908      79 joint_state_pub 
794279936 | 251640     87 python3 100932     86 rviz2 55508      58 ros2 50908      79 joint_state_pub 
793972736 | 251640     87 python3 100932     86 rviz2 55508      58 ros2 50908      79 joint_state_pub 
794120192 | 251640     87 python3 100932     86 rviz2 55508      58 ros2 50908      79 joint_state_pub 
794124288 | 251640     87 python3 100932     86 rviz2 55508      58 ros2 50908      79 joint_state_pub 
794353664 | 251640     87 python3 100932     86 rviz2 55508      58 ros2 50908      79 joint_state_pub 
794120192 | 251640     87 python3 100932     86 rviz2 55508      58 ros2 50908      79 joint_state_pub 
794234880 | 251640     87 python3 100932     86 rviz2 55508      58 ros2 50908      79 joint_state_pub 
794206208 | 251640     87 python3 100932     86 rviz2 55508      58 ros2 50908      79 joint_state_pub 
794497024 | 251640     87 python3 100932     86 rviz2 55508      58 ros2 50908      79 joint_state_pub 
794525696 | 251640     87 python3 100932     86 rviz2 55508      58 ros2 50908      79 joint_state_pub 
794267648 | 251640     87 python3 100932     86 rviz2 55508      58 ros2 50908      79 joint_state_pub 
794169344 | 251640     87 python3 100932     86 rviz2 55508      58 ros2 50908      79 joint_state_pub 
794472448 | 251640     87 python3 100932     86 rviz2 55508      58 ros2 50908      79 joint_state_pub 
794574848 | 251640     87 python3 100932     86 rviz2 55508      58 ros2 50908      79 joint_state_pub 
794714112 | 251640     87 python3 100932     86 rviz2 55508      58 ros2 50908      79 joint_state_pub 
794066944 | 251640     87 python3 100932     86 rviz2 55508      58 ros2 50908      79 joint_state_pub 
793718784 | 251640     87 python3 100932     86 rviz2 55508      58 ros2 50908      79 joint_state_pub 
794259456 | 251640     87 python3 100932     86 rviz2 55508      58 ros2 50908      79 joint_state_pub 
794103808 | 251640     87 python3 100932     86 rviz2 55508      58 ros2 50908      79 joint_state_pub 
794542080 | 251640     87 python3 100932     86 rviz2 55508      58 ros2 50908      79 joint_state_pub 
794177536 | 251640     87 python3 100932     86 rviz2 55508      58 ros2 50908      79 joint_state_pub 
794243072 | 251640     87 python3 100932     86 rviz2 55508      58 ros2 50908      79 joint_state_pub 
794329088 | 251640     87 python3 100932     86 rviz2 55508      58 ros2 50908      79 joint_state_pub 
794624000 | 251640     87 python3 100932     86 rviz2 55508      58 ros2 50908      79 joint_state_pub 
794144768 | 251640     87 python3 100932     86 rviz2 55508      58 ros2 50908      79 joint_state_pub 
794378240 | 251640     87 python3 100932     86 rviz2 55508      58 ros2 50908      79 joint_state_pub 
793722880 | 251640     87 python3 100932     86 rviz2 55508      58 ros2 50908      79 joint_state_pub 
793718784 | 251640     87 python3 100932     86 rviz2 55508      58 ros2 50908      79 joint_state_pub 
793792512 | 251640     87 python3 100932     86 rviz2 55508      58 ros2 50908      79 joint_state_pub 
794128384 | 251640     87 python3 100932     86 rviz2 55508      58 ros2 50908      79 joint_state_pub 
793714688 | 251640     87 python3 100932     86 rviz2 55508      58 ros2 50908      79 joint_state_pub 
794259456 | 251640     87 python3 100932     86 rviz2 55508      58 ros2 50908      79 joint_state_pub 
794726400 | 251640     87 python3 100932     86 rviz2 55508      58 ros2 50908      79 joint_state_pub 
794357760 | 251640     87 python3 100932     86 rviz2 55508      58 ros2 50908      79 joint_state_pub 
794767360 | 251640     87 python3 100932     86 rviz2 55508      58 ros2 50908      79 joint_state_pub 
794357760 | 251640     87 python3 100932     86 rviz2 55508      58 ros2 50908      79 joint_state_pub 
794411008 | 251640     87 python3 100932     86 rviz2 55508      58 ros2 50908      79 joint_state_pub 
794959872 | 251640     87 python3 100932     86 rviz2 55508      58 ros2 50908      79 joint_state_pub 
794771456 | 251640     87 python3 100932     86 rviz2 55508      58 ros2 50908      79 joint_state_pub 
794255360 | 251640     87 python3 100932     86 rviz2 55508      58 ros2 50908      79 joint_state_pub 
794243072 | 251640     87 python3 100932     86 rviz2 55508      58 ros2 50908      79 joint_state_pub 
793980928 | 251640     87 python3 100932     86 rviz2 55508      58 ros2 50908      79 joint_state_pub 
793980928 | 251640     87 python3 100932     86 rviz2 55508      58 ros2 50908      79 joint_state_pub 
794521600 | 251640     87 python3 100932     86 rviz2 55508      58 ros2 50908      79 joint_state_pub 
794062848 | 251640     87 python3 100932     86 rviz2 55508      58 ros2 50908      79 joint_state_pub 
794697728 | 251640     87 python3 100932     86 rviz2 55508      58 ros2 50908      79 joint_state_pub 
794701824 | 251640     87 python3 100932     86 rviz2 55508      58 ros2 50908      79 joint_state_pub 
794791936 | 251640     87 python3 100932     86 rviz2 55508      58 ros2 50908      79 joint_state_pub 
793989120 | 251640     87 python3 100932     86 rviz2 55508      58 ros2 50908      79 joint_state_pub 
793812992 | 251640     87 python3 100932     86 rviz2 55508      58 ros2 50908      79 joint_state_pub 
793976832 | 251640     87 python3 100932     86 rviz2 55508      58 ros2 50908      79 joint_state_pub 
794058752 | 251640     87 python3 100932     86 rviz2 55508      58 ros2 50908      79 joint_state_pub 
794107904 | 251640     87 python3 100932     86 rviz2 55508      58 ros2 50908      79 joint_state_pub 
794849280 | 251640     87 python3 101524     86 rviz2 55508      58 ros2 50908      79 joint_state_pub 
794804224 | 251640     87 python3 101524     86 rviz2 55508      58 ros2 50908      79 joint_state_pub 
795062272 | 251640     87 python3 101524     86 rviz2 55508      58 ros2 50908      79 joint_state_pub 
795664384 | 251640     87 python3 101524     86 rviz2 55508      58 ros2 50908      79 joint_state_pub 
795348992 | 251640     87 python3 101524     86 rviz2 55508      58 ros2 50908      79 joint_state_pub 
795332608 | 251640     87 python3 101524     86 rviz2 55508      58 ros2 50908      79 joint_state_pub 
796217344 | 251640     87 python3 101524     86 rviz2 55508      58 ros2 50908      79 joint_state_pub 
795418624 | 251640     87 python3 101524     86 rviz2 55508      58 ros2 50908      79 joint_state_pub 
795766784 | 251640     87 python3 101524     86 rviz2 55508      58 ros2 50908      79 joint_state_pub 
795672576 | 251640     87 python3 101524     86 rviz2 55508      58 ros2 50908      79 joint_state_pub 
795148288 | 251640     87 python3 101524     86 rviz2 55508      58 ros2 50908      79 joint_state_pub 
795066368 | 251640     87 python3 101524     86 rviz2 55508      58 ros2 50908      79 joint_state_pub 
795029504 | 251640     87 python3 101524     86 rviz2 55508      58 ros2 50908      79 joint_state_pub 
794910720 | 251640     87 python3 101524     86 rviz2 55508      58 ros2 50908      79 joint_state_pub 
794939392 | 251640     87 python3 101524     86 rviz2 55508      58 ros2 50908      79 joint_state_pub 
795320320 | 251640     87 python3 101524     86 rviz2 55508      58 ros2 50908      79 joint_state_pub 
795590656 | 251640     87 python3 101524     86 rviz2 55508      58 ros2 50908      79 joint_state_pub 
795906048 | 251640     87 python3 101524     86 rviz2 55508      58 ros2 50908      79 joint_state_pub 
795758592 | 251640     87 python3 101524     86 rviz2 55508      58 ros2 50912      79 joint_state_pub 
795398144 | 251640     87 python3 101524     86 rviz2 55508      58 ros2 50912      79 joint_state_pub 
795557888 | 251640     87 python3 101524     86 rviz2 55508      58 ros2 50912      79 joint_state_pub 
795328512 | 251640     87 python3 101524     86 rviz2 55508      58 ros2 50912      79 joint_state_pub 
795594752 | 251640     87 python3 101524     86 rviz2 55508      58 ros2 50912      79 joint_state_pub 
795258880 | 251640     87 python3 101524     86 rviz2 55508      58 ros2 50912      79 joint_state_pub 
794779648 | 251640     87 python3 101524     86 rviz2 55508      58 ros2 50912      79 joint_state_pub 
795004928 | 251640     87 python3 101524     86 rviz2 55508      58 ros2 50912      79 joint_state_pub 
795000832 | 251640     87 python3 101524     86 rviz2 55508      58 ros2 50912      79 joint_state_pub 
795590656 | 251640     87 python3 101524     86 rviz2 55508      58 ros2 50912      79 joint_state_pub 
795856896 | 251640     87 python3 101524     86 rviz2 55508      58 ros2 50912      79 joint_state_pub 
795590656 | 251640     87 python3 101524     86 rviz2 55508      58 ros2 50912      79 joint_state_pub 
796160000 | 251640     87 python3 101524     86 rviz2 55508      58 ros2 50912      79 joint_state_pub 
795332608 | 251640     87 python3 101524     86 rviz2 55508      58 ros2 50912      79 joint_state_pub 
795635712 | 251640     87 python3 101524     86 rviz2 55508      58 ros2 50912      79 joint_state_pub 
795340800 | 251640     87 python3 101524     86 rviz2 55508      58 ros2 50912      79 joint_state_pub 
795328512 | 251640     87 python3 101524     86 rviz2 55508      58 ros2 50912      79 joint_state_pub 
794976256 | 251640     87 python3 101524     86 rviz2 55508      58 ros2 50912      79 joint_state_pub 
795066368 | 251640     87 python3 101524     86 rviz2 55508      58 ros2 50912      79 joint_state_pub 
795099136 | 251640     87 python3 101524     86 rviz2 55508      58 ros2 50912      79 joint_state_pub 
795262976 | 251640     87 python3 101524     86 rviz2 55508      58 ros2 50912      79 joint_state_pub 
795561984 | 251640     87 python3 101524     86 rviz2 55508      58 ros2 50912      79 joint_state_pub 
795951104 | 251640     87 python3 101524     86 rviz2 55508      58 ros2 50912      79 joint_state_pub 
795602944 | 251640     87 python3 101524     86 rviz2 55508      58 ros2 50912      79 joint_state_pub 
795631616 | 251640     87 python3 101524     86 rviz2 55508      58 ros2 50912      79 joint_state_pub 
796139520 | 251640     87 python3 101524     86 rviz2 55508      58 ros2 50912      79 joint_state_pub 
795787264 | 251640     87 python3 101524     86 rviz2 55508      58 ros2 50912      79 joint_state_pub 
795492352 | 251640     87 python3 101524     86 rviz2 55508      58 ros2 50912      79 joint_state_pub 
795856896 | 251640     87 python3 101524     86 rviz2 55508      58 ros2 50912      79 joint_state_pub 
795828224 | 251640     87 python3 101524     86 rviz2 55508      58 ros2 50912      79 joint_state_pub 
794996736 | 251640     87 python3 101524     86 rviz2 55508      58 ros2 50912      79 joint_state_pub 
795271168 | 251640     87 python3 101524     86 rviz2 55508      58 ros2 50912      79 joint_state_pub 
795000832 | 251640     87 python3 101524     86 rviz2 55508      58 ros2 50912      79 joint_state_pub 
795598848 | 251640     87 python3 101524     86 rviz2 55508      58 ros2 50912      79 joint_state_pub 
795865088 | 251640     87 python3 101524     86 rviz2 55508      58 ros2 50912      79 joint_state_pub 
795582464 | 251640     87 python3 101524     86 rviz2 55508      58 ros2 50912      79 joint_state_pub 
795590656 | 251640     87 python3 101524     86 rviz2 55508      58 ros2 50912      79 joint_state_pub 
795336704 | 251640     87 python3 101524     86 rviz2 55508      58 ros2 50912      79 joint_state_pub 
795353088 | 251640     87 python3 101524     86 rviz2 55508      58 ros2 50912      79 joint_state_pub 
795598848 | 251640     87 python3 101524     86 rviz2 55508      58 ros2 50912      79 joint_state_pub 
795004928 | 251640     87 python3 101524     86 rviz2 55508      58 ros2 50912      79 joint_state_pub 
795119616 | 251640     87 python3 101524     86 rviz2 55508      58 ros2 50912      79 joint_state_pub 
795070464 | 251640     87 python3 101524     86 rviz2 55508      58 ros2 50912      79 joint_state_pub 
795402240 | 251640     87 python3 101524     86 rviz2 55508      58 ros2 50912      79 joint_state_pub 
795095040 | 251640     87 python3 101524     86 rviz2 55508      58 ros2 50912      79 joint_state_pub 
796119040 | 251640     87 python3 101524     86 rviz2 55508      58 ros2 50912      79 joint_state_pub 
795607040 | 251640     87 python3 101524     86 rviz2 55508      58 ros2 50912      79 joint_state_pub 
795340800 | 251640     87 python3 101524     86 rviz2 55508      58 ros2 50912      79 joint_state_pub 
795578368 | 251640     87 python3 101524     86 rviz2 55508      58 ros2 50912      79 joint_state_pub 
795598848 | 251640     87 python3 101524     86 rviz2 55508      58 ros2 50912      79 joint_state_pub 
795713536 | 251640     87 python3 101524     86 rviz2 55508      58 ros2 50912      79 joint_state_pub 
800501760 | 251640     87 python3 104476     86 rviz2 55508      58 ros2 50912      79 joint_state_pub 
800727040 | 251640     87 python3 104476     86 rviz2 55508      58 ros2 50912      79 joint_state_pub 
800800768 | 251640     87 python3 104724     86 rviz2 55508      58 ros2 50912      79 joint_state_pub 
800907264 | 251640     87 python3 104724     86 rviz2 55508      58 ros2 50912      79 joint_state_pub 
800313344 | 251640     87 python3 104724     86 rviz2 55508      58 ros2 50912      79 joint_state_pub 
802050048 | 251640     87 python3 106144     86 rviz2 55508      58 ros2 50912      79 joint_state_pub 
802856960 | 251640     87 python3 106144     86 rviz2 55508      58 ros2 50912      79 joint_state_pub 
822349824 | 251640     87 python3 115912     86 rviz2 55508      58 ros2 50912      79 joint_state_pub 
851996672 | 253348     87 python3 135472     86 rviz2 56592      58 ros2 51764      79 joint_state_pub 
852303872 | 253348     87 python3 135864     86 rviz2 56592      58 ros2 51764      79 joint_state_pub 
855564288 | 253348     87 python3 139108     86 rviz2 56592      58 ros2 51764      79 joint_state_pub 
856547328 | 253348     87 python3 139192     86 rviz2 56592      58 ros2 51764      79 joint_state_pub 
856215552 | 253348     87 python3 139200     86 rviz2 56592      58 ros2 51764      79 joint_state_pub 
855470080 | 253348     87 python3 139220     86 rviz2 56592      58 ros2 51764      79 joint_state_pub 
855691264 | 253348     87 python3 139276     86 rviz2 56592      58 ros2 51764      79 joint_state_pub 
855814144 | 253348     87 python3 139308     86 rviz2 56592      58 ros2 51764      79 joint_state_pub 
856211456 | 253348     87 python3 139324     86 rviz2 56592      58 ros2 51764      79 joint_state_pub 
855769088 | 253348     87 python3 139332     86 rviz2 56592      58 ros2 51764      79 joint_state_pub 
855715840 | 253348     87 python3 139368     86 rviz2 56592      58 ros2 51764      79 joint_state_pub 
856616960 | 253348     87 python3 139428     86 rviz2 56592      58 ros2 51764      79 joint_state_pub 
856444928 | 253348     87 python3 139436     86 rviz2 56592      58 ros2 51764      79 joint_state_pub 
856547328 | 253348     87 python3 139440     86 rviz2 56592      58 ros2 51764      79 joint_state_pub 
856506368 | 253348     87 python3 139448     86 rviz2 56592      58 ros2 51764      79 joint_state_pub 
856530944 | 253348     87 python3 139452     86 rviz2 56592      58 ros2 51764      79 joint_state_pub 
856473600 | 253348     87 python3 139452     86 rviz2 56592      58 ros2 51764      79 joint_state_pub 
856576000 | 253348     87 python3 139524     86 rviz2 56592      58 ros2 51764      79 joint_state_pub 
856408064 | 253348     87 python3 139524     86 rviz2 56592      58 ros2 51764      79 joint_state_pub 
856915968 | 253348     87 python3 139524     86 rviz2 56592      58 ros2 51764      79 joint_state_pub 
856252416 | 253348     87 python3 139524     86 rviz2 56592      58 ros2 51764      79 joint_state_pub 
857133056 | 253348     87 python3 140504     86 rviz2 56592      58 ros2 51764      79 joint_state_pub 
880349184 | 267448     87 python3 143676     86 rviz2 56600      58 ros2 56480      94 python3 
891625472 | 269536     87 python3 151304     86 rviz2 56600      58 ros2 56480      94 python3 
892063744 | 269536     87 python3 151304     86 rviz2 56600      58 ros2 56480      94 python3 
892030976 | 269536     87 python3 151304     86 rviz2 56600      58 ros2 56480      94 python3 
892125184 | 269536     87 python3 151304     86 rviz2 56600      58 ros2 56480      94 python3 
892342272 | 269536     87 python3 151304     86 rviz2 56600      58 ros2 56480      94 python3 
891940864 | 269536     87 python3 151352     86 rviz2 56600      58 ros2 56480      94 python3 
891600896 | 269536     87 python3 151352     86 rviz2 56600      58 ros2 56480      94 python3 
891858944 | 269536     87 python3 151352     86 rviz2 56600      58 ros2 56480      94 python3 
891219968 | 269536     87 python3 151352     86 rviz2 56600      58 ros2 56480      94 python3 
891613184 | 269536     87 python3 151356     86 rviz2 56600      58 ros2 56480      94 python3 
891920384 | 269536     87 python3 151356     86 rviz2 56600      58 ros2 56480      94 python3 
891846656 | 269536     87 python3 151356     86 rviz2 56600      58 ros2 56480      94 python3 
891699200 | 269536     87 python3 151356     86 rviz2 56600      58 ros2 56480      94 python3 
891731968 | 269536     87 python3 151356     86 rviz2 56600      58 ros2 56480      94 python3 
892620800 | 269536     87 python3 151356     86 rviz2 56600      58 ros2 56480      94 python3 
892260352 | 269536     87 python3 151356     86 rviz2 56600      58 ros2 56480      94 python3 
892071936 | 269536     87 python3 151356     86 rviz2 56600      58 ros2 56480      94 python3 
891936768 | 269536     87 python3 151356     86 rviz2 56600      58 ros2 56480      94 python3 
892071936 | 269536     87 python3 151356     86 rviz2 56600      58 ros2 56480      94 python3 
892067840 | 269536     87 python3 151356     86 rviz2 56600      58 ros2 56480      94 python3 
892370944 | 269536     87 python3 151356     86 rviz2 56600      58 ros2 56480      94 python3 
891564032 | 269536     87 python3 151356     86 rviz2 56600      58 ros2 56480      94 python3 
891940864 | 269536     87 python3 151356     86 rviz2 56600      58 ros2 56480      94 python3 
891797504 | 269536     87 python3 151356     86 rviz2 56600      58 ros2 56480      94 python3 
891797504 | 269536     87 python3 151356     86 rviz2 56600      58 ros2 56480      94 python3 
891744256 | 269536     87 python3 151416     86 rviz2 56600      58 ros2 56480      94 python3 
892198912 | 269536     87 python3 151416     86 rviz2 56600      58 ros2 56480      94 python3 
892006400 | 269536     87 python3 151416     86 rviz2 56600      58 ros2 56480      94 python3 
892268544 | 269536     87 python3 151416     86 rviz2 56600      58 ros2 56480      94 python3 
892084224 | 269536     87 python3 151416     86 rviz2 56600      58 ros2 56480      94 python3 
892518400 | 269536     87 python3 151416     86 rviz2 56600      58 ros2 56480      94 python3 
892264448 | 269536     87 python3 151416     86 rviz2 56600      58 ros2 56480      94 python3 
892125184 | 269536     87 python3 151488     86 rviz2 56600      58 ros2 56480      94 python3 
892325888 | 269536     87 python3 151488     86 rviz2 56600      58 ros2 56480      94 python3 
892477440 | 269536     87 python3 151488     86 rviz2 56600      58 ros2 56480      94 python3 
891936768 | 269536     87 python3 151488     86 rviz2 56600      58 ros2 56480      94 python3 
893464576 | 269536     87 python3 152484     86 rviz2 56600      58 ros2 56480      94 python3 
893198336 | 269536     87 python3 152484     86 rviz2 56600      58 ros2 56480      94 python3 
893198336 | 269536     87 python3 152484     86 rviz2 56600      58 ros2 56480      94 python3 
893956096 | 269536     87 python3 152484     86 rviz2 56600      58 ros2 56480      94 python3 
894083072 | 269536     87 python3 152484     86 rviz2 56600      58 ros2 56480      94 python3 
893865984 | 269536     87 python3 152484     86 rviz2 56600      58 ros2 56480      94 python3 
893607936 | 269536     87 python3 152484     86 rviz2 56600      58 ros2 56480      94 python3 
893734912 | 269536     87 python3 152484     86 rviz2 56600      58 ros2 56480      94 python3 
893464576 | 269536     87 python3 152484     86 rviz2 56600      58 ros2 56480      94 python3 
893042688 | 269536     87 python3 152484     86 rviz2 56600      58 ros2 56480      94 python3 
894582784 | 269536     87 python3 153260     86 rviz2 56600      58 ros2 56480      94 python3 
894226432 | 269536     87 python3 153260     86 rviz2 56600      58 ros2 56480      94 python3 
894279680 | 269536     87 python3 153260     86 rviz2 56600      58 ros2 56480      94 python3 
893759488 | 269536     87 python3 153320     86 rviz2 56600      58 ros2 56480      94 python3 
893775872 | 269536     87 python3 153320     86 rviz2 56600      58 ros2 56480      94 python3 
893997056 | 269536     87 python3 153320     86 rviz2 56600      58 ros2 56480      94 python3 
894586880 | 269536     87 python3 153320     86 rviz2 56600      58 ros2 56480      94 python3 
894504960 | 269536     87 python3 153320     86 rviz2 56600      58 ros2 56480      94 python3 
894959616 | 269536     87 python3 153440     86 rviz2 56600      58 ros2 56480      94 python3 
894443520 | 269536     87 python3 153440     86 rviz2 56600      58 ros2 56480      94 python3 
894435328 | 269536     87 python3 153440     86 rviz2 56600      58 ros2 56480      94 python3 
894431232 | 269536     87 python3 153440     86 rviz2 56600      58 ros2 56480      94 python3 
895184896 | 269536     87 python3 153440     86 rviz2 56600      58 ros2 56480      94 python3 
893837312 | 269536     87 python3 153440     86 rviz2 56600      58 ros2 56480      94 python3 
894427136 | 269536     87 python3 153440     86 rviz2 56600      58 ros2 56480      94 python3 
894164992 | 269536     87 python3 153440     86 rviz2 56600      58 ros2 56480      94 python3 
893816832 | 269536     87 python3 153440     86 rviz2 56600      58 ros2 56480      94 python3 
893906944 | 269536     87 python3 153440     86 rviz2 56600      58 ros2 56480      94 python3 
894316544 | 269536     87 python3 153440     86 rviz2 56600      58 ros2 56480      94 python3 
894701568 | 269536     87 python3 153440     86 rviz2 56600      58 ros2 56480      94 python3 
894435328 | 269536     87 python3 153440     86 rviz2 56600      58 ros2 56480      94 python3 
894435328 | 269536     87 python3 153440     86 rviz2 56600      58 ros2 56480      94 python3 
894672896 | 269536     87 python3 153440     86 rviz2 56600      58 ros2 56480      94 python3 
894484480 | 269536     87 python3 153440     86 rviz2 56600      58 ros2 56480      94 python3 
894492672 | 269536     87 python3 153440     86 rviz2 56600      58 ros2 56480      94 python3 
894443520 | 269536     87 python3 153440     86 rviz2 56600      58 ros2 56480      94 python3 
894447616 | 269536     87 python3 153440     86 rviz2 56600      58 ros2 56480      94 python3 
894615552 | 269536     87 python3 153440     86 rviz2 56600      58 ros2 56480      94 python3 
894111744 | 269536     87 python3 153440     86 rviz2 56600      58 ros2 56480      94 python3 
894488576 | 269536     87 python3 153440     86 rviz2 56600      58 ros2 56480      94 python3 
894386176 | 269536     87 python3 153440     86 rviz2 56600      58 ros2 56480      94 python3 
894726144 | 269536     87 python3 153440     86 rviz2 56600      58 ros2 56480      94 python3 
894464000 | 269536     87 python3 153440     86 rviz2 56600      58 ros2 56480      94 python3 
894701568 | 269536     87 python3 153440     86 rviz2 56600      58 ros2 56480      94 python3 
894439424 | 269536     87 python3 153440     86 rviz2 56600      58 ros2 56480      94 python3 
894398464 | 269536     87 python3 153440     86 rviz2 56600      58 ros2 56480      94 python3 
894537728 | 269536     87 python3 153440     86 rviz2 56600      58 ros2 56480      94 python3 
894189568 | 269536     87 python3 153440     86 rviz2 56600      58 ros2 56480      94 python3 
894509056 | 269536     87 python3 153440     86 rviz2 56600      58 ros2 56480      94 python3 
893902848 | 269536     87 python3 153440     86 rviz2 56600      58 ros2 56480      94 python3 
894169088 | 269536     87 python3 153440     86 rviz2 56600      58 ros2 56480      94 python3 
894214144 | 269536     87 python3 153440     86 rviz2 56600      58 ros2 56480      94 python3 
894251008 | 269536     87 python3 153440     86 rviz2 56600      58 ros2 56480      94 python3 
894873600 | 269536     87 python3 153440     86 rviz2 56600      58 ros2 56480      94 python3 
894697472 | 269536     87 python3 153440     86 rviz2 56600      58 ros2 56480      94 python3 
894791680 | 269536     87 python3 153440     86 rviz2 56600      58 ros2 56480      94 python3 
894574592 | 269536     87 python3 153440     86 rviz2 56600      58 ros2 56480      94 python3 
894992384 | 269536     87 python3 153440     86 rviz2 56600      58 ros2 56480      94 python3 
894910464 | 269536     87 python3 153440     86 rviz2 56600      58 ros2 56480      94 python3 
894697472 | 269536     87 python3 153440     86 rviz2 56600      58 ros2 56480      94 python3 
894824448 | 269536     87 python3 153440     86 rviz2 56600      58 ros2 56480      94 python3 
894435328 | 269536     87 python3 153440     86 rviz2 56600      58 ros2 56480      94 python3 
893911040 | 269536     87 python3 153440     86 rviz2 56600      58 ros2 56480      94 python3 
894431232 | 269536     87 python3 153440     86 rviz2 56600      58 ros2 56480      94 python3 
893906944 | 269536     87 python3 153440     86 rviz2 56600      58 ros2 56480      94 python3 
893911040 | 269536     87 python3 153440     86 rviz2 56600      58 ros2 56480      94 python3 
894435328 | 269536     87 python3 153440     86 rviz2 56600      58 ros2 56480      94 python3 
894976000 | 269536     87 python3 153440     86 rviz2 56600      58 ros2 56480      94 python3 
894435328 | 269536     87 python3 153440     86 rviz2 56600      58 ros2 56480      94 python3 
894439424 | 269536     87 python3 153440     86 rviz2 56600      58 ros2 56480      94 python3 
894435328 | 269536     87 python3 153440     86 rviz2 56600      58 ros2 56480      94 python3 
894152704 | 269536     87 python3 153440     86 rviz2 56600      58 ros2 56480      94 python3 
894275584 | 269536     87 python3 153440     86 rviz2 56600      58 ros2 56480      94 python3 
893853696 | 269536     87 python3 153440     86 rviz2 56600      58 ros2 56480      94 python3 
893943808 | 269536     87 python3 153440     86 rviz2 56600      58 ros2 56480      94 python3 
893906944 | 269536     87 python3 153440     86 rviz2 56600      58 ros2 56480      94 python3 
893911040 | 269536     87 python3 153440     86 rviz2 56600      58 ros2 56480      94 python3 
894652416 | 269536     87 python3 153440     86 rviz2 56600      58 ros2 56480      94 python3 
893915136 | 269536     87 python3 153440     86 rviz2 56600      58 ros2 56480      94 python3 
894480384 | 269536     87 python3 153440     86 rviz2 56600      58 ros2 56480      94 python3 
894705664 | 269536     87 python3 153440     86 rviz2 56600      58 ros2 56480      94 python3 
895205376 | 269536     87 python3 153440     86 rviz2 56600      58 ros2 56480      94 python3 
895078400 | 269536     87 python3 153440     86 rviz2 56600      58 ros2 56480      94 python3 
894447616 | 269536     87 python3 153440     86 rviz2 56600      58 ros2 56480      94 python3 
894443520 | 269536     87 python3 153440     86 rviz2 56600      58 ros2 56480      94 python3 
894877696 | 269536     87 python3 153440     86 rviz2 56600      58 ros2 56480      94 python3 
894181376 | 269536     87 python3 153440     86 rviz2 56600      58 ros2 56480      94 python3 
894222336 | 269536     87 python3 153440     86 rviz2 56600      58 ros2 56480      94 python3 
894193664 | 269536     87 python3 153440     86 rviz2 56600      58 ros2 56480      94 python3 
894181376 | 269536     87 python3 153440     86 rviz2 56600      58 ros2 56480      94 python3 
894537728 | 269536     87 python3 153440     86 rviz2 56600      58 ros2 56480      94 python3 
895225856 | 269536     87 python3 153440     86 rviz2 56600      58 ros2 56480      94 python3 
894451712 | 269536     87 python3 153440     86 rviz2 56600      58 ros2 56480      94 python3 
894705664 | 269536     87 python3 153440     86 rviz2 56600      58 ros2 56480      94 python3 
894443520 | 269536     87 python3 153440     86 rviz2 56600      58 ros2 56480      94 python3 
894554112 | 269536     87 python3 153440     86 rviz2 56600      58 ros2 56480      94 python3 
895025152 | 269536     87 python3 153440     86 rviz2 56600      58 ros2 56480      94 python3 
894812160 | 269536     87 python3 153440     86 rviz2 56600      58 ros2 56480      94 python3 
894701568 | 269536     87 python3 153440     86 rviz2 56600      58 ros2 56480      94 python3 
894459904 | 269536     87 python3 153440     86 rviz2 56600      58 ros2 56480      94 python3 
894423040 | 269536     87 python3 153440     86 rviz2 56600      58 ros2 56480      94 python3 
894152704 | 269536     87 python3 153440     86 rviz2 56600      58 ros2 56480      94 python3 
894181376 | 269536     87 python3 153440     86 rviz2 56600      58 ros2 56480      94 python3 
894361600 | 269536     87 python3 153440     86 rviz2 56600      58 ros2 56480      94 python3 
894472192 | 269536     87 python3 153440     86 rviz2 56600      58 ros2 56480      94 python3 
894033920 | 269536     87 python3 153440     86 rviz2 56600      58 ros2 56480      94 python3 
894644224 | 269536     87 python3 153440     86 rviz2 56600      58 ros2 56480      94 python3 
893915136 | 269536     87 python3 153440     86 rviz2 56600      58 ros2 56480      94 python3 
894173184 | 269536     87 python3 153440     86 rviz2 56600      58 ros2 56480      94 python3 
894242816 | 269536     87 python3 153440     86 rviz2 56600      58 ros2 56480      94 python3 
894681088 | 269536     87 python3 153440     86 rviz2 56600      58 ros2 56480      94 python3 
894836736 | 269536     87 python3 153440     86 rviz2 56600      58 ros2 56480      94 python3 
894439424 | 269536     87 python3 153440     86 rviz2 56600      58 ros2 56480      94 python3 
894185472 | 269536     87 python3 153440     86 rviz2 56600      58 ros2 56480      94 python3 
893923328 | 269536     87 python3 153440     86 rviz2 56600      58 ros2 56480      94 python3 
894124032 | 269536     87 python3 153440     86 rviz2 56600      58 ros2 56480      94 python3 
893919232 | 269536     87 python3 153440     86 rviz2 56600      58 ros2 56480      94 python3 
894709760 | 269536     87 python3 153440     86 rviz2 56600      58 ros2 56480      94 python3 
894455808 | 269536     87 python3 153440     86 rviz2 56600      58 ros2 56480      94 python3 
894451712 | 269536     87 python3 153440     86 rviz2 56600      58 ros2 56480      94 python3 
894754816 | 269536     87 python3 153440     86 rviz2 56600      58 ros2 56480      94 python3 
894971904 | 269536     87 python3 153440     86 rviz2 56600      58 ros2 56480      94 python3 
894447616 | 269536     87 python3 153440     86 rviz2 56600      58 ros2 56480      94 python3 
894590976 | 269536     87 python3 153440     86 rviz2 56600      58 ros2 56480      94 python3 
893919232 | 269536     87 python3 153440     86 rviz2 56600      58 ros2 56480      94 python3 
894275584 | 269536     87 python3 153440     86 rviz2 56600      58 ros2 56480      94 python3 
894189568 | 269536     87 python3 153440     86 rviz2 56600      58 ros2 56480      94 python3 
894504960 | 269536     87 python3 153440     86 rviz2 56600      58 ros2 56480      94 python3 
894156800 | 269536     87 python3 153440     86 rviz2 56600      58 ros2 56480      94 python3 
894648320 | 269536     87 python3 153440     86 rviz2 56600      58 ros2 56480      94 python3 
894693376 | 269536     87 python3 153440     86 rviz2 56600      58 ros2 56480      94 python3 
894390272 | 269536     87 python3 153440     86 rviz2 56600      58 ros2 56480      94 python3 
894623744 | 269536     87 python3 153440     86 rviz2 56600      58 ros2 56480      94 python3 
894697472 | 269536     87 python3 153440     86 rviz2 56600      58 ros2 56480      94 python3 
894586880 | 269536     87 python3 153440     86 rviz2 56600      58 ros2 56480      94 python3 
894464000 | 269536     87 python3 153440     86 rviz2 56600      58 ros2 56480      94 python3 
894726144 | 269536     87 python3 153440     86 rviz2 56600      58 ros2 56480      94 python3 
894824448 | 269536     87 python3 153440     86 rviz2 56600      58 ros2 56480      94 python3 
894709760 | 269536     87 python3 153440     86 rviz2 56600      58 ros2 56480      94 python3 
894140416 | 269536     87 python3 153440     86 rviz2 56600      58 ros2 56480      94 python3 
894275584 | 269536     87 python3 153440     86 rviz2 56600      58 ros2 56480      94 python3 
893927424 | 269536     87 python3 153440     86 rviz2 56600      58 ros2 56480      94 python3 
894717952 | 269536     87 python3 153440     86 rviz2 56600      58 ros2 56480      94 python3 
894541824 | 269536     87 python3 153440     86 rviz2 56600      58 ros2 56480      94 python3 
894722048 | 269536     87 python3 153440     86 rviz2 56600      58 ros2 56480      94 python3 
894685184 | 269536     87 python3 153440     86 rviz2 56600      58 ros2 56480      94 python3 
894984192 | 269536     87 python3 153440     86 rviz2 56600      58 ros2 56480      94 python3 
894980096 | 269536     87 python3 153440     86 rviz2 56600      58 ros2 56480      94 python3 
894808064 | 269536     87 python3 153440     86 rviz2 56600      58 ros2 56480      94 python3 
894197760 | 269536     87 python3 153440     86 rviz2 56600      58 ros2 56480      94 python3 
894255104 | 269536     87 python3 153440     86 rviz2 56600      58 ros2 56480      94 python3 
894185472 | 269536     87 python3 153440     86 rviz2 56600      58 ros2 56480      94 python3 
894504960 | 269536     87 python3 153440     86 rviz2 56600      58 ros2 56480      94 python3 
893923328 | 269536     87 python3 153440     86 rviz2 56600      58 ros2 56480      94 python3 
894181376 | 269536     87 python3 153440     86 rviz2 56600      58 ros2 56480      94 python3 
894558208 | 269536     87 python3 153440     86 rviz2 56600      58 ros2 56480      94 python3 
894722048 | 269536     87 python3 153440     86 rviz2 56600      58 ros2 56480      94 python3 
894877696 | 269536     87 python3 153440     86 rviz2 56600      58 ros2 56480      94 python3 
894980096 | 269536     87 python3 153440     86 rviz2 56600      58 ros2 56480      94 python3 
894599168 | 269536     87 python3 153440     86 rviz2 56600      58 ros2 56480      94 python3 
894455808 | 269536     87 python3 153440     86 rviz2 56600      58 ros2 56480      94 python3 
894685184 | 269536     87 python3 153440     86 rviz2 56600      58 ros2 56480      94 python3 
894881792 | 269536     87 python3 153440     86 rviz2 56600      58 ros2 56480      94 python3 
894119936 | 269536     87 python3 153440     86 rviz2 56600      58 ros2 56480      94 python3 
894521344 | 269536     87 python3 153440     86 rviz2 56600      58 ros2 56480      94 python3 
893865984 | 269536     87 python3 153440     86 rviz2 56600      58 ros2 56480      94 python3 
893952000 | 269536     87 python3 153440     86 rviz2 56600      58 ros2 56480      94 python3 
894996480 | 269536     87 python3 153436     86 rviz2 56600      58 ros2 56480      94 python3 
895008768 | 269536     87 python3 153436     86 rviz2 56600      58 ros2 56480      94 python3 
895197184 | 269536     87 python3 153436     86 rviz2 56600      58 ros2 56480      94 python3 
894513152 | 269536     87 python3 153436     86 rviz2 56600      58 ros2 56480      94 python3 
894713856 | 269536     87 python3 153436     86 rviz2 56600      58 ros2 56480      94 python3 
894750720 | 269536     87 python3 153436     86 rviz2 56600      58 ros2 56480      94 python3 
894124032 | 269536     87 python3 153436     86 rviz2 56600      58 ros2 56480      94 python3 
894259200 | 269536     87 python3 153436     86 rviz2 56600      58 ros2 56480      94 python3 
893919232 | 269536     87 python3 153436     86 rviz2 56600      58 ros2 56480      94 python3 
893915136 | 269536     87 python3 153436     86 rviz2 56600      58 ros2 56480      94 python3 
894267392 | 269536     87 python3 153436     86 rviz2 56600      58 ros2 56480      94 python3 
893919232 | 269536     87 python3 153436     86 rviz2 56600      58 ros2 56480      94 python3 
894181376 | 269536     87 python3 153436     86 rviz2 56600      58 ros2 56480      94 python3 
894705664 | 269536     87 python3 153436     86 rviz2 56600      58 ros2 56480      94 python3 
894443520 | 269536     87 python3 153436     86 rviz2 56600      58 ros2 56480      94 python3 
894844928 | 269536     87 python3 153436     86 rviz2 56600      58 ros2 56480      94 python3 
894451712 | 269536     87 python3 153436     86 rviz2 56600      58 ros2 56480      94 python3 
894529536 | 269536     87 python3 153436     86 rviz2 56600      58 ros2 56480      94 python3 
894701568 | 269536     87 python3 153436     86 rviz2 56600      58 ros2 56480      94 python3 
894734336 | 269536     87 python3 153436     86 rviz2 56600      58 ros2 56480      94 python3 
893927424 | 269536     87 python3 153436     86 rviz2 56600      58 ros2 56480      94 python3 
894464000 | 269536     87 python3 153436     86 rviz2 56600      58 ros2 56480      94 python3 
894181376 | 269536     87 python3 153436     86 rviz2 56600      58 ros2 56480      94 python3 
894398464 | 269536     87 python3 153436     86 rviz2 56600      58 ros2 56480      94 python3 
893931520 | 269536     87 python3 153436     86 rviz2 56600      58 ros2 56480      94 python3 
894533632 | 269536     87 python3 153436     86 rviz2 56600      58 ros2 56480      94 python3 
894685184 | 269536     87 python3 153436     86 rviz2 56600      58 ros2 56480      94 python3 
894447616 | 269536     87 python3 153436     86 rviz2 56600      58 ros2 56480      94 python3 
894459904 | 269536     87 python3 153436     86 rviz2 56600      58 ros2 56480      94 python3 
894746624 | 269536     87 python3 153436     86 rviz2 56600      58 ros2 56480      94 python3 
895164416 | 269536     87 python3 153436     86 rviz2 56600      58 ros2 56480      94 python3 
894304256 | 269536     87 python3 153436     86 rviz2 56600      58 ros2 56480      94 python3 
894726144 | 269536     87 python3 153436     86 rviz2 56600      58 ros2 56480      94 python3 
894803968 | 269536     87 python3 153436     86 rviz2 56600      58 ros2 56480      94 python3 
894607360 | 269536     87 python3 153436     86 rviz2 56600      58 ros2 56480      94 python3 
894615552 | 269536     87 python3 153436     86 rviz2 56600      58 ros2 56480      94 python3 
894189568 | 269536     87 python3 153436     86 rviz2 56600      58 ros2 56480      94 python3 
894447616 | 269536     87 python3 153436     86 rviz2 56600      58 ros2 56480      94 python3 
894701568 | 269536     87 python3 153436     86 rviz2 56600      58 ros2 56480      94 python3 
894451712 | 269536     87 python3 153436     86 rviz2 56600      58 ros2 56480      94 python3 
894816256 | 269536     87 python3 153436     86 rviz2 56600      58 ros2 56480      94 python3 
894861312 | 269536     87 python3 153436     86 rviz2 56600      58 ros2 56480      94 python3 
894676992 | 269536     87 python3 153436     86 rviz2 56600      58 ros2 56480      94 python3 
894996480 | 269536     87 python3 153436     86 rviz2 56600      58 ros2 56480      94 python3 
894603264 | 269536     87 python3 153436     86 rviz2 56600      58 ros2 56480      94 python3 
894185472 | 269536     87 python3 153436     86 rviz2 56600      58 ros2 56480      94 python3 
894152704 | 269536     87 python3 153436     86 rviz2 56600      58 ros2 56480      94 python3 
894185472 | 269536     87 python3 153436     86 rviz2 56600      58 ros2 56480      94 python3 
894185472 | 269536     87 python3 153436     86 rviz2 56600      58 ros2 56480      94 python3 
894185472 | 269536     87 python3 153436     86 rviz2 56600      58 ros2 56480      94 python3 
894779392 | 269536     87 python3 153436     86 rviz2 56600      58 ros2 56480      94 python3 
894451712 | 269536     87 python3 153436     86 rviz2 56600      58 ros2 56480      94 python3 
895082496 | 269536     87 python3 153436     86 rviz2 56600      58 ros2 56480      94 python3 
894455808 | 269536     87 python3 153436     86 rviz2 56600      58 ros2 56480      94 python3 
894947328 | 269536     87 python3 153436     86 rviz2 56600      58 ros2 56480      94 python3 
894971904 | 269536     87 python3 153436     86 rviz2 56600      58 ros2 56480      94 python3 
894685184 | 269536     87 python3 153436     86 rviz2 56600      58 ros2 56480      94 python3 
894763008 | 269536     87 python3 153436     86 rviz2 56600      58 ros2 56480      94 python3 
894455808 | 269536     87 python3 153436     86 rviz2 56600      58 ros2 56480      94 python3 
894222336 | 269536     87 python3 153436     86 rviz2 56600      58 ros2 56480      94 python3 
894316544 | 269536     87 python3 153436     86 rviz2 56600      58 ros2 56480      94 python3 
893980672 | 269536     87 python3 153436     86 rviz2 56600      58 ros2 56480      94 python3 
894328832 | 269536     87 python3 153436     86 rviz2 56600      58 ros2 56480      94 python3 
894771200 | 269536     87 python3 153436     86 rviz2 56600      58 ros2 56480      94 python3 
895037440 | 269536     87 python3 153436     86 rviz2 56600      58 ros2 56480      94 python3 
894906368 | 269536     87 python3 153436     86 rviz2 56600      58 ros2 56480      94 python3 
894976000 | 269536     87 python3 153436     86 rviz2 56600      58 ros2 56480      94 python3 
894795776 | 269536     87 python3 153436     86 rviz2 56600      58 ros2 56480      94 python3 
894554112 | 269536     87 python3 153436     86 rviz2 56600      58 ros2 56480      94 python3 
894558208 | 269536     87 python3 153436     86 rviz2 56600      58 ros2 56480      94 python3 
894128128 | 269536     87 python3 153436     86 rviz2 56600      58 ros2 56480      94 python3 
894181376 | 269536     87 python3 153436     86 rviz2 56600      58 ros2 56480      94 python3 
893829120 | 269536     87 python3 153436     86 rviz2 56600      58 ros2 56480      94 python3 
894091264 | 269536     87 python3 153436     86 rviz2 56600      58 ros2 56480      94 python3 
894582784 | 269536     87 python3 153436     86 rviz2 56600      58 ros2 56480      94 python3 
893931520 | 269536     87 python3 153436     86 rviz2 56600      58 ros2 56480      94 python3 
894980096 | 269536     87 python3 153436     86 rviz2 56600      58 ros2 56480      94 python3 
894717952 | 269536     87 python3 153436     86 rviz2 56600      58 ros2 56480      94 python3 
894455808 | 269536     87 python3 153436     86 rviz2 56600      58 ros2 56480      94 python3 
895066112 | 269536     87 python3 153436     86 rviz2 56600      58 ros2 56480      94 python3 
894976000 | 269536     87 python3 153436     86 rviz2 56600      58 ros2 56480      94 python3 
894722048 | 269536     87 python3 153436     86 rviz2 56600      58 ros2 56480      94 python3 
894935040 | 269536     87 python3 153436     86 rviz2 56600      58 ros2 56480      94 python3 
894193664 | 269536     87 python3 153436     86 rviz2 56600      58 ros2 56480      94 python3 
894623744 | 269536     87 python3 153436     86 rviz2 56600      58 ros2 56480      94 python3 
893931520 | 269536     87 python3 153436     86 rviz2 56600      58 ros2 56480      94 python3 
894541824 | 269536     87 python3 153436     86 rviz2 56600      58 ros2 56480      94 python3 
894193664 | 269536     87 python3 153436     86 rviz2 56600      58 ros2 56480      94 python3 
893865984 | 269536     87 python3 153436     86 rviz2 56600      58 ros2 56480      94 python3 
894488576 | 269536     87 python3 153436     86 rviz2 56600      58 ros2 56480      94 python3 
894857216 | 269536     87 python3 153436     86 rviz2 56600      58 ros2 56480      94 python3 
895016960 | 269536     87 python3 153436     86 rviz2 56600      58 ros2 56480      94 python3 
894476288 | 269536     87 python3 153436     86 rviz2 56600      58 ros2 56480      94 python3 
895193088 | 269536     87 python3 153436     86 rviz2 56600      58 ros2 56480      94 python3 
894459904 | 269536     87 python3 153436     86 rviz2 56600      58 ros2 56480      94 python3 
894722048 | 269536     87 python3 153436     86 rviz2 56600      58 ros2 56480      94 python3 
895074304 | 269536     87 python3 153436     86 rviz2 56600      58 ros2 56480      94 python3 
894173184 | 269536     87 python3 153436     86 rviz2 56600      58 ros2 56480      94 python3 
894447616 | 269536     87 python3 153436     86 rviz2 56600      58 ros2 56480      94 python3 
893919232 | 269536     87 python3 153436     86 rviz2 56600      58 ros2 56480      94 python3 
894230528 | 269536     87 python3 153436     86 rviz2 56600      58 ros2 56480      94 python3 
894279680 | 269536     87 python3 153436     86 rviz2 56600      58 ros2 56480      94 python3 
894357504 | 269536     87 python3 153436     86 rviz2 56600      58 ros2 56480      94 python3 
894242816 | 269536     87 python3 153436     86 rviz2 56600      58 ros2 56480      94 python3 
894418944 | 269536     87 python3 153436     86 rviz2 56600      58 ros2 56480      94 python3 
893968384 | 269536     87 python3 153436     86 rviz2 56600      58 ros2 56480      94 python3 
894410752 | 269536     87 python3 153436     86 rviz2 56600      58 ros2 56480      94 python3 
894324736 | 269536     87 python3 153436     86 rviz2 56600      58 ros2 56480      94 python3 
894377984 | 269536     87 python3 153436     86 rviz2 56600      58 ros2 56480      94 python3 
894672896 | 269536     87 python3 153436     86 rviz2 56600      58 ros2 56480      94 python3 
894410752 | 269536     87 python3 153436     86 rviz2 56600      58 ros2 56480      94 python3 
894193664 | 269536     87 python3 153436     86 rviz2 56600      58 ros2 56480      94 python3 
894296064 | 269536     87 python3 153436     86 rviz2 56600      58 ros2 56480      94 python3 
893870080 | 269536     87 python3 153436     86 rviz2 56600      58 ros2 56480      94 python3 
894394368 | 269536     87 python3 153436     86 rviz2 56600      58 ros2 56480      94 python3 
895074304 | 269536     87 python3 153436     86 rviz2 56600      58 ros2 56480      94 python3 
894722048 | 269536     87 python3 153436     86 rviz2 56600      58 ros2 56480      94 python3 
895123456 | 269536     87 python3 153436     86 rviz2 56600      58 ros2 56480      94 python3 
894640128 | 269536     87 python3 153436     86 rviz2 56600      58 ros2 56480      94 python3 
894857216 | 269536     87 python3 153436     86 rviz2 56600      58 ros2 56480      94 python3 
894992384 | 269536     87 python3 153436     86 rviz2 56600      58 ros2 56480      94 python3 
894152704 | 269536     87 python3 153436     86 rviz2 56600      58 ros2 56480      94 python3 
894140416 | 269536     87 python3 153436     86 rviz2 56600      58 ros2 56480      94 python3 
894214144 | 269536     87 python3 153436     86 rviz2 56600      58 ros2 56480      94 python3 
894722048 | 269536     87 python3 153436     86 rviz2 56600      58 ros2 56480      94 python3 
894275584 | 269536     87 python3 153436     86 rviz2 56600      58 ros2 56480      94 python3 
894758912 | 269536     87 python3 153436     86 rviz2 56600      58 ros2 56480      94 python3 
894726144 | 269536     87 python3 153436     86 rviz2 56600      58 ros2 56480      94 python3 
894840832 | 269536     87 python3 153436     86 rviz2 56600      58 ros2 56480      94 python3 
894734336 | 269536     87 python3 153436     86 rviz2 56600      58 ros2 56480      94 python3 
894476288 | 269536     87 python3 153436     86 rviz2 56600      58 ros2 56480      94 python3 
894689280 | 269536     87 python3 153436     86 rviz2 56600      58 ros2 56480      94 python3 
894730240 | 269536     87 python3 153436     86 rviz2 56600      58 ros2 56480      94 python3 
895037440 | 269536     87 python3 153436     86 rviz2 56600      58 ros2 56480      94 python3 
894726144 | 269536     87 python3 153436     86 rviz2 56600      58 ros2 56480      94 python3 
894898176 | 269536     87 python3 153436     86 rviz2 56600      58 ros2 56480      94 python3 
894021632 | 269536     87 python3 153436     86 rviz2 56600      58 ros2 56480      94 python3 
894099456 | 269536     87 python3 153436     86 rviz2 56600      58 ros2 56480      94 python3 
893935616 | 269536     87 python3 153436     86 rviz2 56600      58 ros2 56480      94 python3 
895188992 | 269536     87 python3 153436     86 rviz2 56600      58 ros2 56480      94 python3 
894738432 | 269536     87 python3 153436     86 rviz2 56600      58 ros2 56480      94 python3 
894742528 | 269536     87 python3 153436     86 rviz2 56600      58 ros2 56480      94 python3 
894816256 | 269536     87 python3 153436     86 rviz2 56600      58 ros2 56480      94 python3 
894726144 | 269536     87 python3 153436     86 rviz2 56600      58 ros2 56480      94 python3 
894648320 | 269536     87 python3 153436     86 rviz2 56600      58 ros2 56480      94 python3 
894447616 | 269536     87 python3 153436     86 rviz2 56600      58 ros2 56480      94 python3 
894275584 | 269536     87 python3 153436     86 rviz2 56600      58 ros2 56480      94 python3 
894423040 | 269536     87 python3 153436     86 rviz2 56600      58 ros2 56480      94 python3 
894201856 | 269536     87 python3 153436     86 rviz2 56600      58 ros2 56480      94 python3 
893943808 | 269536     87 python3 153436     86 rviz2 56600      58 ros2 56480      94 python3 
893952000 | 269536     87 python3 153436     86 rviz2 56600      58 ros2 56480      94 python3 
894484480 | 269536     87 python3 153436     86 rviz2 56600      58 ros2 56480      94 python3 
894668800 | 269536     87 python3 153436     86 rviz2 56600      58 ros2 56480      94 python3 
894730240 | 269536     87 python3 153436     86 rviz2 56600      58 ros2 56480      94 python3 
894771200 | 269536     87 python3 153436     86 rviz2 56600      58 ros2 56480      94 python3 
894828544 | 269536     87 python3 153436     86 rviz2 56600      58 ros2 56480      94 python3 
894619648 | 269536     87 python3 153436     86 rviz2 56600      58 ros2 56480      94 python3 
894734336 | 269536     87 python3 153436     86 rviz2 56600      58 ros2 56480      94 python3 
894738432 | 269536     87 python3 153436     86 rviz2 56600      58 ros2 56480      94 python3 
894803968 | 269536     87 python3 153436     86 rviz2 56600      58 ros2 56480      94 python3 
894742528 | 269536     87 python3 153436     86 rviz2 56600      58 ros2 56480      94 python3 
894083072 | 269536     87 python3 153436     86 rviz2 56600      58 ros2 56480      94 python3 
894431232 | 269536     87 python3 153436     86 rviz2 56600      58 ros2 56480      94 python3 
893947904 | 269536     87 python3 153436     86 rviz2 56600      58 ros2 56480      94 python3 
895033344 | 269536     87 python3 153436     86 rviz2 56600      58 ros2 56480      94 python3 
894586880 | 269536     87 python3 153436     86 rviz2 56600      58 ros2 56480      94 python3 
894476288 | 269536     87 python3 153436     86 rviz2 56600      58 ros2 56480      94 python3 
894468096 | 269536     87 python3 153436     86 rviz2 56600      58 ros2 56480      94 python3 
894648320 | 269536     87 python3 153436     86 rviz2 56600      58 ros2 56480      94 python3 
894218240 | 269536     87 python3 153436     86 rviz2 56600      58 ros2 56480      94 python3 
894738432 | 269536     87 python3 153436     86 rviz2 56600      58 ros2 56480      94 python3 
894476288 | 269536     87 python3 153436     86 rviz2 56600      58 ros2 56480      94 python3 
893952000 | 269536     87 python3 153436     86 rviz2 56600      58 ros2 56480      94 python3 
894324736 | 269536     87 python3 153436     86 rviz2 56600      58 ros2 56480      94 python3 
894353408 | 269536     87 python3 153436     86 rviz2 56600      58 ros2 56480      94 python3 
894525440 | 269536     87 python3 153436     86 rviz2 56600      58 ros2 56480      94 python3 
893947904 | 269536     87 python3 153436     86 rviz2 56600      58 ros2 56480      94 python3 
894476288 | 269536     87 python3 153436     86 rviz2 56600      58 ros2 56480      94 python3 
894734336 | 269536     87 python3 153436     86 rviz2 56600      58 ros2 56480      94 python3 
895053824 | 269536     87 python3 153436     86 rviz2 56600      58 ros2 56480      94 python3 
894861312 | 269536     87 python3 153436     86 rviz2 56600      58 ros2 56480      94 python3 
895283200 | 269536     87 python3 153436     86 rviz2 56600      58 ros2 56480      94 python3 
894996480 | 269536     87 python3 153436     86 rviz2 56600      58 ros2 56480      94 python3 
894631936 | 269536     87 python3 153436     86 rviz2 56600      58 ros2 56480      94 python3 
894377984 | 269536     87 python3 153436     86 rviz2 56600      58 ros2 56480      94 python3 
894259200 | 269536     87 python3 153436     86 rviz2 56600      58 ros2 56480      94 python3 
894083072 | 269536     87 python3 153436     86 rviz2 56600      58 ros2 56480      94 python3 
894414848 | 269536     87 python3 153436     86 rviz2 56600      58 ros2 56480      94 python3 
893947904 | 269536     87 python3 153436     86 rviz2 56600      58 ros2 56480      94 python3 
894402560 | 269536     87 python3 153436     86 rviz2 56600      58 ros2 56480      94 python3 
894480384 | 269536     87 python3 153436     86 rviz2 56600      58 ros2 56480      94 python3 
894472192 | 269536     87 python3 153436     86 rviz2 56600      58 ros2 56480      94 python3 
894746624 | 269536     87 python3 153436     86 rviz2 56600      58 ros2 56480      94 python3 
894734336 | 269536     87 python3 153436     86 rviz2 56600      58 ros2 56480      94 python3 
894996480 | 269536     87 python3 153436     86 rviz2 56600      58 ros2 56480      94 python3 
894734336 | 269536     87 python3 153436     86 rviz2 56600      58 ros2 56480      94 python3 
894992384 | 269536     87 python3 153436     86 rviz2 56600      58 ros2 56480      94 python3 
894742528 | 269536     87 python3 153436     86 rviz2 56600      58 ros2 56480      94 python3 
893952000 | 269536     87 python3 153436     86 rviz2 56600      58 ros2 56480      94 python3 
894210048 | 269536     87 python3 153436     86 rviz2 56600      58 ros2 56480      94 python3 
894496768 | 269536     87 python3 153436     86 rviz2 56600      58 ros2 56480      94 python3 
893943808 | 269536     87 python3 153436     86 rviz2 56600      58 ros2 56480      94 python3 
894734336 | 269536     87 python3 153436     86 rviz2 56600      58 ros2 56480      94 python3 
894406656 | 269536     87 python3 153436     86 rviz2 56600      58 ros2 56480      94 python3 
894816256 | 269536     87 python3 153436     86 rviz2 56600      58 ros2 56480      94 python3 
894705664 | 269536     87 python3 153436     86 rviz2 56600      58 ros2 56480      94 python3 
894783488 | 269536     87 python3 153436     86 rviz2 56600      58 ros2 56480      94 python3 
894484480 | 269536     87 python3 153436     86 rviz2 56600      58 ros2 56480      94 python3 
894038016 | 269536     87 python3 153436     86 rviz2 56600      58 ros2 56480      94 python3 
893956096 | 269536     87 python3 153436     86 rviz2 56600      58 ros2 56480      94 python3 
894255104 | 269536     87 python3 153436     86 rviz2 56600      58 ros2 56480      94 python3 
894246912 | 269536     87 python3 153436     86 rviz2 56600      58 ros2 56480      94 python3 
894476288 | 269536     87 python3 153436     86 rviz2 56600      58 ros2 56480      94 python3 
893890560 | 269536     87 python3 153436     86 rviz2 56600      58 ros2 56480      94 python3 
894038016 | 269536     87 python3 153436     86 rviz2 56600      58 ros2 56480      94 python3 
894742528 | 269536     87 python3 153436     86 rviz2 56600      58 ros2 56480      94 python3 
894476288 | 269536     87 python3 153436     86 rviz2 56600      58 ros2 56480      94 python3 
894484480 | 269536     87 python3 153436     86 rviz2 56600      58 ros2 56480      94 python3 
895008768 | 269536     87 python3 153436     86 rviz2 56600      58 ros2 56480      94 python3 
894480384 | 269536     87 python3 153436     86 rviz2 56600      58 ros2 56480      94 python3 
894742528 | 269536     87 python3 153436     86 rviz2 56600      58 ros2 56480      94 python3 
894742528 | 269536     87 python3 153436     86 rviz2 56600      58 ros2 56480      94 python3 
894369792 | 269536     87 python3 153436     86 rviz2 56600      58 ros2 56480      94 python3 
893947904 | 269536     87 python3 153436     86 rviz2 56600      58 ros2 56480      94 python3 
894480384 | 269536     87 python3 153436     86 rviz2 56600      58 ros2 56480      94 python3 
894214144 | 269536     87 python3 153436     86 rviz2 56600      58 ros2 56480      94 python3 
894214144 | 269536     87 python3 153436     86 rviz2 56600      58 ros2 56480      94 python3 
894566400 | 269536     87 python3 153436     86 rviz2 56600      58 ros2 56480      94 python3 
894967808 | 269536     87 python3 153436     86 rviz2 56600      58 ros2 56480      94 python3 
894480384 | 269536     87 python3 153436     86 rviz2 56600      58 ros2 56480      94 python3 
894779392 | 269536     87 python3 153436     86 rviz2 56600      58 ros2 56480      94 python3 
894623744 | 269536     87 python3 153436     86 rviz2 56600      58 ros2 56480      94 python3 
894767104 | 269536     87 python3 153436     86 rviz2 56600      58 ros2 56480      94 python3 
894738432 | 269536     87 python3 153436     86 rviz2 56600      58 ros2 56480      94 python3 
894480384 | 269536     87 python3 153436     86 rviz2 56600      58 ros2 56480      94 python3 
894476288 | 269536     87 python3 153436     86 rviz2 56600      58 ros2 56480      94 python3 
894332928 | 269536     87 python3 153436     86 rviz2 56600      58 ros2 56480      94 python3 
894181376 | 269536     87 python3 153436     86 rviz2 56600      58 ros2 56480      94 python3 
893956096 | 269536     87 python3 153436     86 rviz2 56600      58 ros2 56480      94 python3 
893952000 | 269536     87 python3 153436     86 rviz2 56600      58 ros2 56480      94 python3 
894623744 | 269536     87 python3 153436     86 rviz2 56600      58 ros2 56480      94 python3 
894476288 | 269536     87 python3 153436     86 rviz2 56600      58 ros2 56480      94 python3 
895000576 | 269536     87 python3 153436     86 rviz2 56600      58 ros2 56480      94 python3 
895270912 | 269536     87 python3 153436     86 rviz2 56600      58 ros2 56480      94 python3 
894480384 | 269536     87 python3 153436     86 rviz2 56600      58 ros2 56480      94 python3 
894742528 | 269536     87 python3 153436     86 rviz2 56600      58 ros2 56480      94 python3 
894177280 | 269536     87 python3 153436     86 rviz2 56600      58 ros2 56480      94 python3 
894668800 | 269536     87 python3 153436     86 rviz2 56600      58 ros2 56480      94 python3 
894226432 | 269536     87 python3 153436     86 rviz2 56600      58 ros2 56480      94 python3 
894222336 | 269536     87 python3 153436     86 rviz2 56600      58 ros2 56480      94 python3 
894500864 | 269536     87 python3 153436     86 rviz2 56600      58 ros2 56480      94 python3 
893952000 | 269536     87 python3 153436     86 rviz2 56600      58 ros2 56480      94 python3 
894746624 | 269536     87 python3 153436     86 rviz2 56600      58 ros2 56480      94 python3 
894488576 | 269536     87 python3 153436     86 rviz2 56600      58 ros2 56480      94 python3 
894857216 | 269536     87 python3 153436     86 rviz2 56600      58 ros2 56480      94 python3 
894840832 | 269536     87 python3 153436     86 rviz2 56600      58 ros2 56480      94 python3 
894746624 | 269536     87 python3 153436     86 rviz2 56600      58 ros2 56480      94 python3 
894750720 | 269536     87 python3 153436     86 rviz2 56600      58 ros2 56480      94 python3 
894750720 | 269536     87 python3 153436     86 rviz2 56600      58 ros2 56480      94 python3 
894746624 | 269536     87 python3 153436     86 rviz2 56600      58 ros2 56480      94 python3 
894484480 | 269536     87 python3 153436     86 rviz2 56600      58 ros2 56480      94 python3 
893837312 | 269536     87 python3 153436     86 rviz2 56600      58 ros2 56480      94 python3 
893960192 | 269536     87 python3 153436     86 rviz2 56600      58 ros2 56480      94 python3 
894509056 | 269536     87 python3 153436     86 rviz2 56600      58 ros2 56480      94 python3 
894480384 | 269536     87 python3 153436     86 rviz2 56600      58 ros2 56480      94 python3 
893964288 | 269536     87 python3 153436     86 rviz2 56600      58 ros2 56480      94 python3 
894218240 | 269536     87 python3 153436     86 rviz2 56600      58 ros2 56480      94 python3 
894009344 | 269536     87 python3 153436     86 rviz2 56600      58 ros2 56480      94 python3 
893845504 | 269536     87 python3 153436     86 rviz2 56600      58 ros2 56480      94 python3 
893964288 | 269536     87 python3 153436     86 rviz2 56600      58 ros2 56480      94 python3 
894423040 | 269536     87 python3 153436     86 rviz2 56600      58 ros2 56480      94 python3 
894152704 | 269536     87 python3 153436     86 rviz2 56600      58 ros2 56480      94 python3 
894119936 | 269536     87 python3 153436     86 rviz2 56600      58 ros2 56480      94 python3 
894222336 | 269536     87 python3 153436     86 rviz2 56600      58 ros2 56480      94 python3 
894750720 | 269536     87 python3 153436     86 rviz2 56600      58 ros2 56480      94 python3 
894222336 | 269536     87 python3 153436     86 rviz2 56600      58 ros2 56480      94 python3 
894488576 | 269536     87 python3 153436     86 rviz2 56600      58 ros2 56480      94 python3 
894484480 | 269536     87 python3 153436     86 rviz2 56600      58 ros2 56480      94 python3 
894488576 | 269536     87 python3 153436     86 rviz2 56600      58 ros2 56480      94 python3 
894488576 | 269536     87 python3 153436     86 rviz2 56600      58 ros2 56480      94 python3 
894697472 | 269536     87 python3 153436     86 rviz2 56600      58 ros2 56480      94 python3 
894799872 | 269536     87 python3 153436     86 rviz2 56600      58 ros2 56480      94 python3 
894763008 | 269536     87 python3 153436     86 rviz2 56600      58 ros2 56480      94 python3 
894754816 | 269536     87 python3 153436     86 rviz2 56600      58 ros2 56480      94 python3 
894488576 | 269536     87 python3 153436     86 rviz2 56600      58 ros2 56480      94 python3 
894484480 | 269536     87 python3 153436     86 rviz2 56600      58 ros2 56480      94 python3 
894263296 | 269536     87 python3 153436     86 rviz2 56600      58 ros2 56480      94 python3 
894349312 | 269536     87 python3 153436     86 rviz2 56600      58 ros2 56480      94 python3 
893988864 | 269536     87 python3 153436     86 rviz2 56600      58 ros2 56480      94 python3 
894406656 | 269536     87 python3 153436     86 rviz2 56600      58 ros2 56480      94 python3 
894652416 | 269536     87 python3 153436     86 rviz2 56600      58 ros2 56480      94 python3 
894517248 | 269536     87 python3 153436     86 rviz2 56600      58 ros2 56480      94 python3 
894492672 | 269536     87 python3 153436     86 rviz2 56600      58 ros2 56480      94 python3 
894758912 | 269536     87 python3 153436     86 rviz2 56600      58 ros2 56480      94 python3 
894316544 | 269536     87 python3 153436     86 rviz2 56600      58 ros2 56480      94 python3 
894562304 | 269536     87 python3 153436     86 rviz2 56600      58 ros2 56480      94 python3 
894644224 | 269536     87 python3 153436     86 rviz2 56600      58 ros2 56480      94 python3 
894857216 | 269536     87 python3 153436     86 rviz2 56600      58 ros2 56480      94 python3 
894599168 | 269536     87 python3 153436     86 rviz2 56600      58 ros2 56480      94 python3 
894865408 | 269536     87 python3 153436     86 rviz2 56600      58 ros2 56480      94 python3 
894504960 | 269536     87 python3 153436     86 rviz2 56600      58 ros2 56480      94 python3 
894185472 | 269536     87 python3 153436     86 rviz2 56600      58 ros2 56480      94 python3 
894242816 | 269536     87 python3 153436     86 rviz2 56600      58 ros2 56480      94 python3 
894767104 | 269536     87 python3 153436     86 rviz2 56600      58 ros2 56480      94 python3 
895016960 | 269536     87 python3 153436     86 rviz2 56600      58 ros2 56480      94 python3 
895721472 | 269536     87 python3 153436     86 rviz2 56600      58 ros2 56480      94 python3 
895291392 | 269536     87 python3 153436     86 rviz2 56600      58 ros2 56480      94 python3 
894500864 | 269536     87 python3 153436     86 rviz2 56600      58 ros2 56480      94 python3 
894779392 | 269536     87 python3 153436     86 rviz2 56600      58 ros2 56480      94 python3 
894230528 | 269536     87 python3 153436     86 rviz2 56600      58 ros2 56480      94 python3 
894492672 | 269536     87 python3 153436     86 rviz2 56600      58 ros2 56480      94 python3 
894226432 | 269536     87 python3 153436     86 rviz2 56600      58 ros2 56480      94 python3 
894488576 | 269536     87 python3 153436     86 rviz2 56600      58 ros2 56480      94 python3 
894570496 | 269536     87 python3 153436     86 rviz2 56600      58 ros2 56480      94 python3 
894754816 | 269536     87 python3 153436     86 rviz2 56600      58 ros2 56480      94 python3 
895012864 | 269536     87 python3 153436     86 rviz2 56600      58 ros2 56480      94 python3 
894758912 | 269536     87 python3 153436     86 rviz2 56600      58 ros2 56480      94 python3 
894496768 | 269536     87 python3 153436     86 rviz2 56600      58 ros2 56480      94 python3 
894963712 | 269536     87 python3 153436     86 rviz2 56600      58 ros2 56480      94 python3 
894754816 | 269536     87 python3 153436     86 rviz2 56600      58 ros2 56480      94 python3 
894611456 | 269536     87 python3 153436     86 rviz2 56600      58 ros2 56480      94 python3 
894959616 | 269536     87 python3 153436     86 rviz2 56600      58 ros2 56480      94 python3 
894758912 | 269536     87 python3 153436     86 rviz2 56600      58 ros2 56480      94 python3 
894066688 | 269536     87 python3 153436     86 rviz2 56600      58 ros2 56480      94 python3 
894439424 | 269536     87 python3 153436     86 rviz2 56600      58 ros2 56480      94 python3 
894296064 | 269536     87 python3 153436     86 rviz2 56600      58 ros2 56480      94 python3 
894599168 | 269536     87 python3 153436     86 rviz2 56600      58 ros2 56480      94 python3 
893964288 | 269536     87 python3 153436     86 rviz2 56600      58 ros2 56480      94 python3 
894427136 | 269536     87 python3 153436     86 rviz2 56600      58 ros2 56480      94 python3 
894955520 | 269536     87 python3 153436     86 rviz2 56600      58 ros2 56480      94 python3 
894427136 | 269536     87 python3 153436     86 rviz2 56600      58 ros2 56480      94 python3 
894500864 | 269536     87 python3 153436     86 rviz2 56600      58 ros2 56480      94 python3 
895057920 | 269536     87 python3 153436     86 rviz2 56600      58 ros2 56480      94 python3 
894218240 | 269536     87 python3 153436     86 rviz2 56600      58 ros2 56480      94 python3 
894746624 | 269536     87 python3 153436     86 rviz2 56600      58 ros2 56480      94 python3 
894644224 | 269536     87 python3 153436     86 rviz2 56600      58 ros2 56480      94 python3 
893976576 | 269536     87 python3 153436     86 rviz2 56600      58 ros2 56480      94 python3 
894083072 | 269536     87 python3 153436     86 rviz2 56600      58 ros2 56480      94 python3 
894353408 | 269536     87 python3 153436     86 rviz2 56600      58 ros2 56480      94 python3 
894504960 | 269536     87 python3 153436     86 rviz2 56600      58 ros2 56480      94 python3 
894504960 | 269536     87 python3 153436     86 rviz2 56600      58 ros2 56480      94 python3 
894767104 | 269536     87 python3 153436     86 rviz2 56600      58 ros2 56480      94 python3 
894844928 | 269536     87 python3 153436     86 rviz2 56600      58 ros2 56480      94 python3 
894504960 | 269536     87 python3 153436     86 rviz2 56600      58 ros2 56480      94 python3 
895184896 | 269536     87 python3 153436     86 rviz2 56600      58 ros2 56480      94 python3 
894898176 | 269536     87 python3 153436     86 rviz2 56600      58 ros2 56480      94 python3 
894504960 | 269536     87 python3 153436     86 rviz2 56600      58 ros2 56480      94 python3 
894504960 | 269536     87 python3 153436     86 rviz2 56600      58 ros2 56480      94 python3 
894066688 | 269536     87 python3 153436     86 rviz2 56600      58 ros2 56480      94 python3 
894504960 | 269536     87 python3 153436     86 rviz2 56600      58 ros2 56480      94 python3 
894554112 | 269536     87 python3 153436     86 rviz2 56600      58 ros2 56480      94 python3 
894238720 | 269536     87 python3 153436     86 rviz2 56600      58 ros2 56480      94 python3 
893952000 | 269536     87 python3 153436     86 rviz2 56600      58 ros2 56480      94 python3 
894398464 | 269536     87 python3 153436     86 rviz2 56600      58 ros2 56480      94 python3 
894623744 | 269536     87 python3 153436     86 rviz2 56600      58 ros2 56480      94 python3 
894857216 | 269536     87 python3 153436     86 rviz2 56600      58 ros2 56480      94 python3 
894763008 | 269536     87 python3 153436     86 rviz2 56600      58 ros2 56480      94 python3 
894959616 | 269536     87 python3 153436     86 rviz2 56600      58 ros2 56480      94 python3 
895123456 | 269536     87 python3 153436     86 rviz2 56600      58 ros2 56480      94 python3 
894619648 | 269536     87 python3 153436     86 rviz2 56600      58 ros2 56480      94 python3 
894500864 | 269536     87 python3 153436     86 rviz2 56600      58 ros2 56480      94 python3 
894799872 | 269536     87 python3 153436     86 rviz2 56600      58 ros2 56480      94 python3 
894025728 | 269536     87 python3 153436     86 rviz2 56600      58 ros2 56480      94 python3 
894312448 | 269536     87 python3 153436     86 rviz2 56600      58 ros2 56480      94 python3 
894377984 | 269536     87 python3 153436     86 rviz2 56600      58 ros2 56480      94 python3 
894226432 | 269536     87 python3 153436     86 rviz2 56600      58 ros2 56480      94 python3 
894509056 | 269536     87 python3 153436     86 rviz2 56600      58 ros2 56480      94 python3 
895115264 | 269536     87 python3 153436     86 rviz2 56600      58 ros2 56480      94 python3 
894763008 | 269536     87 python3 153436     86 rviz2 56600      58 ros2 56480      94 python3 
894775296 | 269536     87 python3 153436     86 rviz2 56600      58 ros2 56480      94 python3 
894500864 | 269536     87 python3 153436     86 rviz2 56600      58 ros2 56480      94 python3 
894840832 | 269536     87 python3 153436     86 rviz2 56600      58 ros2 56480      94 python3 
894259200 | 269536     87 python3 153436     86 rviz2 56600      58 ros2 56480      94 python3 
894443520 | 269536     87 python3 153436     86 rviz2 56600      58 ros2 56480      94 python3 
894242816 | 269536     87 python3 153436     86 rviz2 56600      58 ros2 56480      94 python3 
894238720 | 269536     87 python3 153436     86 rviz2 56600      58 ros2 56480      94 python3 
894009344 | 269536     87 python3 153436     86 rviz2 56600      58 ros2 56480      94 python3 
894201856 | 269536     87 python3 153436     86 rviz2 56600      58 ros2 56480      94 python3 
893984768 | 269536     87 python3 153436     86 rviz2 56600      58 ros2 56480      94 python3 
894504960 | 269536     87 python3 153436     86 rviz2 56600      58 ros2 56480      94 python3 
894787584 | 269536     87 python3 153436     86 rviz2 56600      58 ros2 56480      94 python3 
894803968 | 269536     87 python3 153436     86 rviz2 56600      58 ros2 56480      94 python3 
894771200 | 269536     87 python3 153436     86 rviz2 56600      58 ros2 56480      94 python3 
894648320 | 269536     87 python3 153436     86 rviz2 56600      58 ros2 56480      94 python3 
894509056 | 269536     87 python3 153436     86 rviz2 56600      58 ros2 56480      94 python3 
894504960 | 269536     87 python3 153436     86 rviz2 56600      58 ros2 56480      94 python3 
894177280 | 269536     87 python3 153436     86 rviz2 56600      58 ros2 56480      94 python3 
894676992 | 269536     87 python3 153436     86 rviz2 56600      58 ros2 56480      94 python3 
894242816 | 269536     87 python3 153436     86 rviz2 56600      58 ros2 56480      94 python3 
894226432 | 269536     87 python3 153436     86 rviz2 56600      58 ros2 56480      94 python3 
893980672 | 269536     87 python3 153436     86 rviz2 56600      58 ros2 56480      94 python3 
894504960 | 269536     87 python3 153436     86 rviz2 56600      58 ros2 56480      94 python3 
894771200 | 269536     87 python3 153436     86 rviz2 56600      58 ros2 56480      94 python3 
894521344 | 269536     87 python3 153436     86 rviz2 56600      58 ros2 56480      94 python3 
894636032 | 269536     87 python3 153436     86 rviz2 56600      58 ros2 56480      94 python3 
894513152 | 269536     87 python3 153436     86 rviz2 56600      58 ros2 56480      94 python3 
894775296 | 269536     87 python3 153436     86 rviz2 56600      58 ros2 56480      94 python3 
894812160 | 269536     87 python3 153436     86 rviz2 56600      58 ros2 56480      94 python3 
895078400 | 269536     87 python3 153436     86 rviz2 56600      58 ros2 56480      94 python3 
894509056 | 269536     87 python3 153436     86 rviz2 56600      58 ros2 56480      94 python3 
894832640 | 269536     87 python3 153436     86 rviz2 56600      58 ros2 56480      94 python3 
894251008 | 269536     87 python3 153436     86 rviz2 56600      58 ros2 56480      94 python3 
894353408 | 269536     87 python3 153436     86 rviz2 56600      58 ros2 56480      94 python3 
893976576 | 269536     87 python3 153436     86 rviz2 56600      58 ros2 56480      94 python3 
894390272 | 269536     87 python3 153436     86 rviz2 56600      58 ros2 56480      94 python3 
894705664 | 269536     87 python3 153436     86 rviz2 56600      58 ros2 56480      94 python3 
894767104 | 269536     87 python3 153436     86 rviz2 56600      58 ros2 56480      94 python3 
894816256 | 269536     87 python3 153436     86 rviz2 56600      58 ros2 56480      94 python3 
894779392 | 269536     87 python3 153436     86 rviz2 56600      58 ros2 56480      94 python3 
894513152 | 269536     87 python3 153436     86 rviz2 56600      58 ros2 56480      94 python3 
894545920 | 269536     87 python3 153436     86 rviz2 56600      58 ros2 56480      94 python3 
894775296 | 269536     87 python3 153436     86 rviz2 56600      58 ros2 56480      94 python3 
894177280 | 269536     87 python3 153436     86 rviz2 56600      58 ros2 56480      94 python3 
894083072 | 269536     87 python3 153436     86 rviz2 56600      58 ros2 56480      94 python3 
894345216 | 269536     87 python3 153436     86 rviz2 56600      58 ros2 56480      94 python3 
894484480 | 269536     87 python3 153436     86 rviz2 56600      58 ros2 56480      94 python3 
895115264 | 269536     87 python3 153436     86 rviz2 56600      58 ros2 56480      94 python3 
894779392 | 269536     87 python3 153436     86 rviz2 56600      58 ros2 56480      94 python3 
894873600 | 269536     87 python3 153436     86 rviz2 56600      58 ros2 56480      94 python3 
894779392 | 269536     87 python3 153436     86 rviz2 56600      58 ros2 56480      94 python3 
894509056 | 269536     87 python3 153436     86 rviz2 56600      58 ros2 56480      94 python3 
894922752 | 269536     87 python3 153436     86 rviz2 56600      58 ros2 56480      94 python3 
894787584 | 269536     87 python3 153436     86 rviz2 56600      58 ros2 56480      94 python3 
894525440 | 269536     87 python3 153436     86 rviz2 56600      58 ros2 56480      94 python3 
894783488 | 269536     87 python3 153436     86 rviz2 56600      58 ros2 56480      94 python3 
894550016 | 269536     87 python3 153436     86 rviz2 56600      58 ros2 56480      94 python3 
894595072 | 269536     87 python3 153436     86 rviz2 56600      58 ros2 56480      94 python3 
894562304 | 269536     87 python3 153436     86 rviz2 56600      58 ros2 56480      94 python3 
894251008 | 269536     87 python3 153436     86 rviz2 56600      58 ros2 56480      94 python3 
894078976 | 269536     87 python3 153436     86 rviz2 56600      58 ros2 56480      94 python3 
894509056 | 269536     87 python3 153436     86 rviz2 56600      58 ros2 56480      94 python3 
894558208 | 269536     87 python3 153436     86 rviz2 56600      58 ros2 56480      94 python3 
894251008 | 269536     87 python3 153436     86 rviz2 56600      58 ros2 56480      94 python3 
893992960 | 269536     87 python3 153436     86 rviz2 56600      58 ros2 56480      94 python3 
894337024 | 269536     87 python3 153436     86 rviz2 56600      58 ros2 56480      94 python3 
894255104 | 269536     87 python3 153436     86 rviz2 56600      58 ros2 56480      94 python3 
893984768 | 269536     87 python3 153436     86 rviz2 56600      58 ros2 56480      94 python3 
894251008 | 269536     87 python3 153436     86 rviz2 56600      58 ros2 56480      94 python3 
893984768 | 269536     87 python3 153436     86 rviz2 56600      58 ros2 56480      94 python3 
893992960 | 269536     87 python3 153436     86 rviz2 56600      58 ros2 56480      94 python3 
894009344 | 269536     87 python3 153436     86 rviz2 56600      58 ros2 56480      94 python3 
894242816 | 269536     87 python3 153436     86 rviz2 56600      58 ros2 56480      94 python3 
894771200 | 269536     87 python3 153436     86 rviz2 56600      58 ros2 56480      94 python3 
894517248 | 269536     87 python3 153436     86 rviz2 56600      58 ros2 56480      94 python3 
894717952 | 269536     87 python3 153436     86 rviz2 56600      58 ros2 56480      94 python3 
894976000 | 269536     87 python3 153436     86 rviz2 56600      58 ros2 56480      94 python3 
894971904 | 269536     87 python3 153436     86 rviz2 56600      58 ros2 56480      94 python3 
894554112 | 269536     87 python3 153436     86 rviz2 56600      58 ros2 56480      94 python3 
894779392 | 269536     87 python3 153436     86 rviz2 56600      58 ros2 56480      94 python3 
894513152 | 269536     87 python3 153436     86 rviz2 56600      58 ros2 56480      94 python3 
894484480 | 269536     87 python3 153436     86 rviz2 56600      58 ros2 56480      94 python3 
894578688 | 269536     87 python3 153436     86 rviz2 56600      58 ros2 56480      94 python3 
894562304 | 269536     87 python3 153436     86 rviz2 56600      58 ros2 56480      94 python3 
894070784 | 269536     87 python3 153436     86 rviz2 56600      58 ros2 56480      94 python3 
895033344 | 269536     87 python3 153436     86 rviz2 56600      58 ros2 56480      94 python3 
895348736 | 269536     87 python3 153436     86 rviz2 56600      58 ros2 56480      94 python3 
894746624 | 269536     87 python3 153436     86 rviz2 56600      58 ros2 56480      94 python3 
894521344 | 269536     87 python3 153436     86 rviz2 56600      58 ros2 56480      94 python3 
894742528 | 269536     87 python3 153436     86 rviz2 56600      58 ros2 56480      94 python3 
894918656 | 269536     87 python3 153436     86 rviz2 56600      58 ros2 56480      94 python3 
894525440 | 269536     87 python3 153436     86 rviz2 56600      58 ros2 56480      94 python3 
894869504 | 269536     87 python3 153436     86 rviz2 56600      58 ros2 56480      94 python3 
894935040 | 269536     87 python3 153436     86 rviz2 56600      58 ros2 56480      94 python3 
894230528 | 269536     87 python3 153436     86 rviz2 56600      58 ros2 56480      94 python3 
894763008 | 269536     87 python3 153436     86 rviz2 56600      58 ros2 56480      94 python3 
894013440 | 269536     87 python3 153436     86 rviz2 56600      58 ros2 56480      94 python3 
894005248 | 269536     87 python3 153436     86 rviz2 56600      58 ros2 56480      94 python3 
894525440 | 269536     87 python3 153436     86 rviz2 56600      58 ros2 56480      94 python3 
895049728 | 269536     87 python3 153436     86 rviz2 56600      58 ros2 56480      94 python3 
895213568 | 269536     87 python3 153436     86 rviz2 56600      58 ros2 56480      94 python3 
895102976 | 269536     87 python3 153436     86 rviz2 56600      58 ros2 56480      94 python3 
894865408 | 269536     87 python3 153436     86 rviz2 56600      58 ros2 56480      94 python3 
894787584 | 269536     87 python3 153436     86 rviz2 56600      58 ros2 56480      94 python3 
894533632 | 269536     87 python3 153436     86 rviz2 56600      58 ros2 56480      94 python3 
894636032 | 269536     87 python3 153436     86 rviz2 56600      58 ros2 56480      94 python3 
894492672 | 269536     87 python3 153436     86 rviz2 56600      58 ros2 56480      94 python3 
894341120 | 269536     87 python3 153436     86 rviz2 56600      58 ros2 56480      94 python3 
894648320 | 269536     87 python3 153436     86 rviz2 56600      58 ros2 56480      94 python3 
893935616 | 269536     87 python3 153436     86 rviz2 56600      58 ros2 56480      94 python3 
894459904 | 269536     87 python3 153436     86 rviz2 56600      58 ros2 56480      94 python3 
894529536 | 269536     87 python3 153436     86 rviz2 56600      58 ros2 56480      94 python3 
894894080 | 269536     87 python3 153436     86 rviz2 56600      58 ros2 56480      94 python3 
894525440 | 269536     87 python3 153436     86 rviz2 56600      58 ros2 56480      94 python3 
895045632 | 269536     87 python3 153436     86 rviz2 56600      58 ros2 56480      94 python3 
894791680 | 269536     87 python3 153436     86 rviz2 56600      58 ros2 56480      94 python3 
894607360 | 269536     87 python3 153436     86 rviz2 56600      58 ros2 56480      94 python3 
894595072 | 269536     87 python3 153436     86 rviz2 56600      58 ros2 56480      94 python3 
894263296 | 269536     87 python3 153436     86 rviz2 56600      58 ros2 56480      94 python3 
894189568 | 269536     87 python3 153436     86 rviz2 56600      58 ros2 56480      94 python3 
894259200 | 269536     87 python3 153436     86 rviz2 56600      58 ros2 56480      94 python3 
894124032 | 269536     87 python3 153436     86 rviz2 56600      58 ros2 56480      94 python3 
894001152 | 269536     87 python3 153436     86 rviz2 56600      58 ros2 56480      94 python3 
894787584 | 269536     87 python3 153436     86 rviz2 56600      58 ros2 56480      94 python3 
895098880 | 269536     87 python3 153436     86 rviz2 56600      58 ros2 56480      94 python3 
895012864 | 269536     87 python3 153436     86 rviz2 56600      58 ros2 56480      94 python3 
895012864 | 269536     87 python3 153436     86 rviz2 56600      58 ros2 56480      94 python3 
895238144 | 269536     87 python3 153436     86 rviz2 56600      58 ros2 56480      94 python3 
894431232 | 269536     87 python3 153436     86 rviz2 56600      58 ros2 56480      94 python3 
895340544 | 269536     87 python3 153436     86 rviz2 56600      58 ros2 56480      94 python3 
894500864 | 269536     87 python3 153436     86 rviz2 56600      58 ros2 56480      94 python3 
894791680 | 269536     87 python3 153436     86 rviz2 56600      58 ros2 56480      94 python3 
894791680 | 269536     87 python3 153436     86 rviz2 56600      58 ros2 56480      94 python3 
894013440 | 269536     87 python3 153436     86 rviz2 56600      58 ros2 56480      94 python3 
894554112 | 269536     87 python3 153436     86 rviz2 56600      58 ros2 56480      94 python3 
894541824 | 269536     87 python3 153436     86 rviz2 56600      58 ros2 56480      94 python3 
894795776 | 269536     87 python3 153436     86 rviz2 56600      58 ros2 56480      94 python3 
894582784 | 269536     87 python3 153436     86 rviz2 56600      58 ros2 56480      94 python3 
894607360 | 269536     87 python3 153436     86 rviz2 56600      58 ros2 56480      94 python3 
895066112 | 269536     87 python3 153436     86 rviz2 56600      58 ros2 56480      94 python3 
894791680 | 269536     87 python3 153436     86 rviz2 56600      58 ros2 56480      94 python3 
894799872 | 269536     87 python3 153436     86 rviz2 56600      58 ros2 56480      94 python3 
894197760 | 269536     87 python3 153436     86 rviz2 56600      58 ros2 56480      94 python3 
894197760 | 269536     87 python3 153436     86 rviz2 56600      58 ros2 56480      94 python3 
894386176 | 269536     87 python3 153436     86 rviz2 56600      58 ros2 56480      94 python3 
894107648 | 269536     87 python3 153436     86 rviz2 56600      58 ros2 56480      94 python3 
894009344 | 269536     87 python3 153436     86 rviz2 56600      58 ros2 56480      94 python3 
894283776 | 269536     87 python3 153436     86 rviz2 56600      58 ros2 56480      94 python3 
894935040 | 269536     87 python3 153436     86 rviz2 56600      58 ros2 56480      94 python3 
894676992 | 269536     87 python3 153436     86 rviz2 56600      58 ros2 56480      94 python3 
894812160 | 269536     87 python3 153436     86 rviz2 56600      58 ros2 56480      94 python3 
894545920 | 269536     87 python3 153436     86 rviz2 56600      58 ros2 56480      94 python3 
894898176 | 269536     87 python3 153436     86 rviz2 56600      58 ros2 56480      94 python3 
895045632 | 269536     87 python3 153436     86 rviz2 56600      58 ros2 56480      94 python3 
894418944 | 269536     87 python3 153436     86 rviz2 56600      58 ros2 56480      94 python3 
895066112 | 269536     87 python3 153436     86 rviz2 56600      58 ros2 56480      94 python3 
894533632 | 269536     87 python3 153436     86 rviz2 56600      58 ros2 56480      94 python3 
894054400 | 269536     87 python3 153436     86 rviz2 56600      58 ros2 56480      94 python3 
894541824 | 269536     87 python3 153436     86 rviz2 56600      58 ros2 56480      94 python3 
893976576 | 269536     87 python3 153436     86 rviz2 56600      58 ros2 56480      94 python3 
894509056 | 269536     87 python3 153436     86 rviz2 56600      58 ros2 56480      94 python3 
894889984 | 269536     87 python3 153436     86 rviz2 56600      58 ros2 56480      94 python3 
894877696 | 269536     87 python3 153436     86 rviz2 56600      58 ros2 56480      94 python3 
894545920 | 269536     87 python3 153436     86 rviz2 56600      58 ros2 56480      94 python3 
894799872 | 269536     87 python3 153436     86 rviz2 56600      58 ros2 56480      94 python3 
894533632 | 269536     87 python3 153436     86 rviz2 56600      58 ros2 56480      94 python3 
894799872 | 269536     87 python3 153436     86 rviz2 56600      58 ros2 56480      94 python3 
894205952 | 269536     87 python3 153436     86 rviz2 56600      58 ros2 56480      94 python3 
894218240 | 269536     87 python3 153436     86 rviz2 56600      58 ros2 56480      94 python3 
893943808 | 269536     87 python3 153436     86 rviz2 56600      58 ros2 56480      94 python3 
894013440 | 269536     87 python3 153436     86 rviz2 56600      58 ros2 56480      94 python3 
894009344 | 269536     87 python3 153436     86 rviz2 56600      58 ros2 56480      94 python3 
894230528 | 269536     87 python3 153436     86 rviz2 56600      58 ros2 56480      94 python3 
894279680 | 269536     87 python3 153436     86 rviz2 56600      58 ros2 56480      94 python3 
894799872 | 269536     87 python3 153436     86 rviz2 56600      58 ros2 56480      94 python3 
894541824 | 269536     87 python3 153436     86 rviz2 56600      58 ros2 56480      94 python3 
895053824 | 269536     87 python3 153436     86 rviz2 56600      58 ros2 56480      94 python3 
894742528 | 269536     87 python3 153436     86 rviz2 56600      58 ros2 56480      94 python3 
894541824 | 269536     87 python3 153436     86 rviz2 56600      58 ros2 56480      94 python3 
895070208 | 269536     87 python3 153436     86 rviz2 56600      58 ros2 56480      94 python3 
894803968 | 269536     87 python3 153436     86 rviz2 56600      58 ros2 56480      94 python3 
894599168 | 269536     87 python3 153436     86 rviz2 56600      58 ros2 56480      94 python3 
894341120 | 269536     87 python3 153436     86 rviz2 56600      58 ros2 56480      94 python3 
894160896 | 269536     87 python3 153436     86 rviz2 56600      58 ros2 56480      94 python3 
894337024 | 269536     87 python3 153436     86 rviz2 56600      58 ros2 56480      94 python3 
894062592 | 269536     87 python3 153436     86 rviz2 56600      58 ros2 56480      94 python3 
894685184 | 269536     87 python3 153436     86 rviz2 56600      58 ros2 56480      94 python3 
895070208 | 269536     87 python3 153436     86 rviz2 56600      58 ros2 56480      94 python3 
894812160 | 269536     87 python3 153436     86 rviz2 56600      58 ros2 56480      94 python3 
894541824 | 269536     87 python3 153436     86 rviz2 56600      58 ros2 56480      94 python3 
894808064 | 269536     87 python3 153436     86 rviz2 56600      58 ros2 56480      94 python3 
894746624 | 269536     87 python3 153436     86 rviz2 56600      58 ros2 56480      94 python3 
894541824 | 269536     87 python3 153436     86 rviz2 56600      58 ros2 56480      94 python3 
894808064 | 269536     87 python3 153436     86 rviz2 56600      58 ros2 56480      94 python3 
894541824 | 269536     87 python3 153436     86 rviz2 56600      58 ros2 56480      94 python3 
894013440 | 269536     87 python3 153436     86 rviz2 56600      58 ros2 56480      94 python3 
894164992 | 269536     87 python3 153436     86 rviz2 56600      58 ros2 56480      94 python3 
894279680 | 269536     87 python3 153436     86 rviz2 56600      58 ros2 56480      94 python3 
894509056 | 269536     87 python3 153436     86 rviz2 56600      58 ros2 56480      94 python3 
895299584 | 269536     87 python3 153436     86 rviz2 56600      58 ros2 56480      94 python3 
894971904 | 269536     87 python3 153436     86 rviz2 56600      58 ros2 56480      94 python3 
895238144 | 269536     87 python3 153436     86 rviz2 56600      58 ros2 56480      94 python3 
894971904 | 269536     87 python3 153436     86 rviz2 56600      58 ros2 56480      94 python3 
895340544 | 269536     87 python3 153436     86 rviz2 56600      58 ros2 56480      94 python3 
895275008 | 269536     87 python3 153436     86 rviz2 56600      58 ros2 56480      94 python3 
894828544 | 269536     87 python3 153436     86 rviz2 56600      58 ros2 56480      94 python3 
895561728 | 269536     87 python3 153436     86 rviz2 56600      58 ros2 56480      94 python3 
895373312 | 269536     87 python3 153436     86 rviz2 56600      58 ros2 56480      94 python3 
895340544 | 269536     87 python3 153436     86 rviz2 56600      58 ros2 56480      94 python3 
894595072 | 269536     87 python3 153436     86 rviz2 56600      58 ros2 56480      94 python3 
895246336 | 269536     87 python3 153436     86 rviz2 56600      58 ros2 56480      94 python3 
895098880 | 269536     87 python3 153436     86 rviz2 56600      58 ros2 56480      94 python3 
895660032 | 269536     87 python3 153436     86 rviz2 56600      58 ros2 56480      94 python3 
895504384 | 269536     87 python3 153436     86 rviz2 56600      58 ros2 56480      94 python3 
895328256 | 269536     87 python3 153436     86 rviz2 56600      58 ros2 56480      94 python3 
895320064 | 269536     87 python3 153436     86 rviz2 56600      58 ros2 56480      94 python3 
895406080 | 269536     87 python3 153436     86 rviz2 56600      58 ros2 56480      94 python3 
895348736 | 269536     87 python3 153436     86 rviz2 56600      58 ros2 56480      94 python3 
895365120 | 269536     87 python3 153436     86 rviz2 56600      58 ros2 56480      94 python3 
894783488 | 269536     87 python3 153436     86 rviz2 56600      58 ros2 56480      94 python3 
895037440 | 269536     87 python3 153436     86 rviz2 56600      58 ros2 56480      94 python3 
894619648 | 269536     87 python3 153436     86 rviz2 56600      58 ros2 56480      94 python3 
894976000 | 269536     87 python3 153436     86 rviz2 56600      58 ros2 56480      94 python3 
894865408 | 269536     87 python3 153436     86 rviz2 56600      58 ros2 56480      94 python3 
894922752 | 269536     87 python3 153436     86 rviz2 56600      58 ros2 56480      94 python3 
894947328 | 269536     87 python3 153436     86 rviz2 56600      58 ros2 56480      94 python3 
894926848 | 269536     87 python3 153436     86 rviz2 56600      58 ros2 56480      94 python3 
894873600 | 269536     87 python3 153436     86 rviz2 56600      58 ros2 56480      94 python3 
895107072 | 269536     87 python3 153436     86 rviz2 56600      58 ros2 56480      94 python3 
894656512 | 269536     87 python3 153436     86 rviz2 56600      58 ros2 56480      94 python3 
895164416 | 269536     87 python3 153436     86 rviz2 56600      58 ros2 56480      94 python3 
894779392 | 269536     87 python3 153436     86 rviz2 56600      58 ros2 56480      94 python3 
894611456 | 269536     87 python3 153436     86 rviz2 56600      58 ros2 56480      94 python3 
894750720 | 269536     87 python3 153436     86 rviz2 56600      58 ros2 56480      94 python3 
894468096 | 269536     87 python3 153436     86 rviz2 56600      58 ros2 56480      94 python3 
895553536 | 269536     87 python3 153436     86 rviz2 56600      58 ros2 56480      94 python3 
894676992 | 269536     87 python3 153436     86 rviz2 56600      58 ros2 56480      94 python3 
895651840 | 269536     87 python3 153436     86 rviz2 56600      58 ros2 56480      94 python3 
895295488 | 269536     87 python3 153436     86 rviz2 56600      58 ros2 56480      94 python3 
895590400 | 269536     87 python3 153436     86 rviz2 56600      58 ros2 56480      94 python3 
895311872 | 269536     87 python3 153436     86 rviz2 56600      58 ros2 56480      94 python3 
895311872 | 269536     87 python3 153436     86 rviz2 56600      58 ros2 56480      94 python3 
895311872 | 269536     87 python3 153436     86 rviz2 56600      58 ros2 56480      94 python3 
895324160 | 269536     87 python3 153436     86 rviz2 56600      58 ros2 56480      94 python3 
894976000 | 269536     87 python3 153436     86 rviz2 56600      58 ros2 56480      94 python3 
894828544 | 269536     87 python3 153436     86 rviz2 56600      58 ros2 56480      94 python3 
894812160 | 269536     87 python3 153436     86 rviz2 56600      58 ros2 56480      94 python3 
894660608 | 269536     87 python3 153436     86 rviz2 56600      58 ros2 56480      94 python3 
895094784 | 269536     87 python3 153436     86 rviz2 56600      58 ros2 56480      94 python3 
895139840 | 269536     87 python3 153436     86 rviz2 56600      58 ros2 56480      94 python3 
895201280 | 269536     87 python3 153436     86 rviz2 56600      58 ros2 56480      94 python3 
895111168 | 269536     87 python3 153436     86 rviz2 56600      58 ros2 56480      94 python3 
895467520 | 269536     87 python3 153436     86 rviz2 56600      58 ros2 56480      94 python3 
895627264 | 269536     87 python3 153436     86 rviz2 56600      58 ros2 56480      94 python3 
896229376 | 269536     87 python3 153436     86 rviz2 56600      58 ros2 56480      94 python3 
895053824 | 269536     87 python3 153436     86 rviz2 56600      58 ros2 56480      94 python3 
895053824 | 269536     87 python3 153436     86 rviz2 56600      58 ros2 56480      94 python3 
895176704 | 269536     87 python3 153436     86 rviz2 56600      58 ros2 56480      94 python3 
894492672 | 269536     87 python3 153436     86 rviz2 56600      58 ros2 56480      94 python3 
894980096 | 269536     87 python3 153436     86 rviz2 56600      58 ros2 56480      94 python3 
894722048 | 269536     87 python3 153436     86 rviz2 56600      58 ros2 56480      94 python3 
894963712 | 269536     87 python3 153436     86 rviz2 56600      58 ros2 56480      94 python3 
895315968 | 269536     87 python3 153436     86 rviz2 56600      58 ros2 56480      94 python3 
895315968 | 269536     87 python3 153436     86 rviz2 56600      58 ros2 56480      94 python3 
895066112 | 269536     87 python3 153436     86 rviz2 56600      58 ros2 56480      94 python3 
895578112 | 269536     87 python3 153436     86 rviz2 56600      58 ros2 56480      94 python3 
895021056 | 269536     87 python3 153436     86 rviz2 56600      58 ros2 56480      94 python3 
895057920 | 269536     87 python3 153436     86 rviz2 56600      58 ros2 56480      94 python3 
894889984 | 269536     87 python3 153436     86 rviz2 56600      58 ros2 56480      94 python3 
894996480 | 269536     87 python3 153436     86 rviz2 56600      58 ros2 56480      94 python3 
895320064 | 269536     87 python3 153436     86 rviz2 56600      58 ros2 56480      94 python3 
894877696 | 269536     87 python3 153436     86 rviz2 56600      58 ros2 56480      94 python3 
894676992 | 269536     87 python3 153436     86 rviz2 56600      58 ros2 56480      94 python3 
894681088 | 269536     87 python3 153436     86 rviz2 56600      58 ros2 56480      94 python3 
894816256 | 269536     87 python3 153436     86 rviz2 56600      58 ros2 56480      94 python3 
895062016 | 269536     87 python3 153436     86 rviz2 56600      58 ros2 56480      94 python3 
895324160 | 269536     87 python3 153436     86 rviz2 56600      58 ros2 56480      94 python3 
895062016 | 269536     87 python3 153436     86 rviz2 56600      58 ros2 56480      94 python3 
895475712 | 269536     87 python3 153436     86 rviz2 56600      58 ros2 56480      94 python3 
895352832 | 269536     87 python3 153436     86 rviz2 56600      58 ros2 56480      94 python3 
895062016 | 269536     87 python3 153436     86 rviz2 56600      58 ros2 56480      94 python3 
895582208 | 269536     87 python3 153436     86 rviz2 56600      58 ros2 56480      94 python3 
894795776 | 269536     87 python3 153436     86 rviz2 56600      58 ros2 56480      94 python3 
894816256 | 269536     87 python3 153436     86 rviz2 56600      58 ros2 56480      94 python3 
894808064 | 269536     87 python3 153436     86 rviz2 56600      58 ros2 56480      94 python3 
894754816 | 269536     87 python3 153436     86 rviz2 56600      58 ros2 56480      94 python3 
894918656 | 269536     87 python3 153436     86 rviz2 56600      58 ros2 56480      94 python3 
895062016 | 269536     87 python3 153436     86 rviz2 56600      58 ros2 56480      94 python3 
895594496 | 269536     87 python3 153436     86 rviz2 56600      58 ros2 56480      94 python3 
895324160 | 269536     87 python3 153436     86 rviz2 56600      58 ros2 56480      94 python3 
895324160 | 269536     87 python3 153436     86 rviz2 56600      58 ros2 56480      94 python3 
895582208 | 269536     87 python3 153436     86 rviz2 56600      58 ros2 56480      94 python3 
895258624 | 269536     87 python3 153436     86 rviz2 56600      58 ros2 56480      94 python3 
895172608 | 269536     87 python3 153436     86 rviz2 56600      58 ros2 56480      94 python3 
895508480 | 269536     87 python3 153436     86 rviz2 56600      58 ros2 56480      94 python3 
895397888 | 269536     87 python3 153436     86 rviz2 56600      58 ros2 56480      94 python3 
895062016 | 269536     87 python3 153436     86 rviz2 56600      58 ros2 56480      94 python3 
894791680 | 269536     87 python3 153436     86 rviz2 56600      58 ros2 56480      94 python3 
894795776 | 269536     87 python3 153436     86 rviz2 56600      58 ros2 56480      94 python3 
894803968 | 269536     87 python3 153436     86 rviz2 56600      58 ros2 56480      94 python3 
895643648 | 269536     87 python3 153436     86 rviz2 56600      58 ros2 56480      94 python3 
895254528 | 269536     87 python3 153436     86 rviz2 56600      58 ros2 56480      94 python3 
895062016 | 269536     87 python3 153436     86 rviz2 56600      58 ros2 56480      94 python3 
895328256 | 269536     87 python3 153436     86 rviz2 56600      58 ros2 56480      94 python3 
895078400 | 269536     87 python3 153436     86 rviz2 56600      58 ros2 56480      94 python3 
895066112 | 269536     87 python3 153436     86 rviz2 56600      58 ros2 56480      94 python3 
894795776 | 269536     87 python3 153436     86 rviz2 56600      58 ros2 56480      94 python3 
894758912 | 269536     87 python3 153436     86 rviz2 56600      58 ros2 56480      94 python3 
894803968 | 269536     87 python3 153436     86 rviz2 56600      58 ros2 56480      94 python3 
894537728 | 269536     87 python3 153436     86 rviz2 56600      58 ros2 56480      94 python3 
894545920 | 269536     87 python3 153436     86 rviz2 56600      58 ros2 56480      94 python3 
894795776 | 269536     87 python3 153436     86 rviz2 56600      58 ros2 56480      94 python3 
895328256 | 269536     87 python3 153436     86 rviz2 56600      58 ros2 56480      94 python3 
895156224 | 269536     87 python3 153436     86 rviz2 56600      58 ros2 56480      94 python3 
895721472 | 269536     87 python3 153436     86 rviz2 56600      58 ros2 56480      94 python3 
895070208 | 269536     87 python3 153436     86 rviz2 56600      58 ros2 56480      94 python3 
895262720 | 269536     87 python3 153436     86 rviz2 56600      58 ros2 56480      94 python3 
895528960 | 269536     87 python3 153436     86 rviz2 56600      58 ros2 56480      94 python3 
895303680 | 269536     87 python3 153436     86 rviz2 56600      58 ros2 56480      94 python3 
895455232 | 269536     87 python3 153436     86 rviz2 56600      58 ros2 56480      94 python3 
895062016 | 269536     87 python3 153436     86 rviz2 56600      58 ros2 56480      94 python3 
894582784 | 269536     87 python3 153436     86 rviz2 56600      58 ros2 56480      94 python3 
894844928 | 269536     87 python3 153436     86 rviz2 56600      58 ros2 56480      94 python3 
894562304 | 269536     87 python3 153436     86 rviz2 56600      58 ros2 56480      94 python3 
894492672 | 269536     87 python3 153436     86 rviz2 56600      58 ros2 56480      94 python3 
895074304 | 269536     87 python3 153436     86 rviz2 56600      58 ros2 56480      94 python3 
895152128 | 269536     87 python3 153436     86 rviz2 56600      58 ros2 56480      94 python3 
895262720 | 269536     87 python3 153436     86 rviz2 56600      58 ros2 56480      94 python3 
895389696 | 269536     87 python3 153436     86 rviz2 56600      58 ros2 56480      94 python3 
895913984 | 269536     87 python3 153436     86 rviz2 56600      58 ros2 56480      94 python3 
894742528 | 269536     87 python3 153436     86 rviz2 56600      58 ros2 56480      94 python3 
894545920 | 269536     87 python3 153436     86 rviz2 56600      58 ros2 56480      94 python3 
894476288 | 269536     87 python3 153436     86 rviz2 56600      58 ros2 56480      94 python3 
894664704 | 269536     87 python3 153436     86 rviz2 56600      58 ros2 56480      94 python3 
894803968 | 269536     87 python3 153436     86 rviz2 56600      58 ros2 56480      94 python3 
894472192 | 269536     87 python3 153436     86 rviz2 56600      58 ros2 56480      94 python3 
894439424 | 269536     87 python3 153436     86 rviz2 56600      58 ros2 56480      94 python3 
894541824 | 269536     87 python3 153436     86 rviz2 56600      58 ros2 56480      94 python3 
895295488 | 269536     87 python3 153436     86 rviz2 56600      58 ros2 56480      94 python3 
895332352 | 269536     87 python3 153436     86 rviz2 56600      58 ros2 56480      94 python3 
895115264 | 269536     87 python3 153436     86 rviz2 56600      58 ros2 56480      94 python3 
895602688 | 269536     87 python3 153436     86 rviz2 56600      58 ros2 56480      94 python3 
895676416 | 269536     87 python3 153436     86 rviz2 56600      58 ros2 56480      94 python3 
895098880 | 269536     87 python3 153436     86 rviz2 56600      58 ros2 56480      94 python3 
895340544 | 269536     87 python3 153436     86 rviz2 56600      58 ros2 56480      94 python3 
894935040 | 269536     87 python3 153436     86 rviz2 56600      58 ros2 56480      94 python3 
894545920 | 269536     87 python3 153436     86 rviz2 56600      58 ros2 56480      94 python3 
894947328 | 269536     87 python3 153436     86 rviz2 56600      58 ros2 56480      94 python3 
894963712 | 269536     87 python3 153436     86 rviz2 56600      58 ros2 56480      94 python3 
894808064 | 269536     87 python3 153436     86 rviz2 56600      58 ros2 56480      94 python3 
895012864 | 269536     87 python3 153436     86 rviz2 56600      58 ros2 56480      94 python3 
895012864 | 269536     87 python3 153436     86 rviz2 56600      58 ros2 56480      94 python3 
895598592 | 269536     87 python3 153436     86 rviz2 56600      58 ros2 56480      94 python3 
895459328 | 269536     87 python3 153436     86 rviz2 56600      58 ros2 56480      94 python3 
895610880 | 269536     87 python3 153436     86 rviz2 56600      58 ros2 56480      94 python3 
895295488 | 269536     87 python3 153436     86 rviz2 56600      58 ros2 56480      94 python3 
895598592 | 269536     87 python3 153436     86 rviz2 56600      58 ros2 56480      94 python3 
895340544 | 269536     87 python3 153436     86 rviz2 56600      58 ros2 56480      94 python3 
895082496 | 269536     87 python3 153436     86 rviz2 56600      58 ros2 56480      94 python3 
895008768 | 269536     87 python3 153436     86 rviz2 56600      58 ros2 56480      94 python3 
895143936 | 269536     87 python3 153436     86 rviz2 56600      58 ros2 56480      94 python3 
894824448 | 269536     87 python3 153436     86 rviz2 56600      58 ros2 56480      94 python3 
895188992 | 269536     87 python3 153436     86 rviz2 56600      58 ros2 56480      94 python3 
895078400 | 269536     87 python3 153436     86 rviz2 56600      58 ros2 56480      94 python3 
895741952 | 269536     87 python3 153436     86 rviz2 56600      58 ros2 56480      94 python3 
895582208 | 269536     87 python3 153436     86 rviz2 56600      58 ros2 56480      94 python3 
895356928 | 269536     87 python3 153436     86 rviz2 56600      58 ros2 56480      94 python3 
895336448 | 269536     87 python3 153436     86 rviz2 56600      58 ros2 56480      94 python3 
895586304 | 269536     87 python3 153436     86 rviz2 56600      58 ros2 56480      94 python3 
895598592 | 269536     87 python3 153436     86 rviz2 56600      58 ros2 56480      94 python3 
895078400 | 269536     87 python3 153436     86 rviz2 56600      58 ros2 56480      94 python3 
894689280 | 269536     87 python3 153436     86 rviz2 56600      58 ros2 56480      94 python3 
895295488 | 269536     87 python3 153436     86 rviz2 56600      58 ros2 56480      94 python3 
894812160 | 269536     87 python3 153436     86 rviz2 56600      58 ros2 56480      94 python3 
894816256 | 269536     87 python3 153436     86 rviz2 56600      58 ros2 56480      94 python3 
894824448 | 269536     87 python3 153436     86 rviz2 56600      58 ros2 56480      94 python3 
895172608 | 269536     87 python3 153436     86 rviz2 56600      58 ros2 56480      94 python3 
895336448 | 269536     87 python3 153436     86 rviz2 56600      58 ros2 56480      94 python3 
895221760 | 269536     87 python3 153436     86 rviz2 56600      58 ros2 56480      94 python3 
895078400 | 269536     87 python3 153436     86 rviz2 56600      58 ros2 56480      94 python3 
895086592 | 269536     87 python3 153436     86 rviz2 56600      58 ros2 56480      94 python3 
895488000 | 269536     87 python3 153436     86 rviz2 56600      58 ros2 56480      94 python3 
895340544 | 269536     87 python3 153436     86 rviz2 56600      58 ros2 56480      94 python3 
894750720 | 269536     87 python3 153436     86 rviz2 56600      58 ros2 56480      94 python3 
894832640 | 269536     87 python3 153436     86 rviz2 56600      58 ros2 56480      94 python3 
894550016 | 269536     87 python3 153436     86 rviz2 56600      58 ros2 56480      94 python3 
894730240 | 269536     87 python3 153436     86 rviz2 56600      58 ros2 56480      94 python3 
894554112 | 269536     87 python3 153436     86 rviz2 56600      58 ros2 56480      94 python3 
894550016 | 269536     87 python3 153436     86 rviz2 56600      58 ros2 56480      94 python3 
894816256 | 269536     87 python3 153436     86 rviz2 56600      58 ros2 56480      94 python3 
894820352 | 269536     87 python3 153436     86 rviz2 56600      58 ros2 56480      94 python3 
895094784 | 269536     87 python3 153436     86 rviz2 56600      58 ros2 56480      94 python3 
894824448 | 269536     87 python3 153436     86 rviz2 56600      58 ros2 56480      94 python3 
894750720 | 269536     87 python3 153436     86 rviz2 56600      58 ros2 56480      94 python3 
895098880 | 269536     87 python3 153436     86 rviz2 56600      58 ros2 56480      94 python3 
894656512 | 269536     87 python3 153436     86 rviz2 56600      58 ros2 56480      94 python3 
894558208 | 269536     87 python3 153436     86 rviz2 56600      58 ros2 56480      94 python3 
894820352 | 269536     87 python3 153436     86 rviz2 56600      58 ros2 56480      94 python3 
894820352 | 269536     87 python3 153436     86 rviz2 56600      58 ros2 56480      94 python3 
895045632 | 269536     87 python3 153436     86 rviz2 56600      58 ros2 56480      94 python3 
894652416 | 269536     87 python3 153436     86 rviz2 56600      58 ros2 56480      94 python3 
895197184 | 269536     87 python3 153436     86 rviz2 56600      58 ros2 56480      94 python3 
895086592 | 269536     87 python3 153436     86 rviz2 56600      58 ros2 56480      94 python3 
895348736 | 269536     87 python3 153436     86 rviz2 56600      58 ros2 56480      94 python3 
895086592 | 269536     87 python3 153436     86 rviz2 56600      58 ros2 56480      94 python3 
895352832 | 269536     87 python3 153436     86 rviz2 56600      58 ros2 56480      94 python3 
895438848 | 269536     87 python3 153436     86 rviz2 56600      58 ros2 56480      94 python3 
894558208 | 269536     87 python3 153436     86 rviz2 56600      58 ros2 56480      94 python3 
894832640 | 269536     87 python3 153436     86 rviz2 56600      58 ros2 56480      94 python3 
894926848 | 269536     87 python3 153436     86 rviz2 56600      58 ros2 56480      94 python3 
894689280 | 269536     87 python3 153436     86 rviz2 56600      58 ros2 56480      94 python3 
894660608 | 269536     87 python3 153436     86 rviz2 56600      58 ros2 56480      94 python3 
894820352 | 269536     87 python3 153436     86 rviz2 56600      58 ros2 56480      94 python3 
895344640 | 269536     87 python3 153436     86 rviz2 56600      58 ros2 56480      94 python3 
895307776 | 269536     87 python3 153436     86 rviz2 56600      58 ros2 56480      94 python3 
895356928 | 269536     87 python3 153436     86 rviz2 56600      58 ros2 56480      94 python3 
895275008 | 269536     87 python3 153436     86 rviz2 56600      58 ros2 56480      94 python3 
895021056 | 269536     87 python3 153436     86 rviz2 56600      58 ros2 56480      94 python3 
895471616 | 269536     87 python3 153436     86 rviz2 56600      58 ros2 56480      94 python3 
895344640 | 269536     87 python3 153436     86 rviz2 56600      58 ros2 56480      94 python3 
895119360 | 269536     87 python3 153436     86 rviz2 56600      58 ros2 56480      94 python3 
895078400 | 269536     87 python3 153436     86 rviz2 56600      58 ros2 56480      94 python3 
894963712 | 269536     87 python3 153436     86 rviz2 56600      58 ros2 56480      94 python3 
894787584 | 269536     87 python3 153436     86 rviz2 56600      58 ros2 56480      94 python3 
894779392 | 269536     87 python3 153436     86 rviz2 56600      58 ros2 56480      94 python3 
894492672 | 269536     87 python3 153436     86 rviz2 56600      58 ros2 56480      94 python3 
895188992 | 269536     87 python3 153436     86 rviz2 56600      58 ros2 56480      94 python3 
895614976 | 269536     87 python3 153436     86 rviz2 56600      58 ros2 56480      94 python3 
894971904 | 269536     87 python3 153436     86 rviz2 56600      58 ros2 56480      94 python3 
895119360 | 269536     87 python3 153436     86 rviz2 56600      58 ros2 56480      94 python3 
895090688 | 269536     87 python3 153436     86 rviz2 56600      58 ros2 56480      94 python3 
894824448 | 269536     87 python3 153436     86 rviz2 56600      58 ros2 56480      94 python3 
894570496 | 269536     87 python3 153436     86 rviz2 56600      58 ros2 56480      94 python3 
894836736 | 269536     87 python3 153436     86 rviz2 56600      58 ros2 56480      94 python3 
894840832 | 269536     87 python3 153436     86 rviz2 56600      58 ros2 56480      94 python3 
894566400 | 269536     87 python3 153436     86 rviz2 56600      58 ros2 56480      94 python3 
895086592 | 269536     87 python3 153436     86 rviz2 56600      58 ros2 56480      94 python3 
895074304 | 269536     87 python3 153436     86 rviz2 56600      58 ros2 56480      94 python3 
894562304 | 269536     87 python3 153436     86 rviz2 56600      58 ros2 56480      94 python3 
895352832 | 269536     87 python3 153436     86 rviz2 56600      58 ros2 56480      94 python3 
895090688 | 269536     87 python3 153436     86 rviz2 56600      58 ros2 56480      94 python3 
895090688 | 269536     87 python3 153436     86 rviz2 56600      58 ros2 56480      94 python3 
895614976 | 269536     87 python3 153436     86 rviz2 56600      58 ros2 56480      94 python3 
895356928 | 269536     87 python3 153436     86 rviz2 56600      58 ros2 56480      94 python3 
895356928 | 269536     87 python3 153436     86 rviz2 56600      58 ros2 56480      94 python3 
895131648 | 269536     87 python3 153436     86 rviz2 56600      58 ros2 56480      94 python3 
894562304 | 269536     87 python3 153436     86 rviz2 56600      58 ros2 56480      94 python3 
894898176 | 269536     87 python3 153436     86 rviz2 56600      58 ros2 56480      94 python3 
894562304 | 269536     87 python3 153436     86 rviz2 56600      58 ros2 56480      94 python3 
894824448 | 269536     87 python3 153436     86 rviz2 56600      58 ros2 56480      94 python3 
894824448 | 269536     87 python3 153436     86 rviz2 56600      58 ros2 56480      94 python3 
895803392 | 269536     87 python3 153436     86 rviz2 56600      58 ros2 56480      94 python3 
895385600 | 269536     87 python3 153436     86 rviz2 56600      58 ros2 56480      94 python3 
895123456 | 269536     87 python3 153436     86 rviz2 56600      58 ros2 56480      94 python3 
895094784 | 269536     87 python3 153436     86 rviz2 56600      58 ros2 56480      94 python3 
895373312 | 269536     87 python3 153436     86 rviz2 56600      58 ros2 56480      94 python3 
895365120 | 269536     87 python3 153436     86 rviz2 56600      58 ros2 56480      94 python3 
895242240 | 269536     87 python3 153436     86 rviz2 56600      58 ros2 56480      94 python3 
895356928 | 269536     87 python3 153436     86 rviz2 56600      58 ros2 56480      94 python3 
895627264 | 269536     87 python3 153436     86 rviz2 56600      58 ros2 56480      94 python3 
894574592 | 269536     87 python3 153436     86 rviz2 56600      58 ros2 56480      94 python3 
894730240 | 269536     87 python3 153436     86 rviz2 56600      58 ros2 56480      94 python3 
894828544 | 269536     87 python3 153436     86 rviz2 56600      58 ros2 56480      94 python3 
894611456 | 269536     87 python3 153436     86 rviz2 56600      58 ros2 56480      94 python3 
895139840 | 269536     87 python3 153436     86 rviz2 56600      58 ros2 56480      94 python3 
895619072 | 269536     87 python3 153436     86 rviz2 56600      58 ros2 56480      94 python3 
895365120 | 269536     87 python3 153436     86 rviz2 56600      58 ros2 56480      94 python3 
895102976 | 269536     87 python3 153436     86 rviz2 56600      58 ros2 56480      94 python3 
895365120 | 269536     87 python3 153436     86 rviz2 56600      58 ros2 56480      94 python3 
895098880 | 269536     87 python3 153436     86 rviz2 56600      58 ros2 56480      94 python3 
894570496 | 269536     87 python3 153436     86 rviz2 56600      58 ros2 56480      94 python3 
894615552 | 269536     87 python3 153436     86 rviz2 56600      58 ros2 56480      94 python3 
895082496 | 269536     87 python3 153436     86 rviz2 56600      58 ros2 56480      94 python3 
894844928 | 269536     87 python3 153436     86 rviz2 56600      58 ros2 56480      94 python3 
894849024 | 269536     87 python3 153436     86 rviz2 56600      58 ros2 56480      94 python3 
894771200 | 269536     87 python3 153436     86 rviz2 56600      58 ros2 56480      94 python3 
895569920 | 269536     87 python3 153436     86 rviz2 56600      58 ros2 56480      94 python3 
895623168 | 269536     87 python3 153436     86 rviz2 56600      58 ros2 56480      94 python3 
895406080 | 269536     87 python3 153436     86 rviz2 56600      58 ros2 56480      94 python3 
895897600 | 269536     87 python3 153436     86 rviz2 56600      58 ros2 56480      94 python3 
895361024 | 269536     87 python3 153436     86 rviz2 56600      58 ros2 56480      94 python3 
895094784 | 269536     87 python3 153436     86 rviz2 56600      58 ros2 56480      94 python3 
895582208 | 269536     87 python3 153436     86 rviz2 56600      58 ros2 56480      94 python3 
895623168 | 269536     87 python3 153436     86 rviz2 56600      58 ros2 56480      94 python3 
895623168 | 269536     87 python3 153436     86 rviz2 56600      58 ros2 56480      94 python3 
895086592 | 269536     87 python3 153436     86 rviz2 56600      58 ros2 56480      94 python3 
894840832 | 269536     87 python3 153436     86 rviz2 56600      58 ros2 56480      94 python3 
895365120 | 269536     87 python3 153436     86 rviz2 56600      58 ros2 56480      94 python3 
894619648 | 269536     87 python3 153436     86 rviz2 56600      58 ros2 56480      94 python3 
895062016 | 269536     87 python3 153436     86 rviz2 56600      58 ros2 56480      94 python3 
895188992 | 269536     87 python3 153436     86 rviz2 56600      58 ros2 56480      94 python3 
895107072 | 269536     87 python3 153436     86 rviz2 56600      58 ros2 56480      94 python3 
895111168 | 269536     87 python3 153436     86 rviz2 56600      58 ros2 56480      94 python3 
895361024 | 269536     87 python3 153436     86 rviz2 56600      58 ros2 56480      94 python3 
894832640 | 269536     87 python3 153436     86 rviz2 56600      58 ros2 56480      94 python3 
894840832 | 269536     87 python3 153436     86 rviz2 56600      58 ros2 56480      94 python3 
894586880 | 269536     87 python3 153436     86 rviz2 56600      58 ros2 56480      94 python3 
894672896 | 269536     87 python3 153436     86 rviz2 56600      58 ros2 56480      94 python3 
894578688 | 269536     87 python3 153436     86 rviz2 56600      58 ros2 56480      94 python3 
894767104 | 269536     87 python3 153436     86 rviz2 56600      58 ros2 56480      94 python3 
894574592 | 269536     87 python3 153436     86 rviz2 56600      58 ros2 56480      94 python3 
894799872 | 269536     87 python3 153436     86 rviz2 56600      58 ros2 56480      94 python3 
895381504 | 269536     87 python3 153436     86 rviz2 56600      58 ros2 56480      94 python3 
895365120 | 269536     87 python3 153436     86 rviz2 56600      58 ros2 56480      94 python3 
895647744 | 269536     87 python3 153436     86 rviz2 56600      58 ros2 56480      94 python3 
895741952 | 269536     87 python3 153436     86 rviz2 56600      58 ros2 56480      94 python3 
895737856 | 269536     87 python3 153436     86 rviz2 56600      58 ros2 56480      94 python3 
895479808 | 269536     87 python3 153436     86 rviz2 56600      58 ros2 56480      94 python3 
895217664 | 269536     87 python3 153436     86 rviz2 56600      58 ros2 56480      94 python3 
894509056 | 269536     87 python3 153436     86 rviz2 56600      58 ros2 56480      94 python3 
894599168 | 269536     87 python3 153436     86 rviz2 56600      58 ros2 56480      94 python3 
894681088 | 269536     87 python3 153436     86 rviz2 56600      58 ros2 56480      94 python3 
894611456 | 269536     87 python3 153436     86 rviz2 56600      58 ros2 56480      94 python3 
894578688 | 269536     87 python3 153436     86 rviz2 56600      58 ros2 56480      94 python3 
895361024 | 269536     87 python3 153436     86 rviz2 56600      58 ros2 56480      94 python3 
895107072 | 269536     87 python3 153436     86 rviz2 56600      58 ros2 56480      94 python3 
895229952 | 269536     87 python3 153436     86 rviz2 56600      58 ros2 56480      94 python3 
895164416 | 269536     87 python3 153436     86 rviz2 56600      58 ros2 56480      94 python3 
895168512 | 269536     87 python3 153436     86 rviz2 56600      58 ros2 56480      94 python3 
895332352 | 269536     87 python3 153436     86 rviz2 56600      58 ros2 56480      94 python3 
895111168 | 269536     87 python3 153436     86 rviz2 56600      58 ros2 56480      94 python3 
895102976 | 269536     87 python3 153436     86 rviz2 56600      58 ros2 56480      94 python3 
895639552 | 269536     87 python3 153436     86 rviz2 56600      58 ros2 56480      94 python3 
894578688 | 269536     87 python3 153436     86 rviz2 56600      58 ros2 56480      94 python3 
894984192 | 269536     87 python3 153436     86 rviz2 56600      58 ros2 56480      94 python3 
894611456 | 269536     87 python3 153436     86 rviz2 56600      58 ros2 56480      94 python3 
894873600 | 269536     87 python3 153436     86 rviz2 56600      58 ros2 56480      94 python3 
895139840 | 269536     87 python3 153436     86 rviz2 56600      58 ros2 56480      94 python3 
895107072 | 269536     87 python3 153436     86 rviz2 56600      58 ros2 56480      94 python3 
895897600 | 269536     87 python3 153436     86 rviz2 56600      58 ros2 56480      94 python3 
895643648 | 269536     87 python3 153436     86 rviz2 56600      58 ros2 56480      94 python3 
895377408 | 269536     87 python3 153436     86 rviz2 56600      58 ros2 56480      94 python3 
895369216 | 269536     87 python3 153436     86 rviz2 56600      58 ros2 56480      94 python3 
894513152 | 269536     87 python3 153436     86 rviz2 56600      58 ros2 56480      94 python3 
894898176 | 269536     87 python3 153436     86 rviz2 56600      58 ros2 56480      94 python3 
894582784 | 269536     87 python3 153436     86 rviz2 56600      58 ros2 56480      94 python3 
894586880 | 269536     87 python3 153436     86 rviz2 56600      58 ros2 56480      94 python3 
894849024 | 269536     87 python3 153436     86 rviz2 56600      58 ros2 56480      94 python3 
894840832 | 269536     87 python3 153436     86 rviz2 56600      58 ros2 56480      94 python3 
895356928 | 269536     87 python3 153436     86 rviz2 56600      58 ros2 56480      94 python3 
895258624 | 269536     87 python3 153436     86 rviz2 56600      58 ros2 56480      94 python3 
895361024 | 269536     87 python3 153436     86 rviz2 56600      58 ros2 56480      94 python3 
895307776 | 269536     87 python3 153436     86 rviz2 56600      58 ros2 56480      94 python3 
895143936 | 269536     87 python3 153436     86 rviz2 56600      58 ros2 56480      94 python3 
895377408 | 269536     87 python3 153436     86 rviz2 56600      58 ros2 56480      94 python3 
895352832 | 269536     87 python3 153436     86 rviz2 56600      58 ros2 56480      94 python3 
895635456 | 269536     87 python3 153436     86 rviz2 56600      58 ros2 56480      94 python3 
894730240 | 269536     87 python3 153436     86 rviz2 56600      58 ros2 56480      94 python3 
895004672 | 269536     87 python3 153436     86 rviz2 56600      58 ros2 56480      94 python3 
895107072 | 269536     87 python3 153436     86 rviz2 56600      58 ros2 56480      94 python3 
894611456 | 269536     87 python3 153436     86 rviz2 56600      58 ros2 56480      94 python3 
895037440 | 269536     87 python3 153436     86 rviz2 56600      58 ros2 56480      94 python3 
895127552 | 269536     87 python3 153436     86 rviz2 56600      58 ros2 56480      94 python3 
894935040 | 269536     87 python3 153436     86 rviz2 56600      58 ros2 56480      94 python3 
894849024 | 269536     87 python3 153436     86 rviz2 56600      58 ros2 56480      94 python3 
894865408 | 269536     87 python3 153436     86 rviz2 56600      58 ros2 56480      94 python3 
894713856 | 269536     87 python3 153436     86 rviz2 56600      58 ros2 56480      94 python3 
895041536 | 269536     87 python3 153436     86 rviz2 56600      58 ros2 56480      94 python3 
894787584 | 269536     87 python3 153436     86 rviz2 56600      58 ros2 56480      94 python3 
895049728 | 269536     87 python3 153436     86 rviz2 56600      58 ros2 56480      94 python3 
894599168 | 269536     87 python3 153436     86 rviz2 56600      58 ros2 56480      94 python3 
894910464 | 269536     87 python3 153436     86 rviz2 56600      58 ros2 56480      94 python3 
894590976 | 269536     87 python3 153436     86 rviz2 56600      58 ros2 56480      94 python3 
894734336 | 269536     87 python3 153436     86 rviz2 56600      58 ros2 56480      94 python3 
894853120 | 269536     87 python3 153436     86 rviz2 56600      58 ros2 56480      94 python3 
895434752 | 269536     87 python3 153436     86 rviz2 56600      58 ros2 56480      94 python3 
895438848 | 269536     87 python3 153436     86 rviz2 56600      58 ros2 56480      94 python3 
895123456 | 269536     87 python3 153436     86 rviz2 56600      58 ros2 56480      94 python3 
895459328 | 269536     87 python3 153436     86 rviz2 56600      58 ros2 56480      94 python3 
895451136 | 269536     87 python3 153436     86 rviz2 56600      58 ros2 56480      94 python3 
895455232 | 269536     87 python3 153436     86 rviz2 56600      58 ros2 56480      94 python3 
894976000 | 269536     87 python3 153436     86 rviz2 56600      58 ros2 56480      94 python3 
894926848 | 269536     87 python3 153436     86 rviz2 56600      58 ros2 56480      94 python3 
895156224 | 269536     87 python3 153436     86 rviz2 56600      58 ros2 56480      94 python3 
895242240 | 269536     87 python3 153436     86 rviz2 56600      58 ros2 56480      94 python3 
894668800 | 269536     87 python3 153436     86 rviz2 56600      58 ros2 56480      94 python3 
894824448 | 269536     87 python3 153436     86 rviz2 56600      58 ros2 56480      94 python3 
895188992 | 269536     87 python3 153436     86 rviz2 56600      58 ros2 56480      94 python3 
895201280 | 269536     87 python3 153436     86 rviz2 56600      58 ros2 56480      94 python3 
895332352 | 269536     87 python3 153436     86 rviz2 56600      58 ros2 56480      94 python3 
895201280 | 269536     87 python3 153436     86 rviz2 56600      58 ros2 56480      94 python3 
895188992 | 269536     87 python3 153436     86 rviz2 56600      58 ros2 56480      94 python3 
895569920 | 269536     87 python3 153436     86 rviz2 56600      58 ros2 56480      94 python3 
895463424 | 269536     87 python3 153436     86 rviz2 56600      58 ros2 56480      94 python3 
895197184 | 269536     87 python3 153436     86 rviz2 56600      58 ros2 56480      94 python3 
895188992 | 269536     87 python3 153436     86 rviz2 56600      58 ros2 56480      94 python3 
894660608 | 269536     87 python3 153436     86 rviz2 56600      58 ros2 56480      94 python3 
894664704 | 269536     87 python3 153436     86 rviz2 56600      58 ros2 56480      94 python3 
894918656 | 269536     87 python3 153436     86 rviz2 56600      58 ros2 56480      94 python3 
894803968 | 269536     87 python3 153436     86 rviz2 56600      58 ros2 56480      94 python3 
895152128 | 269536     87 python3 153436     86 rviz2 56600      58 ros2 56480      94 python3 
895430656 | 269536     87 python3 153436     86 rviz2 56600      58 ros2 56480      94 python3 
895127552 | 269536     87 python3 153436     86 rviz2 56600      58 ros2 56480      94 python3 
895299584 | 269536     87 python3 153436     86 rviz2 56600      58 ros2 56480      94 python3 
895442944 | 269536     87 python3 153436     86 rviz2 56600      58 ros2 56480      94 python3 
894570496 | 269536     87 python3 153436     86 rviz2 56600      58 ros2 56480      94 python3 
894930944 | 269536     87 python3 153436     86 rviz2 56600      58 ros2 56480      94 python3 
894943232 | 269536     87 python3 153436     86 rviz2 56600      58 ros2 56480      94 python3 
895205376 | 269536     87 python3 153436     86 rviz2 56600      58 ros2 56480      94 python3 
894943232 | 269536     87 python3 153436     86 rviz2 56600      58 ros2 56480      94 python3 
895152128 | 269536     87 python3 153436     86 rviz2 56600      58 ros2 56480      94 python3 
894697472 | 269536     87 python3 153436     86 rviz2 56600      58 ros2 56480      94 python3 
894668800 | 269536     87 python3 153436     86 rviz2 56600      58 ros2 56480      94 python3 
895197184 | 269536     87 python3 153436     86 rviz2 56600      58 ros2 56480      94 python3 
895213568 | 269536     87 python3 153436     86 rviz2 56600      58 ros2 56480      94 python3 
895451136 | 269536     87 python3 153436     86 rviz2 56600      58 ros2 56480      94 python3 
895459328 | 269536     87 python3 153436     86 rviz2 56600      58 ros2 56480      94 python3 
895512576 | 269536     87 python3 153436     86 rviz2 56600      58 ros2 56480      94 python3 
895643648 | 269536     87 python3 153436     86 rviz2 56600      58 ros2 56480      94 python3 
895598592 | 269536     87 python3 153436     86 rviz2 56600      58 ros2 56480      94 python3 
895193088 | 269536     87 python3 153436     86 rviz2 56600      58 ros2 56480      94 python3 
895455232 | 269536     87 python3 153436     86 rviz2 56600      58 ros2 56480      94 python3 
894926848 | 269536     87 python3 153436     86 rviz2 56600      58 ros2 56480      94 python3 
894668800 | 269536     87 python3 153436     86 rviz2 56600      58 ros2 56480      94 python3 
894668800 | 269536     87 python3 153436     86 rviz2 56600      58 ros2 56480      94 python3 
895717376 | 269536     87 python3 153436     86 rviz2 56600      58 ros2 56480      94 python3 
895205376 | 269536     87 python3 153436     86 rviz2 56600      58 ros2 56480      94 python3 
895467520 | 269536     87 python3 153436     86 rviz2 56600      58 ros2 56480      94 python3 
895471616 | 269536     87 python3 153436     86 rviz2 56600      58 ros2 56480      94 python3 
895467520 | 269536     87 python3 153436     86 rviz2 56600      58 ros2 56480      94 python3 
895197184 | 269536     87 python3 153436     86 rviz2 56600      58 ros2 56480      94 python3 
895467520 | 269536     87 python3 153436     86 rviz2 56600      58 ros2 56480      94 python3 
896016384 | 269536     87 python3 153436     86 rviz2 56600      58 ros2 56480      94 python3 
895586304 | 269536     87 python3 153436     86 rviz2 56600      58 ros2 56480      94 python3 
894918656 | 269536     87 python3 153436     86 rviz2 56600      58 ros2 56480      94 python3 
894861312 | 269536     87 python3 153436     86 rviz2 56600      58 ros2 56480      94 python3 
894783488 | 269536     87 python3 153436     86 rviz2 56600      58 ros2 56480      94 python3 
894693376 | 269536     87 python3 153436     86 rviz2 56600      58 ros2 56480      94 python3 
895197184 | 269536     87 python3 153436     86 rviz2 56600      58 ros2 56480      94 python3 
895193088 | 269536     87 python3 153436     86 rviz2 56600      58 ros2 56480      94 python3 
895455232 | 269536     87 python3 153436     86 rviz2 56600      58 ros2 56480      94 python3 
895197184 | 269536     87 python3 153436     86 rviz2 56600      58 ros2 56480      94 python3 
895070208 | 269536     87 python3 153436     86 rviz2 56600      58 ros2 56480      94 python3 
895459328 | 269536     87 python3 153436     86 rviz2 56600      58 ros2 56480      94 python3 
894967808 | 269536     87 python3 153436     86 rviz2 56600      58 ros2 56480      94 python3 
894803968 | 269536     87 python3 153436     86 rviz2 56600      58 ros2 56480      94 python3 
894935040 | 269536     87 python3 153436     86 rviz2 56600      58 ros2 56480      94 python3 
894926848 | 269536     87 python3 153436     86 rviz2 56600      58 ros2 56480      94 python3 
894676992 | 269536     87 python3 153436     86 rviz2 56600      58 ros2 56480      94 python3 
894984192 | 269536     87 python3 153436     86 rviz2 56600      58 ros2 56480      94 python3 
895381504 | 269536     87 python3 153436     86 rviz2 56600      58 ros2 56480      94 python3 
895410176 | 269536     87 python3 153436     86 rviz2 56600      58 ros2 56480      94 python3 
895561728 | 269536     87 python3 153436     86 rviz2 56600      58 ros2 56480      94 python3 
895807488 | 269536     87 python3 153436     86 rviz2 56600      58 ros2 56480      94 python3 
895549440 | 269536     87 python3 153436     86 rviz2 56600      58 ros2 56480      94 python3 
895213568 | 269536     87 python3 153436     86 rviz2 56600      58 ros2 56480      94 python3 
895471616 | 269536     87 python3 153436     86 rviz2 56600      58 ros2 56480      94 python3 
895410176 | 269536     87 python3 153436     86 rviz2 56600      58 ros2 56480      94 python3 
894607360 | 269536     87 python3 153436     86 rviz2 56600      58 ros2 56480      94 python3 
894881792 | 269536     87 python3 153436     86 rviz2 56600      58 ros2 56480      94 python3 
894881792 | 269536     87 python3 153436     86 rviz2 56600      58 ros2 56480      94 python3 
894926848 | 269536     87 python3 153436     86 rviz2 56600      58 ros2 56480      94 python3 
894988288 | 269536     87 python3 153436     86 rviz2 56600      58 ros2 56480      94 python3 
895463424 | 269536     87 python3 153436     86 rviz2 56600      58 ros2 56480      94 python3 
895463424 | 269536     87 python3 153436     86 rviz2 56600      58 ros2 56480      94 python3 
895348736 | 269536     87 python3 153436     86 rviz2 56600      58 ros2 56480      94 python3 
895340544 | 269536     87 python3 153436     86 rviz2 56600      58 ros2 56480      94 python3 
895201280 | 269536     87 python3 153436     86 rviz2 56600      58 ros2 56480      94 python3 
895557632 | 269536     87 python3 153436     86 rviz2 56600      58 ros2 56480      94 python3 
895770624 | 269536     87 python3 153436     86 rviz2 56600      58 ros2 56480      94 python3 
895471616 | 269536     87 python3 153436     86 rviz2 56600      58 ros2 56480      94 python3 
895467520 | 269536     87 python3 153436     86 rviz2 56600      58 ros2 56480      94 python3 
895524864 | 269536     87 python3 153436     86 rviz2 56600      58 ros2 56480      94 python3 
894943232 | 269536     87 python3 153436     86 rviz2 56600      58 ros2 56480      94 python3 
895209472 | 269536     87 python3 153436     86 rviz2 56600      58 ros2 56480      94 python3 
894681088 | 269536     87 python3 153436     86 rviz2 56600      58 ros2 56480      94 python3 
895287296 | 269536     87 python3 153436     86 rviz2 56600      58 ros2 56480      94 python3 
895279104 | 269536     87 python3 153436     86 rviz2 56600      58 ros2 56480      94 python3 
895467520 | 269536     87 python3 153436     86 rviz2 56600      58 ros2 56480      94 python3 
895475712 | 269536     87 python3 153436     86 rviz2 56600      58 ros2 56480      94 python3 
895500288 | 269536     87 python3 153436     86 rviz2 56600      58 ros2 56480      94 python3 
895598592 | 269536     87 python3 153436     86 rviz2 56600      58 ros2 56480      94 python3 
894947328 | 269536     87 python3 153436     86 rviz2 56600      58 ros2 56480      94 python3 
894943232 | 269536     87 python3 153436     86 rviz2 56600      58 ros2 56480      94 python3 
894947328 | 269536     87 python3 153436     86 rviz2 56600      58 ros2 56480      94 python3 
894582784 | 269536     87 python3 153436     86 rviz2 56600      58 ros2 56480      94 python3 
895143936 | 269536     87 python3 153436     86 rviz2 56600      58 ros2 56480      94 python3 
894959616 | 269536     87 python3 153436     86 rviz2 56600      58 ros2 56480      94 python3 
895463424 | 269536     87 python3 153436     86 rviz2 56600      58 ros2 56480      94 python3 
895332352 | 269536     87 python3 153436     86 rviz2 56600      58 ros2 56480      94 python3 
895209472 | 269536     87 python3 153436     86 rviz2 56600      58 ros2 56480      94 python3 
895594496 | 269536     87 python3 153436     86 rviz2 56600      58 ros2 56480      94 python3 
895541248 | 269536     87 python3 153436     86 rviz2 56600      58 ros2 56480      94 python3 
895660032 | 269536     87 python3 153436     86 rviz2 56600      58 ros2 56480      94 python3 
895434752 | 269536     87 python3 153436     86 rviz2 56600      58 ros2 56480      94 python3 
895508480 | 269536     87 python3 153436     86 rviz2 56600      58 ros2 56480      94 python3 
895348736 | 269536     87 python3 153436     86 rviz2 56600      58 ros2 56480      94 python3 
894898176 | 269536     87 python3 153436     86 rviz2 56600      58 ros2 56480      94 python3 
895533056 | 269536     87 python3 153436     86 rviz2 56600      58 ros2 56480      94 python3 
894681088 | 269536     87 python3 153436     86 rviz2 56600      58 ros2 56480      94 python3 
894832640 | 269536     87 python3 153436     86 rviz2 56600      58 ros2 56480      94 python3 
895430656 | 269536     87 python3 153436     86 rviz2 56600      58 ros2 56480      94 python3 
895401984 | 269536     87 python3 153436     86 rviz2 56600      58 ros2 56480      94 python3 
895258624 | 269536     87 python3 153436     86 rviz2 56600      58 ros2 56480      94 python3 
895471616 | 269536     87 python3 153436     86 rviz2 56600      58 ros2 56480      94 python3 
895475712 | 269536     87 python3 153436     86 rviz2 56600      58 ros2 56480      94 python3 
895180800 | 269536     87 python3 153436     86 rviz2 56600      58 ros2 56480      94 python3 
894943232 | 269536     87 python3 153436     86 rviz2 56600      58 ros2 56480      94 python3 
894717952 | 269536     87 python3 153436     86 rviz2 56600      58 ros2 56480      94 python3 
894963712 | 269536     87 python3 153436     86 rviz2 56600      58 ros2 56480      94 python3 
894697472 | 269536     87 python3 153436     86 rviz2 56600      58 ros2 56480      94 python3 
894971904 | 269536     87 python3 153436     86 rviz2 56600      58 ros2 56480      94 python3 
894693376 | 269536     87 python3 153436     86 rviz2 56600      58 ros2 56480      94 python3 
895217664 | 269536     87 python3 153436     86 rviz2 56600      58 ros2 56480      94 python3 
896000000 | 269536     87 python3 153436     86 rviz2 56600      58 ros2 56480      94 python3 
895512576 | 269536     87 python3 153436     86 rviz2 56600      58 ros2 56480      94 python3 
895238144 | 269536     87 python3 153436     86 rviz2 56600      58 ros2 56480      94 python3 
895361024 | 269536     87 python3 153436     86 rviz2 56600      58 ros2 56480      94 python3 
895533056 | 269536     87 python3 153436     86 rviz2 56600      58 ros2 56480      94 python3 
895365120 | 269536     87 python3 153436     86 rviz2 56600      58 ros2 56480      94 python3 
895746048 | 269536     87 python3 153436     86 rviz2 56600      58 ros2 56480      94 python3 
894996480 | 269536     87 python3 153436     86 rviz2 56600      58 ros2 56480      94 python3 
895090688 | 269536     87 python3 153436     86 rviz2 56600      58 ros2 56480      94 python3 
894963712 | 269536     87 python3 153436     86 rviz2 56600      58 ros2 56480      94 python3 
895131648 | 269536     87 python3 153436     86 rviz2 56600      58 ros2 56480      94 python3 
894963712 | 269536     87 python3 153436     86 rviz2 56600      58 ros2 56480      94 python3 
894898176 | 269536     87 python3 153436     86 rviz2 56600      58 ros2 56480      94 python3 
895148032 | 269536     87 python3 153436     86 rviz2 56600      58 ros2 56480      94 python3 
894689280 | 269536     87 python3 153436     86 rviz2 56600      58 ros2 56480      94 python3 
894951424 | 269536     87 python3 153436     86 rviz2 56600      58 ros2 56480      94 python3 
895086592 | 269536     87 python3 153436     86 rviz2 56600      58 ros2 56480      94 python3 
894693376 | 269536     87 python3 153436     86 rviz2 56600      58 ros2 56480      94 python3 
894685184 | 269536     87 python3 153436     86 rviz2 56600      58 ros2 56480      94 python3 
894689280 | 269536     87 python3 153436     86 rviz2 56600      58 ros2 56480      94 python3 
894701568 | 269536     87 python3 153436     86 rviz2 56600      58 ros2 56480      94 python3 
894693376 | 269536     87 python3 153436     86 rviz2 56600      58 ros2 56480      94 python3 
894947328 | 269536     87 python3 153436     86 rviz2 56600      58 ros2 56480      94 python3 
894693376 | 269536     87 python3 153436     86 rviz2 56600      58 ros2 56480      94 python3 
894689280 | 269536     87 python3 153436     86 rviz2 56600      58 ros2 56480      94 python3 
895213568 | 269536     87 python3 153436     86 rviz2 56600      58 ros2 56480      94 python3 
895483904 | 269536     87 python3 153436     86 rviz2 56600      58 ros2 56480      94 python3 
895332352 | 269536     87 python3 153436     86 rviz2 56600      58 ros2 56480      94 python3 
895709184 | 269536     87 python3 153436     86 rviz2 56600      58 ros2 56480      94 python3 
895488000 | 269536     87 python3 153436     86 rviz2 56600      58 ros2 56480      94 python3 
895451136 | 269536     87 python3 153436     86 rviz2 56600      58 ros2 56480      94 python3 
894951424 | 269536     87 python3 153436     86 rviz2 56600      58 ros2 56480      94 python3 
895221760 | 269536     87 python3 153436     86 rviz2 56600      58 ros2 56480      94 python3 
894955520 | 269536     87 python3 153436     86 rviz2 56600      58 ros2 56480      94 python3 
894959616 | 269536     87 python3 153436     86 rviz2 56600      58 ros2 56480      94 python3 
894693376 | 269536     87 python3 153436     86 rviz2 56600      58 ros2 56480      94 python3 
894971904 | 269536     87 python3 153436     86 rviz2 56600      58 ros2 56480      94 python3 
895406080 | 269536     87 python3 153436     86 rviz2 56600      58 ros2 56480      94 python3 
895672320 | 269536     87 python3 153436     86 rviz2 56600      58 ros2 56480      94 python3 
895602688 | 269536     87 python3 153436     86 rviz2 56600      58 ros2 56480      94 python3 
895483904 | 269536     87 python3 153436     86 rviz2 56600      58 ros2 56480      94 python3 
895750144 | 269536     87 python3 153436     86 rviz2 56600      58 ros2 56480      94 python3 
896004096 | 269536     87 python3 153436     86 rviz2 56600      58 ros2 56480      94 python3 
895590400 | 269536     87 python3 153436     86 rviz2 56600      58 ros2 56480      94 python3 
895213568 | 269536     87 python3 153436     86 rviz2 56600      58 ros2 56480      94 python3 
895381504 | 269536     87 python3 153436     86 rviz2 56600      58 ros2 56480      94 python3 
894885888 | 269536     87 python3 153436     86 rviz2 56600      58 ros2 56480      94 python3 
894959616 | 269536     87 python3 153436     86 rviz2 56600      58 ros2 56480      94 python3 
894726144 | 269536     87 python3 153436     86 rviz2 56600      58 ros2 56480      94 python3 
895029248 | 269536     87 python3 153436     86 rviz2 56600      58 ros2 56480      94 python3 
895504384 | 269536     87 python3 153436     86 rviz2 56600      58 ros2 56480      94 python3 
895488000 | 269536     87 python3 153436     86 rviz2 56600      58 ros2 56480      94 python3 
895246336 | 269536     87 python3 153436     86 rviz2 56600      58 ros2 56480      94 python3 
896024576 | 269536     87 python3 153436     86 rviz2 56600      58 ros2 56480      94 python3 
895795200 | 269536     87 python3 153436     86 rviz2 56600      58 ros2 56480      94 python3 
894857216 | 269536     87 python3 153436     86 rviz2 56600      58 ros2 56480      94 python3 
895320064 | 269536     87 python3 153436     86 rviz2 56600      58 ros2 56480      94 python3 
895045632 | 269536     87 python3 153436     86 rviz2 56600      58 ros2 56480      94 python3 
894771200 | 269536     87 python3 153436     86 rviz2 56600      58 ros2 56480      94 python3 
895049728 | 269536     87 python3 153436     86 rviz2 56600      58 ros2 56480      94 python3 
894701568 | 269536     87 python3 153436     86 rviz2 56600      58 ros2 56480      94 python3 
894963712 | 269536     87 python3 153436     86 rviz2 56600      58 ros2 56480      94 python3 
895045632 | 269536     87 python3 153436     86 rviz2 56600      58 ros2 56480      94 python3 
895500288 | 269536     87 python3 153436     86 rviz2 56600      58 ros2 56480      94 python3 
895324160 | 269536     87 python3 153436     86 rviz2 56600      58 ros2 56480      94 python3 
895750144 | 269536     87 python3 153436     86 rviz2 56600      58 ros2 56480      94 python3 
895754240 | 269536     87 python3 153436     86 rviz2 56600      58 ros2 56480      94 python3 
895483904 | 269536     87 python3 153436     86 rviz2 56600      58 ros2 56480      94 python3 
895578112 | 269536     87 python3 153436     86 rviz2 56600      58 ros2 56480      94 python3 
895492096 | 269536     87 python3 153436     86 rviz2 56600      58 ros2 56480      94 python3 
894631936 | 269536     87 python3 153436     86 rviz2 56600      58 ros2 56480      94 python3 
895520768 | 269536     87 python3 153436     86 rviz2 56600      58 ros2 56480      94 python3 
894803968 | 269536     87 python3 153436     86 rviz2 56600      58 ros2 56480      94 python3 
894988288 | 269536     87 python3 153436     86 rviz2 56600      58 ros2 56480      94 python3 
894873600 | 269536     87 python3 153436     86 rviz2 56600      58 ros2 56480      94 python3 
895754240 | 269536     87 python3 153436     86 rviz2 56600      58 ros2 56480      94 python3 
895987712 | 269536     87 python3 153436     86 rviz2 56600      58 ros2 56480      94 python3 
895586304 | 269536     87 python3 153436     86 rviz2 56600      58 ros2 56480      94 python3 
895508480 | 269536     87 python3 153436     86 rviz2 56600      58 ros2 56480      94 python3 
895893504 | 269536     87 python3 153436     86 rviz2 56600      58 ros2 56480      94 python3 
895369216 | 269536     87 python3 153436     86 rviz2 56600      58 ros2 56480      94 python3 
895393792 | 269536     87 python3 153436     86 rviz2 56600      58 ros2 56480      94 python3 
895664128 | 269536     87 python3 153436     86 rviz2 56600      58 ros2 56480      94 python3 
895565824 | 269536     87 python3 153436     86 rviz2 56600      58 ros2 56480      94 python3 
894619648 | 269536     87 python3 153436     86 rviz2 56600      58 ros2 56480      94 python3 
895225856 | 269536     87 python3 153436     86 rviz2 56600      58 ros2 56480      94 python3 
894963712 | 269536     87 python3 153436     86 rviz2 56600      58 ros2 56480      94 python3 
894713856 | 269536     87 python3 153436     86 rviz2 56600      58 ros2 56480      94 python3 
895455232 | 269536     87 python3 153436     86 rviz2 56600      58 ros2 56480      94 python3 
895299584 | 269536     87 python3 153436     86 rviz2 56600      58 ros2 56480      94 python3 
895234048 | 269536     87 python3 153436     86 rviz2 56600      58 ros2 56480      94 python3 
895504384 | 269536     87 python3 153436     86 rviz2 56600      58 ros2 56480      94 python3 
895496192 | 269536     87 python3 153436     86 rviz2 56600      58 ros2 56480      94 python3 
895709184 | 269536     87 python3 153436     86 rviz2 56600      58 ros2 56480      94 python3 
894640128 | 269536     87 python3 153436     86 rviz2 56600      58 ros2 56480      94 python3 
895016960 | 269536     87 python3 153436     86 rviz2 56600      58 ros2 56480      94 python3 
894898176 | 269536     87 python3 153436     86 rviz2 56600      58 ros2 56480      94 python3 
894902272 | 269536     87 python3 153436     86 rviz2 56600      58 ros2 56480      94 python3 
895131648 | 269536     87 python3 153436     86 rviz2 56600      58 ros2 56480      94 python3 
894722048 | 269536     87 python3 153436     86 rviz2 56600      58 ros2 56480      94 python3 
894980096 | 269536     87 python3 153436     86 rviz2 56600      58 ros2 56480      94 python3 
895606784 | 269536     87 python3 153436     86 rviz2 56600      58 ros2 56480      94 python3 
895508480 | 269536     87 python3 153436     86 rviz2 56600      58 ros2 56480      94 python3 
895438848 | 269536     87 python3 153436     86 rviz2 56600      58 ros2 56480      94 python3 
895688704 | 269536     87 python3 153436     86 rviz2 56600      58 ros2 56480      94 python3 
895115264 | 269536     87 python3 153436     86 rviz2 56600      58 ros2 56480      94 python3 
895496192 | 269536     87 python3 153436     86 rviz2 56600      58 ros2 56480      94 python3 
895340544 | 269536     87 python3 153436     86 rviz2 56600      58 ros2 56480      94 python3 
895164416 | 269536     87 python3 153436     86 rviz2 56600      58 ros2 56480      94 python3 
895229952 | 269536     87 python3 153436     86 rviz2 56600      58 ros2 56480      94 python3 
894705664 | 269536     87 python3 153436     86 rviz2 56600      58 ros2 56480      94 python3 
894709760 | 269536     87 python3 153436     86 rviz2 56600      58 ros2 56480      94 python3 
894971904 | 269536     87 python3 153436     86 rviz2 56600      58 ros2 56480      94 python3 
895533056 | 269536     87 python3 153436     86 rviz2 56600      58 ros2 56480      94 python3 
895492096 | 269536     87 python3 153436     86 rviz2 56600      58 ros2 56480      94 python3 
895496192 | 269536     87 python3 153436     86 rviz2 56600      58 ros2 56480      94 python3 
895275008 | 269536     87 python3 153436     86 rviz2 56600      58 ros2 56480      94 python3 
895533056 | 269536     87 python3 153436     86 rviz2 56600      58 ros2 56480      94 python3 
895238144 | 269536     87 python3 153436     86 rviz2 56600      58 ros2 56480      94 python3 
895770624 | 269536     87 python3 153436     86 rviz2 56600      58 ros2 56480      94 python3 
895246336 | 269536     87 python3 153436     86 rviz2 56600      58 ros2 56480      94 python3 
895877120 | 269536     87 python3 153436     86 rviz2 56600      58 ros2 56480      94 python3 
895500288 | 269536     87 python3 153436     86 rviz2 56600      58 ros2 56480      94 python3 
895246336 | 269536     87 python3 153436     86 rviz2 56600      58 ros2 56480      94 python3 
895045632 | 269536     87 python3 153436     86 rviz2 56600      58 ros2 56480      94 python3 
894779392 | 269536     87 python3 153436     86 rviz2 56600      58 ros2 56480      94 python3 
895500288 | 269536     87 python3 153436     86 rviz2 56600      58 ros2 56480      94 python3 
895266816 | 269536     87 python3 153436     86 rviz2 56600      58 ros2 56480      94 python3 
895537152 | 269536     87 python3 153436     86 rviz2 56600      58 ros2 56480      94 python3 
895438848 | 269536     87 python3 153436     86 rviz2 56600      58 ros2 56480      94 python3 
895787008 | 269536     87 python3 153436     86 rviz2 56600      58 ros2 56480      94 python3 
895242240 | 269536     87 python3 153436     86 rviz2 56600      58 ros2 56480      94 python3 
894935040 | 269536     87 python3 153436     86 rviz2 56600      58 ros2 56480      94 python3 
894722048 | 269536     87 python3 153436     86 rviz2 56600      58 ros2 56480      94 python3 
894722048 | 269536     87 python3 153436     86 rviz2 56600      58 ros2 56480      94 python3 
894717952 | 269536     87 python3 153436     86 rviz2 56600      58 ros2 56480      94 python3 
895242240 | 269536     87 python3 153436     86 rviz2 56600      58 ros2 56480      94 python3 
894648320 | 269536     87 python3 153436     86 rviz2 56600      58 ros2 56480      94 python3 
896180224 | 269536     87 python3 153436     86 rviz2 56600      58 ros2 56480      94 python3 
895242240 | 269536     87 python3 153436     86 rviz2 56600      58 ros2 56480      94 python3 
895766528 | 269536     87 python3 153436     86 rviz2 56600      58 ros2 56480      94 python3 
895512576 | 269536     87 python3 153436     86 rviz2 56600      58 ros2 56480      94 python3 
895762432 | 269536     87 python3 153436     86 rviz2 56600      58 ros2 56480      94 python3 
895549440 | 269536     87 python3 153436     86 rviz2 56600      58 ros2 56480      94 python3 
895238144 | 269536     87 python3 153436     86 rviz2 56600      58 ros2 56480      94 python3 
895238144 | 269536     87 python3 153436     86 rviz2 56600      58 ros2 56480      94 python3 
895500288 | 269536     87 python3 153436     86 rviz2 56600      58 ros2 56480      94 python3 
894967808 | 269536     87 python3 153436     86 rviz2 56600      58 ros2 56480      94 python3 
895496192 | 269536     87 python3 153436     86 rviz2 56600      58 ros2 56480      94 python3 
894840832 | 269536     87 python3 153436     86 rviz2 56600      58 ros2 56480      94 python3 
894705664 | 269536     87 python3 153436     86 rviz2 56600      58 ros2 56480      94 python3 
895238144 | 269536     87 python3 153436     86 rviz2 56600      58 ros2 56480      94 python3 
895336448 | 269536     87 python3 153436     86 rviz2 56600      58 ros2 56480      94 python3 
895557632 | 269536     87 python3 153436     86 rviz2 56600      58 ros2 56480      94 python3 
895295488 | 269536     87 python3 153436     86 rviz2 56600      58 ros2 56480      94 python3 
895905792 | 269536     87 python3 153436     86 rviz2 56600      58 ros2 56480      94 python3 
895422464 | 269536     87 python3 153436     86 rviz2 56600      58 ros2 56480      94 python3 
894971904 | 269536     87 python3 153436     86 rviz2 56600      58 ros2 56480      94 python3 
894988288 | 269536     87 python3 153436     86 rviz2 56600      58 ros2 56480      94 python3 
894857216 | 269536     87 python3 153436     86 rviz2 56600      58 ros2 56480      94 python3 
894996480 | 269536     87 python3 153436     86 rviz2 56600      58 ros2 56480      94 python3 
895049728 | 269536     87 python3 153436     86 rviz2 56600      58 ros2 56480      94 python3 
894701568 | 269536     87 python3 153436     86 rviz2 56600      58 ros2 56480      94 python3 
895459328 | 269536     87 python3 153436     86 rviz2 56600      58 ros2 56480      94 python3 
895713280 | 269536     87 python3 153436     86 rviz2 56600      58 ros2 56480      94 python3 
895250432 | 269536     87 python3 153436     86 rviz2 56600      58 ros2 56480      94 python3 
895242240 | 269536     87 python3 153436     86 rviz2 56600      58 ros2 56480      94 python3 
895770624 | 269536     87 python3 153436     86 rviz2 56600      58 ros2 56480      94 python3 
895512576 | 269536     87 python3 153436     86 rviz2 56600      58 ros2 56480      94 python3 
895266816 | 269536     87 python3 153436     86 rviz2 56600      58 ros2 56480      94 python3 
895565824 | 269536     87 python3 153436     86 rviz2 56600      58 ros2 56480      94 python3 
894652416 | 269536     87 python3 153436     86 rviz2 56600      58 ros2 56480      94 python3 
894980096 | 269536     87 python3 153436     86 rviz2 56600      58 ros2 56480      94 python3 
894984192 | 269536     87 python3 153436     86 rviz2 56600      58 ros2 56480      94 python3 
894984192 | 269536     87 python3 153436     86 rviz2 56600      58 ros2 56480      94 python3 
895320064 | 269536     87 python3 153436     86 rviz2 56600      58 ros2 56480      94 python3 
895188992 | 269536     87 python3 153436     86 rviz2 56600      58 ros2 56480      94 python3 
894996480 | 269536     87 python3 153436     86 rviz2 56600      58 ros2 56480      94 python3 
894922752 | 269536     87 python3 153436     86 rviz2 56600      58 ros2 56480      94 python3 
895619072 | 269536     87 python3 153436     86 rviz2 56600      58 ros2 56480      94 python3 
894730240 | 269536     87 python3 153436     86 rviz2 56600      58 ros2 56480      94 python3 
895119360 | 269536     87 python3 153436     86 rviz2 56600      58 ros2 56480      94 python3 
894992384 | 269536     87 python3 153436     86 rviz2 56600      58 ros2 56480      94 python3 
895156224 | 269536     87 python3 153436     86 rviz2 56600      58 ros2 56480      94 python3 
895242240 | 269536     87 python3 153436     86 rviz2 56600      58 ros2 56480      94 python3 
894660608 | 269536     87 python3 153436     86 rviz2 56600      58 ros2 56480      94 python3 
895258624 | 269536     87 python3 153436     86 rviz2 56600      58 ros2 56480      94 python3 
894922752 | 269536     87 python3 153436     86 rviz2 56600      58 ros2 56480      94 python3 
895111168 | 269536     87 python3 153436     86 rviz2 56600      58 ros2 56480      94 python3 
895778816 | 269536     87 python3 153436     86 rviz2 56600      58 ros2 56480      94 python3 
895512576 | 269536     87 python3 153436     86 rviz2 56600      58 ros2 56480      94 python3 
895512576 | 269536     87 python3 153436     86 rviz2 56600      58 ros2 56480      94 python3 
895397888 | 269536     87 python3 153436     86 rviz2 56600      58 ros2 56480      94 python3 
895606784 | 269536     87 python3 153436     86 rviz2 56600      58 ros2 56480      94 python3 
895438848 | 269536     87 python3 153436     86 rviz2 56600      58 ros2 56480      94 python3 
894664704 | 269536     87 python3 153436     86 rviz2 56600      58 ros2 56480      94 python3 
895033344 | 269536     87 python3 153436     86 rviz2 56600      58 ros2 56480      94 python3 
895094784 | 269536     87 python3 153436     86 rviz2 56600      58 ros2 56480      94 python3 
895000576 | 269536     87 python3 153436     86 rviz2 56600      58 ros2 56480      94 python3 
894992384 | 269536     87 python3 153436     86 rviz2 56600      58 ros2 56480      94 python3 
895254528 | 269536     87 python3 153436     86 rviz2 56600      58 ros2 56480      94 python3 
894984192 | 269536     87 python3 153436     86 rviz2 56600      58 ros2 56480      94 python3 
895459328 | 269536     87 python3 153436     86 rviz2 56600      58 ros2 56480      94 python3 
895545344 | 269536     87 python3 153436     86 rviz2 56600      58 ros2 56480      94 python3 
895516672 | 269536     87 python3 153436     86 rviz2 56600      58 ros2 56480      94 python3 
895258624 | 269536     87 python3 153436     86 rviz2 56600      58 ros2 56480      94 python3 
895520768 | 269536     87 python3 153436     86 rviz2 56600      58 ros2 56480      94 python3 
895934464 | 269536     87 python3 153436     86 rviz2 56600      58 ros2 56480      94 python3 
895979520 | 269536     87 python3 153436     86 rviz2 56600      58 ros2 56480      94 python3 
895000576 | 269536     87 python3 153436     86 rviz2 56600      58 ros2 56480      94 python3 
894853120 | 269536     87 python3 153436     86 rviz2 56600      58 ros2 56480      94 python3 
895156224 | 269536     87 python3 153436     86 rviz2 56600      58 ros2 56480      94 python3 
895074304 | 269536     87 python3 153436     86 rviz2 56600      58 ros2 56480      94 python3 
894726144 | 269536     87 python3 153436     86 rviz2 56600      58 ros2 56480      94 python3 
895516672 | 269536     87 python3 153436     86 rviz2 56600      58 ros2 56480      94 python3 
895574016 | 269536     87 python3 153436     86 rviz2 56600      58 ros2 56480      94 python3 
895791104 | 269536     87 python3 153436     86 rviz2 56600      58 ros2 56480      94 python3 
895524864 | 269536     87 python3 153436     86 rviz2 56600      58 ros2 56480      94 python3 
895627264 | 269536     87 python3 153436     86 rviz2 56600      58 ros2 56480      94 python3 
895451136 | 269536     87 python3 153436     86 rviz2 56600      58 ros2 56480      94 python3 
895246336 | 269536     87 python3 153436     86 rviz2 56600      58 ros2 56480      94 python3 
895528960 | 269536     87 python3 153436     86 rviz2 56600      58 ros2 56480      94 python3 
895471616 | 269536     87 python3 153436     86 rviz2 56600      58 ros2 56480      94 python3 
895651840 | 269536     87 python3 153436     86 rviz2 56600      58 ros2 56480      94 python3 
894828544 | 269536     87 python3 153436     86 rviz2 56600      58 ros2 56480      94 python3 
894996480 | 269536     87 python3 153436     86 rviz2 56600      58 ros2 56480      94 python3 
895025152 | 269536     87 python3 153436     86 rviz2 56600      58 ros2 56480      94 python3 
895258624 | 269536     87 python3 153436     86 rviz2 56600      58 ros2 56480      94 python3 
895332352 | 269536     87 python3 153436     86 rviz2 56600      58 ros2 56480      94 python3 
895447040 | 269536     87 python3 153436     86 rviz2 56600      58 ros2 56480      94 python3 
895557632 | 269536     87 python3 153436     86 rviz2 56600      58 ros2 56480      94 python3 
895397888 | 269536     87 python3 153436     86 rviz2 56600      58 ros2 56480      94 python3 
895565824 | 269536     87 python3 153436     86 rviz2 56600      58 ros2 56480      94 python3 
895410176 | 269536     87 python3 153436     86 rviz2 56600      58 ros2 56480      94 python3 
894738432 | 269536     87 python3 153436     86 rviz2 56600      58 ros2 56480      94 python3 
894750720 | 269536     87 python3 153436     86 rviz2 56600      58 ros2 56480      94 python3 
894717952 | 269536     87 python3 153436     86 rviz2 56600      58 ros2 56480      94 python3 
894873600 | 269536     87 python3 153436     86 rviz2 56600      58 ros2 56480      94 python3 
894922752 | 269536     87 python3 153436     86 rviz2 56600      58 ros2 56480      94 python3 
894898176 | 269536     87 python3 153436     86 rviz2 56600      58 ros2 56480      94 python3 
895934464 | 269536     87 python3 153436     86 rviz2 56600      58 ros2 56480      94 python3 
895619072 | 269536     87 python3 153436     86 rviz2 56600      58 ros2 56480      94 python3 
895524864 | 269536     87 python3 153436     86 rviz2 56600      58 ros2 56480      94 python3 
895901696 | 269536     87 python3 153436     86 rviz2 56600      58 ros2 56480      94 python3 
895684608 | 269536     87 python3 153436     86 rviz2 56600      58 ros2 56480      94 python3 
895787008 | 269536     87 python3 153436     86 rviz2 56600      58 ros2 56480      94 python3 
895856640 | 269536     87 python3 153436     86 rviz2 56600      58 ros2 56480      94 python3 
895492096 | 269536     87 python3 153436     86 rviz2 56600      58 ros2 56480      94 python3 
894865408 | 269536     87 python3 153436     86 rviz2 56600      58 ros2 56480      94 python3 
894627840 | 269536     87 python3 153436     86 rviz2 56600      58 ros2 56480      94 python3 
894734336 | 269536     87 python3 153436     86 rviz2 56600      58 ros2 56480      94 python3 
895119360 | 269536     87 python3 153436     86 rviz2 56600      58 ros2 56480      94 python3 
895979520 | 269536     87 python3 153436     86 rviz2 56600      58 ros2 56480      94 python3 
895860736 | 269536     87 python3 153436     86 rviz2 56600      58 ros2 56480      94 python3 
895537152 | 269536     87 python3 153436     86 rviz2 56600      58 ros2 56480      94 python3 
895463424 | 269536     87 python3 153436     86 rviz2 56600      58 ros2 56480      94 python3 
895651840 | 269536     87 python3 153436     86 rviz2 56600      58 ros2 56480      94 python3 
895733760 | 269536     87 python3 153436     86 rviz2 56600      58 ros2 56480      94 python3 
895229952 | 269536     87 python3 153436     86 rviz2 56600      58 ros2 56480      94 python3 
894894080 | 269536     87 python3 153436     86 rviz2 56600      58 ros2 56480      94 python3 
894791680 | 269536     87 python3 153436     86 rviz2 56600      58 ros2 56480      94 python3 
895258624 | 269536     87 python3 153436     86 rviz2 56600      58 ros2 56480      94 python3 
894930944 | 269536     87 python3 153436     86 rviz2 56600      58 ros2 56480      94 python3 
894922752 | 269536     87 python3 153436     86 rviz2 56600      58 ros2 56480      94 python3 
895049728 | 269536     87 python3 153436     86 rviz2 56600      58 ros2 56480      94 python3 
895455232 | 269536     87 python3 153436     86 rviz2 56600      58 ros2 56480      94 python3 
895623168 | 269536     87 python3 153436     86 rviz2 56600      58 ros2 56480      94 python3 
895778816 | 269536     87 python3 153436     86 rviz2 56600      58 ros2 56480      94 python3 
895922176 | 269536     87 python3 153436     86 rviz2 56600      58 ros2 56480      94 python3 
895524864 | 269536     87 python3 153436     86 rviz2 56600      58 ros2 56480      94 python3 
895528960 | 269536     87 python3 153436     86 rviz2 56600      58 ros2 56480      94 python3 
895397888 | 269536     87 python3 153436     86 rviz2 56600      58 ros2 56480      94 python3 
894849024 | 269536     87 python3 153436     86 rviz2 56600      58 ros2 56480      94 python3 
894738432 | 269536     87 python3 153436     86 rviz2 56600      58 ros2 56480      94 python3 
895004672 | 269536     87 python3 153436     86 rviz2 56600      58 ros2 56480      94 python3 
895348736 | 269536     87 python3 153436     86 rviz2 56600      58 ros2 56480      94 python3 
895143936 | 269536     87 python3 153436     86 rviz2 56600      58 ros2 56480      94 python3 
895365120 | 269536     87 python3 153436     86 rviz2 56600      58 ros2 56480      94 python3 
895729664 | 269536     87 python3 153436     86 rviz2 56600      58 ros2 56480      94 python3 
895463424 | 269536     87 python3 153436     86 rviz2 56600      58 ros2 56480      94 python3 
895807488 | 269536     87 python3 153436     86 rviz2 56600      58 ros2 56480      94 python3 
895647744 | 269536     87 python3 153436     86 rviz2 56600      58 ros2 56480      94 python3 
895508480 | 269536     87 python3 153436     86 rviz2 56600      58 ros2 56480      94 python3 
895307776 | 269536     87 python3 153436     86 rviz2 56600      58 ros2 56480      94 python3 
895496192 | 269536     87 python3 153436     86 rviz2 56600      58 ros2 56480      94 python3 
896028672 | 269536     87 python3 153436     86 rviz2 56600      58 ros2 56480      94 python3 
894742528 | 269536     87 python3 153436     86 rviz2 56600      58 ros2 56480      94 python3 
895049728 | 269536     87 python3 153436     86 rviz2 56600      58 ros2 56480      94 python3 
894988288 | 269536     87 python3 153436     86 rviz2 56600      58 ros2 56480      94 python3 
894722048 | 269536     87 python3 153436     86 rviz2 56600      58 ros2 56480      94 python3 
895807488 | 269536     87 python3 153436     86 rviz2 56600      58 ros2 56480      94 python3 
895303680 | 269536     87 python3 153436     86 rviz2 56600      58 ros2 56480      94 python3 
895549440 | 269536     87 python3 153436     86 rviz2 56600      58 ros2 56480      94 python3 
895893504 | 269536     87 python3 153436     86 rviz2 56600      58 ros2 56480      94 python3 
895815680 | 269536     87 python3 153436     86 rviz2 56600      58 ros2 56480      94 python3 
895807488 | 269536     87 python3 153436     86 rviz2 56600      58 ros2 56480      94 python3 
894955520 | 269536     87 python3 153436     86 rviz2 56600      58 ros2 56480      94 python3 
895291392 | 269536     87 python3 153436     86 rviz2 56600      58 ros2 56480      94 python3 
895381504 | 269536     87 python3 153436     86 rviz2 56600      58 ros2 56480      94 python3 
894787584 | 269536     87 python3 153436     86 rviz2 56600      58 ros2 56480      94 python3 
894787584 | 269536     87 python3 153436     86 rviz2 56600      58 ros2 56480      94 python3 
896073728 | 269536     87 python3 153436     86 rviz2 56600      58 ros2 56480      94 python3 
896499712 | 269536     87 python3 153436     86 rviz2 56600      58 ros2 56480      94 python3 
896405504 | 269536     87 python3 153436     86 rviz2 56600      58 ros2 56480      94 python3 
896778240 | 269536     87 python3 153436     86 rviz2 56600      58 ros2 56480      94 python3 
896249856 | 269536     87 python3 153436     86 rviz2 56600      58 ros2 56480      94 python3 
896372736 | 269536     87 python3 153436     86 rviz2 56600      58 ros2 56480      94 python3 
897085440 | 269536     87 python3 153436     86 rviz2 56600      58 ros2 56480      94 python3 
896524288 | 269536     87 python3 153436     86 rviz2 56600      58 ros2 56480      94 python3 
896372736 | 269536     87 python3 153436     86 rviz2 56600      58 ros2 56480      94 python3 
896970752 | 269536     87 python3 153436     86 rviz2 56600      58 ros2 56480      94 python3 
895844352 | 269536     87 python3 153436     86 rviz2 56600      58 ros2 56480      94 python3 
895913984 | 269536     87 python3 153436     86 rviz2 56600      58 ros2 56480      94 python3 
896290816 | 269536     87 python3 153436     86 rviz2 56600      58 ros2 56480      94 python3 
896126976 | 269536     87 python3 153436     86 rviz2 56600      58 ros2 56480      94 python3 
896507904 | 269536     87 python3 153436     86 rviz2 56600      58 ros2 56480      94 python3 
896507904 | 269536     87 python3 153436     86 rviz2 56600      58 ros2 56480      94 python3 
896802816 | 269536     87 python3 153436     86 rviz2 56600      58 ros2 56480      94 python3 
896507904 | 269536     87 python3 153436     86 rviz2 56600      58 ros2 56480      94 python3 
896249856 | 269536     87 python3 153436     86 rviz2 56600      58 ros2 56480      94 python3 
895918080 | 269536     87 python3 153436     86 rviz2 56600      58 ros2 56480      94 python3 
895959040 | 269536     87 python3 153436     86 rviz2 56600      58 ros2 56480      94 python3 
895602688 | 269536     87 python3 153436     86 rviz2 56600      58 ros2 56480      94 python3 
895983616 | 269536     87 python3 153436     86 rviz2 56600      58 ros2 56480      94 python3 
895987712 | 269536     87 python3 153436     86 rviz2 56600      58 ros2 56480      94 python3 
896045056 | 269536     87 python3 153436     86 rviz2 56600      58 ros2 56480      94 python3 
896249856 | 269536     87 python3 153436     86 rviz2 56600      58 ros2 56480      94 python3 
895610880 | 269536     87 python3 153436     86 rviz2 56600      58 ros2 56480      94 python3 
896782336 | 269536     87 python3 153436     86 rviz2 56600      58 ros2 56480      94 python3 
896512000 | 269536     87 python3 153436     86 rviz2 56600      58 ros2 56480      94 python3 
896516096 | 269536     87 python3 153436     86 rviz2 56600      58 ros2 56480      94 python3 
896626688 | 269536     87 python3 153436     86 rviz2 56600      58 ros2 56480      94 python3 
896991232 | 269536     87 python3 153436     86 rviz2 56600      58 ros2 56480      94 python3 
896258048 | 269536     87 python3 153436     86 rviz2 56600      58 ros2 56480      94 python3 
896454656 | 269536     87 python3 153436     86 rviz2 56600      58 ros2 56480      94 python3 
895852544 | 269536     87 python3 153436     86 rviz2 56600      58 ros2 56480      94 python3 
896012288 | 269536     87 python3 153436     86 rviz2 56600      58 ros2 56480      94 python3 
895987712 | 269536     87 python3 153436     86 rviz2 56600      58 ros2 56480      94 python3 
896126976 | 269536     87 python3 153436     86 rviz2 56600      58 ros2 56480      94 python3 
896212992 | 269536     87 python3 153436     86 rviz2 56600      58 ros2 56480      94 python3 
896106496 | 269536     87 python3 153436     86 rviz2 56600      58 ros2 56480      94 python3 
896299008 | 269536     87 python3 153436     86 rviz2 56600      58 ros2 56480      94 python3 
896135168 | 269536     87 python3 153436     86 rviz2 56600      58 ros2 56480      94 python3 
895991808 | 269536     87 python3 153436     86 rviz2 56600      58 ros2 56480      94 python3 
895664128 | 269536     87 python3 153436     86 rviz2 56600      58 ros2 56480      94 python3 
896126976 | 269536     87 python3 153436     86 rviz2 56600      58 ros2 56480      94 python3 
895918080 | 269536     87 python3 153436     86 rviz2 56600      58 ros2 56480      94 python3 
895725568 | 269536     87 python3 153436     86 rviz2 56600      58 ros2 56480      94 python3 
895868928 | 269536     87 python3 153436     86 rviz2 56600      58 ros2 56480      94 python3 
895897600 | 269536     87 python3 153436     86 rviz2 56600      58 ros2 56480      94 python3 
895770624 | 269536     87 python3 153436     86 rviz2 56600      58 ros2 56480      94 python3 
896249856 | 269536     87 python3 153436     86 rviz2 56600      58 ros2 56480      94 python3 
895725568 | 269536     87 python3 153436     86 rviz2 56600      58 ros2 56480      94 python3 
896401408 | 269536     87 python3 153436     86 rviz2 56600      58 ros2 56480      94 python3 
896757760 | 269536     87 python3 153436     86 rviz2 56600      58 ros2 56480      94 python3 
896823296 | 269536     87 python3 153436     86 rviz2 56600      58 ros2 56480      94 python3 
896262144 | 269536     87 python3 153436     86 rviz2 56600      58 ros2 56480      94 python3 
896512000 | 269536     87 python3 153436     86 rviz2 56600      58 ros2 56480      94 python3 
896819200 | 269536     87 python3 153436     86 rviz2 56600      58 ros2 56480      94 python3 
895991808 | 269536     87 python3 153436     86 rviz2 56600      58 ros2 56480      94 python3 
895782912 | 269536     87 python3 153436     86 rviz2 56600      58 ros2 56480      94 python3 
896241664 | 269536     87 python3 153436     86 rviz2 56600      58 ros2 56480      94 python3 
895741952 | 269536     87 python3 153436     86 rviz2 56600      58 ros2 56480      94 python3 
896106496 | 269536     87 python3 153436     86 rviz2 56600      58 ros2 56480      94 python3 
896323584 | 269536     87 python3 153436     86 rviz2 56600      58 ros2 56480      94 python3 
895737856 | 269536     87 python3 153436     86 rviz2 56600      58 ros2 56480      94 python3 
896524288 | 269536     87 python3 153436     86 rviz2 56600      58 ros2 56480      94 python3 
896294912 | 269536     87 python3 153436     86 rviz2 56600      58 ros2 56480      94 python3 
896647168 | 269536     87 python3 153436     86 rviz2 56600      58 ros2 56480      94 python3 
896266240 | 269536     87 python3 153436     86 rviz2 56600      58 ros2 56480      94 python3 
896286720 | 269536     87 python3 153436     86 rviz2 56600      58 ros2 56480      94 python3 
896634880 | 269536     87 python3 153436     86 rviz2 56600      58 ros2 56480      94 python3 
896905216 | 269536     87 python3 153436     86 rviz2 56600      58 ros2 56480      94 python3 
896294912 | 269536     87 python3 153436     86 rviz2 56600      58 ros2 56480      94 python3 
896294912 | 269536     87 python3 153436     86 rviz2 56600      58 ros2 56480      94 python3 
895737856 | 269536     87 python3 153436     86 rviz2 56600      58 ros2 56480      94 python3 
896118784 | 269536     87 python3 153436     86 rviz2 56600      58 ros2 56480      94 python3 
896200704 | 269536     87 python3 153436     86 rviz2 56600      58 ros2 56480      94 python3 
896647168 | 269536     87 python3 153436     86 rviz2 56600      58 ros2 56480      94 python3 
896512000 | 269536     87 python3 153436     86 rviz2 56600      58 ros2 56480      94 python3 
896790528 | 269536     87 python3 153436     86 rviz2 56600      58 ros2 56480      94 python3 
896790528 | 269536     87 python3 153436     86 rviz2 56600      58 ros2 56480      94 python3 
896536576 | 269536     87 python3 153436     86 rviz2 56600      58 ros2 56480      94 python3 
896421888 | 269536     87 python3 153436     86 rviz2 56600      58 ros2 56480      94 python3 
896790528 | 269536     87 python3 153436     86 rviz2 56600      58 ros2 56480      94 python3 
896524288 | 269536     87 python3 153436     86 rviz2 56600      58 ros2 56480      94 python3 
896118784 | 269536     87 python3 153436     86 rviz2 56600      58 ros2 56480      94 python3 
896528384 | 269536     87 python3 153436     86 rviz2 56600      58 ros2 56480      94 python3 
895815680 | 269536     87 python3 153436     86 rviz2 56600      58 ros2 56480      94 python3 
895733760 | 269536     87 python3 153436     86 rviz2 56600      58 ros2 56480      94 python3 
896016384 | 269536     87 python3 153436     86 rviz2 56600      58 ros2 56480      94 python3 
896278528 | 269536     87 python3 153436     86 rviz2 56600      58 ros2 56480      94 python3 
896577536 | 269536     87 python3 153436     86 rviz2 56600      58 ros2 56480      94 python3 
896266240 | 269536     87 python3 153436     86 rviz2 56600      58 ros2 56480      94 python3 
896266240 | 269536     87 python3 153436     86 rviz2 56600      58 ros2 56480      94 python3 
896524288 | 269536     87 python3 153436     86 rviz2 56600      58 ros2 56480      94 python3 
896524288 | 269536     87 python3 153436     86 rviz2 56600      58 ros2 56480      94 python3 
896155648 | 269536     87 python3 153436     86 rviz2 56600      58 ros2 56480      94 python3 
896385024 | 269536     87 python3 153436     86 rviz2 56600      58 ros2 56480      94 python3 
895950848 | 269536     87 python3 153436     86 rviz2 56600      58 ros2 56480      94 python3 
896016384 | 269536     87 python3 153436     86 rviz2 56600      58 ros2 56480      94 python3 
896163840 | 269536     87 python3 153436     86 rviz2 56600      58 ros2 56480      94 python3 
896065536 | 269536     87 python3 153436     86 rviz2 56600      58 ros2 56480      94 python3 
895787008 | 269536     87 python3 153436     86 rviz2 56600      58 ros2 56480      94 python3 
896720896 | 269536     87 python3 153436     86 rviz2 56600      58 ros2 56480      94 python3 
896524288 | 269536     87 python3 153436     86 rviz2 56600      58 ros2 56480      94 python3 
896532480 | 269536     87 python3 153436     86 rviz2 56600      58 ros2 56480      94 python3 
896524288 | 269536     87 python3 153436     86 rviz2 56600      58 ros2 56480      94 python3 
896749568 | 269536     87 python3 153436     86 rviz2 56600      58 ros2 56480      94 python3 
896270336 | 269536     87 python3 153436     86 rviz2 56600      58 ros2 56480      94 python3 
896675840 | 269536     87 python3 153436     86 rviz2 56600      58 ros2 56480      94 python3 
896516096 | 269536     87 python3 153436     86 rviz2 56600      58 ros2 56480      94 python3 
895885312 | 269536     87 python3 153436     86 rviz2 56600      58 ros2 56480      94 python3 
896200704 | 269536     87 python3 153436     86 rviz2 56600      58 ros2 56480      94 python3 
895688704 | 269536     87 python3 153436     86 rviz2 56600      58 ros2 56480      94 python3 
896266240 | 269536     87 python3 153436     86 rviz2 56600      58 ros2 56480      94 python3 
896532480 | 269536     87 python3 153436     86 rviz2 56600      58 ros2 56480      94 python3 
896823296 | 269536     87 python3 153436     86 rviz2 56600      58 ros2 56480      94 python3 
896475136 | 269536     87 python3 153436     86 rviz2 56600      58 ros2 56480      94 python3 
896794624 | 269536     87 python3 153436     86 rviz2 56600      58 ros2 56480      94 python3 
896794624 | 269536     87 python3 153436     86 rviz2 56600      58 ros2 56480      94 python3 
896270336 | 269536     87 python3 153436     86 rviz2 56600      58 ros2 56480      94 python3 
896286720 | 269536     87 python3 153436     86 rviz2 56600      58 ros2 56480      94 python3 
896352256 | 269536     87 python3 153436     86 rviz2 56600      58 ros2 56480      94 python3 
896311296 | 269536     87 python3 153436     86 rviz2 56600      58 ros2 56480      94 python3 
896315392 | 269536     87 python3 153436     86 rviz2 56600      58 ros2 56480      94 python3 
895725568 | 269536     87 python3 153436     86 rviz2 56600      58 ros2 56480      94 python3 
895934464 | 269536     87 python3 153436     86 rviz2 56600      58 ros2 56480      94 python3 
896016384 | 269536     87 python3 153436     86 rviz2 56600      58 ros2 56480      94 python3 
896552960 | 269536     87 python3 153436     86 rviz2 56600      58 ros2 56480      94 python3 
896729088 | 269536     87 python3 153436     86 rviz2 56600      58 ros2 56480      94 python3 
896626688 | 269536     87 python3 153436     86 rviz2 56600      58 ros2 56480      94 python3 
896540672 | 269536     87 python3 153436     86 rviz2 56600      58 ros2 56480      94 python3 
896548864 | 269536     87 python3 153436     86 rviz2 56600      58 ros2 56480      94 python3 
896626688 | 269536     87 python3 153436     86 rviz2 56600      58 ros2 56480      94 python3 
896552960 | 269536     87 python3 153436     86 rviz2 56600      58 ros2 56480      94 python3 
896331776 | 269536     87 python3 153436     86 rviz2 56600      58 ros2 56480      94 python3 
896069632 | 269536     87 python3 153436     86 rviz2 56600      58 ros2 56480      94 python3 
896270336 | 269536     87 python3 153436     86 rviz2 56600      58 ros2 56480      94 python3 
896008192 | 269536     87 python3 153436     86 rviz2 56600      58 ros2 56480      94 python3 
896024576 | 269536     87 python3 153436     86 rviz2 56600      58 ros2 56480      94 python3 
895827968 | 269536     87 python3 153436     86 rviz2 56600      58 ros2 56480      94 python3 
896770048 | 269536     87 python3 153436     86 rviz2 56600      58 ros2 56480      94 python3 
896282624 | 269536     87 python3 153436     86 rviz2 56600      58 ros2 56480      94 python3 
896532480 | 269536     87 python3 153436     86 rviz2 56600      58 ros2 56480      94 python3 
896270336 | 269536     87 python3 153436     86 rviz2 56600      58 ros2 56480      94 python3 
896270336 | 269536     87 python3 153436     86 rviz2 56600      58 ros2 56480      94 python3 
896626688 | 269536     87 python3 153436     86 rviz2 56600      58 ros2 56480      94 python3 
896270336 | 269536     87 python3 153436     86 rviz2 56600      58 ros2 56480      94 python3 
896802816 | 269536     87 python3 153436     86 rviz2 56600      58 ros2 56480      94 python3 
896143360 | 269536     87 python3 153436     86 rviz2 56600      58 ros2 56480      94 python3 
896008192 | 269536     87 python3 153436     86 rviz2 56600      58 ros2 56480      94 python3 
896032768 | 269536     87 python3 153436     86 rviz2 56600      58 ros2 56480      94 python3 
896008192 | 269536     87 python3 153436     86 rviz2 56600      58 ros2 56480      94 python3 
896581632 | 269536     87 python3 153436     86 rviz2 56600      58 ros2 56480      94 python3 
896729088 | 269536     87 python3 153436     86 rviz2 56600      58 ros2 56480      94 python3 
896614400 | 269536     87 python3 153436     86 rviz2 56600      58 ros2 56480      94 python3 
896118784 | 269536     87 python3 153436     86 rviz2 56600      58 ros2 56480      94 python3 
896282624 | 269536     87 python3 153436     86 rviz2 56600      58 ros2 56480      94 python3 
896716800 | 269536     87 python3 153436     86 rviz2 56600      58 ros2 56480      94 python3 
895954944 | 269536     87 python3 153436     86 rviz2 56600      58 ros2 56480      94 python3 
895954944 | 269536     87 python3 153436     86 rviz2 56600      58 ros2 56480      94 python3 
896225280 | 269536     87 python3 153436     86 rviz2 56600      58 ros2 56480      94 python3 
896012288 | 269536     87 python3 153436     86 rviz2 56600      58 ros2 56480      94 python3 
896012288 | 269536     87 python3 153436     86 rviz2 56600      58 ros2 56480      94 python3 
895889408 | 269536     87 python3 153436     86 rviz2 56600      58 ros2 56480      94 python3 
896208896 | 269536     87 python3 153436     86 rviz2 56600      58 ros2 56480      94 python3 
896548864 | 269536     87 python3 153436     86 rviz2 56600      58 ros2 56480      94 python3 
896544768 | 269536     87 python3 153436     86 rviz2 56600      58 ros2 56480      94 python3 
896720896 | 269536     87 python3 153436     86 rviz2 56600      58 ros2 56480      94 python3 
896208896 | 269536     87 python3 153436     86 rviz2 56600      58 ros2 56480      94 python3 
896651264 | 269536     87 python3 153436     86 rviz2 56600      58 ros2 56480      94 python3 
896544768 | 269536     87 python3 153436     86 rviz2 56600      58 ros2 56480      94 python3 
896802816 | 269536     87 python3 153436     86 rviz2 56600      58 ros2 56480      94 python3 
896126976 | 269536     87 python3 153436     86 rviz2 56600      58 ros2 56480      94 python3 
896274432 | 269536     87 python3 153436     86 rviz2 56600      58 ros2 56480      94 python3 
896262144 | 269536     87 python3 153436     86 rviz2 56600      58 ros2 56480      94 python3 
896024576 | 269536     87 python3 153436     86 rviz2 56600      58 ros2 56480      94 python3 
895754240 | 269536     87 python3 153436     86 rviz2 56600      58 ros2 56480      94 python3 
896536576 | 269536     87 python3 153436     86 rviz2 56600      58 ros2 56480      94 python3 
896540672 | 269536     87 python3 153436     86 rviz2 56600      58 ros2 56480      94 python3 
896688128 | 269536     87 python3 153436     86 rviz2 56600      58 ros2 56480      94 python3 
896675840 | 269536     87 python3 153436     86 rviz2 56600      58 ros2 56480      94 python3 
896544768 | 269536     87 python3 153436     86 rviz2 56600      58 ros2 56480      94 python3 
896589824 | 269536     87 python3 153436     86 rviz2 56600      58 ros2 56480      94 python3 
897130496 | 269536     87 python3 153436     86 rviz2 56600      58 ros2 56480      94 python3 
896724992 | 269536     87 python3 153436     86 rviz2 56600      58 ros2 56480      94 python3 
896446464 | 269536     87 python3 153436     86 rviz2 56600      58 ros2 56480      94 python3 
896446464 | 269536     87 python3 153436     86 rviz2 56600      58 ros2 56480      94 python3 
895995904 | 269536     87 python3 153436     86 rviz2 56600      58 ros2 56480      94 python3 
896593920 | 269536     87 python3 153436     86 rviz2 56600      58 ros2 56480      94 python3 
896069632 | 269536     87 python3 153436     86 rviz2 56600      58 ros2 56480      94 python3 
896335872 | 269536     87 python3 153436     86 rviz2 56600      58 ros2 56480      94 python3 
896581632 | 269536     87 python3 153436     86 rviz2 56600      58 ros2 56480      94 python3 
896405504 | 269536     87 python3 153436     86 rviz2 56600      58 ros2 56480      94 python3 
896806912 | 269536     87 python3 153436     86 rviz2 56600      58 ros2 56480      94 python3 
896569344 | 269536     87 python3 153436     86 rviz2 56600      58 ros2 56480      94 python3 
896458752 | 269536     87 python3 153436     86 rviz2 56600      58 ros2 56480      94 python3 
896438272 | 269536     87 python3 153436     86 rviz2 56600      58 ros2 56480      94 python3 
896065536 | 269536     87 python3 153436     86 rviz2 56600      58 ros2 56480      94 python3 
896118784 | 269536     87 python3 153436     86 rviz2 56600      58 ros2 56480      94 python3 
896286720 | 269536     87 python3 153436     86 rviz2 56600      58 ros2 56480      94 python3 
896020480 | 269536     87 python3 153436     86 rviz2 56600      58 ros2 56480      94 python3 
896237568 | 269536     87 python3 153436     86 rviz2 56600      58 ros2 56480      94 python3 
896020480 | 269536     87 python3 153436     86 rviz2 56600      58 ros2 56480      94 python3 
896294912 | 269536     87 python3 153436     86 rviz2 56600      58 ros2 56480      94 python3 
896294912 | 269536     87 python3 153436     86 rviz2 56600      58 ros2 56480      94 python3 
896024576 | 269536     87 python3 153436     86 rviz2 56600      58 ros2 56480      94 python3 
895758336 | 269536     87 python3 153436     86 rviz2 56600      58 ros2 56480      94 python3 
895758336 | 269536     87 python3 153436     86 rviz2 56600      58 ros2 56480      94 python3 
896286720 | 269536     87 python3 153436     86 rviz2 56600      58 ros2 56480      94 python3 
895762432 | 269536     87 python3 153436     86 rviz2 56600      58 ros2 56480      94 python3 
896040960 | 269536     87 python3 153436     86 rviz2 56600      58 ros2 56480      94 python3 
896032768 | 269536     87 python3 153436     86 rviz2 56600      58 ros2 56480      94 python3 
895758336 | 269536     87 python3 153436     86 rviz2 56600      58 ros2 56480      94 python3 
895799296 | 269536     87 python3 153436     86 rviz2 56600      58 ros2 56480      94 python3 
895750144 | 269536     87 python3 153436     86 rviz2 56600      58 ros2 56480      94 python3 
896815104 | 269536     87 python3 153436     86 rviz2 56600      58 ros2 56480      94 python3 
896528384 | 269536     87 python3 153436     86 rviz2 56600      58 ros2 56480      94 python3 
896524288 | 269536     87 python3 153436     86 rviz2 56600      58 ros2 56480      94 python3 
896192512 | 269536     87 python3 153436     86 rviz2 56600      58 ros2 56480      94 python3 
896552960 | 269536     87 python3 153436     86 rviz2 56600      58 ros2 56480      94 python3 
896647168 | 269536     87 python3 153436     86 rviz2 56600      58 ros2 56480      94 python3 
896024576 | 269536     87 python3 153436     86 rviz2 56600      58 ros2 56480      94 python3 
896028672 | 269536     87 python3 153436     86 rviz2 56600      58 ros2 56480      94 python3 
895766528 | 269536     87 python3 153436     86 rviz2 56600      58 ros2 56480      94 python3 
895987712 | 269536     87 python3 153436     86 rviz2 56600      58 ros2 56480      94 python3 
895762432 | 269536     87 python3 153436     86 rviz2 56600      58 ros2 56480      94 python3 
895991808 | 269536     87 python3 153436     86 rviz2 56600      58 ros2 56480      94 python3 
896151552 | 269536     87 python3 153436     86 rviz2 56600      58 ros2 56480      94 python3 
896421888 | 269536     87 python3 153436     86 rviz2 56600      58 ros2 56480      94 python3 
896294912 | 269536     87 python3 153436     86 rviz2 56600      58 ros2 56480      94 python3 
896294912 | 269536     87 python3 153436     86 rviz2 56600      58 ros2 56480      94 python3 
896733184 | 269536     87 python3 153436     86 rviz2 56600      58 ros2 56480      94 python3 
896557056 | 269536     87 python3 153436     86 rviz2 56600      58 ros2 56480      94 python3 
896552960 | 269536     87 python3 153436     86 rviz2 56600      58 ros2 56480      94 python3 
897077248 | 269536     87 python3 153436     86 rviz2 56600      58 ros2 56480      94 python3 
895950848 | 269536     87 python3 153436     86 rviz2 56600      58 ros2 56480      94 python3 
896086016 | 269536     87 python3 153436     86 rviz2 56600      58 ros2 56480      94 python3 
896040960 | 269536     87 python3 153436     86 rviz2 56600      58 ros2 56480      94 python3 
895746048 | 269536     87 python3 153436     86 rviz2 56600      58 ros2 56480      94 python3 
895766528 | 269536     87 python3 153436     86 rviz2 56600      58 ros2 56480      94 python3 
896032768 | 269536     87 python3 153436     86 rviz2 56600      58 ros2 56480      94 python3 
896815104 | 269536     87 python3 153436     86 rviz2 56600      58 ros2 56480      94 python3 
896204800 | 269536     87 python3 153436     86 rviz2 56600      58 ros2 56480      94 python3 
896344064 | 269536     87 python3 153436     86 rviz2 56600      58 ros2 56480      94 python3 
896299008 | 269536     87 python3 153436     86 rviz2 56600      58 ros2 56480      94 python3 
896454656 | 269536     87 python3 153436     86 rviz2 56600      58 ros2 56480      94 python3 
896339968 | 269536     87 python3 153436     86 rviz2 56600      58 ros2 56480      94 python3 
896552960 | 269536     87 python3 153436     86 rviz2 56600      58 ros2 56480      94 python3 
896557056 | 269536     87 python3 153436     86 rviz2 56600      58 ros2 56480      94 python3 
896299008 | 269536     87 python3 153436     86 rviz2 56600      58 ros2 56480      94 python3 
895930368 | 269536     87 python3 153436     86 rviz2 56600      58 ros2 56480      94 python3 
896229376 | 269536     87 python3 153436     86 rviz2 56600      58 ros2 56480      94 python3 
896032768 | 269536     87 python3 153436     86 rviz2 56600      58 ros2 56480      94 python3 
896622592 | 269536     87 python3 153436     86 rviz2 56600      58 ros2 56480      94 python3 
896573440 | 269536     87 python3 153436     86 rviz2 56600      58 ros2 56480      94 python3 
896561152 | 269536     87 python3 153436     86 rviz2 56600      58 ros2 56480      94 python3 
896610304 | 269536     87 python3 153436     86 rviz2 56600      58 ros2 56480      94 python3 
896299008 | 269536     87 python3 153436     86 rviz2 56600      58 ros2 56480      94 python3 
896561152 | 269536     87 python3 153436     86 rviz2 56600      58 ros2 56480      94 python3 
896118784 | 269536     87 python3 153436     86 rviz2 56600      58 ros2 56480      94 python3 
896147456 | 269536     87 python3 153436     86 rviz2 56600      58 ros2 56480      94 python3 
895995904 | 269536     87 python3 153436     86 rviz2 56600      58 ros2 56480      94 python3 
895766528 | 269536     87 python3 153436     86 rviz2 56600      58 ros2 56480      94 python3 
896004096 | 269536     87 python3 153436     86 rviz2 56600      58 ros2 56480      94 python3 
895942656 | 269536     87 python3 153436     86 rviz2 56600      58 ros2 56480      94 python3 
895967232 | 269536     87 python3 153436     86 rviz2 56600      58 ros2 56480      94 python3 
896823296 | 269536     87 python3 153436     86 rviz2 56600      58 ros2 56480      94 python3 
896561152 | 269536     87 python3 153436     86 rviz2 56600      58 ros2 56480      94 python3 
896557056 | 269536     87 python3 153436     86 rviz2 56600      58 ros2 56480      94 python3 
896823296 | 269536     87 python3 153436     86 rviz2 56600      58 ros2 56480      94 python3 
896565248 | 269536     87 python3 153436     86 rviz2 56600      58 ros2 56480      94 python3 
896278528 | 269536     87 python3 153436     86 rviz2 56600      58 ros2 56480      94 python3 
896299008 | 269536     87 python3 153436     86 rviz2 56600      58 ros2 56480      94 python3 
896724992 | 269536     87 python3 153436     86 rviz2 56600      58 ros2 56480      94 python3 
896045056 | 269536     87 python3 153436     86 rviz2 56600      58 ros2 56480      94 python3 
895655936 | 269536     87 python3 153436     86 rviz2 56600      58 ros2 56480      94 python3 
896053248 | 269536     87 python3 153436     86 rviz2 56600      58 ros2 56480      94 python3 
896036864 | 269536     87 python3 153436     86 rviz2 56600      58 ros2 56480      94 python3 
896303104 | 269536     87 python3 153436     86 rviz2 56600      58 ros2 56480      94 python3 
896573440 | 269536     87 python3 153436     86 rviz2 56600      58 ros2 56480      94 python3 
896303104 | 269536     87 python3 153436     86 rviz2 56600      58 ros2 56480      94 python3 
896196608 | 269536     87 python3 153436     86 rviz2 56600      58 ros2 56480      94 python3 
896675840 | 269536     87 python3 153436     86 rviz2 56600      58 ros2 56480      94 python3 
896303104 | 269536     87 python3 153436     86 rviz2 56600      58 ros2 56480      94 python3 
909959168 | 269536     87 python3 153436     86 rviz2 56600      58 ros2 56480      94 python3 
934207488 | 269536     87 python3 153436     86 rviz2 56600      58 ros2 56480      94 python3 
934391808 | 269536     87 python3 153436     86 rviz2 56600      58 ros2 56480      94 python3 
934903808 | 269536     87 python3 153436     86 rviz2 56600      58 ros2 56480      94 python3 
934387712 | 269536     87 python3 153436     86 rviz2 56600      58 ros2 56480      94 python3 
934535168 | 269536     87 python3 153436     86 rviz2 56600      58 ros2 56480      94 python3 
934653952 | 269536     87 python3 153436     86 rviz2 56600      58 ros2 56480      94 python3 
941113344 | 269536     87 python3 153436     86 rviz2 56600      58 ros2 56480      94 python3 
951058432 | 269536     87 python3 153436     86 rviz2 56600      58 ros2 56480      94 python3 
952074240 | 269536     87 python3 153436     86 rviz2 56600      58 ros2 56480      94 python3 
968208384 | 269536     87 python3 153436     86 rviz2 56600      58 ros2 56480      94 python3 
973770752 | 269536     87 python3 153436     86 rviz2 56600      58 ros2 56480      94 python3 
1011929088 | 269596     87 python3 153504     86 rviz2 65716   13834 ros2 57588      58 ros2 
1036869632 | 269596     87 python3 153504     86 rviz2 73912   13834 ros2 57780      58 ros2 
1056894976 | 269656     87 python3 153580     86 rviz2 74396   13834 ros2 68560   13855 python3 
1054851072 | 269656     87 python3 153580     86 rviz2 71216   13834 ros2 68996   13855 python3 
1013866496 | 269656     87 python3 153580     86 rviz2 68944   13855 python3 57956      58 ros2 
1014403072 | 269656     87 python3 153580     86 rviz2 69008   13855 python3 57956      58 ros2 
1015169024 | 269656     87 python3 153580     86 rviz2 70364   13855 python3 57956      58 ros2 
1015799808 | 269656     87 python3 154284     86 rviz2 70784   13855 python3 57956      58 ros2 
1015648256 | 269656     87 python3 154284     86 rviz2 70784   13855 python3 57956      58 ros2 
1015885824 | 269656     87 python3 154348     86 rviz2 71212   13855 python3 57956      58 ros2 
1017298944 | 269656     87 python3 154348     86 rviz2 72184   13855 python3 57956      58 ros2 
1016446976 | 269656     87 python3 154348     86 rviz2 72812   13855 python3 57956      58 ros2 
1016733696 | 269656     87 python3 154348     86 rviz2 72840   13855 python3 57956      58 ros2 
1016582144 | 270416     87 python3 154348     86 rviz2 73020   13855 python3 57956      58 ros2 
1016389632 | 270416     87 python3 154348     86 rviz2 73020   13855 python3 57956      58 ros2 
1016868864 | 270476     87 python3 154348     86 rviz2 73116   13855 python3 57956      58 ros2 
1016295424 | 270476     87 python3 154348     86 rviz2 73116   13855 python3 57956      58 ros2 
1016594432 | 270476     87 python3 154348     86 rviz2 73116   13855 python3 57956      58 ros2 
1016156160 | 270476     87 python3 154348     86 rviz2 73116   13855 python3 57956      58 ros2 
1016156160 | 270476     87 python3 154348     86 rviz2 73116   13855 python3 57956      58 ros2 
1016426496 | 270476     87 python3 154348     86 rviz2 73116   13855 python3 57956      58 ros2 
1016631296 | 270476     87 python3 154348     86 rviz2 73116   13855 python3 57956      58 ros2 
1016590336 | 270476     87 python3 154348     86 rviz2 73120   13855 python3 57956      58 ros2 
1016434688 | 270476     87 python3 154348     86 rviz2 73120   13855 python3 57956      58 ros2 
1016688640 | 270476     87 python3 154348     86 rviz2 73120   13855 python3 57956      58 ros2 
1016492032 | 270476     87 python3 154348     86 rviz2 73120   13855 python3 57956      58 ros2 
1016303616 | 270476     87 python3 154348     86 rviz2 73120   13855 python3 57892      58 ros2 
1016180736 | 270476     87 python3 154348     86 rviz2 73120   13855 python3 57892      58 ros2 
1016692736 | 270476     87 python3 154348     86 rviz2 73120   13855 python3 57892      58 ros2 
1015992320 | 270476     87 python3 154348     86 rviz2 73120   13855 python3 57892      58 ros2 
1016115200 | 270476     87 python3 154348     86 rviz2 73120   13855 python3 57892      58 ros2 
1015615488 | 270476     87 python3 154348     86 rviz2 73056   13855 python3 57892      58 ros2 
1015853056 | 270476     87 python3 154348     86 rviz2 73056   13855 python3 57892      58 ros2 
1016139776 | 270476     87 python3 154348     86 rviz2 73056   13855 python3 57892      58 ros2 
1016406016 | 270476     87 python3 154348     86 rviz2 73056   13855 python3 57892      58 ros2 
1015877632 | 270476     87 python3 154348     86 rviz2 73056   13855 python3 57892      58 ros2 
1016143872 | 270476     87 python3 154348     86 rviz2 73056   13855 python3 57892      58 ros2 
1016209408 | 270476     87 python3 154348     86 rviz2 73056   13855 python3 57892      58 ros2 
1015873536 | 270476     87 python3 154348     86 rviz2 73056   13855 python3 57892      58 ros2 
1015959552 | 270476     87 python3 154348     86 rviz2 73056   13855 python3 57892      58 ros2 
1015865344 | 270476     87 python3 154348     86 rviz2 73056   13855 python3 57892      58 ros2 
1015529472 | 270476     87 python3 154348     86 rviz2 73056   13855 python3 57892      58 ros2 
1015611392 | 270476     87 python3 154348     86 rviz2 73056   13855 python3 57892      58 ros2 
1015758848 | 270476     87 python3 154348     86 rviz2 73056   13855 python3 57892      58 ros2 
1015595008 | 270476     87 python3 154348     86 rviz2 73056   13855 python3 57892      58 ros2 
1016492032 | 270476     87 python3 154348     86 rviz2 73056   13855 python3 57892      58 ros2 
1016233984 | 270476     87 python3 154348     86 rviz2 73056   13855 python3 57892      58 ros2 
1016492032 | 270476     87 python3 154348     86 rviz2 73056   13855 python3 57892      58 ros2 
1016573952 | 270476     87 python3 154348     86 rviz2 73056   13855 python3 57892      58 ros2 
1016610816 | 270476     87 python3 154348     86 rviz2 73056   13855 python3 57892      58 ros2 
1016578048 | 270476     87 python3 154348     86 rviz2 73056   13855 python3 57892      58 ros2 
1016184832 | 270476     87 python3 154348     86 rviz2 73056   13855 python3 57892      58 ros2 
1016569856 | 270476     87 python3 154348     86 rviz2 73056   13855 python3 57892      58 ros2 
1016299520 | 270476     87 python3 154348     86 rviz2 73056   13855 python3 57892      58 ros2 
1016303616 | 270476     87 python3 154348     86 rviz2 73056   13855 python3 57892      58 ros2 
1015771136 | 270476     87 python3 154348     86 rviz2 73056   13855 python3 57892      58 ros2 
1015848960 | 270476     87 python3 154348     86 rviz2 73056   13855 python3 57892      58 ros2 
1015513088 | 270476     87 python3 154348     86 rviz2 73056   13855 python3 57892      58 ros2 
1016303616 | 270476     87 python3 154348     86 rviz2 73056   13855 python3 57892      58 ros2 
1016147968 | 270476     87 python3 154348     86 rviz2 73056   13855 python3 57892      58 ros2 
1016418304 | 270476     87 python3 154348     86 rviz2 73056   13855 python3 57892      58 ros2 
1016545280 | 270476     87 python3 154348     86 rviz2 73056   13855 python3 57892      58 ros2 
1016037376 | 270476     87 python3 154348     86 rviz2 73056   13855 python3 57892      58 ros2 
1016389632 | 270476     87 python3 154348     86 rviz2 73056   13855 python3 57892      58 ros2 
1015742464 | 270476     87 python3 154348     86 rviz2 73056   13855 python3 57892      58 ros2 
1015848960 | 270476     87 python3 154348     86 rviz2 73056   13855 python3 57892      58 ros2 
1015922688 | 270476     87 python3 154348     86 rviz2 73056   13855 python3 57892      58 ros2 
1015775232 | 270476     87 python3 154348     86 rviz2 73056   13855 python3 57892      58 ros2 
1015672832 | 270476     87 python3 154348     86 rviz2 73056   13855 python3 57892      58 ros2 
1015676928 | 270476     87 python3 154348     86 rviz2 73056   13855 python3 57892      58 ros2 
1015975936 | 270476     87 python3 154348     86 rviz2 73056   13855 python3 57892      58 ros2 
1015824384 | 270476     87 python3 154348     86 rviz2 73056   13855 python3 57892      58 ros2 
1015894016 | 270476     87 python3 154348     86 rviz2 73056   13855 python3 57892      58 ros2 
1015820288 | 270476     87 python3 154348     86 rviz2 73056   13855 python3 57892      58 ros2 
1015648256 | 270476     87 python3 154348     86 rviz2 73056   13855 python3 57892      58 ros2 
1015889920 | 270476     87 python3 154348     86 rviz2 73056   13855 python3 57892      58 ros2 
1015549952 | 270476     87 python3 154348     86 rviz2 73056   13855 python3 57892      58 ros2 
1016111104 | 270476     87 python3 154348     86 rviz2 73056   13855 python3 57892      58 ros2 
1015787520 | 270476     87 python3 154348     86 rviz2 73056   13855 python3 57892      58 ros2 
1016020992 | 270476     87 python3 154348     86 rviz2 73056   13855 python3 57892      58 ros2 
1015857152 | 270476     87 python3 154348     86 rviz2 73056   13855 python3 57892      58 ros2 
1016311808 | 270476     87 python3 154348     86 rviz2 73056   13855 python3 57892      58 ros2 
1015779328 | 270476     87 python3 154348     86 rviz2 73056   13855 python3 57892      58 ros2 
1016315904 | 270476     87 python3 154348     86 rviz2 73056   13855 python3 57892      58 ros2 
1016311808 | 270476     87 python3 154348     86 rviz2 73056   13855 python3 57892      58 ros2 
1016315904 | 270476     87 python3 154348     86 rviz2 73056   13855 python3 57892      58 ros2 
1016078336 | 270476     87 python3 154348     86 rviz2 73056   13855 python3 57892      58 ros2 
1016049664 | 270476     87 python3 154348     86 rviz2 73056   13855 python3 57892      58 ros2 
1015459840 | 270476     87 python3 154348     86 rviz2 73056   13855 python3 57892      58 ros2 
1016049664 | 270476     87 python3 154348     86 rviz2 73056   13855 python3 57892      58 ros2 
1015783424 | 270476     87 python3 154348     86 rviz2 73056   13855 python3 57892      58 ros2 
1015558144 | 270476     87 python3 154348     86 rviz2 73056   13855 python3 57892      58 ros2 
1015787520 | 270476     87 python3 154348     86 rviz2 73056   13855 python3 57892      58 ros2 
1015615488 | 270476     87 python3 154348     86 rviz2 73056   13855 python3 57892      58 ros2 
1015676928 | 270476     87 python3 154348     86 rviz2 73056   13855 python3 57892      58 ros2 
1015525376 | 270476     87 python3 154348     86 rviz2 73056   13855 python3 57892      58 ros2 
1016045568 | 270476     87 python3 154348     86 rviz2 73056   13855 python3 57892      58 ros2 
1016578048 | 270476     87 python3 154348     86 rviz2 73056   13855 python3 57892      58 ros2 
1016496128 | 270476     87 python3 154348     86 rviz2 73056   13855 python3 57892      58 ros2 
1016111104 | 270476     87 python3 154348     86 rviz2 73056   13855 python3 57892      58 ros2 
1016627200 | 270476     87 python3 154348     86 rviz2 73056   13855 python3 57892      58 ros2 
1016094720 | 270476     87 python3 154348     86 rviz2 73056   13855 python3 57892      58 ros2 
1016074240 | 270476     87 python3 154348     86 rviz2 73056   13855 python3 57892      58 ros2 
1015820288 | 270476     87 python3 154348     86 rviz2 73056   13855 python3 57892      58 ros2 
1015934976 | 270476     87 python3 154348     86 rviz2 73056   13855 python3 57892      58 ros2 
1015455744 | 270476     87 python3 154348     86 rviz2 73056   13855 python3 57892      58 ros2 
1015787520 | 270476     87 python3 154348     86 rviz2 73056   13855 python3 57892      58 ros2 
1015545856 | 270476     87 python3 154348     86 rviz2 73056   13855 python3 57892      58 ros2 
1016348672 | 270476     87 python3 154348     86 rviz2 73056   13855 python3 57892      58 ros2 
1016057856 | 270476     87 python3 154348     86 rviz2 73056   13855 python3 57892      58 ros2 
1016586240 | 270476     87 python3 154348     86 rviz2 73056   13855 python3 57892      58 ros2 
1016410112 | 270476     87 python3 154348     86 rviz2 73056   13855 python3 57892      58 ros2 
1016537088 | 270476     87 python3 154348     86 rviz2 73056   13855 python3 57892      58 ros2 
1016770560 | 270476     87 python3 154348     86 rviz2 73056   13855 python3 57892      58 ros2 
1016352768 | 270476     87 python3 154348     86 rviz2 73056   13855 python3 57892      58 ros2 
1016324096 | 270476     87 python3 154348     86 rviz2 73056   13855 python3 57892      58 ros2 
1016393728 | 270476     87 python3 154348     86 rviz2 73056   13855 python3 57892      58 ros2 
1015529472 | 270476     87 python3 154348     86 rviz2 73056   13855 python3 57892      58 ros2 
1015672832 | 270476     87 python3 154348     86 rviz2 73056   13855 python3 57892      58 ros2 
1015738368 | 270476     87 python3 154348     86 rviz2 73056   13855 python3 57892      58 ros2 
1015668736 | 270476     87 python3 154348     86 rviz2 73056   13855 python3 57892      58 ros2 
1016115200 | 270476     87 python3 154348     86 rviz2 73056   13855 python3 57892      58 ros2 
1016471552 | 270476     87 python3 154348     86 rviz2 73056   13855 python3 57892      58 ros2 
1016066048 | 270476     87 python3 154348     86 rviz2 73056   13855 python3 57892      58 ros2 
1016320000 | 270476     87 python3 154348     86 rviz2 73056   13855 python3 57892      58 ros2 
1016356864 | 270476     87 python3 154348     86 rviz2 73056   13855 python3 57892      58 ros2 
1016049664 | 270476     87 python3 154348     86 rviz2 73056   13855 python3 57892      58 ros2 
1015861248 | 270476     87 python3 154348     86 rviz2 73056   13855 python3 57892      58 ros2 
1015898112 | 270476     87 python3 154348     86 rviz2 73056   13855 python3 57892      58 ros2 
1016033280 | 270476     87 python3 154348     86 rviz2 73056   13855 python3 57892      58 ros2 
1015578624 | 270476     87 python3 154348     86 rviz2 73056   13855 python3 57892      58 ros2 
1015726080 | 270476     87 python3 154348     86 rviz2 73056   13855 python3 57892      58 ros2 
1016016896 | 270476     87 python3 154348     86 rviz2 73056   13855 python3 57892      58 ros2 
1016201216 | 270476     87 python3 154348     86 rviz2 73056   13855 python3 57892      58 ros2 
1016107008 | 270476     87 python3 154348     86 rviz2 73056   13855 python3 57892      58 ros2 
1016459264 | 270476     87 python3 154348     86 rviz2 73056   13855 python3 57892      58 ros2 
1016356864 | 270476     87 python3 154348     86 rviz2 73056   13855 python3 57892      58 ros2 
1015877632 | 270476     87 python3 154348     86 rviz2 73056   13855 python3 57892      58 ros2 
1015984128 | 270476     87 python3 154348     86 rviz2 73056   13855 python3 57892      58 ros2 
1016328192 | 270476     87 python3 154348     86 rviz2 73056   13855 python3 57892      58 ros2 
1016614912 | 270476     87 python3 154348     86 rviz2 73056   13855 python3 57892      58 ros2 
1015537664 | 270476     87 python3 154348     86 rviz2 73056   13855 python3 57892      58 ros2 
1015803904 | 270476     87 python3 154348     86 rviz2 73056   13855 python3 57892      58 ros2 
1015853056 | 270476     87 python3 154348     86 rviz2 73056   13855 python3 57892      58 ros2 
1015529472 | 270476     87 python3 154348     86 rviz2 73056   13855 python3 57892      58 ros2 
1016188928 | 270476     87 python3 154348     86 rviz2 73056   13855 python3 57892      58 ros2 
1016315904 | 270476     87 python3 154348     86 rviz2 73056   13855 python3 57892      58 ros2 
1016057856 | 270476     87 python3 154348     86 rviz2 73056   13855 python3 57892      58 ros2 
1016795136 | 270476     87 python3 154348     86 rviz2 73056   13855 python3 57892      58 ros2 
1016340480 | 270476     87 python3 154348     86 rviz2 73056   13855 python3 57892      58 ros2 
1016000512 | 270476     87 python3 154348     86 rviz2 73056   13855 python3 57892      58 ros2 
1016434688 | 270476     87 python3 154348     86 rviz2 73056   13855 python3 57892      58 ros2 
1016070144 | 270476     87 python3 154348     86 rviz2 73056   13855 python3 57892      58 ros2 
1016328192 | 270476     87 python3 154348     86 rviz2 73056   13855 python3 57892      58 ros2 
1016381440 | 270476     87 python3 154348     86 rviz2 73056   13855 python3 57892      58 ros2 
1016213504 | 270476     87 python3 154348     86 rviz2 73056   13855 python3 57892      58 ros2 
1015803904 | 270476     87 python3 154348     86 rviz2 73056   13855 python3 57892      58 ros2 
1015787520 | 270476     87 python3 154348     86 rviz2 73056   13855 python3 57892      58 ros2 
1015545856 | 270476     87 python3 154348     86 rviz2 73056   13855 python3 57892      58 ros2 
1016332288 | 270476     87 python3 154348     86 rviz2 73056   13855 python3 57892      58 ros2 
1016709120 | 270476     87 python3 154348     86 rviz2 73056   13855 python3 57892      58 ros2 
1016057856 | 270476     87 python3 154348     86 rviz2 73056   13855 python3 57892      58 ros2 
1016758272 | 270476     87 python3 154348     86 rviz2 73056   13855 python3 57892      58 ros2 
1016258560 | 270476     87 python3 154348     86 rviz2 73056   13855 python3 57892      58 ros2 
1016098816 | 270476     87 python3 154348     86 rviz2 73056   13855 python3 57892      58 ros2 
1016324096 | 270476     87 python3 154348     86 rviz2 73056   13855 python3 57892      58 ros2 
1015730176 | 270476     87 python3 154348     86 rviz2 73056   13855 python3 57892      58 ros2 
1016164352 | 270476     87 python3 154348     86 rviz2 73056   13855 python3 57892      58 ros2 
1015537664 | 270476     87 python3 154348     86 rviz2 73056   13855 python3 57892      58 ros2 
1016057856 | 270476     87 python3 154348     86 rviz2 73056   13855 python3 57892      58 ros2 
1015730176 | 270476     87 python3 154348     86 rviz2 73056   13855 python3 57892      58 ros2 
1016250368 | 270476     87 python3 154348     86 rviz2 73056   13855 python3 57892      58 ros2 
1016819712 | 270476     87 python3 154348     86 rviz2 73056   13855 python3 57892      58 ros2 
1016324096 | 270476     87 python3 154348     86 rviz2 73056   13855 python3 57892      58 ros2 
1016205312 | 270476     87 python3 154348     86 rviz2 73056   13855 python3 57892      58 ros2 
1016324096 | 270476     87 python3 154348     86 rviz2 73056   13855 python3 57892      58 ros2 
1016799232 | 270476     87 python3 154348     86 rviz2 73056   13855 python3 57892      58 ros2 
1016512512 | 270476     87 python3 154348     86 rviz2 73056   13855 python3 57892      58 ros2 
1016238080 | 270476     87 python3 154348     86 rviz2 73056   13855 python3 57892      58 ros2 
1016160256 | 270476     87 python3 154348     86 rviz2 73056   13855 python3 57892      58 ros2 
1015881728 | 270476     87 python3 154348     86 rviz2 73056   13855 python3 57892      58 ros2 
1016352768 | 270476     87 python3 154348     86 rviz2 73056   13855 python3 57892      58 ros2 
1015689216 | 270476     87 python3 154348     86 rviz2 73056   13855 python3 57892      58 ros2 
1015533568 | 270476     87 python3 154348     86 rviz2 73056   13855 python3 57892      58 ros2 
1016328192 | 270476     87 python3 154348     86 rviz2 73056   13855 python3 57892      58 ros2 
1016446976 | 270476     87 python3 154348     86 rviz2 73056   13855 python3 57892      58 ros2 
1016193024 | 270476     87 python3 154348     86 rviz2 73056   13855 python3 57892      58 ros2 
1016815616 | 270476     87 python3 154348     86 rviz2 73056   13855 python3 57892      58 ros2 
1016250368 | 270476     87 python3 154348     86 rviz2 73056   13855 python3 57892      58 ros2 
1016414208 | 270476     87 python3 154348     86 rviz2 73056   13855 python3 57892      58 ros2 
1015803904 | 270476     87 python3 154348     86 rviz2 73056   13855 python3 57892      58 ros2 
1015799808 | 270476     87 python3 154348     86 rviz2 73056   13855 python3 57892      58 ros2 
1015918592 | 270476     87 python3 154348     86 rviz2 73056   13855 python3 57892      58 ros2 
1015799808 | 270476     87 python3 154348     86 rviz2 73056   13855 python3 57892      58 ros2 
1016098816 | 270476     87 python3 154348     86 rviz2 73056   13855 python3 57892      58 ros2 
1015894016 | 270476     87 python3 154348     86 rviz2 73056   13855 python3 57892      58 ros2 
1015738368 | 270476     87 python3 154348     86 rviz2 73056   13855 python3 57892      58 ros2 
1016430592 | 270476     87 python3 154348     86 rviz2 73056   13855 python3 57892      58 ros2 
1016606720 | 270476     87 python3 154348     86 rviz2 73056   13855 python3 57892      58 ros2 
1016156160 | 270476     87 python3 154348     86 rviz2 73056   13855 python3 57892      58 ros2 
1016340480 | 270476     87 python3 154348     86 rviz2 73056   13855 python3 57892      58 ros2 
1016135680 | 270476     87 python3 154348     86 rviz2 73056   13855 python3 57892      58 ros2 
1016074240 | 270476     87 python3 154348     86 rviz2 73056   13855 python3 57892      58 ros2 
1016430592 | 270476     87 python3 154348     86 rviz2 73056   13855 python3 57892      58 ros2 
1015619584 | 270476     87 python3 154348     86 rviz2 73056   13855 python3 57892      58 ros2 
1016188928 | 270476     87 python3 154348     86 rviz2 73056   13855 python3 57892      58 ros2 
1015734272 | 270476     87 python3 154348     86 rviz2 73056   13855 python3 57892      58 ros2 
1015545856 | 270476     87 python3 154348     86 rviz2 73056   13855 python3 57892      58 ros2 
1015607296 | 270476     87 python3 154348     86 rviz2 73056   13855 python3 57892      58 ros2 
1016549376 | 270476     87 python3 154348     86 rviz2 73056   13855 python3 57892      58 ros2 
1016107008 | 270476     87 python3 154348     86 rviz2 73056   13855 python3 57892      58 ros2 
1016221696 | 270476     87 python3 154348     86 rviz2 73056   13855 python3 57892      58 ros2 
1016213504 | 270476     87 python3 154348     86 rviz2 73056   13855 python3 57892      58 ros2 
1016524800 | 270476     87 python3 154348     86 rviz2 73056   13855 python3 57892      58 ros2 
1016336384 | 270476     87 python3 154348     86 rviz2 73056   13855 python3 57892      58 ros2 
1016340480 | 270476     87 python3 154348     86 rviz2 73056   13855 python3 57892      58 ros2 
1016299520 | 270476     87 python3 154348     86 rviz2 73056   13855 python3 57892      58 ros2 
1016336384 | 270476     87 python3 154348     86 rviz2 73056   13855 python3 57892      58 ros2 
1016074240 | 270476     87 python3 154348     86 rviz2 73056   13855 python3 57892      58 ros2 
1015742464 | 270476     87 python3 154348     86 rviz2 73056   13855 python3 57892      58 ros2 
1015701504 | 270476     87 python3 154348     86 rviz2 73056   13855 python3 57892      58 ros2 
1015967744 | 270476     87 python3 154348     86 rviz2 73056   13855 python3 57892      58 ros2 
1016643584 | 270476     87 python3 154348     86 rviz2 73056   13855 python3 57892      58 ros2 
1016479744 | 270476     87 python3 154348     86 rviz2 73056   13855 python3 57892      58 ros2 
1016389632 | 270476     87 python3 154348     86 rviz2 73056   13855 python3 57892      58 ros2 
1016356864 | 270476     87 python3 154348     86 rviz2 73056   13855 python3 57892      58 ros2 
1016385536 | 270476     87 python3 154348     86 rviz2 73056   13855 python3 57892      58 ros2 
1016406016 | 270476     87 python3 154348     86 rviz2 73056   13855 python3 57892      58 ros2 
1015750656 | 270476     87 python3 154348     86 rviz2 73056   13855 python3 57892      58 ros2 
1015746560 | 270476     87 python3 154348     86 rviz2 73056   13855 python3 57892      58 ros2 
1015508992 | 270476     87 python3 154348     86 rviz2 73056   13855 python3 57892      58 ros2 
1015599104 | 270476     87 python3 154348     86 rviz2 73056   13855 python3 57892      58 ros2 
1015611392 | 270476     87 python3 154348     86 rviz2 73056   13855 python3 57892      58 ros2 
1015808000 | 270476     87 python3 154348     86 rviz2 73056   13855 python3 57892      58 ros2 
1015861248 | 270476     87 python3 154348     86 rviz2 73056   13855 python3 57892      58 ros2 
1015775232 | 270476     87 python3 154348     86 rviz2 73056   13855 python3 57892      58 ros2 
1015549952 | 270476     87 python3 154348     86 rviz2 73056   13855 python3 57892      58 ros2 
1015644160 | 270476     87 python3 154348     86 rviz2 73056   13855 python3 57892      58 ros2 
1015562240 | 270476     87 python3 154348     86 rviz2 73056   13855 python3 57892      58 ros2 
1015820288 | 270476     87 python3 154348     86 rviz2 73056   13855 python3 57892      58 ros2 
1015894016 | 270476     87 python3 154348     86 rviz2 73056   13855 python3 57892      58 ros2 
1015865344 | 270476     87 python3 154348     86 rviz2 73056   13855 python3 57892      58 ros2 
1015881728 | 270476     87 python3 154348     86 rviz2 73056   13855 python3 57892      58 ros2 
1016004608 | 270476     87 python3 154348     86 rviz2 73056   13855 python3 57892      58 ros2 
1015820288 | 270476     87 python3 154348     86 rviz2 73056   13855 python3 57892      58 ros2 
1015943168 | 270476     87 python3 154348     86 rviz2 73056   13855 python3 57892      58 ros2 
1015812096 | 270476     87 python3 154348     86 rviz2 73056   13855 python3 57892      58 ros2 
1016414208 | 270476     87 python3 154348     86 rviz2 73056   13855 python3 57892      58 ros2 
1016045568 | 270476     87 python3 154348     86 rviz2 73056   13855 python3 57892      58 ros2 
1016868864 | 270476     87 python3 154348     86 rviz2 73056   13855 python3 57892      58 ros2 
1016086528 | 270476     87 python3 154348     86 rviz2 73056   13855 python3 57892      58 ros2 
1016344576 | 270476     87 python3 154348     86 rviz2 73056   13855 python3 57892      58 ros2 
1015488512 | 270476     87 python3 154348     86 rviz2 73056   13855 python3 57892      58 ros2 
1015492608 | 270476     87 python3 154348     86 rviz2 73056   13855 python3 57892      58 ros2 
1015492608 | 270476     87 python3 154348     86 rviz2 73056   13855 python3 57892      58 ros2 
1015824384 | 270476     87 python3 154348     86 rviz2 73056   13855 python3 57892      58 ros2 
1016082432 | 270476     87 python3 154348     86 rviz2 73056   13855 python3 57892      58 ros2 
1015816192 | 270476     87 python3 154348     86 rviz2 73056   13855 python3 57892      58 ros2 
1015787520 | 270476     87 python3 154348     86 rviz2 73056   13855 python3 57892      58 ros2 
1015558144 | 270476     87 python3 154348     86 rviz2 73056   13855 python3 57892      58 ros2 
1016348672 | 270476     87 python3 154348     86 rviz2 73056   13855 python3 57892      58 ros2 
1016086528 | 270476     87 python3 154348     86 rviz2 73056   13855 python3 57892      58 ros2 
1016283136 | 270476     87 python3 154348     86 rviz2 73056   13855 python3 57892      58 ros2 
1016352768 | 270476     87 python3 154348     86 rviz2 73056   13855 python3 57892      58 ros2 
1016463360 | 270476     87 python3 154348     86 rviz2 73056   13855 python3 57892      58 ros2 
1016344576 | 270476     87 python3 154348     86 rviz2 73056   13855 python3 57892      58 ros2 
1016549376 | 270476     87 python3 154348     86 rviz2 73056   13855 python3 57892      58 ros2 
1015824384 | 270476     87 python3 154348     86 rviz2 73056   13855 python3 57892      58 ros2 
1015558144 | 270476     87 python3 154348     86 rviz2 73056   13855 python3 57892      58 ros2 
1015873536 | 270476     87 python3 154348     86 rviz2 73056   13855 python3 57892      58 ros2 
1016078336 | 270476     87 python3 154348     86 rviz2 73056   13855 python3 57892      58 ros2 
1015611392 | 270476     87 python3 154348     86 rviz2 73056   13855 python3 57892      58 ros2 
1016078336 | 270476     87 python3 154348     86 rviz2 73056   13855 python3 57892      58 ros2 
1016352768 | 270476     87 python3 154348     86 rviz2 73056   13855 python3 57892      58 ros2 
1016569856 | 270476     87 python3 154348     86 rviz2 73056   13855 python3 57892      58 ros2 
1016614912 | 270476     87 python3 154348     86 rviz2 73056   13855 python3 57892      58 ros2 
1016123392 | 270476     87 python3 154348     86 rviz2 73056   13855 python3 57892      58 ros2 
1016352768 | 270476     87 python3 154348     86 rviz2 73056   13855 python3 57892      58 ros2 
1016107008 | 270476     87 python3 154348     86 rviz2 73056   13855 python3 57892      58 ros2 
1016094720 | 270476     87 python3 154348     86 rviz2 73056   13855 python3 57892      58 ros2 
1016619008 | 270476     87 python3 154348     86 rviz2 73056   13855 python3 57892      58 ros2 
1015656448 | 270476     87 python3 154348     86 rviz2 73056   13855 python3 57892      58 ros2 
1015828480 | 270476     87 python3 154348     86 rviz2 73056   13855 python3 57892      58 ros2 
1015824384 | 270476     87 python3 154348     86 rviz2 73056   13855 python3 57892      58 ros2 
1016090624 | 270476     87 python3 154348     86 rviz2 73056   13855 python3 57892      58 ros2 
1016090624 | 270476     87 python3 154348     86 rviz2 73056   13855 python3 57892      58 ros2 
1016549376 | 270476     87 python3 154348     86 rviz2 73056   13855 python3 57892      58 ros2 
1016389632 | 270476     87 python3 154348     86 rviz2 73056   13855 python3 57892      58 ros2 
1016061952 | 270476     87 python3 154348     86 rviz2 73056   13855 python3 57892      58 ros2 
1016356864 | 270476     87 python3 154348     86 rviz2 73056   13855 python3 57892      58 ros2 
1016549376 | 270476     87 python3 154348     86 rviz2 73056   13855 python3 57892      58 ros2 
1015926784 | 270476     87 python3 154348     86 rviz2 73056   13855 python3 57892      58 ros2 
1016111104 | 270476     87 python3 154348     86 rviz2 73056   13855 python3 57892      58 ros2 
1015828480 | 270476     87 python3 154348     86 rviz2 73056   13855 python3 57892      58 ros2 
1015824384 | 270476     87 python3 154348     86 rviz2 73056   13855 python3 57892      58 ros2 
1015828480 | 270476     87 python3 154348     86 rviz2 73056   13855 python3 57892      58 ros2 
1015500800 | 270476     87 python3 154348     86 rviz2 73056   13855 python3 57892      58 ros2 
1016090624 | 270476     87 python3 154348     86 rviz2 73056   13855 python3 57892      58 ros2 
1017053184 | 270476     87 python3 154348     86 rviz2 73056   13855 python3 57892      58 ros2 
1016315904 | 270476     87 python3 154348     86 rviz2 73056   13855 python3 57892      58 ros2 
1016184832 | 270476     87 python3 154348     86 rviz2 73056   13855 python3 57892      58 ros2 
1016881152 | 270476     87 python3 154348     86 rviz2 73056   13855 python3 57892      58 ros2 
1016094720 | 270476     87 python3 154348     86 rviz2 73056   13855 python3 57892      58 ros2 
1016242176 | 270476     87 python3 154348     86 rviz2 73056   13855 python3 57892      58 ros2 
1016356864 | 270476     87 python3 154348     86 rviz2 73056   13855 python3 57892      58 ros2 
1015926784 | 270476     87 python3 154348     86 rviz2 73056   13855 python3 57892      58 ros2 
1015828480 | 270476     87 python3 154348     86 rviz2 73056   13855 python3 57892      58 ros2 
1015824384 | 270476     87 python3 154348     86 rviz2 73056   13855 python3 57892      58 ros2 
1015955456 | 270476     87 python3 154348     86 rviz2 73056   13855 python3 57892      58 ros2 
1015574528 | 270476     87 python3 154348     86 rviz2 73056   13855 python3 57892      58 ros2 
1016578048 | 270476     87 python3 154348     86 rviz2 73056   13855 python3 57892      58 ros2 
1016385536 | 270476     87 python3 154348     86 rviz2 73056   13855 python3 57892      58 ros2 
1016041472 | 270476     87 python3 154348     86 rviz2 73056   13855 python3 57892      58 ros2 
1016602624 | 270476     87 python3 154348     86 rviz2 73056   13855 python3 57892      58 ros2 
1016614912 | 270476     87 python3 154348     86 rviz2 73056   13855 python3 57892      58 ros2 
1016090624 | 270476     87 python3 154348     86 rviz2 73056   13855 python3 57892      58 ros2 
1016348672 | 270476     87 python3 154348     86 rviz2 73056   13855 python3 57892      58 ros2 
1016446976 | 270476     87 python3 154348     86 rviz2 73056   13855 python3 57892      58 ros2 
1016356864 | 270476     87 python3 154348     86 rviz2 73056   13855 python3 57892      58 ros2 
1016487936 | 270476     87 python3 154348     86 rviz2 73056   13855 python3 57892      58 ros2 
1016049664 | 270476     87 python3 154348     86 rviz2 73056   13855 python3 57892      58 ros2 
1015906304 | 270476     87 python3 154348     86 rviz2 73056   13855 python3 57892      58 ros2 
1015836672 | 270476     87 python3 154348     86 rviz2 73056   13855 python3 57892      58 ros2 
1016360960 | 270476     87 python3 154348     86 rviz2 73056   13855 python3 57892      58 ros2 
1016619008 | 270476     87 python3 154348     86 rviz2 73056   13855 python3 57892      58 ros2 
1016360960 | 270476     87 python3 154348     86 rviz2 73056   13855 python3 57892      58 ros2 
1016467456 | 270476     87 python3 154348     86 rviz2 73056   13855 python3 57892      58 ros2 
1016684544 | 270476     87 python3 154348     86 rviz2 73056   13855 python3 57892      58 ros2 
1016360960 | 270476     87 python3 154348     86 rviz2 73056   13855 python3 57892      58 ros2 
1015828480 | 270476     87 python3 154348     86 rviz2 73056   13855 python3 57892      58 ros2 
1015574528 | 270476     87 python3 154348     86 rviz2 73056   13855 python3 57892      58 ros2 
1016348672 | 270476     87 python3 154348     86 rviz2 73056   13855 python3 57892      58 ros2 
1016070144 | 270476     87 python3 154348     86 rviz2 73056   13855 python3 57892      58 ros2 
1016094720 | 270476     87 python3 154348     86 rviz2 73056   13855 python3 57892      58 ros2 
1016086528 | 270476     87 python3 154348     86 rviz2 73056   13855 python3 57892      58 ros2 
1016459264 | 270476     87 python3 154348     86 rviz2 73056   13855 python3 57892      58 ros2 
1016442880 | 270476     87 python3 154348     86 rviz2 73056   13855 python3 57892      58 ros2 
1016745984 | 270476     87 python3 154348     86 rviz2 73056   13855 python3 57892      58 ros2 
1016885248 | 270476     87 python3 154348     86 rviz2 73056   13855 python3 57892      58 ros2 
1016492032 | 270476     87 python3 154348     86 rviz2 73056   13855 python3 57892      58 ros2 
1016037376 | 270476     87 python3 154348     86 rviz2 73056   13855 python3 57892      58 ros2 
1016410112 | 270476     87 python3 154348     86 rviz2 73056   13855 python3 57892      58 ros2 
1016549376 | 270476     87 python3 154348     86 rviz2 73056   13855 python3 57892      58 ros2 
1016369152 | 270476     87 python3 154348     86 rviz2 73056   13855 python3 57892      58 ros2 
1015664640 | 270476     87 python3 154348     86 rviz2 73056   13855 python3 57892      58 ros2 
1015947264 | 270476     87 python3 154348     86 rviz2 73056   13855 python3 57892      58 ros2 
1016348672 | 270476     87 python3 154348     86 rviz2 73056   13855 python3 57892      58 ros2 
1015574528 | 270476     87 python3 154348     86 rviz2 73056   13855 python3 57892      58 ros2 
1016340480 | 270476     87 python3 154348     86 rviz2 73056   13855 python3 57892      58 ros2 
1016377344 | 270476     87 python3 154348     86 rviz2 73056   13855 python3 57892      58 ros2 
1016631296 | 270476     87 python3 154348     86 rviz2 73056   13855 python3 57892      58 ros2 
1015971840 | 270476     87 python3 154348     86 rviz2 73056   13855 python3 57892      58 ros2 
1016020992 | 270476     87 python3 154348     86 rviz2 73056   13855 python3 57892      58 ros2 
1015775232 | 270476     87 python3 154348     86 rviz2 73056   13855 python3 57892      58 ros2 
1016238080 | 270476     87 python3 154348     86 rviz2 73056   13855 python3 57892      58 ros2 
1016037376 | 270476     87 python3 154348     86 rviz2 73056   13855 python3 57892      58 ros2 
1015984128 | 270476     87 python3 154348     86 rviz2 73056   13855 python3 57892      58 ros2 
1015742464 | 270476     87 python3 154348     86 rviz2 73056   13855 python3 57892      58 ros2 
1016094720 | 270476     87 python3 154348     86 rviz2 73056   13855 python3 57892      58 ros2 
1015775232 | 270476     87 python3 154348     86 rviz2 73056   13855 python3 57892      58 ros2 
1015934976 | 270476     87 python3 154348     86 rviz2 73056   13855 python3 57892      58 ros2 
1016455168 | 270476     87 python3 154348     86 rviz2 73056   13855 python3 57892      58 ros2 
1016360960 | 270476     87 python3 154348     86 rviz2 73056   13855 python3 57892      58 ros2 
1016107008 | 270476     87 python3 154348     86 rviz2 73056   13855 python3 57892      58 ros2 
1016295424 | 270476     87 python3 154348     86 rviz2 73056   13855 python3 57892      58 ros2 
1016582144 | 270476     87 python3 154348     86 rviz2 73056   13855 python3 57892      58 ros2 
1016475648 | 270476     87 python3 154348     86 rviz2 73056   13855 python3 57892      58 ros2 
1016627200 | 270476     87 python3 154348     86 rviz2 73056   13855 python3 57892      58 ros2 
1016008704 | 270476     87 python3 154348     86 rviz2 73056   13855 python3 57892      58 ros2 
1016258560 | 270476     87 python3 154348     86 rviz2 73056   13855 python3 57892      58 ros2 
1016123392 | 270476     87 python3 154348     86 rviz2 73056   13855 python3 57892      58 ros2 
1016184832 | 270476     87 python3 154348     86 rviz2 73056   13855 python3 57892      58 ros2 
1015836672 | 270476     87 python3 154348     86 rviz2 73056   13855 python3 57892      58 ros2 
1015844864 | 270476     87 python3 154348     86 rviz2 73056   13855 python3 57892      58 ros2 
1016643584 | 270476     87 python3 154348     86 rviz2 73056   13855 python3 57892      58 ros2 
1016365056 | 270476     87 python3 154348     86 rviz2 73056   13855 python3 57892      58 ros2 
1016291328 | 270476     87 python3 154348     86 rviz2 73056   13855 python3 57892      58 ros2 
1016107008 | 270476     87 python3 154348     86 rviz2 73056   13855 python3 57892      58 ros2 
1016299520 | 270476     87 python3 154348     86 rviz2 73056   13855 python3 57892      58 ros2 
1016647680 | 270476     87 python3 154348     86 rviz2 73056   13855 python3 57892      58 ros2 
1016565760 | 270476     87 python3 154348     86 rviz2 73056   13855 python3 57892      58 ros2 
1016487936 | 270476     87 python3 154348     86 rviz2 73056   13855 python3 57892      58 ros2 
1015730176 | 270476     87 python3 154348     86 rviz2 73056   13855 python3 57892      58 ros2 
1015844864 | 270476     87 python3 154348     86 rviz2 73056   13855 python3 57892      58 ros2 
1016315904 | 270476     87 python3 154348     86 rviz2 73056   13855 python3 57892      58 ros2 
1016119296 | 270476     87 python3 154348     86 rviz2 73056   13855 python3 57892      58 ros2 
1017171968 | 270476     87 python3 154348     86 rviz2 73056   13855 python3 57892      58 ros2 
1016647680 | 270476     87 python3 154348     86 rviz2 73056   13855 python3 57892      58 ros2 
1016844288 | 270476     87 python3 154348     86 rviz2 73056   13855 python3 57892      58 ros2 
1016565760 | 270476     87 python3 154348     86 rviz2 73056   13855 python3 57892      58 ros2 
1016725504 | 270476     87 python3 154348     86 rviz2 73056   13855 python3 57892      58 ros2 
1016381440 | 270476     87 python3 154348     86 rviz2 73056   13855 python3 57892      58 ros2 
1015848960 | 270476     87 python3 154348     86 rviz2 73056   13855 python3 57892      58 ros2 
1016197120 | 270476     87 python3 154348     86 rviz2 73056   13855 python3 57892      58 ros2 
1015975936 | 270476     87 python3 154348     86 rviz2 73056   13855 python3 57892      58 ros2 
1016012800 | 270476     87 python3 154348     86 rviz2 73056   13855 python3 57892      58 ros2 
1015844864 | 270476     87 python3 154348     86 rviz2 73056   13855 python3 57892      58 ros2 
1015853056 | 270476     87 python3 154348     86 rviz2 73056   13855 python3 57892      58 ros2 
1015853056 | 270476     87 python3 154348     86 rviz2 73056   13855 python3 57892      58 ros2 
1015836672 | 270476     87 python3 154348     86 rviz2 73056   13855 python3 57892      58 ros2 
1015971840 | 270476     87 python3 154348     86 rviz2 73056   13855 python3 57892      58 ros2 
1016086528 | 270476     87 python3 154348     86 rviz2 73056   13855 python3 57892      58 ros2 
1016344576 | 270476     87 python3 154348     86 rviz2 73056   13855 python3 57892      58 ros2 
1016500224 | 270476     87 python3 154348     86 rviz2 73056   13855 python3 57892      58 ros2 
1015980032 | 270476     87 python3 154348     86 rviz2 73056   13855 python3 57892      58 ros2 
1015635968 | 270476     87 python3 154348     86 rviz2 73056   13855 python3 57892      58 ros2 
1015861248 | 270476     87 python3 154348     86 rviz2 73056   13855 python3 57892      58 ros2 
1016025088 | 270476     87 python3 154348     86 rviz2 73056   13855 python3 57892      58 ros2 
1015681024 | 270476     87 python3 154348     86 rviz2 73056   13855 python3 57892      58 ros2 
1016078336 | 270476     87 python3 154348     86 rviz2 73056   13855 python3 57892      58 ros2 
1016401920 | 270476     87 python3 154348     86 rviz2 73056   13855 python3 57892      58 ros2 
1016184832 | 270476     87 python3 154348     86 rviz2 73056   13855 python3 57892      58 ros2 
1016397824 | 270476     87 python3 154348     86 rviz2 73056   13855 python3 57892      58 ros2 
1016119296 | 270476     87 python3 154348     86 rviz2 73056   13855 python3 57892      58 ros2 
1016741888 | 270476     87 python3 154348     86 rviz2 73056   13855 python3 57892      58 ros2 
1016258560 | 270476     87 python3 154348     86 rviz2 73056   13855 python3 57892      58 ros2 
1016385536 | 270476     87 python3 154348     86 rviz2 73056   13855 python3 57892      58 ros2 
1016934400 | 270476     87 python3 154348     86 rviz2 73056   13855 python3 57892      58 ros2 
1016565760 | 270476     87 python3 154348     86 rviz2 73056   13855 python3 57892      58 ros2 
1016528896 | 270476     87 python3 154348     86 rviz2 73056   13855 python3 57892      58 ros2 
1016664064 | 270476     87 python3 154348     86 rviz2 73056   13855 python3 57892      58 ros2 
1016078336 | 270476     87 python3 154348     86 rviz2 73056   13855 python3 57892      58 ros2 
1016262656 | 270476     87 python3 154348     86 rviz2 73056   13855 python3 57892      58 ros2 
1015894016 | 270476     87 python3 154348     86 rviz2 73056   13855 python3 57892      58 ros2 
1016504320 | 270476     87 python3 154348     86 rviz2 73056   13855 python3 57892      58 ros2 
1016377344 | 270476     87 python3 154348     86 rviz2 73056   13855 python3 57892      58 ros2 
1016360960 | 270476     87 python3 154348     86 rviz2 73056   13855 python3 57892      58 ros2 
1016627200 | 270476     87 python3 154348     86 rviz2 73056   13855 python3 57892      58 ros2 
1016365056 | 270476     87 python3 154348     86 rviz2 73056   13855 python3 57892      58 ros2 
1016758272 | 270476     87 python3 154348     86 rviz2 73056   13855 python3 57892      58 ros2 
1016635392 | 270476     87 python3 154348     86 rviz2 73056   13855 python3 57892      58 ros2 
1016512512 | 270476     87 python3 154348     86 rviz2 73056   13855 python3 57892      58 ros2 
1015853056 | 270476     87 python3 154348     86 rviz2 73056   13855 python3 57892      58 ros2 
1016369152 | 270476     87 python3 154348     86 rviz2 73056   13855 python3 57892      58 ros2 
1016168448 | 270476     87 python3 154348     86 rviz2 73056   13855 python3 57892      58 ros2 
1015894016 | 270476     87 python3 154348     86 rviz2 73056   13855 python3 57892      58 ros2 
1016209408 | 270476     87 python3 154348     86 rviz2 73056   13855 python3 57892      58 ros2 
1016545280 | 270476     87 python3 154348     86 rviz2 73056   13855 python3 57892      58 ros2 
1016881152 | 270476     87 python3 154348     86 rviz2 73056   13855 python3 57892      58 ros2 
1016360960 | 270476     87 python3 154348     86 rviz2 73056   13855 python3 57892      58 ros2 
1016115200 | 270476     87 python3 154348     86 rviz2 73056   13855 python3 57892      58 ros2 
1016377344 | 270476     87 python3 154348     86 rviz2 73056   13855 python3 57892      58 ros2 
1016422400 | 270476     87 python3 154348     86 rviz2 73056   13855 python3 57892      58 ros2 
1016315904 | 270476     87 python3 154348     86 rviz2 73056   13855 python3 57892      58 ros2 
1016119296 | 270476     87 python3 154348     86 rviz2 73056   13855 python3 57892      58 ros2 
1015554048 | 270476     87 python3 154348     86 rviz2 73056   13855 python3 57892      58 ros2 
1016008704 | 270476     87 python3 154348     86 rviz2 73056   13855 python3 57892      58 ros2 
1015853056 | 270476     87 python3 154348     86 rviz2 73056   13855 python3 57892      58 ros2 
1016209408 | 270476     87 python3 154348     86 rviz2 73056   13855 python3 57892      58 ros2 
1016512512 | 270476     87 python3 154348     86 rviz2 73056   13855 python3 57892      58 ros2 
1016721408 | 270476     87 python3 154348     86 rviz2 73056   13855 python3 57892      58 ros2 
1016598528 | 270476     87 python3 154348     86 rviz2 73056   13855 python3 57892      58 ros2 
1016684544 | 270476     87 python3 154348     86 rviz2 73056   13855 python3 57892      58 ros2 
1016541184 | 270476     87 python3 154348     86 rviz2 73056   13855 python3 57892      58 ros2 
1016700928 | 270476     87 python3 154348     86 rviz2 73056   13855 python3 57892      58 ros2 
1016156160 | 270476     87 python3 154348     86 rviz2 73056   13855 python3 57892      58 ros2 
1016041472 | 270476     87 python3 154348     86 rviz2 73056   13855 python3 57892      58 ros2 
1016123392 | 270476     87 python3 154348     86 rviz2 73056   13855 python3 57892      58 ros2 
1016348672 | 270476     87 python3 154348     86 rviz2 73056   13855 python3 57892      58 ros2 
1015595008 | 270476     87 python3 154348     86 rviz2 73056   13855 python3 57892      58 ros2 
1016123392 | 270476     87 python3 154348     86 rviz2 73056   13855 python3 57892      58 ros2 
1016471552 | 270476     87 python3 154348     86 rviz2 73056   13855 python3 57892      58 ros2 
1016733696 | 270476     87 python3 154348     86 rviz2 73056   13855 python3 57892      58 ros2 
1016475648 | 270476     87 python3 154348     86 rviz2 73056   13855 python3 57892      58 ros2 
1016582144 | 270476     87 python3 154348     86 rviz2 73056   13855 python3 57892      58 ros2 
1016512512 | 270476     87 python3 154348     86 rviz2 73056   13855 python3 57892      58 ros2 
1016766464 | 270476     87 python3 154348     86 rviz2 73056   13855 python3 57892      58 ros2 
1017004032 | 270476     87 python3 154348     86 rviz2 73056   13855 python3 57892      58 ros2 
1016123392 | 270476     87 python3 154348     86 rviz2 73056   13855 python3 57892      58 ros2 
1015758848 | 270476     87 python3 154348     86 rviz2 73056   13855 python3 57892      58 ros2 
1016086528 | 270476     87 python3 154348     86 rviz2 73056   13855 python3 57892      58 ros2 
1015889920 | 270476     87 python3 154348     86 rviz2 73056   13855 python3 57892      58 ros2 
1015885824 | 270476     87 python3 154348     86 rviz2 73056   13855 python3 57892      58 ros2 
1016037376 | 270476     87 python3 154348     86 rviz2 73056   13855 python3 57892      58 ros2 
1015861248 | 270476     87 python3 154348     86 rviz2 73056   13855 python3 57892      58 ros2 
1016446976 | 270476     87 python3 154348     86 rviz2 73056   13855 python3 57892      58 ros2 
1016467456 | 270476     87 python3 154348     86 rviz2 73056   13855 python3 57892      58 ros2 
1016434688 | 270476     87 python3 154348     86 rviz2 73056   13855 python3 57892      58 ros2 
1016123392 | 270476     87 python3 154348     86 rviz2 73056   13855 python3 57892      58 ros2 
1016569856 | 270476     87 python3 154348     86 rviz2 73056   13855 python3 57892      58 ros2 
1016991744 | 270476     87 python3 154348     86 rviz2 73056   13855 python3 57892      58 ros2 
1016909824 | 270476     87 python3 154348     86 rviz2 73056   13855 python3 57892      58 ros2 
1016467456 | 270476     87 python3 154348     86 rviz2 73056   13855 python3 57892      58 ros2 
1016127488 | 270476     87 python3 154348     86 rviz2 73056   13855 python3 57892      58 ros2 
1015869440 | 270476     87 python3 154348     86 rviz2 73056   13855 python3 57892      58 ros2 
1016201216 | 270476     87 python3 154348     86 rviz2 73056   13855 python3 57892      58 ros2 
1015869440 | 270476     87 python3 154348     86 rviz2 73056   13855 python3 57892      58 ros2 
1016328192 | 270476     87 python3 154348     86 rviz2 73056   13855 python3 57892      58 ros2 
1016270848 | 270476     87 python3 154348     86 rviz2 73056   13855 python3 57892      58 ros2 
1016451072 | 270476     87 python3 154348     86 rviz2 73056   13855 python3 57892      58 ros2 
1016414208 | 270476     87 python3 154348     86 rviz2 73056   13855 python3 57892      58 ros2 
1016819712 | 270476     87 python3 154348     86 rviz2 73056   13855 python3 57892      58 ros2 
1016492032 | 270476     87 python3 154348     86 rviz2 73056   13855 python3 57892      58 ros2 
1015803904 | 270476     87 python3 154348     86 rviz2 73056   13855 python3 57892      58 ros2 
1015640064 | 270476     87 python3 154348     86 rviz2 73056   13855 python3 57892      58 ros2 
1016188928 | 270476     87 python3 154348     86 rviz2 73056   13855 python3 57892      58 ros2 
1015808000 | 270476     87 python3 154348     86 rviz2 73056   13855 python3 57892      58 ros2 
1015869440 | 270476     87 python3 154348     86 rviz2 73056   13855 python3 57892      58 ros2 
1016131584 | 270476     87 python3 154348     86 rviz2 73056   13855 python3 57892      58 ros2 
1015926784 | 270476     87 python3 154348     86 rviz2 73056   13855 python3 57892      58 ros2 
1016741888 | 270476     87 python3 154348     86 rviz2 73056   13855 python3 57892      58 ros2 
1016881152 | 270476     87 python3 154348     86 rviz2 73056   13855 python3 57892      58 ros2 
1016692736 | 270476     87 python3 154348     86 rviz2 73056   13855 python3 57892      58 ros2 
1016332288 | 270476     87 python3 154348     86 rviz2 73056   13855 python3 57892      58 ros2 
1016696832 | 270476     87 python3 154348     86 rviz2 73056   13855 python3 57892      58 ros2 
1016360960 | 270476     87 python3 154348     86 rviz2 73056   13855 python3 57892      58 ros2 
1016401920 | 270476     87 python3 154348     86 rviz2 73056   13855 python3 57892      58 ros2 
1016659968 | 270476     87 python3 154348     86 rviz2 73056   13855 python3 57892      58 ros2 
1016172544 | 270476     87 python3 154348     86 rviz2 73056   13855 python3 57892      58 ros2 
1016000512 | 270476     87 python3 154348     86 rviz2 73056   13855 python3 57892      58 ros2 
1015496704 | 270476     87 python3 154348     86 rviz2 73056   13855 python3 57892      58 ros2 
1016279040 | 270476     87 python3 154348     86 rviz2 73056   13855 python3 57892      58 ros2 
1016397824 | 270476     87 python3 154348     86 rviz2 73056   13855 python3 57892      58 ros2 
1016877056 | 270476     87 python3 154348     86 rviz2 73056   13855 python3 57892      58 ros2 
1016705024 | 270476     87 python3 154348     86 rviz2 73056   13855 python3 57892      58 ros2 
1016651776 | 270476     87 python3 154348     86 rviz2 73056   13855 python3 57892      58 ros2 
1016647680 | 270476     87 python3 154348     86 rviz2 73056   13855 python3 57892      58 ros2 
1015930880 | 270476     87 python3 154348     86 rviz2 73056   13855 python3 57892      58 ros2 
1015877632 | 270476     87 python3 154348     86 rviz2 73056   13855 python3 57892      58 ros2 
1015971840 | 270476     87 python3 154348     86 rviz2 73056   13855 python3 57892      58 ros2 
1016131584 | 270476     87 python3 154348     86 rviz2 73056   13855 python3 57892      58 ros2 
1016049664 | 270476     87 python3 154348     86 rviz2 73056   13855 python3 57892      58 ros2 
1015873536 | 270476     87 python3 154348     86 rviz2 73056   13855 python3 57892      58 ros2 
1016135680 | 270476     87 python3 154348     86 rviz2 73056   13855 python3 57892      58 ros2 
1016135680 | 270476     87 python3 154348     86 rviz2 73056   13855 python3 57892      58 ros2 
1016922112 | 270476     87 python3 154348     86 rviz2 73056   13855 python3 57892      58 ros2 
1016557568 | 270476     87 python3 154348     86 rviz2 73056   13855 python3 57892      58 ros2 
1016451072 | 270476     87 python3 154348     86 rviz2 73056   13855 python3 57892      58 ros2 
1016471552 | 270476     87 python3 154348     86 rviz2 73056   13855 python3 57892      58 ros2 
1016266752 | 270476     87 python3 154348     86 rviz2 73056   13855 python3 57892      58 ros2 
1016418304 | 270476     87 python3 154352     86 rviz2 73056   13855 python3 57892      58 ros2 
1016647680 | 270476     87 python3 154352     86 rviz2 73056   13855 python3 57892      58 ros2 
1015934976 | 270476     87 python3 154352     86 rviz2 73056   13855 python3 57892      58 ros2 
1016049664 | 270476     87 python3 154352     86 rviz2 73056   13855 python3 57892      58 ros2 
1015902208 | 270476     87 python3 154352     86 rviz2 73056   13855 python3 57892      58 ros2 
1015902208 | 270476     87 python3 154352     86 rviz2 73056   13855 python3 57892      58 ros2 
1016156160 | 270476     87 python3 154352     86 rviz2 73056   13855 python3 57892      58 ros2 
1015906304 | 270476     87 python3 154352     86 rviz2 73056   13855 python3 57892      58 ros2 
1016623104 | 270476     87 python3 154352     86 rviz2 73056   13855 python3 57892      58 ros2 
1016414208 | 270476     87 python3 154352     86 rviz2 73056   13855 python3 57892      58 ros2 
1016156160 | 270476     87 python3 154352     86 rviz2 73056   13855 python3 57892      58 ros2 
1016119296 | 270476     87 python3 154352     86 rviz2 73056   13855 python3 57892      58 ros2 
1016721408 | 270476     87 python3 154352     86 rviz2 73056   13855 python3 57892      58 ros2 
1016561664 | 270476     87 python3 154352     86 rviz2 73056   13855 python3 57892      58 ros2 
1016496128 | 270476     87 python3 154352     86 rviz2 73056   13855 python3 57892      58 ros2 
1016418304 | 270476     87 python3 154352     86 rviz2 73056   13855 python3 57892      58 ros2 
1015889920 | 270476     87 python3 154352     86 rviz2 73056   13855 python3 57892      58 ros2 
1015889920 | 270476     87 python3 154352     86 rviz2 73056   13855 python3 57892      58 ros2 
1015906304 | 270476     87 python3 154352     86 rviz2 73056   13855 python3 57892      58 ros2 
1016451072 | 270476     87 python3 154352     86 rviz2 73056   13855 python3 57892      58 ros2 
1016291328 | 270476     87 python3 154352     86 rviz2 73056   13855 python3 57892      58 ros2 
1016086528 | 270476     87 python3 154352     86 rviz2 73056   13855 python3 57892      58 ros2 
1016426496 | 270476     87 python3 154352     86 rviz2 73056   13855 python3 57892      58 ros2 
1016225792 | 270476     87 python3 154352     86 rviz2 73056   13855 python3 57892      58 ros2 
1016774656 | 270476     87 python3 154352     86 rviz2 73056   13855 python3 57892      58 ros2 
1016700928 | 270476     87 python3 154352     86 rviz2 73056   13855 python3 57892      58 ros2 
1015832576 | 270476     87 python3 154352     86 rviz2 73056   13855 python3 57892      58 ros2 
1016381440 | 270476     87 python3 154352     86 rviz2 73056   13855 python3 57892      58 ros2 
1015693312 | 270476     87 python3 154352     86 rviz2 73056   13855 python3 57892      58 ros2 
1016389632 | 270476     87 python3 154352     86 rviz2 73056   13855 python3 57892      58 ros2 
1015889920 | 270476     87 python3 154352     86 rviz2 73056   13855 python3 57892      58 ros2 
1015779328 | 270476     87 python3 154352     86 rviz2 73056   13855 python3 57892      58 ros2 
1016258560 | 270476     87 python3 154352     86 rviz2 73056   13855 python3 57892      58 ros2 
1016270848 | 270476     87 python3 154352     86 rviz2 73056   13855 python3 57892      58 ros2 
1016041472 | 270476     87 python3 154352     86 rviz2 73056   13855 python3 57892      58 ros2 
1016172544 | 270476     87 python3 154352     86 rviz2 73056   13855 python3 57892      58 ros2 
1015955456 | 270476     87 python3 154352     86 rviz2 73056   13855 python3 57892      58 ros2 
1016283136 | 270476     87 python3 154352     86 rviz2 73056   13855 python3 57892      58 ros2 
1016066048 | 270476     87 python3 154352     86 rviz2 73056   13855 python3 57892      58 ros2 
1016246272 | 270476     87 python3 154352     86 rviz2 73056   13855 python3 57892      58 ros2 
1016090624 | 270476     87 python3 154352     86 rviz2 73056   13855 python3 57892      58 ros2 
1015894016 | 270476     87 python3 154352     86 rviz2 73056   13855 python3 57892      58 ros2 
1015894016 | 270476     87 python3 154352     86 rviz2 73056   13855 python3 57892      58 ros2 
1015517184 | 270476     87 python3 154352     86 rviz2 73056   13855 python3 57892      58 ros2 
1015898112 | 270476     87 python3 154352     86 rviz2 73056   13855 python3 57892      58 ros2 
1016422400 | 270476     87 python3 154352     86 rviz2 73056   13855 python3 57892      58 ros2 
1016385536 | 270476     87 python3 154352     86 rviz2 73056   13855 python3 57892      58 ros2 
1016557568 | 270476     87 python3 154352     86 rviz2 73056   13855 python3 57892      58 ros2 
1016705024 | 270476     87 python3 154352     86 rviz2 73056   13855 python3 57892      58 ros2 
1016172544 | 270476     87 python3 154352     86 rviz2 73056   13855 python3 57892      58 ros2 
1016418304 | 270476     87 python3 154352     86 rviz2 73056   13855 python3 57892      58 ros2 
1016627200 | 270476     87 python3 154352     86 rviz2 73056   13855 python3 57892      58 ros2 
1016164352 | 270476     87 python3 154352     86 rviz2 73056   13855 python3 57892      58 ros2 
1016545280 | 270476     87 python3 154352     86 rviz2 73056   13855 python3 57892      58 ros2 
1016545280 | 270476     87 python3 154352     86 rviz2 73056   13855 python3 57892      58 ros2 
1015545856 | 270476     87 python3 154352     86 rviz2 73056   13855 python3 57892      58 ros2 
1016631296 | 270476     87 python3 154352     86 rviz2 73056   13855 python3 57892      58 ros2 
1015959552 | 270476     87 python3 154352     86 rviz2 73056   13855 python3 57892      58 ros2 
1016135680 | 270476     87 python3 154352     86 rviz2 73056   13855 python3 57892      58 ros2 
1016168448 | 270476     87 python3 154352     86 rviz2 73056   13855 python3 57892      58 ros2 
1016537088 | 270476     87 python3 154352     86 rviz2 73056   13855 python3 57892      58 ros2 
1016430592 | 270476     87 python3 154352     86 rviz2 73056   13855 python3 57892      58 ros2 
1016168448 | 270476     87 python3 154352     86 rviz2 73056   13855 python3 57892      58 ros2 
1016422400 | 270476     87 python3 154348     86 rviz2 73056   13855 python3 57892      58 ros2 
1016090624 | 270476     87 python3 154348     86 rviz2 73056   13855 python3 57892      58 ros2 
1015930880 | 270476     87 python3 154348     86 rviz2 73056   13855 python3 57892      58 ros2 
1016475648 | 270476     87 python3 154348     86 rviz2 73056   13855 python3 57892      58 ros2 
1015906304 | 270476     87 python3 154348     86 rviz2 73056   13855 python3 57892      58 ros2 
1016315904 | 270476     87 python3 154348     86 rviz2 73056   13855 python3 57892      58 ros2 
1015894016 | 270476     87 python3 154348     86 rviz2 73056   13855 python3 57892      58 ros2 
1016049664 | 270476     87 python3 154348     86 rviz2 73056   13855 python3 57892      58 ros2 
1016160256 | 270476     87 python3 154348     86 rviz2 73056   13855 python3 57892      58 ros2 
1016164352 | 270476     87 python3 154348     86 rviz2 73056   13855 python3 57892      58 ros2 
1016209408 | 270476     87 python3 154348     86 rviz2 73056   13855 python3 57892      58 ros2 
1016160256 | 270476     87 python3 154348     86 rviz2 73056   13855 python3 57892      58 ros2 
1016434688 | 270476     87 python3 154348     86 rviz2 73056   13855 python3 57892      58 ros2 
1016131584 | 270476     87 python3 154348     86 rviz2 73056   13855 python3 57892      58 ros2 
1016688640 | 270476     87 python3 154348     86 rviz2 73056   13855 python3 57892      58 ros2 
1016459264 | 270476     87 python3 154348     86 rviz2 73056   13855 python3 57892      58 ros2 
1015914496 | 270476     87 python3 154348     86 rviz2 73056   13855 python3 57892      58 ros2 
1015992320 | 270476     87 python3 154348     86 rviz2 73056   13855 python3 57892      58 ros2 
1015853056 | 270476     87 python3 154348     86 rviz2 73056   13855 python3 57892      58 ros2 
1015889920 | 270476     87 python3 154348     86 rviz2 73056   13855 python3 57892      58 ros2 
1016156160 | 270476     87 python3 154348     86 rviz2 73056   13855 python3 57892      58 ros2 
1016541184 | 270476     87 python3 154348     86 rviz2 73056   13855 python3 57892      58 ros2 
1016283136 | 270476     87 python3 154348     86 rviz2 73056   13855 python3 57892      58 ros2 
1016156160 | 270476     87 python3 154348     86 rviz2 73056   13855 python3 57892      58 ros2 
1016193024 | 270476     87 python3 154348     86 rviz2 73056   13855 python3 57892      58 ros2 
1016193024 | 270476     87 python3 154348     86 rviz2 73056   13855 python3 57892      58 ros2 
1015930880 | 270476     87 python3 154348     86 rviz2 73056   13855 python3 57892      58 ros2 
1015971840 | 270476     87 python3 154348     86 rviz2 73056   13855 python3 57892      58 ros2 
1016045568 | 270476     87 python3 154348     86 rviz2 73056   13855 python3 57892      58 ros2 
1015894016 | 270476     87 python3 154348     86 rviz2 73056   13855 python3 57892      58 ros2 
1015631872 | 270476     87 python3 154348     86 rviz2 73056   13855 python3 57892      58 ros2 
1015631872 | 270476     87 python3 154348     86 rviz2 73056   13855 python3 57892      58 ros2 
1015631872 | 270476     87 python3 154348     86 rviz2 73056   13855 python3 57892      58 ros2 
1016295424 | 270476     87 python3 154348     86 rviz2 73056   13855 python3 57892      58 ros2 
1016172544 | 270476     87 python3 154348     86 rviz2 73056   13855 python3 57892      58 ros2 
1016098816 | 270476     87 python3 154348     86 rviz2 73056   13855 python3 57892      58 ros2 
1016426496 | 270476     87 python3 154348     86 rviz2 73056   13855 python3 57892      58 ros2 
1016303616 | 270476     87 python3 154348     86 rviz2 73056   13855 python3 57892      58 ros2 
1016168448 | 270476     87 python3 154348     86 rviz2 73056   13855 python3 57892      58 ros2 
1016164352 | 270476     87 python3 154348     86 rviz2 73056   13855 python3 57892      58 ros2 
1016160256 | 270476     87 python3 154348     86 rviz2 73056   13855 python3 57892      58 ros2 
1015898112 | 270476     87 python3 154348     86 rviz2 73056   13855 python3 57892      58 ros2 
1015898112 | 270476     87 python3 154348     86 rviz2 73056   13855 python3 57892      58 ros2 
1016041472 | 270476     87 python3 154348     86 rviz2 73056   13855 python3 57892      58 ros2 
1015930880 | 270476     87 python3 154348     86 rviz2 73056   13855 python3 57892      58 ros2 
1015898112 | 270476     87 python3 154348     86 rviz2 73056   13855 python3 57892      58 ros2 
1016684544 | 270476     87 python3 154348     86 rviz2 73056   13855 python3 57892      58 ros2 
1016598528 | 270476     87 python3 154348     86 rviz2 73056   13855 python3 57892      58 ros2 
1016168448 | 270476     87 python3 154348     86 rviz2 73056   13855 python3 57892      58 ros2 
1016475648 | 270476     87 python3 154348     86 rviz2 73056   13855 python3 57892      58 ros2 
1016479744 | 270476     87 python3 154348     86 rviz2 73056   13855 python3 57892      58 ros2 
1016139776 | 270476     87 python3 154348     86 rviz2 73056   13855 python3 57892      58 ros2 
1016639488 | 270476     87 python3 154348     86 rviz2 73056   13855 python3 57892      58 ros2 
1016745984 | 270476     87 python3 154348     86 rviz2 73056   13855 python3 57892      58 ros2 
1015635968 | 270476     87 python3 154348     86 rviz2 73056   13855 python3 57892      58 ros2 
1016057856 | 270476     87 python3 154348     86 rviz2 73056   13855 python3 57892      58 ros2 
1016041472 | 270476     87 python3 154348     86 rviz2 73056   13855 python3 57892      58 ros2 
1015865344 | 270476     87 python3 154348     86 rviz2 73056   13855 python3 57892      58 ros2 
1016164352 | 270476     87 python3 154348     86 rviz2 73056   13855 python3 57892      58 ros2 
1016360960 | 270476     87 python3 154348     86 rviz2 73056   13855 python3 57892      58 ros2 
1016356864 | 270476     87 python3 154348     86 rviz2 73056   13855 python3 57892      58 ros2 
1016684544 | 270476     87 python3 154348     86 rviz2 73056   13855 python3 57892      58 ros2 
1016397824 | 270476     87 python3 154348     86 rviz2 73056   13855 python3 57892      58 ros2 
1016496128 | 270476     87 python3 154348     86 rviz2 73056   13855 python3 57892      58 ros2 
1016053760 | 270476     87 python3 154348     86 rviz2 73056   13855 python3 57892      58 ros2 
1015656448 | 270476     87 python3 154348     86 rviz2 73056   13855 python3 57892      58 ros2 
1015906304 | 270476     87 python3 154348     86 rviz2 73056   13855 python3 57892      58 ros2 
1015984128 | 270476     87 python3 154348     86 rviz2 73056   13855 python3 57892      58 ros2 
1015574528 | 270476     87 python3 154348     86 rviz2 73056   13855 python3 57892      58 ros2 
1015787520 | 270476     87 python3 154348     86 rviz2 73056   13855 python3 57892      58 ros2 
1016164352 | 270476     87 python3 154348     86 rviz2 73056   13855 python3 57892      58 ros2 
1016397824 | 270476     87 python3 154348     86 rviz2 73056   13855 python3 57892      58 ros2 
1016176640 | 270476     87 python3 154348     86 rviz2 73056   13855 python3 57892      58 ros2 
1016135680 | 270476     87 python3 154348     86 rviz2 73056   13855 python3 57892      58 ros2 
1016176640 | 270476     87 python3 154348     86 rviz2 73056   13855 python3 57892      58 ros2 
1016737792 | 270476     87 python3 154348     86 rviz2 73056   13855 python3 57892      58 ros2 
1016348672 | 270476     87 python3 154348     86 rviz2 73056   13855 python3 57892      58 ros2 
1016180736 | 270476     87 python3 154348     86 rviz2 73056   13855 python3 57892      58 ros2 
1015603200 | 270476     87 python3 154348     86 rviz2 73056   13855 python3 57892      58 ros2 
1016483840 | 270476     87 python3 154348     86 rviz2 73056   13855 python3 57892      58 ros2 
1016119296 | 270476     87 python3 154348     86 rviz2 73056   13855 python3 57892      58 ros2 
1016025088 | 270476     87 python3 154348     86 rviz2 73056   13855 python3 57892      58 ros2 
1015640064 | 270476     87 python3 154348     86 rviz2 73056   13855 python3 57892      58 ros2 
1016061952 | 270476     87 python3 154348     86 rviz2 73056   13855 python3 57892      58 ros2 
1016098816 | 270476     87 python3 154348     86 rviz2 73056   13855 python3 57892      58 ros2 
1016627200 | 270476     87 python3 154348     86 rviz2 73056   13855 python3 57892      58 ros2 
1016176640 | 270476     87 python3 154348     86 rviz2 73056   13855 python3 57892      58 ros2 
1016430592 | 270476     87 python3 154348     86 rviz2 73056   13855 python3 57892      58 ros2 
1016430592 | 270476     87 python3 154348     86 rviz2 73056   13855 python3 57892      58 ros2 
1016430592 | 270476     87 python3 154348     86 rviz2 73056   13855 python3 57892      58 ros2 
1016266752 | 270476     87 python3 154348     86 rviz2 73056   13855 python3 57892      58 ros2 
1016381440 | 270476     87 python3 154348     86 rviz2 73056   13855 python3 57892      58 ros2 
1016438784 | 270476     87 python3 154348     86 rviz2 73056   13855 python3 57892      58 ros2 
1015906304 | 270476     87 python3 154348     86 rviz2 73056   13855 python3 57892      58 ros2 
1015787520 | 270476     87 python3 154348     86 rviz2 73056   13855 python3 57892      58 ros2 
1015779328 | 270476     87 python3 154348     86 rviz2 73056   13855 python3 57892      58 ros2 
1016176640 | 270476     87 python3 154348     86 rviz2 73056   13855 python3 57892      58 ros2 
1016709120 | 270476     87 python3 154348     86 rviz2 73056   13855 python3 57892      58 ros2 
1016537088 | 270476     87 python3 154348     86 rviz2 73056   13855 python3 57892      58 ros2 
1016586240 | 270476     87 python3 154348     86 rviz2 73056   13855 python3 57892      58 ros2 
1016721408 | 270476     87 python3 154348     86 rviz2 73056   13855 python3 57892      58 ros2 
1016524800 | 270476     87 python3 154348     86 rviz2 73056   13855 python3 57892      58 ros2 
1016188928 | 270476     87 python3 154348     86 rviz2 73056   13855 python3 57892      58 ros2 
1016307712 | 270476     87 python3 154348     86 rviz2 73056   13855 python3 57892      58 ros2 
1016262656 | 270476     87 python3 154348     86 rviz2 73056   13855 python3 57892      58 ros2 
1015971840 | 270476     87 python3 154348     86 rviz2 73056   13855 python3 57892      58 ros2 
1015947264 | 270476     87 python3 154348     86 rviz2 73056   13855 python3 57892      58 ros2 
1015988224 | 270476     87 python3 154348     86 rviz2 73056   13855 python3 57892      58 ros2 
1016049664 | 270476     87 python3 154348     86 rviz2 73056   13855 python3 57892      58 ros2 
1016844288 | 270476     87 python3 154348     86 rviz2 73056   13855 python3 57892      58 ros2 
1016438784 | 270476     87 python3 154348     86 rviz2 73056   13855 python3 57892      58 ros2 
1016492032 | 270476     87 python3 154348     86 rviz2 73056   13855 python3 57892      58 ros2 
1016176640 | 270476     87 python3 154348     86 rviz2 73056   13855 python3 57892      58 ros2 
1017057280 | 270476     87 python3 154348     86 rviz2 73056   13855 python3 57892      58 ros2 
1016799232 | 270476     87 python3 154348     86 rviz2 73056   13855 python3 57892      58 ros2 
1016807424 | 270476     87 python3 154348     86 rviz2 73056   13855 python3 57892      58 ros2 
1016434688 | 270476     87 python3 154348     86 rviz2 73056   13855 python3 57892      58 ros2 
1015730176 | 270476     87 python3 154348     86 rviz2 73056   13855 python3 57892      58 ros2 
1015844864 | 270476     87 python3 154348     86 rviz2 73056   13855 python3 57892      58 ros2 
1016131584 | 270476     87 python3 154348     86 rviz2 73056   13855 python3 57892      58 ros2 
1015910400 | 270476     87 python3 154348     86 rviz2 73056   13855 python3 57892      58 ros2 
1016565760 | 270476     87 python3 154348     86 rviz2 73056   13855 python3 57892      58 ros2 
1016242176 | 270476     87 python3 154348     86 rviz2 73056   13855 python3 57892      58 ros2 
1016881152 | 270476     87 python3 154348     86 rviz2 73056   13855 python3 57892      58 ros2 
1016446976 | 270476     87 python3 154348     86 rviz2 73056   13855 python3 57892      58 ros2 
1016446976 | 270476     87 python3 154348     86 rviz2 73056   13855 python3 57892      58 ros2 
1016446976 | 270476     87 python3 154348     86 rviz2 73056   13855 python3 57892      58 ros2 
1015885824 | 270476     87 python3 154348     86 rviz2 73056   13855 python3 57892      58 ros2 
1015910400 | 270476     87 python3 154348     86 rviz2 73056   13855 python3 57892      58 ros2 
1016004608 | 270476     87 python3 154348     86 rviz2 73056   13855 python3 57892      58 ros2 
1015914496 | 270476     87 python3 154348     86 rviz2 73056   13855 python3 57892      58 ros2 
1015914496 | 270476     87 python3 154348     86 rviz2 73056   13855 python3 57892      58 ros2 
1015914496 | 270476     87 python3 154348     86 rviz2 73056   13855 python3 57892      58 ros2 
1016176640 | 270476     87 python3 154348     86 rviz2 73056   13855 python3 57892      58 ros2 
1016139776 | 270476     87 python3 154348     86 rviz2 73056   13855 python3 57892      58 ros2 
1015660544 | 270476     87 python3 154348     86 rviz2 73056   13855 python3 57892      58 ros2 
1015660544 | 270476     87 python3 154348     86 rviz2 73056   13855 python3 57892      58 ros2 
1016180736 | 270476     87 python3 154348     86 rviz2 73056   13855 python3 57892      58 ros2 
1015914496 | 270476     87 python3 154348     86 rviz2 73056   13855 python3 57892      58 ros2 
1016078336 | 270476     87 python3 154348     86 rviz2 73056   13855 python3 57892      58 ros2 
1015889920 | 270476     87 python3 154348     86 rviz2 73056   13855 python3 57892      58 ros2 
1015586816 | 270476     87 python3 154348     86 rviz2 73056   13855 python3 57892      58 ros2 
1016119296 | 270476     87 python3 154348     86 rviz2 73056   13855 python3 57892      58 ros2 
1015844864 | 270476     87 python3 154348     86 rviz2 73056   13855 python3 57892      58 ros2 
1015914496 | 270476     87 python3 154348     86 rviz2 73056   13855 python3 57892      58 ros2 
1015914496 | 270476     87 python3 154348     86 rviz2 73056   13855 python3 57892      58 ros2 
1016176640 | 270476     87 python3 154348     86 rviz2 73056   13855 python3 57892      58 ros2 
1017143296 | 270476     87 python3 154348     86 rviz2 73056   13855 python3 57892      58 ros2 
1016180736 | 270476     87 python3 154348     86 rviz2 73056   13855 python3 57892      58 ros2 
1016188928 | 270476     87 python3 154348     86 rviz2 73056   13855 python3 57892      58 ros2 
1016451072 | 270476     87 python3 154348     86 rviz2 73056   13855 python3 57892      58 ros2 
1016377344 | 270476     87 python3 154348     86 rviz2 73056   13855 python3 57892      58 ros2 
1016131584 | 270476     87 python3 154348     86 rviz2 73056   13855 python3 57892      58 ros2 
1016446976 | 270476     87 python3 154348     86 rviz2 73056   13855 python3 57892      58 ros2 
1016336384 | 270476     87 python3 154348     86 rviz2 73056   13855 python3 57892      58 ros2 
1015951360 | 270476     87 python3 154348     86 rviz2 73056   13855 python3 57892      58 ros2 
1016184832 | 270476     87 python3 154348     86 rviz2 73056   13855 python3 57892      58 ros2 
1015656448 | 270476     87 python3 154348     86 rviz2 73056   13855 python3 57892      58 ros2 
1015660544 | 270476     87 python3 154348     86 rviz2 73056   13855 python3 57892      58 ros2 
1016193024 | 270476     87 python3 154348     86 rviz2 73056   13855 python3 57892      58 ros2 
1016123392 | 270476     87 python3 154348     86 rviz2 73056   13855 python3 57892      58 ros2 
1016504320 | 270476     87 python3 154348     86 rviz2 73056   13855 python3 57892      58 ros2 
1016332288 | 270476     87 python3 154348     86 rviz2 73056   13855 python3 57892      58 ros2 
1016188928 | 270476     87 python3 154348     86 rviz2 73056   13855 python3 57892      58 ros2 
1016459264 | 270476     87 python3 154348     86 rviz2 73056   13855 python3 57892      58 ros2 
1015664640 | 270476     87 python3 154348     86 rviz2 73056   13855 python3 57892      58 ros2 
1015664640 | 270476     87 python3 154348     86 rviz2 73056   13855 python3 57892      58 ros2 
1015660544 | 270476     87 python3 154348     86 rviz2 73056   13855 python3 57892      58 ros2 
1015676928 | 270476     87 python3 154348     86 rviz2 73056   13855 python3 57892      58 ros2 
1015930880 | 270476     87 python3 154348     86 rviz2 73056   13855 python3 57892      58 ros2 
1015930880 | 270476     87 python3 154348     86 rviz2 73056   13855 python3 57892      58 ros2 
1015660544 | 270476     87 python3 154348     86 rviz2 73056   13855 python3 57892      58 ros2 
1016455168 | 270476     87 python3 154348     86 rviz2 73056   13855 python3 57892      58 ros2 
1016201216 | 270476     87 python3 154348     86 rviz2 73056   13855 python3 57892      58 ros2 
1016414208 | 270476     87 python3 154348     86 rviz2 73056   13855 python3 57892      58 ros2 
1016381440 | 270476     87 python3 154348     86 rviz2 73056   13855 python3 57892      58 ros2 
1016471552 | 270476     87 python3 154348     86 rviz2 73056   13855 python3 57892      58 ros2 
1016246272 | 270476     87 python3 154348     86 rviz2 73056   13855 python3 57892      58 ros2 
1016221696 | 270476     87 python3 154348     86 rviz2 73056   13855 python3 57892      58 ros2 
1016745984 | 270476     87 python3 154348     86 rviz2 73056   13855 python3 57892      58 ros2 
1015963648 | 270476     87 python3 154348     86 rviz2 73056   13855 python3 57892      58 ros2 
1015955456 | 270476     87 python3 154348     86 rviz2 73056   13855 python3 57892      58 ros2 
1016029184 | 270476     87 python3 154348     86 rviz2 73056   13855 python3 57892      58 ros2 
1015816192 | 270476     87 python3 154348     86 rviz2 73056   13855 python3 57892      58 ros2 
1016455168 | 270476     87 python3 154348     86 rviz2 73056   13855 python3 57892      58 ros2 
1016721408 | 270476     87 python3 154348     86 rviz2 73056   13855 python3 57892      58 ros2 
1016414208 | 270476     87 python3 154348     86 rviz2 73056   13855 python3 57892      58 ros2 
1016188928 | 270476     87 python3 154348     86 rviz2 73056   13855 python3 57892      58 ros2 
1016774656 | 270476     87 python3 154348     86 rviz2 73056   13855 python3 57892      58 ros2 
1015930880 | 270476     87 python3 154348     86 rviz2 73056   13855 python3 57892      58 ros2 
1015906304 | 270476     87 python3 154348     86 rviz2 73056   13855 python3 57892      58 ros2 
1015685120 | 270476     87 python3 154348     86 rviz2 73056   13855 python3 57892      58 ros2 
1015705600 | 270476     87 python3 154348     86 rviz2 73056   13855 python3 57892      58 ros2 
1015963648 | 270476     87 python3 154348     86 rviz2 73056   13855 python3 57892      58 ros2 
1015828480 | 270476     87 python3 154348     86 rviz2 73056   13855 python3 57892      58 ros2 
1015836672 | 270476     87 python3 154348     86 rviz2 73056   13855 python3 57892      58 ros2 
1015787520 | 270476     87 python3 154348     86 rviz2 73056   13855 python3 57892      58 ros2 
1016197120 | 270476     87 python3 154348     86 rviz2 73056   13855 python3 57892      58 ros2 
1016197120 | 270476     87 python3 154348     86 rviz2 73056   13855 python3 57892      58 ros2 
1016459264 | 270476     87 python3 154348     86 rviz2 73056   13855 python3 57892      58 ros2 
1016459264 | 270476     87 python3 154348     86 rviz2 73056   13855 python3 57892      58 ros2 
1016717312 | 270476     87 python3 154348     86 rviz2 73056   13855 python3 57892      58 ros2 
1016459264 | 270476     87 python3 154348     86 rviz2 73056   13855 python3 57892      58 ros2 
1016459264 | 270476     87 python3 154348     86 rviz2 73056   13855 python3 57892      58 ros2 
1016197120 | 270476     87 python3 154348     86 rviz2 73056   13855 python3 57892      58 ros2 
1016307712 | 270476     87 python3 154348     86 rviz2 73056   13855 python3 57892      58 ros2 
1015672832 | 270476     87 python3 154348     86 rviz2 73056   13855 python3 57892      58 ros2 
1015721984 | 270476     87 python3 154348     86 rviz2 73056   13855 python3 57892      58 ros2 
1015861248 | 270476     87 python3 154348     86 rviz2 73056   13855 python3 57892      58 ros2 
1016397824 | 270476     87 python3 154348     86 rviz2 73056   13855 python3 57892      58 ros2 
1016721408 | 270476     87 python3 154348     86 rviz2 73056   13855 python3 57892      58 ros2 
1016205312 | 270476     87 python3 154348     86 rviz2 73056   13855 python3 57892      58 ros2 
1016197120 | 270476     87 python3 154348     86 rviz2 73056   13855 python3 57892      58 ros2 
1016197120 | 270476     87 python3 154348     86 rviz2 73056   13855 python3 57892      58 ros2 
1016721408 | 270476     87 python3 154348     86 rviz2 73056   13855 python3 57892      58 ros2 
1016729600 | 270476     87 python3 154348     86 rviz2 73056   13855 python3 57892      58 ros2 
1016512512 | 270476     87 python3 154348     86 rviz2 73056   13855 python3 57892      58 ros2 
1016201216 | 270476     87 python3 154348     86 rviz2 73056   13855 python3 57892      58 ros2 
1015447552 | 270476     87 python3 154348     86 rviz2 73056   13855 python3 57892      58 ros2 
1015705600 | 270476     87 python3 154348     86 rviz2 73056   13855 python3 57892      58 ros2 
1015828480 | 270476     87 python3 154348     86 rviz2 73056   13855 python3 57892      58 ros2 
1016569856 | 270476     87 python3 154348     86 rviz2 73056   13855 python3 57892      58 ros2 
1016463360 | 270476     87 python3 154348     86 rviz2 73056   13855 python3 57892      58 ros2 
1016463360 | 270476     87 python3 154348     86 rviz2 73056   13855 python3 57892      58 ros2 
1016201216 | 270476     87 python3 154348     86 rviz2 73056   13855 python3 57892      58 ros2 
1016201216 | 270476     87 python3 154348     86 rviz2 73056   13855 python3 57892      58 ros2 
1016688640 | 270476     87 python3 154348     86 rviz2 73056   13855 python3 57892      58 ros2 
1016201216 | 270476     87 python3 154348     86 rviz2 73056   13855 python3 57892      58 ros2 
1015668736 | 270476     87 python3 154348     86 rviz2 73056   13855 python3 57892      58 ros2 
1015992320 | 270476     87 python3 154348     86 rviz2 73056   13855 python3 57892      58 ros2 
1016201216 | 270476     87 python3 154348     86 rviz2 73056   13855 python3 57892      58 ros2 
1015730176 | 270476     87 python3 154348     86 rviz2 73056   13855 python3 57892      58 ros2 
1015783424 | 270476     87 python3 154348     86 rviz2 73056   13855 python3 57892      58 ros2 
1016135680 | 270476     87 python3 154348     86 rviz2 73056   13855 python3 57892      58 ros2 
1016004608 | 270476     87 python3 154348     86 rviz2 73056   13855 python3 57892      58 ros2 
1016213504 | 270476     87 python3 154348     86 rviz2 73056   13855 python3 57892      58 ros2 
1016475648 | 270476     87 python3 154348     86 rviz2 73056   13855 python3 57892      58 ros2 
1016205312 | 270476     87 python3 154348     86 rviz2 73056   13855 python3 57892      58 ros2 
1016467456 | 270476     87 python3 154348     86 rviz2 73056   13855 python3 57892      58 ros2 
1016467456 | 270476     87 python3 154348     86 rviz2 73056   13855 python3 57892      58 ros2 
1016471552 | 270476     87 python3 154348     86 rviz2 73056   13855 python3 57892      58 ros2 
1016242176 | 270476     87 python3 154348     86 rviz2 73056   13855 python3 57892      58 ros2 
1015750656 | 270476     87 python3 154348     86 rviz2 73056   13855 python3 57892      58 ros2 
1015873536 | 270476     87 python3 154348     86 rviz2 73056   13855 python3 57892      58 ros2 
1015934976 | 270476     87 python3 154348     86 rviz2 73056   13855 python3 57892      58 ros2 
1015934976 | 270476     87 python3 154348     86 rviz2 73056   13855 python3 57892      58 ros2 
1015726080 | 270476     87 python3 154348     86 rviz2 73056   13855 python3 57892      58 ros2 
1016299520 | 270476     87 python3 154348     86 rviz2 73056   13855 python3 57892      58 ros2 
1016877056 | 270476     87 python3 154348     86 rviz2 73056   13855 python3 57892      58 ros2 
1016320000 | 270476     87 python3 154348     86 rviz2 73056   13855 python3 57892      58 ros2 
1016520704 | 270476     87 python3 154348     86 rviz2 73056   13855 python3 57892      58 ros2 
1016590336 | 270476     87 python3 154348     86 rviz2 73056   13855 python3 57892      58 ros2 
1016512512 | 270476     87 python3 154348     86 rviz2 73056   13855 python3 57892      58 ros2 
1016590336 | 270476     87 python3 154348     86 rviz2 73056   13855 python3 57892      58 ros2 
1016205312 | 270476     87 python3 154348     86 rviz2 73056   13855 python3 57892      58 ros2 
1016467456 | 270476     87 python3 154348     86 rviz2 73056   13855 python3 57892      58 ros2 
1016741888 | 270476     87 python3 154348     86 rviz2 73056   13855 python3 57892      58 ros2 
1016864768 | 270476     87 python3 154348     86 rviz2 73056   13855 python3 57892      58 ros2 
1015681024 | 270476     87 python3 154348     86 rviz2 73056   13855 python3 57892      58 ros2 
1016127488 | 270476     87 python3 154348     86 rviz2 73056   13855 python3 57892      58 ros2 
1016467456 | 270476     87 python3 154348     86 rviz2 73056   13855 python3 57892      58 ros2 
1016475648 | 270476     87 python3 154348     86 rviz2 73056   13855 python3 57892      58 ros2 
1016475648 | 270476     87 python3 154348     86 rviz2 73056   13855 python3 57892      58 ros2 
1016205312 | 270476     87 python3 154348     86 rviz2 73056   13855 python3 57892      58 ros2 
1016553472 | 270476     87 python3 154348     86 rviz2 73056   13855 python3 57892      58 ros2 
1016168448 | 270476     87 python3 154348     86 rviz2 73056   13855 python3 57892      58 ros2 
1015578624 | 270476     87 python3 154348     86 rviz2 73056   13855 python3 57892      58 ros2 
1015664640 | 270476     87 python3 154348     86 rviz2 73056   13855 python3 57892      58 ros2 
1016078336 | 270476     87 python3 154348     86 rviz2 73056   13855 python3 57892      58 ros2 
1015902208 | 270476     87 python3 154348     86 rviz2 73056   13855 python3 57892      58 ros2 
1015685120 | 270476     87 python3 154348     86 rviz2 73056   13855 python3 57892      58 ros2 
1015939072 | 270476     87 python3 154348     86 rviz2 73056   13855 python3 57892      58 ros2 
1016549376 | 270476     87 python3 154348     86 rviz2 73056   13855 python3 57892      58 ros2 
1016430592 | 270476     87 python3 154348     86 rviz2 73056   13855 python3 57892      58 ros2 
1016471552 | 270476     87 python3 154348     86 rviz2 73056   13855 python3 57892      58 ros2 
1016418304 | 270476     87 python3 154348     86 rviz2 73056   13855 python3 57892      58 ros2 
1016430592 | 270476     87 python3 154348     86 rviz2 73056   13855 python3 57892      58 ros2 
1016786944 | 270476     87 python3 154348     86 rviz2 73056   13855 python3 57892      58 ros2 
1016381440 | 270476     87 python3 154348     86 rviz2 73056   13855 python3 57892      58 ros2 
1016348672 | 270476     87 python3 154348     86 rviz2 73056   13855 python3 57892      58 ros2 
1016508416 | 270476     87 python3 154348     86 rviz2 73056   13855 python3 57892      58 ros2 
1016528896 | 270476     87 python3 154348     86 rviz2 73056   13855 python3 57892      58 ros2 
1015824384 | 270476     87 python3 154348     86 rviz2 73056   13855 python3 57892      58 ros2 
1016074240 | 270476     87 python3 154348     86 rviz2 73056   13855 python3 57892      58 ros2 
1015738368 | 270476     87 python3 154348     86 rviz2 73056   13855 python3 57892      58 ros2 
1016475648 | 270476     87 python3 154348     86 rviz2 73056   13855 python3 57892      58 ros2 
1016999936 | 270476     87 python3 154348     86 rviz2 73056   13855 python3 57892      58 ros2 
1016475648 | 270476     87 python3 154348     86 rviz2 73056   13855 python3 57892      58 ros2 
1016795136 | 270476     87 python3 154348     86 rviz2 73056   13855 python3 57892      58 ros2 
1016479744 | 270476     87 python3 154348     86 rviz2 73056   13855 python3 57892      58 ros2 
1015881728 | 270476     87 python3 154348     86 rviz2 73056   13855 python3 57892      58 ros2 
1015877632 | 270476     87 python3 154348     86 rviz2 73056   13855 python3 57892      58 ros2 
1015881728 | 270476     87 python3 154348     86 rviz2 73056   13855 python3 57892      58 ros2 
1015877632 | 270476     87 python3 154348     86 rviz2 73056   13855 python3 57892      58 ros2 
1016217600 | 270476     87 python3 154348     86 rviz2 73056   13855 python3 57892      58 ros2 
1016131584 | 270476     87 python3 154348     86 rviz2 73056   13855 python3 57892      58 ros2 
1016000512 | 270476     87 python3 154348     86 rviz2 73056   13855 python3 57892      58 ros2 
1016324096 | 270476     87 python3 154348     86 rviz2 73056   13855 python3 57892      58 ros2 
1016348672 | 270476     87 python3 154348     86 rviz2 73056   13855 python3 57892      58 ros2 
1016225792 | 270476     87 python3 154348     86 rviz2 73056   13855 python3 57892      58 ros2 
1015619584 | 270476     87 python3 154348     86 rviz2 73056   13855 python3 57892      58 ros2 
1016369152 | 270476     87 python3 154348     86 rviz2 73056   13855 python3 57892      58 ros2 
1015914496 | 270476     87 python3 154348     86 rviz2 73056   13855 python3 57892      58 ros2 
1016160256 | 270476     87 python3 154348     86 rviz2 73056   13855 python3 57892      58 ros2 
1015767040 | 270476     87 python3 154348     86 rviz2 73056   13855 python3 57892      58 ros2 
1015984128 | 270476     87 python3 154348     86 rviz2 73056   13855 python3 57892      58 ros2 
1016586240 | 270476     87 python3 154348     86 rviz2 73056   13855 python3 57892      58 ros2 
1016262656 | 270476     87 python3 154348     86 rviz2 73056   13855 python3 57892      58 ros2 
1015689216 | 270476     87 python3 154348     86 rviz2 73056   13855 python3 57892      58 ros2 
1015730176 | 270476     87 python3 154348     86 rviz2 73056   13855 python3 57892      58 ros2 
1016471552 | 270476     87 python3 154348     86 rviz2 73056   13855 python3 57892      58 ros2 
1017225216 | 270476     87 python3 154348     86 rviz2 73056   13855 python3 57892      58 ros2 
1016291328 | 270476     87 python3 154348     86 rviz2 73056   13855 python3 57892      58 ros2 
1016414208 | 270476     87 python3 154348     86 rviz2 73056   13855 python3 57892      58 ros2 
1016627200 | 270476     87 python3 154348     86 rviz2 73056   13855 python3 57892      58 ros2 
1016745984 | 270476     87 python3 154348     86 rviz2 73056   13855 python3 57892      58 ros2 
1016479744 | 270476     87 python3 154348     86 rviz2 73056   13855 python3 57892      58 ros2 
1016483840 | 270476     87 python3 154348     86 rviz2 73056   13855 python3 57892      58 ros2 
1016729600 | 270476     87 python3 154348     86 rviz2 73056   13855 python3 57892      58 ros2 
1016074240 | 270476     87 python3 154348     86 rviz2 73056   13855 python3 57892      58 ros2 
1016479744 | 270476     87 python3 154348     86 rviz2 73056   13855 python3 57892      58 ros2 
1016225792 | 270476     87 python3 154348     86 rviz2 73056   13855 python3 57892      58 ros2 
1015955456 | 270476     87 python3 154348     86 rviz2 73056   13855 python3 57892      58 ros2 
1016729600 | 270476     87 python3 154348     86 rviz2 73056   13855 python3 57892      58 ros2 
1016393728 | 270476     87 python3 154348     86 rviz2 73056   13855 python3 57892      58 ros2 
1016184832 | 270476     87 python3 154348     86 rviz2 73056   13855 python3 57892      58 ros2 
1016274944 | 270476     87 python3 154348     86 rviz2 73056   13855 python3 57892      58 ros2 
1016741888 | 270476     87 python3 154348     86 rviz2 73056   13855 python3 57892      58 ros2 
1016893440 | 270476     87 python3 154348     86 rviz2 73056   13855 python3 57892      58 ros2 
1015955456 | 270476     87 python3 154348     86 rviz2 73056   13855 python3 57892      58 ros2 
1016291328 | 270476     87 python3 154348     86 rviz2 73056   13855 python3 57892      58 ros2 
1016332288 | 270476     87 python3 154348     86 rviz2 73056   13855 python3 57892      58 ros2 
1016233984 | 270476     87 python3 154348     86 rviz2 73056   13855 python3 57892      58 ros2 
1016483840 | 270476     87 python3 154348     86 rviz2 73056   13855 python3 57892      58 ros2 
1015992320 | 270476     87 python3 154348     86 rviz2 73056   13855 python3 57892      58 ros2 
1016569856 | 270476     87 python3 154348     86 rviz2 73056   13855 python3 57892      58 ros2 
1016659968 | 270476     87 python3 154348     86 rviz2 73056   13855 python3 57892      58 ros2 
1016741888 | 270476     87 python3 154348     86 rviz2 73056   13855 python3 57892      58 ros2 
1016729600 | 270476     87 python3 154348     86 rviz2 73056   13855 python3 57892      58 ros2 
1016954880 | 270476     87 python3 154348     86 rviz2 73056   13855 python3 57892      58 ros2 
1016221696 | 270476     87 python3 154348     86 rviz2 73056   13855 python3 57892      58 ros2 
1016745984 | 270476     87 python3 154348     86 rviz2 73056   13855 python3 57892      58 ros2 
1016582144 | 270476     87 python3 154348     86 rviz2 73056   13855 python3 57892      58 ros2 
1015713792 | 270476     87 python3 154348     86 rviz2 73056   13855 python3 57892      58 ros2 
1016221696 | 270476     87 python3 154348     86 rviz2 73056   13855 python3 57892      58 ros2 
1016008704 | 270476     87 python3 154348     86 rviz2 73056   13855 python3 57892      58 ros2 
1016479744 | 270476     87 python3 154348     86 rviz2 73056   13855 python3 57892      58 ros2 
1016225792 | 270476     87 python3 154348     86 rviz2 73056   13855 python3 57892      58 ros2 
1016983552 | 270476     87 python3 154348     86 rviz2 73056   13855 python3 57892      58 ros2 
1016487936 | 270476     87 python3 154348     86 rviz2 73056   13855 python3 57892      58 ros2 
1016606720 | 270476     87 python3 154348     86 rviz2 73056   13855 python3 57892      58 ros2 
1016483840 | 270476     87 python3 154348     86 rviz2 73056   13855 python3 57892      58 ros2 
1016377344 | 270476     87 python3 154348     86 rviz2 73056   13855 python3 57892      58 ros2 
1016639488 | 270476     87 python3 154348     86 rviz2 73056   13855 python3 57892      58 ros2 
1017348096 | 270476     87 python3 154348     86 rviz2 73056   13855 python3 57892      58 ros2 
1016963072 | 270476     87 python3 154348     86 rviz2 73056   13855 python3 57892      58 ros2 
1017151488 | 270476     87 python3 154348     86 rviz2 73056   13855 python3 57892      58 ros2 
1016782848 | 270476     87 python3 154348     86 rviz2 73056   13855 python3 57892      58 ros2 
1015631872 | 270476     87 python3 154348     86 rviz2 73056   13855 python3 57892      58 ros2 
1016111104 | 270476     87 python3 154348     86 rviz2 73056   13855 python3 57892      58 ros2 
1016152064 | 270476     87 python3 154348     86 rviz2 73056   13855 python3 57892      58 ros2 
1016717312 | 270476     87 python3 154348     86 rviz2 73056   13855 python3 57892      58 ros2 
1016844288 | 270476     87 python3 154348     86 rviz2 73056   13855 python3 57892      58 ros2 
1016627200 | 270476     87 python3 154348     86 rviz2 73056   13855 python3 57892      58 ros2 
1016770560 | 270476     87 python3 154348     86 rviz2 73056   13855 python3 57892      58 ros2 
1016725504 | 270476     87 python3 154348     86 rviz2 73056   13855 python3 57892      58 ros2 
1017057280 | 270476     87 python3 154348     86 rviz2 73056   13855 python3 57892      58 ros2 
1016078336 | 270476     87 python3 154348     86 rviz2 73056   13855 python3 57892      58 ros2 
1016336384 | 270476     87 python3 154348     86 rviz2 73056   13855 python3 57892      58 ros2 
1016320000 | 270476     87 python3 154348     86 rviz2 73056   13855 python3 57892      58 ros2 
1015795712 | 270476     87 python3 154348     86 rviz2 73056   13855 python3 57892      58 ros2 
1016020992 | 270476     87 python3 154348     86 rviz2 73056   13855 python3 57892      58 ros2 
1015705600 | 270476     87 python3 154348     86 rviz2 73056   13855 python3 57892      58 ros2 
1017061376 | 270476     87 python3 154348     86 rviz2 73056   13855 python3 57892      58 ros2 
1016496128 | 270476     87 python3 154348     86 rviz2 73056   13855 python3 57892      58 ros2 
1016823808 | 270476     87 python3 154348     86 rviz2 73056   13855 python3 57892      58 ros2 
1016238080 | 270476     87 python3 154348     86 rviz2 73056   13855 python3 57892      58 ros2 
1016979456 | 270476     87 python3 154348     86 rviz2 73056   13855 python3 57892      58 ros2 
1016311808 | 270476     87 python3 154348     86 rviz2 73056   13855 python3 57892      58 ros2 
1016238080 | 270476     87 python3 154348     86 rviz2 73056   13855 python3 57892      58 ros2 
1016233984 | 270476     87 python3 154348     86 rviz2 73056   13855 python3 57892      58 ros2 
1016696832 | 270476     87 python3 154348     86 rviz2 73056   13855 python3 57892      58 ros2 
1016041472 | 270476     87 python3 154348     86 rviz2 73056   13855 python3 57892      58 ros2 
1016422400 | 270476     87 python3 154348     86 rviz2 73056   13855 python3 57892      58 ros2 
1016160256 | 270476     87 python3 154348     86 rviz2 73056   13855 python3 57892      58 ros2 
1016700928 | 270476     87 python3 154348     86 rviz2 73056   13855 python3 57892      58 ros2 
1016819712 | 270476     87 python3 154348     86 rviz2 73056   13855 python3 57892      58 ros2 
1016283136 | 270476     87 python3 154348     86 rviz2 73056   13855 python3 57892      58 ros2 
1016803328 | 270476     87 python3 154348     86 rviz2 73056   13855 python3 57892      58 ros2 
1016778752 | 270476     87 python3 154348     86 rviz2 73056   13855 python3 57892      58 ros2 
1016848384 | 270476     87 python3 154348     86 rviz2 73056   13855 python3 57892      58 ros2 
1016590336 | 270476     87 python3 154348     86 rviz2 73056   13855 python3 57892      58 ros2 
1015664640 | 270476     87 python3 154348     86 rviz2 73056   13855 python3 57892      58 ros2 
1016111104 | 270476     87 python3 154348     86 rviz2 73056   13855 python3 57892      58 ros2 
1016348672 | 270476     87 python3 154348     86 rviz2 73056   13855 python3 57892      58 ros2 
1016082432 | 270476     87 python3 154348     86 rviz2 73056   13855 python3 57892      58 ros2 
1016627200 | 270476     87 python3 154348     86 rviz2 73056   13855 python3 57892      58 ros2 
1015963648 | 270476     87 python3 154348     86 rviz2 73056   13855 python3 57892      58 ros2 
1016205312 | 270476     87 python3 154348     86 rviz2 73056   13855 python3 57892      58 ros2 
1016754176 | 270476     87 python3 154348     86 rviz2 73056   13855 python3 57892      58 ros2 
1016545280 | 270476     87 python3 154348     86 rviz2 73056   13855 python3 57892      58 ros2 
1017012224 | 270476     87 python3 154348     86 rviz2 73056   13855 python3 57892      58 ros2 
1016733696 | 270476     87 python3 154348     86 rviz2 73056   13855 python3 57892      58 ros2 
1017135104 | 270476     87 python3 154348     86 rviz2 73056   13855 python3 57892      58 ros2 
1016451072 | 270476     87 python3 154348     86 rviz2 73056   13855 python3 57892      58 ros2 
1016627200 | 270476     87 python3 154348     86 rviz2 73056   13855 python3 57892      58 ros2 
1016102912 | 270476     87 python3 154348     86 rviz2 73056   13855 python3 57892      58 ros2 
1016061952 | 270476     87 python3 154348     86 rviz2 73056   13855 python3 57892      58 ros2 
1016332288 | 270476     87 python3 154348     86 rviz2 73056   13855 python3 57892      58 ros2 
1015750656 | 270476     87 python3 154348     86 rviz2 73056   13855 python3 57892      58 ros2 
1015951360 | 270476     87 python3 154348     86 rviz2 73056   13855 python3 57892      58 ros2 
1016242176 | 270476     87 python3 154348     86 rviz2 73056   13855 python3 57892      58 ros2 
1016467456 | 270476     87 python3 154348     86 rviz2 73056   13855 python3 57892      58 ros2 
1016242176 | 270476     87 python3 154348     86 rviz2 73056   13855 python3 57892      58 ros2 
1016545280 | 270476     87 python3 154348     86 rviz2 73056   13855 python3 57892      58 ros2 
1016672256 | 270476     87 python3 154348     86 rviz2 73056   13855 python3 57892      58 ros2 
1016438784 | 270476     87 python3 154348     86 rviz2 73056   13855 python3 57892      58 ros2 
1016311808 | 270476     87 python3 154348     86 rviz2 73056   13855 python3 57892      58 ros2 
1016623104 | 270476     87 python3 154348     86 rviz2 73056   13855 python3 57892      58 ros2 
1016430592 | 270476     87 python3 154348     86 rviz2 73056   13855 python3 57892      58 ros2 
1015717888 | 270476     87 python3 154348     86 rviz2 73056   13855 python3 57892      58 ros2 
1015713792 | 270476     87 python3 154348     86 rviz2 73056   13855 python3 57892      58 ros2 
1015984128 | 270476     87 python3 154348     86 rviz2 73056   13855 python3 57892      58 ros2 
1016233984 | 270476     87 python3 154348     86 rviz2 73056   13855 python3 57892      58 ros2 
1016377344 | 270476     87 python3 154348     86 rviz2 73056   13855 python3 57892      58 ros2 
1016434688 | 270476     87 python3 154348     86 rviz2 73056   13855 python3 57892      58 ros2 
1016205312 | 270476     87 python3 154348     86 rviz2 73056   13855 python3 57892      58 ros2 
1016504320 | 270476     87 python3 154348     86 rviz2 73056   13855 python3 57892      58 ros2 
1016504320 | 270476     87 python3 154348     86 rviz2 73056   13855 python3 57892      58 ros2 
1016418304 | 270476     87 python3 154348     86 rviz2 73056   13855 python3 57892      58 ros2 
1015713792 | 270476     87 python3 154348     86 rviz2 73056   13855 python3 57892      58 ros2 
1015889920 | 270476     87 python3 154348     86 rviz2 73056   13855 python3 57892      58 ros2 
1016238080 | 270476     87 python3 154348     86 rviz2 73056   13855 python3 57892      58 ros2 
1015980032 | 270476     87 python3 154348     86 rviz2 73056   13855 python3 57892      58 ros2 
1015980032 | 270476     87 python3 154348     86 rviz2 73056   13855 python3 57892      58 ros2 
1016033280 | 270476     87 python3 154348     86 rviz2 73056   13855 python3 57892      58 ros2 
1015975936 | 270476     87 python3 154348     86 rviz2 73056   13855 python3 57892      58 ros2 
1016401920 | 270476     87 python3 154348     86 rviz2 73056   13855 python3 57892      58 ros2 
1016242176 | 270476     87 python3 154348     86 rviz2 73056   13855 python3 57892      58 ros2 
1016508416 | 270476     87 python3 154348     86 rviz2 73056   13855 python3 57892      58 ros2 
1016332288 | 270476     87 python3 154348     86 rviz2 73056   13855 python3 57892      58 ros2 
1016770560 | 270476     87 python3 154348     86 rviz2 73056   13855 python3 57892      58 ros2 
1016659968 | 270476     87 python3 154348     86 rviz2 73056   13855 python3 57892      58 ros2 
1017032704 | 270476     87 python3 154348     86 rviz2 73056   13855 python3 57892      58 ros2 
1015992320 | 270476     87 python3 154348     86 rviz2 73056   13855 python3 57892      58 ros2 
1015721984 | 270476     87 python3 154348     86 rviz2 73056   13855 python3 57892      58 ros2 
1016016896 | 270476     87 python3 154348     86 rviz2 73056   13855 python3 57892      58 ros2 
1015861248 | 270476     87 python3 154348     86 rviz2 73056   13855 python3 57892      58 ros2 
1015717888 | 270476     87 python3 154348     86 rviz2 73056   13855 python3 57892      58 ros2 
1016659968 | 270476     87 python3 154348     86 rviz2 73056   13855 python3 57892      58 ros2 
1016438784 | 270476     87 python3 154348     86 rviz2 73056   13855 python3 57892      58 ros2 
1016619008 | 270476     87 python3 154348     86 rviz2 73056   13855 python3 57892      58 ros2 
1016733696 | 270476     87 python3 154348     86 rviz2 73056   13855 python3 57892      58 ros2 
1016135680 | 270476     87 python3 154348     86 rviz2 73056   13855 python3 57892      58 ros2 
1016389632 | 270476     87 python3 154348     86 rviz2 73056   13855 python3 57892      58 ros2 
1015771136 | 270476     87 python3 154348     86 rviz2 73056   13855 python3 57892      58 ros2 
1016086528 | 270476     87 python3 154348     86 rviz2 73056   13855 python3 57892      58 ros2 
1015771136 | 270476     87 python3 154348     86 rviz2 73056   13855 python3 57892      58 ros2 
1015943168 | 270476     87 python3 154348     86 rviz2 73056   13855 python3 57892      58 ros2 
1015648256 | 270476     87 python3 154348     86 rviz2 73056   13855 python3 57892      58 ros2 
1016152064 | 270476     87 python3 154348     86 rviz2 73056   13855 python3 57892      58 ros2 
1015861248 | 270476     87 python3 154348     86 rviz2 73056   13855 python3 57892      58 ros2 
1016041472 | 270476     87 python3 154348     86 rviz2 73056   13855 python3 57892      58 ros2 
1015730176 | 270476     87 python3 154348     86 rviz2 73056   13855 python3 57892      58 ros2 
1016283136 | 270476     87 python3 154348     86 rviz2 73056   13855 python3 57892      58 ros2 
1016508416 | 270476     87 python3 154348     86 rviz2 73056   13855 python3 57892      58 ros2 
1015894016 | 270476     87 python3 154348     86 rviz2 73056   13855 python3 57892      58 ros2 
1015906304 | 270476     87 python3 154348     86 rviz2 73056   13855 python3 57892      58 ros2 
1015721984 | 270476     87 python3 154348     86 rviz2 73056   13855 python3 57892      58 ros2 
1015988224 | 270476     87 python3 154348     86 rviz2 73056   13855 python3 57892      58 ros2 
1016053760 | 270476     87 python3 154348     86 rviz2 73056   13855 python3 57892      58 ros2 
1016098816 | 270476     87 python3 154348     86 rviz2 73056   13855 python3 57892      58 ros2 
1016291328 | 270476     87 python3 154348     86 rviz2 73056   13855 python3 57892      58 ros2 
1015660544 | 270476     87 python3 154348     86 rviz2 73056   13855 python3 57892      58 ros2 
1016180736 | 270476     87 python3 154348     86 rviz2 73056   13855 python3 57892      58 ros2 
1016213504 | 270476     87 python3 154348     86 rviz2 73056   13855 python3 57892      58 ros2 
1016508416 | 270476     87 python3 154348     86 rviz2 73056   13855 python3 57892      58 ros2 
1016516608 | 270476     87 python3 154348     86 rviz2 73056   13855 python3 57892      58 ros2 
1016512512 | 270476     87 python3 154348     86 rviz2 73056   13855 python3 57892      58 ros2 
1016250368 | 270476     87 python3 154348     86 rviz2 73056   13855 python3 57892      58 ros2 
1016311808 | 270476     87 python3 154348     86 rviz2 73056   13855 python3 57892      58 ros2 
1016516608 | 270476     87 python3 154348     86 rviz2 73056   13855 python3 57892      58 ros2 
1016258560 | 270476     87 python3 154348     86 rviz2 73056   13855 python3 57892      58 ros2 
1015681024 | 270476     87 python3 154348     86 rviz2 73056   13855 python3 57892      58 ros2 
1015914496 | 270476     87 python3 154348     86 rviz2 73056   13855 python3 57892      58 ros2 
1016242176 | 270476     87 python3 154348     86 rviz2 73056   13855 python3 57892      58 ros2 
1015988224 | 270476     87 python3 154348     86 rviz2 73056   13855 python3 57892      58 ros2 
1016254464 | 270476     87 python3 154348     86 rviz2 73056   13855 python3 57892      58 ros2 
1016516608 | 270476     87 python3 154348     86 rviz2 73056   13855 python3 57892      58 ros2 
1016528896 | 270476     87 python3 154348     86 rviz2 73056   13855 python3 57892      58 ros2 
1016823808 | 270476     87 python3 154348     86 rviz2 73056   13855 python3 57892      58 ros2 
1017081856 | 270476     87 python3 154348     86 rviz2 73056   13855 python3 57892      58 ros2 
1016397824 | 270476     87 python3 154348     86 rviz2 73056   13855 python3 57892      58 ros2 
1015816192 | 270476     87 python3 154348     86 rviz2 73056   13855 python3 57892      58 ros2 
1015984128 | 270476     87 python3 154348     86 rviz2 73056   13855 python3 57892      58 ros2 
1015992320 | 270476     87 python3 154348     86 rviz2 73056   13855 python3 57892      58 ros2 
1015783424 | 270476     87 python3 154348     86 rviz2 73056   13855 python3 57892      58 ros2 
1015574528 | 270476     87 python3 154348     86 rviz2 73056   13855 python3 57892      58 ros2 
1015726080 | 270476     87 python3 154348     86 rviz2 73056   13855 python3 57892      58 ros2 
1016516608 | 270476     87 python3 154348     86 rviz2 73056   13855 python3 57892      58 ros2 
1016782848 | 270476     87 python3 154348     86 rviz2 73056   13855 python3 57892      58 ros2 
1016598528 | 270476     87 python3 154348     86 rviz2 73056   13855 python3 57892      58 ros2 
1016520704 | 270476     87 python3 154348     86 rviz2 73056   13855 python3 57892      58 ros2 
1016266752 | 270476     87 python3 154348     86 rviz2 73056   13855 python3 57892      58 ros2 
1016791040 | 270476     87 python3 154348     86 rviz2 73056   13855 python3 57892      58 ros2 
1016524800 | 270476     87 python3 154348     86 rviz2 73056   13855 python3 57892      58 ros2 
1016786944 | 270476     87 python3 154348     86 rviz2 73056   13855 python3 57892      58 ros2 
1015676928 | 270476     87 python3 154348     86 rviz2 73056   13855 python3 57892      58 ros2 
1015660544 | 270476     87 python3 154348     86 rviz2 73056   13855 python3 57892      58 ros2 
1015664640 | 270476     87 python3 154348     86 rviz2 73056   13855 python3 57892      58 ros2 
1015894016 | 270476     87 python3 154348     86 rviz2 73056   13855 python3 57892      58 ros2 
1015734272 | 270476     87 python3 154348     86 rviz2 73056   13855 python3 57892      58 ros2 
1016262656 | 270476     87 python3 154348     86 rviz2 73056   13855 python3 57892      58 ros2 
1016262656 | 270476     87 python3 154348     86 rviz2 73056   13855 python3 57892      58 ros2 
1016254464 | 270476     87 python3 154348     86 rviz2 73056   13855 python3 57892      58 ros2 
1016532992 | 270476     87 python3 154348     86 rviz2 73056   13855 python3 57892      58 ros2 
1016307712 | 270476     87 python3 154348     86 rviz2 73056   13855 python3 57892      58 ros2 
1016246272 | 270476     87 python3 154348     86 rviz2 73056   13855 python3 57892      58 ros2 
1016999936 | 270476     87 python3 154348     86 rviz2 73056   13855 python3 57892      58 ros2 
1016573952 | 270476     87 python3 154348     86 rviz2 73056   13855 python3 57892      58 ros2 
1016840192 | 270476     87 python3 154348     86 rviz2 73056   13855 python3 57892      58 ros2 
1016520704 | 270476     87 python3 154348     86 rviz2 73056   13855 python3 57892      58 ros2 
1015808000 | 270476     87 python3 154348     86 rviz2 73056   13855 python3 57892      58 ros2 
1015689216 | 270476     87 python3 154348     86 rviz2 73056   13855 python3 57892      58 ros2 
1016266752 | 270476     87 python3 154348     86 rviz2 73056   13855 python3 57892      58 ros2 
1016786944 | 270476     87 python3 154348     86 rviz2 73056   13855 python3 57892      58 ros2 
1016668160 | 270476     87 python3 154348     86 rviz2 73056   13855 python3 57892      58 ros2 
1016532992 | 270476     87 python3 154348     86 rviz2 73056   13855 python3 57892      58 ros2 
1016795136 | 270476     87 python3 154348     86 rviz2 73056   13855 python3 57892      58 ros2 
1016807424 | 270476     87 python3 154348     86 rviz2 73056   13855 python3 57892      58 ros2 
1016537088 | 270476     87 python3 154348     86 rviz2 73056   13855 python3 57892      58 ros2 
1015676928 | 270476     87 python3 154348     86 rviz2 73056   13855 python3 57892      58 ros2 
1016209408 | 270476     87 python3 154348     86 rviz2 73056   13855 python3 57892      58 ros2 
1015681024 | 270476     87 python3 154348     86 rviz2 73056   13855 python3 57892      58 ros2 
1016078336 | 270476     87 python3 154348     86 rviz2 73056   13855 python3 57892      58 ros2 
1016029184 | 270476     87 python3 154348     86 rviz2 73056   13855 python3 57892      58 ros2 
1015738368 | 270476     87 python3 154348     86 rviz2 73056   13855 python3 57892      58 ros2 
1015738368 | 270476     87 python3 154348     86 rviz2 73056   13855 python3 57892      58 ros2 
1016541184 | 270476     87 python3 154348     86 rviz2 73056   13855 python3 57892      58 ros2 
1016356864 | 270476     87 python3 154348     86 rviz2 73056   13855 python3 57892      58 ros2 
1016455168 | 270476     87 python3 154348     86 rviz2 73056   13855 python3 57892      58 ros2 
1016471552 | 270476     87 python3 154348     86 rviz2 73056   13855 python3 57892      58 ros2 
1016754176 | 270476     87 python3 154348     86 rviz2 73056   13855 python3 57892      58 ros2 
1016528896 | 270476     87 python3 154348     86 rviz2 73056   13855 python3 57892      58 ros2 
1016569856 | 270476     87 python3 154348     86 rviz2 73056   13855 python3 57892      58 ros2 
1016221696 | 270476     87 python3 154348     86 rviz2 73056   13855 python3 57892      58 ros2 
1015828480 | 270476     87 python3 154348     86 rviz2 73056   13855 python3 57892      58 ros2 
1015963648 | 270476     87 python3 154348     86 rviz2 73056   13855 python3 57892      58 ros2 
1016000512 | 270476     87 python3 154348     86 rviz2 73056   13855 python3 57892      58 ros2 
1016008704 | 270476     87 python3 154348     86 rviz2 73056   13855 python3 57892      58 ros2 
1016528896 | 270476     87 python3 154348     86 rviz2 73056   13855 python3 57892      58 ros2 
1016463360 | 270476     87 python3 154348     86 rviz2 73056   13855 python3 57892      58 ros2 
1016791040 | 270476     87 python3 154348     86 rviz2 73056   13855 python3 57892      58 ros2 
1016823808 | 270476     87 python3 154348     86 rviz2 73056   13855 python3 57892      58 ros2 
1016229888 | 270476     87 python3 154348     86 rviz2 73056   13855 python3 57892      58 ros2 
1015881728 | 270476     87 python3 154348     86 rviz2 73056   13855 python3 57892      58 ros2 
1015738368 | 270476     87 python3 154348     86 rviz2 73056   13855 python3 57892      58 ros2 
1016004608 | 270476     87 python3 154348     86 rviz2 73056   13855 python3 57892      58 ros2 
1015787520 | 270476     87 python3 154348     86 rviz2 73056   13855 python3 57892      58 ros2 
1016000512 | 270476     87 python3 154348     86 rviz2 73056   13855 python3 57892      58 ros2 
1016315904 | 270476     87 python3 154348     86 rviz2 73056   13855 python3 57892      58 ros2 
1016008704 | 270476     87 python3 154348     86 rviz2 73056   13855 python3 57892      58 ros2 
1015742464 | 270476     87 python3 154348     86 rviz2 73056   13855 python3 57892      58 ros2 
1016270848 | 270476     87 python3 154348     86 rviz2 73056   13855 python3 57892      58 ros2 
1016528896 | 270476     87 python3 154348     86 rviz2 73056   13855 python3 57892      58 ros2 
1016274944 | 270476     87 python3 154348     86 rviz2 73056   13855 python3 57892      58 ros2 
1016147968 | 270476     87 python3 154348     86 rviz2 73056   13855 python3 57892      58 ros2 
1016541184 | 270476     87 python3 154348     86 rviz2 73056   13855 python3 57892      58 ros2 
1016836096 | 270476     87 python3 154348     86 rviz2 73056   13855 python3 57892      58 ros2 
1016283136 | 270476     87 python3 154348     86 rviz2 73056   13855 python3 57892      58 ros2 
1016008704 | 270476     87 python3 154348     86 rviz2 73056   13855 python3 57892      58 ros2 
1016012800 | 270476     87 python3 154348     86 rviz2 73056   13855 python3 57892      58 ros2 
1016107008 | 270476     87 python3 154348     86 rviz2 73056   13855 python3 57892      58 ros2 
1015947264 | 270476     87 python3 154348     86 rviz2 73056   13855 python3 57892      58 ros2 
1015795712 | 270476     87 python3 154348     86 rviz2 73056   13855 python3 57892      58 ros2 
1016475648 | 270476     87 python3 154348     86 rviz2 73056   13855 python3 57892      58 ros2 
1016532992 | 270476     87 python3 154348     86 rviz2 73056   13855 python3 57892      58 ros2 
1016532992 | 270476     87 python3 154348     86 rviz2 73056   13855 python3 57892      58 ros2 
1016680448 | 270476     87 python3 154348     86 rviz2 73056   13855 python3 57892      58 ros2 
1016532992 | 270476     87 python3 154348     86 rviz2 73056   13855 python3 57892      58 ros2 
1016393728 | 270476     87 python3 154348     86 rviz2 73056   13855 python3 57892      58 ros2 
1016528896 | 270476     87 python3 154348     86 rviz2 73056   13855 python3 57892      58 ros2 
1016569856 | 270476     87 python3 154348     86 rviz2 73056   13855 python3 57892      58 ros2 
1016315904 | 270476     87 python3 154348     86 rviz2 73056   13855 python3 57892      58 ros2 
1015779328 | 270476     87 python3 154348     86 rviz2 73056   13855 python3 57892      58 ros2 
1016102912 | 270476     87 python3 154348     86 rviz2 73056   13855 python3 57892      58 ros2 
1016057856 | 270476     87 python3 154348     86 rviz2 73056   13855 python3 57892      58 ros2 
1016233984 | 270476     87 python3 154348     86 rviz2 73056   13855 python3 57892      58 ros2 
1016279040 | 270476     87 python3 154348     86 rviz2 73056   13855 python3 57892      58 ros2 
1016684544 | 270476     87 python3 154348     86 rviz2 73056   13855 python3 57892      58 ros2 
1016360960 | 270476     87 python3 154348     86 rviz2 73056   13855 python3 57892      58 ros2 
1016365056 | 270476     87 python3 154348     86 rviz2 73056   13855 python3 57892      58 ros2 
1016635392 | 270476     87 python3 154348     86 rviz2 73056   13855 python3 57892      58 ros2 
1016446976 | 270476     87 python3 154348     86 rviz2 73056   13855 python3 57892      58 ros2 
1016012800 | 270476     87 python3 154348     86 rviz2 73056   13855 python3 57892      58 ros2 
1016008704 | 270476     87 python3 154348     86 rviz2 73056   13855 python3 57892      58 ros2 
1015832576 | 270476     87 python3 154348     86 rviz2 73056   13855 python3 57892      58 ros2 
1016406016 | 270476     87 python3 154348     86 rviz2 73056   13855 python3 57892      58 ros2 
1016217600 | 270476     87 python3 154348     86 rviz2 73056   13855 python3 57892      58 ros2 
1015750656 | 270476     87 python3 154348     86 rviz2 73056   13855 python3 57892      58 ros2 
1016147968 | 270476     87 python3 154348     86 rviz2 73056   13855 python3 57892      58 ros2 
1016279040 | 270476     87 python3 154348     86 rviz2 73056   13855 python3 57892      58 ros2 
1016541184 | 270476     87 python3 154348     86 rviz2 73056   13855 python3 57892      58 ros2 
1016426496 | 270476     87 python3 154348     86 rviz2 73056   13855 python3 57892      58 ros2 
1016549376 | 270476     87 python3 154348     86 rviz2 73056   13855 python3 57892      58 ros2 
1016897536 | 270476     87 python3 154348     86 rviz2 73056   13855 python3 57892      58 ros2 
1016799232 | 270476     87 python3 154348     86 rviz2 73056   13855 python3 57892      58 ros2 
1016639488 | 270476     87 python3 154348     86 rviz2 73056   13855 python3 57892      58 ros2 
1015779328 | 270476     87 python3 154348     86 rviz2 73056   13855 python3 57892      58 ros2 
1015959552 | 270476     87 python3 154348     86 rviz2 73056   13855 python3 57892      58 ros2 
1016020992 | 270476     87 python3 154348     86 rviz2 73056   13855 python3 57892      58 ros2 
1016143872 | 270476     87 python3 154348     86 rviz2 73056   13855 python3 57892      58 ros2 
1016016896 | 270476     87 python3 154348     86 rviz2 73056   13855 python3 57892      58 ros2 
1016545280 | 270476     87 python3 154348     86 rviz2 73056   13855 python3 57892      58 ros2 
1016287232 | 270476     87 python3 154348     86 rviz2 73056   13855 python3 57892      58 ros2 
1016541184 | 270476     87 python3 154348     86 rviz2 73056   13855 python3 57892      58 ros2 
1016545280 | 270476     87 python3 154348     86 rviz2 73056   13855 python3 57892      58 ros2 
1016385536 | 270476     87 python3 154348     86 rviz2 73056   13855 python3 57892      58 ros2 
1016586240 | 270476     87 python3 154348     86 rviz2 73056   13855 python3 57892      58 ros2 
1016578048 | 270476     87 python3 154348     86 rviz2 73056   13855 python3 57892      58 ros2 
1016336384 | 270476     87 python3 154348     86 rviz2 73056   13855 python3 57892      58 ros2 
1016377344 | 270476     87 python3 154348     86 rviz2 73056   13855 python3 57892      58 ros2 
1016381440 | 270476     87 python3 154348     86 rviz2 73056   13855 python3 57892      58 ros2 
1015959552 | 270476     87 python3 154348     86 rviz2 73056   13855 python3 57892      58 ros2 
1015951360 | 270476     87 python3 154348     86 rviz2 73056   13855 python3 57892      58 ros2 
1016381440 | 270476     87 python3 154348     86 rviz2 73056   13855 python3 57892      58 ros2 
1016086528 | 270476     87 python3 154348     86 rviz2 73056   13855 python3 57892      58 ros2 
1016311808 | 270476     87 python3 154348     86 rviz2 73056   13855 python3 57892      58 ros2 
1016020992 | 270476     87 python3 154348     86 rviz2 73056   13855 python3 57892      58 ros2 
1016016896 | 270476     87 python3 154348     86 rviz2 73056   13855 python3 57892      58 ros2 
1016029184 | 270476     87 python3 154348     86 rviz2 73056   13855 python3 57892      58 ros2 
1016111104 | 270476     87 python3 154348     86 rviz2 73056   13855 python3 57892      58 ros2 
1015951360 | 270476     87 python3 154348     86 rviz2 73056   13855 python3 57892      58 ros2 
1016213504 | 270476     87 python3 154348     86 rviz2 73056   13855 python3 57892      58 ros2 
1015963648 | 270476     87 python3 154348     86 rviz2 73056   13855 python3 57892      58 ros2 
1015795712 | 270476     87 python3 154348     86 rviz2 73056   13855 python3 57892      58 ros2 
1015980032 | 270476     87 python3 154348     86 rviz2 73056   13855 python3 57892      58 ros2 
1015988224 | 270476     87 python3 154348     86 rviz2 73056   13855 python3 57892      58 ros2 
1016463360 | 270476     87 python3 154348     86 rviz2 73056   13855 python3 57892      58 ros2 
1016561664 | 270476     87 python3 154348     86 rviz2 73056   13855 python3 57892      58 ros2 
1016860672 | 270476     87 python3 154348     86 rviz2 73056   13855 python3 57892      58 ros2 
1016623104 | 270476     87 python3 154348     86 rviz2 73056   13855 python3 57892      58 ros2 
1016836096 | 270476     87 python3 154348     86 rviz2 73056   13855 python3 57892      58 ros2 
1016995840 | 270476     87 python3 154348     86 rviz2 73056   13855 python3 57892      58 ros2 
1016283136 | 270476     87 python3 154348     86 rviz2 73056   13855 python3 57892      58 ros2 
1016717312 | 270476     87 python3 154348     86 rviz2 73056   13855 python3 57892      58 ros2 
1016631296 | 270476     87 python3 154348     86 rviz2 73056   13855 python3 57892      58 ros2 
1016025088 | 270476     87 python3 154348     86 rviz2 73056   13855 python3 57892      58 ros2 
1015754752 | 270476     87 python3 154348     86 rviz2 73056   13855 python3 57892      58 ros2 
1016020992 | 270476     87 python3 154348     86 rviz2 73056   13855 python3 57892      58 ros2 
1015783424 | 270476     87 python3 154348     86 rviz2 73056   13855 python3 57892      58 ros2 
1016631296 | 270476     87 python3 154348     86 rviz2 73056   13855 python3 57892      58 ros2 
1016397824 | 270476     87 python3 154348     86 rviz2 73056   13855 python3 57892      58 ros2 
1016283136 | 270476     87 python3 154348     86 rviz2 73056   13855 python3 57892      58 ros2 
1016283136 | 270476     87 python3 154348     86 rviz2 73056   13855 python3 57892      58 ros2 
1016291328 | 270476     87 python3 154348     86 rviz2 73056   13855 python3 57892      58 ros2 
1015967744 | 270476     87 python3 154348     86 rviz2 73056   13855 python3 57892      58 ros2 
1015984128 | 270476     87 python3 154348     86 rviz2 73056   13855 python3 57892      58 ros2 
1016868864 | 270476     87 python3 154348     86 rviz2 73056   13855 python3 57892      58 ros2 
1016389632 | 270476     87 python3 154348     86 rviz2 73056   13855 python3 57892      58 ros2 
1015889920 | 270476     87 python3 154348     86 rviz2 73056   13855 python3 57892      58 ros2 
1015844864 | 270476     87 python3 154348     86 rviz2 73056   13855 python3 57892      58 ros2 
1016041472 | 270476     87 python3 154348     86 rviz2 73056   13855 python3 57892      58 ros2 
1016041472 | 270476     87 python3 154348     86 rviz2 73056   13855 python3 57892      58 ros2 
1016385536 | 270476     87 python3 154348     86 rviz2 73056   13855 python3 57892      58 ros2 
1016770560 | 270476     87 python3 154348     86 rviz2 73056   13855 python3 57892      58 ros2 
1016451072 | 270476     87 python3 154348     86 rviz2 73056   13855 python3 57892      58 ros2 
1017278464 | 270476     87 python3 154348     86 rviz2 73056   13855 python3 57892      58 ros2 
1016827904 | 270476     87 python3 154348     86 rviz2 73056   13855 python3 57892      58 ros2 
1016553472 | 270476     87 python3 154348     86 rviz2 73056   13855 python3 57892      58 ros2 
1016860672 | 270476     87 python3 154348     86 rviz2 73056   13855 python3 57892      58 ros2 
1015762944 | 270476     87 python3 154348     86 rviz2 73056   13855 python3 57892      58 ros2 
1015857152 | 270476     87 python3 154348     86 rviz2 73056   13855 python3 57892      58 ros2 
1015996416 | 270476     87 python3 154348     86 rviz2 73056   13855 python3 57892      58 ros2 
1016422400 | 270476     87 python3 154348     86 rviz2 73056   13855 python3 57892      58 ros2 
1016201216 | 270476     87 python3 154348     86 rviz2 73056   13855 python3 57892      58 ros2 
1016922112 | 270476     87 python3 154348     86 rviz2 73056   13855 python3 57892      58 ros2 
1016291328 | 270476     87 python3 154348     86 rviz2 73056   13855 python3 57892      58 ros2 
1016553472 | 270476     87 python3 154348     86 rviz2 73056   13855 python3 57892      58 ros2 
1016676352 | 270476     87 python3 154348     86 rviz2 73056   13855 python3 57892      58 ros2 
1016913920 | 270476     87 python3 154348     86 rviz2 73056   13855 python3 57892      58 ros2 
1016700928 | 270476     87 python3 154348     86 rviz2 73056   13855 python3 57892      58 ros2 
1016635392 | 270476     87 python3 154348     86 rviz2 73056   13855 python3 57892      58 ros2 
1016844288 | 270476     87 python3 154348     86 rviz2 73056   13855 python3 57892      58 ros2 
1016516608 | 270476     87 python3 154348     86 rviz2 73056   13855 python3 57892      58 ros2 
1016750080 | 270476     87 python3 154348     86 rviz2 73056   13855 python3 57892      58 ros2 
1016250368 | 270476     87 python3 154348     86 rviz2 73056   13855 python3 57892      58 ros2 
1016041472 | 270476     87 python3 154348     86 rviz2 73056   13855 python3 57892      58 ros2 
1016057856 | 270476     87 python3 154348     86 rviz2 73056   13855 python3 57892      58 ros2 
1016832000 | 270476     87 python3 154348     86 rviz2 73056   13855 python3 57892      58 ros2 
1016610816 | 270476     87 python3 154348     86 rviz2 73056   13855 python3 57892      58 ros2 
1017020416 | 270476     87 python3 154348     86 rviz2 73056   13855 python3 57892      58 ros2 
1016778752 | 270476     87 python3 154348     86 rviz2 73056   13855 python3 57892      58 ros2 
1016795136 | 270476     87 python3 154348     86 rviz2 73056   13855 python3 57892      58 ros2 
1016487936 | 270476     87 python3 154348     86 rviz2 73056   13855 python3 57892      58 ros2 
1016180736 | 270476     87 python3 154348     86 rviz2 73056   13855 python3 57892      58 ros2 
1016332288 | 270476     87 python3 154348     86 rviz2 73056   13855 python3 57892      58 ros2 
1016315904 | 270476     87 python3 154348     86 rviz2 73056   13855 python3 57892      58 ros2 
1016307712 | 270476     87 python3 154348     86 rviz2 73056   13855 python3 57892      58 ros2 
1015939072 | 270476     87 python3 154348     86 rviz2 73056   13855 python3 57892      58 ros2 
1015705600 | 270476     87 python3 154348     86 rviz2 73056   13855 python3 57892      58 ros2 
1015873536 | 270476     87 python3 154348     86 rviz2 73056   13855 python3 57892      58 ros2 
1017139200 | 270476     87 python3 154348     86 rviz2 73056   13855 python3 57892      58 ros2 
1016590336 | 270476     87 python3 154348     86 rviz2 73056   13855 python3 57892      58 ros2 
1016311808 | 270476     87 python3 154348     86 rviz2 73056   13855 python3 57892      58 ros2 
1016610816 | 270476     87 python3 154348     86 rviz2 73056   13855 python3 57892      58 ros2 
1016565760 | 270476     87 python3 154348     86 rviz2 73056   13855 python3 57892      58 ros2 
1016569856 | 270476     87 python3 154348     86 rviz2 73056   13855 python3 57892      58 ros2 
1016791040 | 270476     87 python3 154348     86 rviz2 73056   13855 python3 57892      58 ros2 
1016705024 | 270476     87 python3 154348     86 rviz2 73056   13855 python3 57892      58 ros2 
1016164352 | 270476     87 python3 154348     86 rviz2 73056   13855 python3 57892      58 ros2 
1015648256 | 270476     87 python3 154348     86 rviz2 73056   13855 python3 57892      58 ros2 
1016299520 | 270476     87 python3 154348     86 rviz2 73056   13855 python3 57892      58 ros2 
1016344576 | 270476     87 python3 154348     86 rviz2 73056   13855 python3 57892      58 ros2 
1016496128 | 270476     87 python3 154348     86 rviz2 73056   13855 python3 57892      58 ros2 
1016512512 | 270476     87 python3 154348     86 rviz2 73056   13855 python3 57892      58 ros2 
1017278464 | 270476     87 python3 154348     86 rviz2 73056   13855 python3 57892      58 ros2 
1016520704 | 270476     87 python3 154348     86 rviz2 73056   13855 python3 57892      58 ros2 
1016901632 | 270476     87 python3 154348     86 rviz2 73056   13855 python3 57892      58 ros2 
1016246272 | 270476     87 python3 154348     86 rviz2 73056   13855 python3 57892      58 ros2 
1016422400 | 270476     87 python3 154348     86 rviz2 73056   13855 python3 57892      58 ros2 
1016037376 | 270476     87 python3 154348     86 rviz2 73056   13855 python3 57892      58 ros2 
1016094720 | 270476     87 python3 154348     86 rviz2 73056   13855 python3 57892      58 ros2 
1016193024 | 270476     87 python3 154348     86 rviz2 73056   13855 python3 57892      58 ros2 
1016127488 | 270476     87 python3 154348     86 rviz2 73056   13855 python3 57892      58 ros2 
1016483840 | 270476     87 python3 154348     86 rviz2 73056   13855 python3 57892      58 ros2 
1015832576 | 270476     87 python3 154348     86 rviz2 73056   13855 python3 57892      58 ros2 
1016303616 | 270476     87 python3 154348     86 rviz2 73056   13855 python3 57892      58 ros2 
1016692736 | 270476     87 python3 154348     86 rviz2 73056   13855 python3 57892      58 ros2 
1016950784 | 270476     87 python3 154348     86 rviz2 73056   13855 python3 57892      58 ros2 
1016700928 | 270476     87 python3 154348     86 rviz2 73056   13855 python3 57892      58 ros2 
1016619008 | 270476     87 python3 154348     86 rviz2 73056   13855 python3 57892      58 ros2 
1017290752 | 270476     87 python3 154348     86 rviz2 73056   13855 python3 57892      58 ros2 
1017106432 | 270476     87 python3 154348     86 rviz2 73056   13855 python3 57892      58 ros2 
1016020992 | 270476     87 python3 154348     86 rviz2 73056   13855 python3 57892      58 ros2 
1016352768 | 270476     87 python3 154348     86 rviz2 73056   13855 python3 57892      58 ros2 
1016049664 | 270476     87 python3 154348     86 rviz2 73056   13855 python3 57892      58 ros2 
1015795712 | 270476     87 python3 154348     86 rviz2 73056   13855 python3 57892      58 ros2 
1016487936 | 270476     87 python3 154348     86 rviz2 73056   13855 python3 57892      58 ros2 
1016549376 | 270476     87 python3 154348     86 rviz2 73056   13855 python3 57892      58 ros2 
1016987648 | 270476     87 python3 154348     86 rviz2 73056   13855 python3 57892      58 ros2 
1017274368 | 270476     87 python3 154348     86 rviz2 73056   13855 python3 57892      58 ros2 
1016791040 | 270476     87 python3 154348     86 rviz2 73056   13855 python3 57892      58 ros2 
1016782848 | 270476     87 python3 154348     86 rviz2 73056   13855 python3 57892      58 ros2 
1016844288 | 270476     87 python3 154348     86 rviz2 73056   13855 python3 57892      58 ros2 
1016557568 | 270476     87 python3 154348     86 rviz2 73056   13855 python3 57892      58 ros2 
1016459264 | 270476     87 python3 154348     86 rviz2 73056   13855 python3 57892      58 ros2 
1016442880 | 270476     87 python3 154348     86 rviz2 73056   13855 python3 57892      58 ros2 
1016430592 | 270476     87 python3 154348     86 rviz2 73056   13855 python3 57892      58 ros2 
1016311808 | 270476     87 python3 154348     86 rviz2 73056   13855 python3 57892      58 ros2 
1015967744 | 270476     87 python3 154348     86 rviz2 73056   13855 python3 57892      58 ros2 
1016045568 | 270476     87 python3 154348     86 rviz2 73056   13855 python3 57892      58 ros2 
1017200640 | 270476     87 python3 154348     86 rviz2 73056   13855 python3 57892      58 ros2 
1016668160 | 270476     87 python3 154348     86 rviz2 73056   13855 python3 57892      58 ros2 
1016324096 | 270476     87 python3 154348     86 rviz2 73056   13855 python3 57892      58 ros2 
1016565760 | 270476     87 python3 154348     86 rviz2 73056   13855 python3 57892      58 ros2 
1016569856 | 270476     87 python3 154348     86 rviz2 73056   13855 python3 57892      58 ros2 
1016610816 | 270476     87 python3 154348     86 rviz2 73056   13855 python3 57892      58 ros2 
1016107008 | 270476     87 python3 154348     86 rviz2 73056   13855 python3 57892      58 ros2 
1016745984 | 270476     87 python3 154348     86 rviz2 73056   13855 python3 57892      58 ros2 
1016045568 | 270476     87 python3 154348     86 rviz2 73056   13855 python3 57892      58 ros2 
1016299520 | 270476     87 python3 154348     86 rviz2 73056   13855 python3 57892      58 ros2 
1016242176 | 270476     87 python3 154348     86 rviz2 73056   13855 python3 57892      58 ros2 
1015861248 | 270476     87 python3 154348     86 rviz2 73056   13855 python3 57892      58 ros2 
1016123392 | 270476     87 python3 154348     86 rviz2 73056   13855 python3 57892      58 ros2 
1016569856 | 270476     87 python3 154348     86 rviz2 73056   13855 python3 57892      58 ros2 
1016958976 | 270476     87 python3 154348     86 rviz2 73056   13855 python3 57892      58 ros2 
1016516608 | 270476     87 python3 154348     86 rviz2 73056   13855 python3 57892      58 ros2 
1016692736 | 270476     87 python3 154348     86 rviz2 73056   13855 python3 57892      58 ros2 
1016696832 | 270476     87 python3 154348     86 rviz2 73056   13855 python3 57892      58 ros2 
1016967168 | 270476     87 python3 154348     86 rviz2 73056   13855 python3 57892      58 ros2 
1016700928 | 270476     87 python3 154348     86 rviz2 73056   13855 python3 57892      58 ros2 
1015771136 | 270476     87 python3 154348     86 rviz2 73056   13855 python3 57892      58 ros2 
1016020992 | 270476     87 python3 154348     86 rviz2 73056   13855 python3 57892      58 ros2 
1016078336 | 270476     87 python3 154348     86 rviz2 73056   13855 python3 57892      58 ros2 
1015914496 | 270476     87 python3 154348     86 rviz2 73056   13855 python3 57892      58 ros2 
1016090624 | 270476     87 python3 154348     86 rviz2 73056   13855 python3 57892      58 ros2 
1016487936 | 270476     87 python3 154348     86 rviz2 73056   13855 python3 57892      58 ros2 
1016942592 | 270476     87 python3 154348     86 rviz2 73056   13855 python3 57892      58 ros2 
1016614912 | 270476     87 python3 154348     86 rviz2 73056   13855 python3 57892      58 ros2 
1016393728 | 270476     87 python3 154348     86 rviz2 73056   13855 python3 57892      58 ros2 
1016692736 | 270476     87 python3 154348     86 rviz2 73056   13855 python3 57892      58 ros2 
1016795136 | 270476     87 python3 154348     86 rviz2 73056   13855 python3 57892      58 ros2 
1016446976 | 270476     87 python3 154348     86 rviz2 73056   13855 python3 57892      58 ros2 
1016578048 | 270476     87 python3 154348     86 rviz2 73056   13855 python3 57892      58 ros2 
1016528896 | 270476     87 python3 154348     86 rviz2 73056   13855 python3 57892      58 ros2 
1016582144 | 270476     87 python3 154348     86 rviz2 73056   13855 python3 57892      58 ros2 
1016168448 | 270476     87 python3 154348     86 rviz2 73056   13855 python3 57892      58 ros2 
1016016896 | 270476     87 python3 154348     86 rviz2 73056   13855 python3 57892      58 ros2 
1016266752 | 270476     87 python3 154348     86 rviz2 73056   13855 python3 57892      58 ros2 
1016131584 | 270476     87 python3 154348     86 rviz2 73056   13855 python3 57892      58 ros2 
1016385536 | 270476     87 python3 154348     86 rviz2 73056   13855 python3 57892      58 ros2 
1015963648 | 270476     87 python3 154348     86 rviz2 73056   13855 python3 57892      58 ros2 
1016049664 | 270476     87 python3 154348     86 rviz2 73056   13855 python3 57892      58 ros2 
1016045568 | 270476     87 python3 154348     86 rviz2 73056   13855 python3 57892      58 ros2 
1016389632 | 270476     87 python3 154348     86 rviz2 73056   13855 python3 57892      58 ros2 
1016066048 | 270476     87 python3 154348     86 rviz2 73056   13855 python3 57892      58 ros2 
1016406016 | 270476     87 python3 154348     86 rviz2 73056   13855 python3 57892      58 ros2 
1016320000 | 270476     87 python3 154348     86 rviz2 73056   13855 python3 57892      58 ros2 
1016025088 | 270476     87 python3 154348     86 rviz2 73056   13855 python3 57892      58 ros2 
1016713216 | 270476     87 python3 154348     86 rviz2 73056   13855 python3 57892      58 ros2 
1016233984 | 270476     87 python3 154348     86 rviz2 73056   13855 python3 57892      58 ros2 
1016225792 | 270476     87 python3 154348     86 rviz2 73056   13855 python3 57892      58 ros2 
1016918016 | 270476     87 python3 154348     86 rviz2 73056   13855 python3 57892      58 ros2 
1016705024 | 270476     87 python3 154348     86 rviz2 73056   13855 python3 57892      58 ros2 
1016840192 | 270476     87 python3 154348     86 rviz2 73056   13855 python3 57892      58 ros2 
1016901632 | 270476     87 python3 154348     86 rviz2 73056   13855 python3 57892      58 ros2 
1016717312 | 270476     87 python3 154348     86 rviz2 73056   13855 python3 57892      58 ros2 
1016242176 | 270476     87 python3 154348     86 rviz2 73056   13855 python3 57892      58 ros2 
1016897536 | 270476     87 python3 154348     86 rviz2 73056   13855 python3 57892      58 ros2 
1016311808 | 270476     87 python3 154348     86 rviz2 73056   13855 python3 57892      58 ros2 
1015877632 | 270476     87 python3 154348     86 rviz2 73056   13855 python3 57892      58 ros2 
1016000512 | 270476     87 python3 154348     86 rviz2 73056   13855 python3 57892      58 ros2 
1016053760 | 270476     87 python3 154348     86 rviz2 73056   13855 python3 57892      58 ros2 
1016340480 | 270476     87 python3 154348     86 rviz2 73056   13855 python3 57892      58 ros2 
1016668160 | 270476     87 python3 154348     86 rviz2 73056   13855 python3 57892      58 ros2 
1017094144 | 270476     87 python3 154348     86 rviz2 73056   13855 python3 57892      58 ros2 
1016844288 | 270476     87 python3 154348     86 rviz2 73056   13855 python3 57892      58 ros2 
1016320000 | 270476     87 python3 154348     86 rviz2 73056   13855 python3 57892      58 ros2 
1016578048 | 270476     87 python3 154348     86 rviz2 73056   13855 python3 57892      58 ros2 
1016320000 | 270476     87 python3 154348     86 rviz2 73056   13855 python3 57892      58 ros2 
1016573952 | 270476     87 python3 154348     86 rviz2 73056   13855 python3 57892      58 ros2 
1016565760 | 270476     87 python3 154348     86 rviz2 73056   13855 python3 57892      58 ros2 
1016578048 | 270476     87 python3 154348     86 rviz2 73056   13855 python3 57892      58 ros2 
1016315904 | 270476     87 python3 154348     86 rviz2 73056   13855 python3 57892      58 ros2 
1016569856 | 270476     87 python3 154348     86 rviz2 73056   13855 python3 57892      58 ros2 
1016225792 | 270476     87 python3 154348     86 rviz2 73056   13855 python3 57892      58 ros2 
1016053760 | 270476     87 python3 154348     86 rviz2 73056   13855 python3 57892      58 ros2 
1016848384 | 270476     87 python3 154348     86 rviz2 73056   13855 python3 57892      58 ros2 
1016393728 | 270476     87 python3 154348     86 rviz2 73056   13855 python3 57892      58 ros2 
1016414208 | 270476     87 python3 154348     86 rviz2 73056   13855 python3 57892      58 ros2 
1016676352 | 270476     87 python3 154348     86 rviz2 73056   13855 python3 57892      58 ros2 
1016590336 | 270476     87 python3 154348     86 rviz2 73056   13855 python3 57892      58 ros2 
1016635392 | 270476     87 python3 154348     86 rviz2 73056   13855 python3 57892      58 ros2 
1016909824 | 270476     87 python3 154348     86 rviz2 73056   13855 python3 57892      58 ros2 
1016586240 | 270476     87 python3 154348     86 rviz2 73056   13855 python3 57892      58 ros2 
1016344576 | 270476     87 python3 154348     86 rviz2 73056   13855 python3 57892      58 ros2 
1016061952 | 270476     87 python3 154348     86 rviz2 73056   13855 python3 57892      58 ros2 
1016262656 | 270476     87 python3 154348     86 rviz2 73056   13855 python3 57892      58 ros2 
1016115200 | 270476     87 python3 154348     86 rviz2 73056   13855 python3 57892      58 ros2 
1016692736 | 270476     87 python3 154348     86 rviz2 73056   13855 python3 57892      58 ros2 
1016774656 | 270476     87 python3 154348     86 rviz2 73056   13855 python3 57892      58 ros2 
1016586240 | 270476     87 python3 154348     86 rviz2 73056   13855 python3 57892      58 ros2 
1016356864 | 270476     87 python3 154348     86 rviz2 73056   13855 python3 57892      58 ros2 
1017004032 | 270476     87 python3 154348     86 rviz2 73056   13855 python3 57892      58 ros2 
1016754176 | 270476     87 python3 154348     86 rviz2 73056   13855 python3 57892      58 ros2 
1016971264 | 270476     87 python3 154348     86 rviz2 73056   13855 python3 57892      58 ros2 
1016877056 | 270476     87 python3 154348     86 rviz2 73056   13855 python3 57892      58 ros2 
1016991744 | 270476     87 python3 154348     86 rviz2 73056   13855 python3 57892      58 ros2 
1016512512 | 270476     87 python3 154348     86 rviz2 73056   13855 python3 57892      58 ros2 
1016451072 | 270476     87 python3 154348     86 rviz2 73056   13855 python3 57892      58 ros2 
1016217600 | 270476     87 python3 154348     86 rviz2 73056   13855 python3 57892      58 ros2 
1016328192 | 270476     87 python3 154348     86 rviz2 73056   13855 python3 57892      58 ros2 
1016889344 | 270476     87 python3 154348     86 rviz2 73056   13855 python3 57892      58 ros2 
1016369152 | 270476     87 python3 154348     86 rviz2 73056   13855 python3 57892      58 ros2 
1016455168 | 270476     87 python3 154348     86 rviz2 73056   13855 python3 57892      58 ros2 
1016332288 | 270476     87 python3 154348     86 rviz2 73056   13855 python3 57892      58 ros2 
1016795136 | 270476     87 python3 154348     86 rviz2 73056   13855 python3 57892      58 ros2 
1016856576 | 270476     87 python3 154348     86 rviz2 73056   13855 python3 57892      58 ros2 
1016602624 | 270476     87 python3 154348     86 rviz2 73056   13855 python3 57892      58 ros2 
1016467456 | 270476     87 python3 154348     86 rviz2 73056   13855 python3 57892      58 ros2 
1015816192 | 270476     87 python3 154348     86 rviz2 73056   13855 python3 57892      58 ros2 
1016426496 | 270476     87 python3 154348     86 rviz2 73056   13855 python3 57892      58 ros2 
1016348672 | 270476     87 python3 154348     86 rviz2 73056   13855 python3 57892      58 ros2 
1016254464 | 270476     87 python3 154348     86 rviz2 73056   13855 python3 57892      58 ros2 
1016188928 | 270476     87 python3 154348     86 rviz2 73056   13855 python3 57892      58 ros2 
1016524800 | 270476     87 python3 154348     86 rviz2 73056   13855 python3 57892      58 ros2 
1016659968 | 270476     87 python3 154348     86 rviz2 73056   13855 python3 57892      58 ros2 
1016860672 | 270476     87 python3 154348     86 rviz2 73056   13855 python3 57892      58 ros2 
1016938496 | 270476     87 python3 154348     86 rviz2 73056   13855 python3 57892      58 ros2 
1016868864 | 270476     87 python3 154348     86 rviz2 73056   13855 python3 57892      58 ros2 
1016594432 | 270476     87 python3 154348     86 rviz2 73056   13855 python3 57892      58 ros2 
1016422400 | 270476     87 python3 154348     86 rviz2 73056   13855 python3 57892      58 ros2 
1016578048 | 270476     87 python3 154348     86 rviz2 73056   13855 python3 57892      58 ros2 
1016254464 | 270476     87 python3 154348     86 rviz2 73056   13855 python3 57892      58 ros2 
1015951360 | 270476     87 python3 154348     86 rviz2 73056   13855 python3 57892      58 ros2 
1016061952 | 270476     87 python3 154348     86 rviz2 73056   13855 python3 57892      58 ros2 
1016676352 | 270476     87 python3 154348     86 rviz2 73056   13855 python3 57892      58 ros2 
1016938496 | 270476     87 python3 154348     86 rviz2 73056   13855 python3 57892      58 ros2 
1016549376 | 270476     87 python3 154348     86 rviz2 73056   13855 python3 57892      58 ros2 
1016598528 | 270476     87 python3 154348     86 rviz2 73056   13855 python3 57892      58 ros2 
1016594432 | 270476     87 python3 154348     86 rviz2 73056   13855 python3 57892      58 ros2 
1016721408 | 270476     87 python3 154348     86 rviz2 73056   13855 python3 57892      58 ros2 
1016819712 | 270476     87 python3 154348     86 rviz2 73056   13855 python3 57892      58 ros2 
1016721408 | 270476     87 python3 154348     86 rviz2 73056   13855 python3 57892      58 ros2 
1016700928 | 270476     87 python3 154348     86 rviz2 73056   13855 python3 57892      58 ros2 
1016803328 | 270476     87 python3 154348     86 rviz2 73056   13855 python3 57892      58 ros2 
1016520704 | 270476     87 python3 154348     86 rviz2 73056   13855 python3 57892      58 ros2 
1015947264 | 270476     87 python3 154348     86 rviz2 73056   13855 python3 57892      58 ros2 
1016336384 | 270476     87 python3 154348     86 rviz2 73056   13855 python3 57892      58 ros2 
1016205312 | 270476     87 python3 154348     86 rviz2 73056   13855 python3 57892      58 ros2 
1016676352 | 270476     87 python3 154348     86 rviz2 73056   13855 python3 57892      58 ros2 
1016758272 | 270476     87 python3 154348     86 rviz2 73056   13855 python3 57892      58 ros2 
1017171968 | 270476     87 python3 154348     86 rviz2 73056   13855 python3 57892      58 ros2 
1016786944 | 270476     87 python3 154348     86 rviz2 73056   13855 python3 57892      58 ros2 
1016635392 | 270476     87 python3 154348     86 rviz2 73056   13855 python3 57892      58 ros2 
1016893440 | 270476     87 python3 154348     86 rviz2 73056   13855 python3 57892      58 ros2 
1016766464 | 270476     87 python3 154348     86 rviz2 73056   13855 python3 57892      58 ros2 
1016528896 | 270476     87 python3 154348     86 rviz2 73056   13855 python3 57892      58 ros2 
1016614912 | 270476     87 python3 154348     86 rviz2 73056   13855 python3 57892      58 ros2 
1015812096 | 270476     87 python3 154348     86 rviz2 73056   13855 python3 57892      58 ros2 
1016188928 | 270476     87 python3 154348     86 rviz2 73056   13855 python3 57892      58 ros2 
1016213504 | 270476     87 python3 154348     86 rviz2 73056   13855 python3 57892      58 ros2 
1016037376 | 270476     87 python3 154348     86 rviz2 73056   13855 python3 57892      58 ros2 
1016590336 | 270476     87 python3 154348     86 rviz2 73056   13855 python3 57892      58 ros2 
1017114624 | 270476     87 python3 154348     86 rviz2 73056   13855 python3 57892      58 ros2 
1016832000 | 270476     87 python3 154348     86 rviz2 73056   13855 python3 57892      58 ros2 
1016487936 | 270476     87 python3 154348     86 rviz2 73056   13855 python3 57892      58 ros2 
1017143296 | 270476     87 python3 154348     86 rviz2 73056   13855 python3 57892      58 ros2 
1016901632 | 270476     87 python3 154348     86 rviz2 73056   13855 python3 57892      58 ros2 
1016602624 | 270476     87 python3 154348     86 rviz2 73056   13855 python3 57892      58 ros2 
1016918016 | 270476     87 python3 154348     86 rviz2 73056   13855 python3 57892      58 ros2 
1016090624 | 270476     87 python3 154348     86 rviz2 73056   13855 python3 57892      58 ros2 
1016233984 | 270476     87 python3 154348     86 rviz2 73056   13855 python3 57892      58 ros2 
1016610816 | 270476     87 python3 154348     86 rviz2 73056   13855 python3 57892      58 ros2 
1016074240 | 270476     87 python3 154348     86 rviz2 73056   13855 python3 57892      58 ros2 
1016610816 | 270476     87 python3 154348     86 rviz2 73056   13855 python3 57892      58 ros2 
1016819712 | 270476     87 python3 154348     86 rviz2 73056   13855 python3 57892      58 ros2 
1016598528 | 270476     87 python3 154348     86 rviz2 73056   13855 python3 57892      58 ros2 
1016483840 | 270476     87 python3 154348     86 rviz2 73056   13855 python3 57892      58 ros2 
1016995840 | 270476     87 python3 154348     86 rviz2 73056   13855 python3 57892      58 ros2 
1016586240 | 270476     87 python3 154348     86 rviz2 73056   13855 python3 57892      58 ros2 
1016127488 | 270476     87 python3 154348     86 rviz2 73056   13855 python3 57892      58 ros2 
1016119296 | 270476     87 python3 154348     86 rviz2 73056   13855 python3 57892      58 ros2 
1016123392 | 270476     87 python3 154348     86 rviz2 73056   13855 python3 57892      58 ros2 
1016590336 | 270476     87 python3 154348     86 rviz2 73056   13855 python3 57892      58 ros2 
1016238080 | 270476     87 python3 154348     86 rviz2 73056   13855 python3 57892      58 ros2 
1016455168 | 270476     87 python3 154348     86 rviz2 73056   13855 python3 57892      58 ros2 
1016778752 | 270476     87 python3 154348     86 rviz2 73056   13855 python3 57892      58 ros2 
1016631296 | 270476     87 python3 154348     86 rviz2 73056   13855 python3 57892      58 ros2 
1016762368 | 270476     87 python3 154348     86 rviz2 73056   13855 python3 57892      58 ros2 
1016438784 | 270476     87 python3 154348     86 rviz2 73056   13855 python3 57892      58 ros2 
1017049088 | 270476     87 python3 154348     86 rviz2 73056   13855 python3 57892      58 ros2 
1016823808 | 270476     87 python3 154348     86 rviz2 73056   13855 python3 57892      58 ros2 
1016844288 | 270476     87 python3 154348     86 rviz2 73056   13855 python3 57892      58 ros2 
1017163776 | 270476     87 python3 154348     86 rviz2 73056   13855 python3 57892      58 ros2 
1016209408 | 270476     87 python3 154348     86 rviz2 73056   13855 python3 57892      58 ros2 
1016147968 | 270476     87 python3 154348     86 rviz2 73056   13855 python3 57892      58 ros2 
1016090624 | 270476     87 python3 154348     86 rviz2 73056   13855 python3 57892      58 ros2 
1015865344 | 270476     87 python3 154348     86 rviz2 73056   13855 python3 57892      58 ros2 
1016836096 | 270476     87 python3 154348     86 rviz2 73056   13855 python3 57892      58 ros2 
1016397824 | 270476     87 python3 154348     86 rviz2 73056   13855 python3 57892      58 ros2 
1016930304 | 270476     87 python3 154348     86 rviz2 73056   13855 python3 57892      58 ros2 
1016901632 | 270476     87 python3 154348     86 rviz2 73056   13855 python3 57892      58 ros2 
1016926208 | 270476     87 python3 154348     86 rviz2 73056   13855 python3 57892      58 ros2 
1016877056 | 270476     87 python3 154348     86 rviz2 73056   13855 python3 57892      58 ros2 
1016786944 | 270476     87 python3 154348     86 rviz2 73056   13855 python3 57892      58 ros2 
1017032704 | 270476     87 python3 154348     86 rviz2 73056   13855 python3 57892      58 ros2 
1016610816 | 270476     87 python3 154348     86 rviz2 73056   13855 python3 57892      58 ros2 
1016438784 | 270476     87 python3 154348     86 rviz2 73056   13855 python3 57892      58 ros2 
1016610816 | 270476     87 python3 154348     86 rviz2 73056   13855 python3 57892      58 ros2 
1016176640 | 270476     87 python3 154348     86 rviz2 73056   13855 python3 57892      58 ros2 
1016188928 | 270476     87 python3 154348     86 rviz2 73056   13855 python3 57892      58 ros2 
1016082432 | 270476     87 python3 154348     86 rviz2 73056   13855 python3 57892      58 ros2 
1016135680 | 270476     87 python3 154348     86 rviz2 73056   13855 python3 57892      58 ros2 
1016201216 | 270476     87 python3 154348     86 rviz2 73056   13855 python3 57892      58 ros2 
1016020992 | 270476     87 python3 154348     86 rviz2 73056   13855 python3 57892      58 ros2 
1016143872 | 270476     87 python3 154348     86 rviz2 73056   13855 python3 57892      58 ros2 
1015758848 | 270476     87 python3 154348     86 rviz2 73056   13855 python3 57892      58 ros2 
1015713792 | 270476     87 python3 154348     86 rviz2 73056   13855 python3 57892      58 ros2 
1016258560 | 270476     87 python3 154348     86 rviz2 73056   13855 python3 57892      58 ros2 
1016299520 | 270476     87 python3 154348     86 rviz2 73056   13855 python3 57892      58 ros2 
1016086528 | 270476     87 python3 154348     86 rviz2 73056   13855 python3 57892      58 ros2 
1016328192 | 270476     87 python3 154348     86 rviz2 73056   13855 python3 57892      58 ros2 
1016233984 | 270476     87 python3 154348     86 rviz2 73056   13855 python3 57892      58 ros2 
1016295424 | 270476     87 python3 154348     86 rviz2 73056   13855 python3 57892      58 ros2 
1015980032 | 270476     87 python3 154348     86 rviz2 73056   13855 python3 57892      58 ros2 
1016995840 | 270476     87 python3 154348     86 rviz2 73056   13855 python3 57892      58 ros2 
1016881152 | 270476     87 python3 154348     86 rviz2 73056   13855 python3 57892      58 ros2 
1016627200 | 270476     87 python3 154348     86 rviz2 73056   13855 python3 57892      58 ros2 
1016352768 | 270476     87 python3 154348     86 rviz2 73056   13855 python3 57892      58 ros2 
1016315904 | 270476     87 python3 154348     86 rviz2 73056   13855 python3 57892      58 ros2 
1016352768 | 270476     87 python3 154348     86 rviz2 73056   13855 python3 57892      58 ros2 
1016360960 | 270476     87 python3 154348     86 rviz2 73056   13855 python3 57892      58 ros2 
1016401920 | 270476     87 python3 154348     86 rviz2 73056   13855 python3 57892      58 ros2 
1016094720 | 270476     87 python3 154348     86 rviz2 73056   13855 python3 57892      58 ros2 
1016025088 | 270476     87 python3 154348     86 rviz2 73056   13855 python3 57892      58 ros2 
1016090624 | 270476     87 python3 154348     86 rviz2 73056   13855 python3 57892      58 ros2 
1016184832 | 270476     87 python3 154348     86 rviz2 73056   13855 python3 57892      58 ros2 
1016696832 | 270476     87 python3 154348     86 rviz2 73056   13855 python3 57892      58 ros2 
1016356864 | 270476     87 python3 154348     86 rviz2 73056   13855 python3 57892      58 ros2 
1016877056 | 270476     87 python3 154348     86 rviz2 73056   13855 python3 57892      58 ros2 
1016508416 | 270476     87 python3 154348     86 rviz2 73056   13855 python3 57892      58 ros2 
1016356864 | 270476     87 python3 154348     86 rviz2 73056   13855 python3 57892      58 ros2 
1015828480 | 270476     87 python3 154348     86 rviz2 73056   13855 python3 57892      58 ros2 
1016094720 | 270476     87 python3 154348     86 rviz2 73056   13855 python3 57892      58 ros2 
1016881152 | 270476     87 python3 154348     86 rviz2 73056   13855 python3 57892      58 ros2 
1016303616 | 270476     87 python3 154348     86 rviz2 73056   13855 python3 57892      58 ros2 
1016107008 | 270476     87 python3 154348     86 rviz2 73056   13855 python3 57892      58 ros2 
1016283136 | 270476     87 python3 154348     86 rviz2 73056   13855 python3 57892      58 ros2 
1015771136 | 270476     87 python3 154348     86 rviz2 73056   13855 python3 57892      58 ros2 
1015906304 | 270476     87 python3 154348     86 rviz2 73056   13855 python3 57892      58 ros2 
1016365056 | 270476     87 python3 154348     86 rviz2 73056   13855 python3 57892      58 ros2 
1016356864 | 270476     87 python3 154348     86 rviz2 73056   13855 python3 57892      58 ros2 
1016643584 | 270476     87 python3 154348     86 rviz2 73056   13855 python3 57892      58 ros2 
1016979456 | 270476     87 python3 154348     86 rviz2 73056   13855 python3 57892      58 ros2 
1016356864 | 270476     87 python3 154348     86 rviz2 73056   13855 python3 57892      58 ros2 
1016500224 | 270476     87 python3 154348     86 rviz2 73056   13855 python3 57892      58 ros2 
1016356864 | 270476     87 python3 154348     86 rviz2 73056   13855 python3 57892      58 ros2 
1015762944 | 270476     87 python3 154348     86 rviz2 73056   13855 python3 57892      58 ros2 
1016090624 | 270476     87 python3 154348     86 rviz2 73056   13855 python3 57892      58 ros2 
1016090624 | 270476     87 python3 154348     86 rviz2 73056   13855 python3 57892      58 ros2 
1016094720 | 270476     87 python3 154348     86 rviz2 73056   13855 python3 57892      58 ros2 
1015832576 | 270476     87 python3 154348     86 rviz2 73056   13855 python3 57892      58 ros2 
1016483840 | 270476     87 python3 154348     86 rviz2 73056   13855 python3 57892      58 ros2 
1016881152 | 270476     87 python3 154348     86 rviz2 73056   13855 python3 57892      58 ros2 
1016619008 | 270476     87 python3 154348     86 rviz2 73056   13855 python3 57892      58 ros2 
1016340480 | 270476     87 python3 154348     86 rviz2 73056   13855 python3 57892      58 ros2 
1016954880 | 270476     87 python3 154348     86 rviz2 73056   13855 python3 57892      58 ros2 
1016369152 | 270476     87 python3 154348     86 rviz2 73056   13855 python3 57892      58 ros2 
1016631296 | 270476     87 python3 154348     86 rviz2 73056   13855 python3 57892      58 ros2 
1016631296 | 270476     87 python3 154348     86 rviz2 73056   13855 python3 57892      58 ros2 
1016623104 | 270476     87 python3 154348     86 rviz2 73056   13855 python3 57892      58 ros2 
1016123392 | 270476     87 python3 154348     86 rviz2 73056   13855 python3 57892      58 ros2 
1016528896 | 270476     87 python3 154348     86 rviz2 73056   13855 python3 57892      58 ros2 
1016176640 | 270476     87 python3 154348     86 rviz2 73056   13855 python3 57892      58 ros2 
1016061952 | 270476     87 python3 154348     86 rviz2 73056   13855 python3 57892      58 ros2 
1017139200 | 270476     87 python3 154348     86 rviz2 73056   13855 python3 57892      58 ros2 
1016397824 | 270476     87 python3 154348     86 rviz2 73056   13855 python3 57892      58 ros2 
1016864768 | 270476     87 python3 154348     86 rviz2 73056   13855 python3 57892      58 ros2 
1016369152 | 270476     87 python3 154348     86 rviz2 73056   13855 python3 57892      58 ros2 
1016627200 | 270476     87 python3 154348     86 rviz2 73056   13855 python3 57892      58 ros2 
1016377344 | 270476     87 python3 154348     86 rviz2 73056   13855 python3 57892      58 ros2 
1015771136 | 270476     87 python3 154348     86 rviz2 73056   13855 python3 57892      58 ros2 
1015824384 | 270476     87 python3 154348     86 rviz2 73056   13855 python3 57892      58 ros2 
1016254464 | 270476     87 python3 154348     86 rviz2 73056   13855 python3 57892      58 ros2 
1016668160 | 270476     87 python3 154348     86 rviz2 73056   13855 python3 57892      58 ros2 
1016115200 | 270476     87 python3 154348     86 rviz2 73056   13855 python3 57892      58 ros2 
1016360960 | 270476     87 python3 154348     86 rviz2 73056   13855 python3 57892      58 ros2 
1016365056 | 270476     87 python3 154348     86 rviz2 73056   13855 python3 57892      58 ros2 
1016377344 | 270476     87 python3 154348     86 rviz2 73056   13855 python3 57892      58 ros2 
1017040896 | 270476     87 python3 154348     86 rviz2 73056   13855 python3 57892      58 ros2 
1016631296 | 270476     87 python3 154348     86 rviz2 73056   13855 python3 57892      58 ros2 
1016901632 | 270476     87 python3 154348     86 rviz2 73056   13855 python3 57892      58 ros2 
1017163776 | 270476     87 python3 154348     86 rviz2 73056   13855 python3 57892      58 ros2 
1016635392 | 270476     87 python3 154348     86 rviz2 73056   13855 python3 57892      58 ros2 
1016639488 | 270476     87 python3 154348     86 rviz2 73056   13855 python3 57892      58 ros2 
1017126912 | 270476     87 python3 154348     86 rviz2 73056   13855 python3 57892      58 ros2 
1016410112 | 270476     87 python3 154348     86 rviz2 73056   13855 python3 57892      58 ros2 
1016508416 | 270476     87 python3 154348     86 rviz2 73056   13855 python3 57892      58 ros2 
1016102912 | 270476     87 python3 154348     86 rviz2 73056   13855 python3 57892      58 ros2 
1016651776 | 270476     87 python3 154348     86 rviz2 73056   13855 python3 57892      58 ros2 
1015840768 | 270476     87 python3 154348     86 rviz2 73056   13855 python3 57892      58 ros2 
1016750080 | 270476     87 python3 154348     86 rviz2 73056   13855 python3 57892      58 ros2 
1016639488 | 270476     87 python3 154348     86 rviz2 73056   13855 python3 57892      58 ros2 
1016709120 | 270476     87 python3 154348     86 rviz2 73056   13855 python3 57892      58 ros2 
1016803328 | 270476     87 python3 154348     86 rviz2 73056   13855 python3 57892      58 ros2 
1016639488 | 270476     87 python3 154348     86 rviz2 73056   13855 python3 57892      58 ros2 
1016627200 | 270476     87 python3 154348     86 rviz2 73056   13855 python3 57892      58 ros2 
1016836096 | 270476     87 python3 154348     86 rviz2 73056   13855 python3 57892      58 ros2 
1016897536 | 270476     87 python3 154348     86 rviz2 73056   13855 python3 57892      58 ros2 
1016901632 | 270476     87 python3 154348     86 rviz2 73056   13855 python3 57892      58 ros2 
1016115200 | 270476     87 python3 154348     86 rviz2 73056   13855 python3 57892      58 ros2 
1015848960 | 270476     87 python3 154348     86 rviz2 73056   13855 python3 57892      58 ros2 
1015848960 | 270476     87 python3 154348     86 rviz2 73056   13855 python3 57892      58 ros2 
1016377344 | 270476     87 python3 154348     86 rviz2 73056   13855 python3 57892      58 ros2 
1016635392 | 270476     87 python3 154348     86 rviz2 73056   13855 python3 57892      58 ros2 
1016516608 | 270476     87 python3 154348     86 rviz2 73056   13855 python3 57892      58 ros2 
1016340480 | 270476     87 python3 154348     86 rviz2 73056   13855 python3 57892      58 ros2 
1016377344 | 270476     87 python3 154348     86 rviz2 73056   13855 python3 57892      58 ros2 
1016729600 | 270476     87 python3 154348     86 rviz2 73056   13855 python3 57892      58 ros2 
1016524800 | 270476     87 python3 154348     86 rviz2 73056   13855 python3 57892      58 ros2 
1016635392 | 270476     87 python3 154364     86 rviz2 73056   13855 python3 57892      58 ros2 
1016684544 | 270476     87 python3 154364     86 rviz2 73056   13855 python3 57892      58 ros2 
1016115200 | 270476     87 python3 154364     86 rviz2 73056   13855 python3 57892      58 ros2 
1016074240 | 270476     87 python3 154364     86 rviz2 73056   13855 python3 57892      58 ros2 
1016107008 | 270476     87 python3 154364     86 rviz2 73056   13855 python3 57892      58 ros2 
1015996416 | 270476     87 python3 154364     86 rviz2 73056   13855 python3 57892      58 ros2 
1016717312 | 270476     87 python3 154364     86 rviz2 73056   13855 python3 57892      58 ros2 
1016631296 | 270476     87 python3 154364     86 rviz2 73056   13855 python3 57892      58 ros2 
1016258560 | 270476     87 python3 154364     86 rviz2 73056   13855 python3 57892      58 ros2 
1016369152 | 270476     87 python3 154364     86 rviz2 73056   13855 python3 57892      58 ros2 
1016737792 | 270476     87 python3 154364     86 rviz2 73056   13855 python3 57892      58 ros2 
1016369152 | 270476     87 python3 154364     86 rviz2 73056   13855 python3 57892      58 ros2 
1016623104 | 270476     87 python3 154364     86 rviz2 73056   13855 python3 57892      58 ros2 
1016397824 | 270476     87 python3 154368     86 rviz2 73056   13855 python3 57892      58 ros2 
1015816192 | 270476     87 python3 154368     86 rviz2 73056   13855 python3 57892      58 ros2 
1016123392 | 270476     87 python3 154368     86 rviz2 73056   13855 python3 57892      58 ros2 
1016127488 | 270476     87 python3 154368     86 rviz2 73056   13855 python3 57892      58 ros2 
1016377344 | 270476     87 python3 154368     86 rviz2 73056   13855 python3 57892      58 ros2 
1016655872 | 270476     87 python3 154368     86 rviz2 73056   13855 python3 57892      58 ros2 
1016582144 | 270476     87 python3 154368     86 rviz2 73056   13855 python3 57892      58 ros2 
1016320000 | 270476     87 python3 154368     86 rviz2 73056   13855 python3 57892      58 ros2 
1016274944 | 270476     87 python3 154368     86 rviz2 73056   13855 python3 57892      58 ros2 
1016401920 | 270476     87 python3 154368     86 rviz2 73056   13855 python3 57892      58 ros2 
1016295424 | 270476     87 python3 154368     86 rviz2 73056   13855 python3 57892      58 ros2 
1016131584 | 270476     87 python3 154368     86 rviz2 73056   13855 python3 57892      58 ros2 
1016135680 | 270476     87 python3 154368     86 rviz2 73056   13855 python3 57892      58 ros2 
1016201216 | 270476     87 python3 154368     86 rviz2 73056   13855 python3 57892      58 ros2 
1016672256 | 270476     87 python3 154368     86 rviz2 73056   13855 python3 57892      58 ros2 
1016074240 | 270476     87 python3 154368     86 rviz2 73056   13855 python3 57892      58 ros2 
1016397824 | 270476     87 python3 154368     86 rviz2 73056   13855 python3 57892      58 ros2 
1016397824 | 270476     87 python3 154368     86 rviz2 73056   13855 python3 57892      58 ros2 
1016389632 | 270476     87 python3 154368     86 rviz2 73056   13855 python3 57892      58 ros2 
1016651776 | 270476     87 python3 154368     86 rviz2 73056   13855 python3 57892      58 ros2 
1016389632 | 270476     87 python3 154368     86 rviz2 73056   13855 python3 57892      58 ros2 
1016737792 | 270476     87 python3 154368     86 rviz2 73056   13855 python3 57892      58 ros2 
1016397824 | 270476     87 python3 154368     86 rviz2 73056   13855 python3 57892      58 ros2 
1016389632 | 270476     87 python3 154368     86 rviz2 73056   13855 python3 57892      58 ros2 
1016532992 | 270476     87 python3 154368     86 rviz2 73056   13855 python3 57892      58 ros2 
1016127488 | 270476     87 python3 154368     86 rviz2 73056   13855 python3 57892      58 ros2 
1016401920 | 270476     87 python3 154368     86 rviz2 73056   13855 python3 57892      58 ros2 
1016434688 | 270476     87 python3 154368     86 rviz2 73056   13855 python3 57892      58 ros2 
1016123392 | 270476     87 python3 154368     86 rviz2 73056   13855 python3 57892      58 ros2 
1016422400 | 270476     87 python3 154368     86 rviz2 73056   13855 python3 57892      58 ros2 
1016328192 | 270476     87 python3 154368     86 rviz2 73056   13855 python3 57892      58 ros2 
1016377344 | 270476     87 python3 154368     86 rviz2 73056   13855 python3 57892      58 ros2 
1016938496 | 270476     87 python3 154368     86 rviz2 73056   13855 python3 57892      58 ros2 
1017176064 | 270476     87 python3 154368     86 rviz2 73056   13855 python3 57892      58 ros2 
1016651776 | 270476     87 python3 154368     86 rviz2 73056   13855 python3 57892      58 ros2 
1016913920 | 270476     87 python3 154368     86 rviz2 73056   13855 python3 57892      58 ros2 
1017028608 | 270476     87 python3 154368     86 rviz2 73056   13855 python3 57892      58 ros2 
1016389632 | 270476     87 python3 154368     86 rviz2 73056   13855 python3 57892      58 ros2 
1016451072 | 270476     87 python3 154368     86 rviz2 73056   13855 python3 57892      58 ros2 
1016619008 | 270476     87 python3 154368     86 rviz2 73056   13855 python3 57892      58 ros2 
1016541184 | 270476     87 python3 154368     86 rviz2 73056   13855 python3 57892      58 ros2 
1016233984 | 270476     87 python3 154368     86 rviz2 73056   13855 python3 57892      58 ros2 
1016274944 | 270476     87 python3 154368     86 rviz2 73056   13855 python3 57892      58 ros2 
1016299520 | 270476     87 python3 154368     86 rviz2 73056   13855 python3 57892      58 ros2 
1016000512 | 270476     87 python3 154368     86 rviz2 73056   13855 python3 57892      58 ros2 
1016127488 | 270476     87 python3 154368     86 rviz2 73056   13855 python3 57892      58 ros2 
1016131584 | 270476     87 python3 154368     86 rviz2 73056   13855 python3 57892      58 ros2 
1016090624 | 270476     87 python3 154368     86 rviz2 73056   13855 python3 57892      58 ros2 
1015832576 | 270476     87 python3 154368     86 rviz2 73056   13855 python3 57892      58 ros2 
1016070144 | 270476     87 python3 154368     86 rviz2 73056   13855 python3 57892      58 ros2 
1016066048 | 270476     87 python3 154368     86 rviz2 73056   13855 python3 57892      58 ros2 
1015914496 | 270476     87 python3 154368     86 rviz2 73056   13855 python3 57892      58 ros2 
1016000512 | 270476     87 python3 154368     86 rviz2 73056   13855 python3 57892      58 ros2 
1016135680 | 270476     87 python3 154368     86 rviz2 73056   13855 python3 57892      58 ros2 
1016131584 | 270476     87 python3 154368     86 rviz2 73056   13855 python3 57892      58 ros2 
1016242176 | 270476     87 python3 154368     86 rviz2 73056   13855 python3 57892      58 ros2 
1016684544 | 270476     87 python3 154368     86 rviz2 73056   13855 python3 57892      58 ros2 
1016446976 | 270476     87 python3 154368     86 rviz2 73056   13855 python3 57892      58 ros2 
1016922112 | 270476     87 python3 154368     86 rviz2 73056   13855 python3 57892      58 ros2 
1016967168 | 270476     87 python3 154368     86 rviz2 73056   13855 python3 57892      58 ros2 
1016668160 | 270476     87 python3 154368     86 rviz2 73056   13855 python3 57892      58 ros2 
1016938496 | 270476     87 python3 154368     86 rviz2 73056   13855 python3 57892      58 ros2 
1016406016 | 270476     87 python3 154368     86 rviz2 73056   13855 python3 57892      58 ros2 
1016397824 | 270476     87 python3 154368     86 rviz2 73056   13855 python3 57892      58 ros2 
1015816192 | 270476     87 python3 154368     86 rviz2 73056   13855 python3 57892      58 ros2 
1016070144 | 270476     87 python3 154368     86 rviz2 73056   13855 python3 57892      58 ros2 
1016160256 | 270476     87 python3 154368     86 rviz2 73056   13855 python3 57892      58 ros2 
1015877632 | 270476     87 python3 154368     86 rviz2 73056   13855 python3 57892      58 ros2 
1016406016 | 270476     87 python3 154368     86 rviz2 73056   13855 python3 57892      58 ros2 
1017073664 | 270476     87 python3 154368     86 rviz2 73056   13855 python3 57892      58 ros2 
1016934400 | 270476     87 python3 154368     86 rviz2 73056   13855 python3 57892      58 ros2 
1016668160 | 270476     87 python3 154368     86 rviz2 73056   13855 python3 57892      58 ros2 
1016889344 | 270476     87 python3 154368     86 rviz2 73056   13855 python3 57892      58 ros2 
1016070144 | 270476     87 python3 154368     86 rviz2 73056   13855 python3 57892      58 ros2 
1015869440 | 270476     87 python3 154368     86 rviz2 73056   13855 python3 57892      58 ros2 
1016397824 | 270476     87 python3 154368     86 rviz2 73056   13855 python3 57892      58 ros2 
1016143872 | 270476     87 python3 154368     86 rviz2 73056   13855 python3 57892      58 ros2 
1016401920 | 270476     87 python3 154368     86 rviz2 73056   13855 python3 57892      58 ros2 
1016397824 | 270476     87 python3 154368     86 rviz2 73056   13855 python3 57892      58 ros2 
1015984128 | 270476     87 python3 154368     86 rviz2 73056   13855 python3 57892      58 ros2 
1016139776 | 270476     87 python3 154368     86 rviz2 73056   13855 python3 57892      58 ros2 
1016459264 | 270476     87 python3 154368     86 rviz2 73056   13855 python3 57892      58 ros2 
1017008128 | 270476     87 python3 154368     86 rviz2 73056   13855 python3 57892      58 ros2 
1016717312 | 270476     87 python3 154368     86 rviz2 73056   13855 python3 57892      58 ros2 
1016508416 | 270476     87 python3 154368     86 rviz2 73056   13855 python3 57892      58 ros2 
1016750080 | 270476     87 python3 154368     86 rviz2 73056   13855 python3 57892      58 ros2 
1016729600 | 270476     87 python3 154368     86 rviz2 73056   13855 python3 57892      58 ros2 
1016672256 | 270476     87 python3 154368     86 rviz2 73056   13855 python3 57892      58 ros2 
1015812096 | 270476     87 python3 154368     86 rviz2 73056   13855 python3 57892      58 ros2 
1016074240 | 270476     87 python3 154368     86 rviz2 73056   13855 python3 57892      58 ros2 
1015812096 | 270476     87 python3 154368     86 rviz2 73056   13855 python3 57892      58 ros2 
1016406016 | 270476     87 python3 154368     86 rviz2 73056   13855 python3 57892      58 ros2 
1015881728 | 270476     87 python3 154368     86 rviz2 73056   13855 python3 57892      58 ros2 
1016668160 | 270476     87 python3 154368     86 rviz2 73056   13855 python3 57892      58 ros2 
1016406016 | 270476     87 python3 154368     86 rviz2 73056   13855 python3 57892      58 ros2 
1016672256 | 270476     87 python3 154368     86 rviz2 73056   13855 python3 57892      58 ros2 
1016668160 | 270476     87 python3 154368     86 rviz2 73056   13855 python3 57892      58 ros2 
1016840192 | 270476     87 python3 154368     86 rviz2 73056   13855 python3 57892      58 ros2 
1017024512 | 270476     87 python3 154368     86 rviz2 73056   13855 python3 57892      58 ros2 
1016442880 | 270476     87 python3 154368     86 rviz2 73056   13855 python3 57892      58 ros2 
1016541184 | 270476     87 python3 154368     86 rviz2 73056   13855 python3 57892      58 ros2 
1016688640 | 270476     87 python3 154368     86 rviz2 73056   13855 python3 57892      58 ros2 
1016479744 | 270476     87 python3 154368     86 rviz2 73056   13855 python3 57892      58 ros2 
1016156160 | 270476     87 python3 154368     86 rviz2 73056   13855 python3 57892      58 ros2 
1016197120 | 270476     87 python3 154368     86 rviz2 73056   13855 python3 57892      58 ros2 
1016401920 | 270476     87 python3 154368     86 rviz2 73056   13855 python3 57892      58 ros2 
1016463360 | 270476     87 python3 154368     86 rviz2 73056   13855 python3 57892      58 ros2 
1016573952 | 270476     87 python3 154368     86 rviz2 73056   13855 python3 57892      58 ros2 
1016680448 | 270476     87 python3 154368     86 rviz2 73056   13855 python3 57892      58 ros2 
1016709120 | 270476     87 python3 154368     86 rviz2 73056   13855 python3 57892      58 ros2 
1016676352 | 270476     87 python3 154364     86 rviz2 73056   13855 python3 57892      58 ros2 
1016647680 | 270476     87 python3 154364     86 rviz2 73056   13855 python3 57892      58 ros2 
1015877632 | 270476     87 python3 154364     86 rviz2 73056   13855 python3 57892      58 ros2 
1015873536 | 270476     87 python3 154364     86 rviz2 73056   13855 python3 57892      58 ros2 
1016397824 | 270476     87 python3 154364     86 rviz2 73056   13855 python3 57892      58 ros2 
1015877632 | 270476     87 python3 154364     86 rviz2 73056   13855 python3 57892      58 ros2 
1016176640 | 270476     87 python3 154364     86 rviz2 73056   13855 python3 57892      58 ros2 
1016320000 | 270476     87 python3 154364     86 rviz2 73056   13855 python3 57892      58 ros2 
1016885248 | 270476     87 python3 154364     86 rviz2 73056   13855 python3 57892      58 ros2 
1016700928 | 270476     87 python3 154364     86 rviz2 73056   13855 python3 57892      58 ros2 
1016918016 | 270476     87 python3 154364     86 rviz2 73056   13855 python3 57892      58 ros2 
1016397824 | 270476     87 python3 154364     86 rviz2 73056   13855 python3 57892      58 ros2 
1016659968 | 270476     87 python3 154364     86 rviz2 73056   13855 python3 57892      58 ros2 
1016946688 | 270476     87 python3 154364     86 rviz2 73056   13855 python3 57892      58 ros2 
1016659968 | 270476     87 python3 154364     86 rviz2 73056   13855 python3 57892      58 ros2 
1016369152 | 270476     87 python3 154364     86 rviz2 73056   13855 python3 57892      58 ros2 
1016504320 | 270476     87 python3 154364     86 rviz2 73056   13855 python3 57892      58 ros2 
1016008704 | 270476     87 python3 154364     86 rviz2 73056   13855 python3 57892      58 ros2 
1016537088 | 270476     87 python3 154364     86 rviz2 73056   13855 python3 57892      58 ros2 
1015877632 | 270476     87 python3 154364     86 rviz2 73056   13855 python3 57892      58 ros2 
1016688640 | 270476     87 python3 154364     86 rviz2 73056   13855 python3 57892      58 ros2 
1016606720 | 270476     87 python3 154364     86 rviz2 73056   13855 python3 57892      58 ros2 
1016287232 | 270476     87 python3 154364     86 rviz2 73056   13855 python3 57892      58 ros2 
1016414208 | 270476     87 python3 154364     86 rviz2 73056   13855 python3 57892      58 ros2 
1016750080 | 270476     87 python3 154364     86 rviz2 73056   13855 python3 57892      58 ros2 
1016365056 | 270476     87 python3 154364     86 rviz2 73056   13855 python3 57892      58 ros2 
1016119296 | 270476     87 python3 154364     86 rviz2 73056   13855 python3 57892      58 ros2 
1015877632 | 270476     87 python3 154364     86 rviz2 73056   13855 python3 57892      58 ros2 
1016053760 | 270476     87 python3 154364     86 rviz2 73056   13855 python3 57892      58 ros2 
1016135680 | 270476     87 python3 154364     86 rviz2 73056   13855 python3 57892      58 ros2 
1016139776 | 270476     87 python3 154364     86 rviz2 73056   13855 python3 57892      58 ros2 
1015877632 | 270476     87 python3 154364     86 rviz2 73056   13855 python3 57892      58 ros2 
1016430592 | 270476     87 python3 154364     86 rviz2 73056   13855 python3 57892      58 ros2 
1016012800 | 270476     87 python3 154364     86 rviz2 73056   13855 python3 57892      58 ros2 
1016369152 | 270476     87 python3 154364     86 rviz2 73056   13855 python3 57892      58 ros2 
1016401920 | 270476     87 python3 154364     86 rviz2 73056   13855 python3 57892      58 ros2 
1016598528 | 270476     87 python3 154364     86 rviz2 73056   13855 python3 57892      58 ros2 
1016217600 | 270476     87 python3 154364     86 rviz2 73056   13855 python3 57892      58 ros2 
1016451072 | 270476     87 python3 154364     86 rviz2 73056   13855 python3 57892      58 ros2 
1016672256 | 270476     87 python3 154364     86 rviz2 73056   13855 python3 57892      58 ros2 
1016102912 | 270476     87 python3 154364     86 rviz2 73056   13855 python3 57892      58 ros2 
1015877632 | 270476     87 python3 154364     86 rviz2 73056   13855 python3 57892      58 ros2 
1016025088 | 270476     87 python3 154364     86 rviz2 73056   13855 python3 57892      58 ros2 
1016139776 | 270476     87 python3 154364     86 rviz2 73056   13855 python3 57892      58 ros2 
1016139776 | 270476     87 python3 154364     86 rviz2 73056   13855 python3 57892      58 ros2 
1016082432 | 270476     87 python3 154364     86 rviz2 73056   13855 python3 57892      58 ros2 
1016303616 | 270476     87 python3 154364     86 rviz2 73056   13855 python3 57892      58 ros2 
1016352768 | 270476     87 python3 154364     86 rviz2 73056   13855 python3 57892      58 ros2 
1016553472 | 270476     87 python3 154364     86 rviz2 73056   13855 python3 57892      58 ros2 
1016467456 | 270476     87 python3 154364     86 rviz2 73056   13855 python3 57892      58 ros2 
1016786944 | 270476     87 python3 154364     86 rviz2 73056   13855 python3 57892      58 ros2 
1016758272 | 270476     87 python3 154364     86 rviz2 73056   13855 python3 57892      58 ros2 
1016700928 | 270476     87 python3 154364     86 rviz2 73056   13855 python3 57892      58 ros2 
1016414208 | 270476     87 python3 154364     86 rviz2 73056   13855 python3 57892      58 ros2 
1016815616 | 270476     87 python3 154364     86 rviz2 73056   13855 python3 57892      58 ros2 
1015881728 | 270476     87 python3 154364     86 rviz2 73056   13855 python3 57892      58 ros2 
1016143872 | 270476     87 python3 154364     86 rviz2 73056   13855 python3 57892      58 ros2 
1015840768 | 270476     87 python3 154364     86 rviz2 73056   13855 python3 57892      58 ros2 
1016020992 | 270476     87 python3 154364     86 rviz2 73056   13855 python3 57892      58 ros2 
1016668160 | 270476     87 python3 154364     86 rviz2 73056   13855 python3 57892      58 ros2 
1016250368 | 270476     87 python3 154364     86 rviz2 73056   13855 python3 57892      58 ros2 
1016406016 | 270476     87 python3 154364     86 rviz2 73056   13855 python3 57892      58 ros2 
1016262656 | 270476     87 python3 154364     86 rviz2 73056   13855 python3 57892      58 ros2 
1016500224 | 270476     87 python3 154364     86 rviz2 73056   13855 python3 57892      58 ros2 
1015734272 | 270476     87 python3 154364     86 rviz2 73056   13855 python3 57892      58 ros2 
1016143872 | 270476     87 python3 154364     86 rviz2 73056   13855 python3 57892      58 ros2 
1015881728 | 270476     87 python3 154364     86 rviz2 73056   13855 python3 57892      58 ros2 
1015767040 | 270476     87 python3 154364     86 rviz2 73056   13855 python3 57892      58 ros2 
1015885824 | 270476     87 python3 154364     86 rviz2 73056   13855 python3 57892      58 ros2 
1015783424 | 270476     87 python3 154364     86 rviz2 73056   13855 python3 57892      58 ros2 
1015816192 | 270476     87 python3 154364     86 rviz2 73056   13855 python3 57892      58 ros2 
1016606720 | 270476     87 python3 154364     86 rviz2 73056   13855 python3 57892      58 ros2 
1016406016 | 270476     87 python3 154364     86 rviz2 73056   13855 python3 57892      58 ros2 
1016406016 | 270476     87 python3 154364     86 rviz2 73056   13855 python3 57892      58 ros2 
1016414208 | 270476     87 python3 154364     86 rviz2 73056   13855 python3 57892      58 ros2 
1016946688 | 270476     87 python3 154364     86 rviz2 73056   13855 python3 57892      58 ros2 
1016680448 | 270476     87 python3 154364     86 rviz2 73056   13855 python3 57892      58 ros2 
1016422400 | 270476     87 python3 154364     86 rviz2 73056   13855 python3 57892      58 ros2 
1016680448 | 270476     87 python3 154364     86 rviz2 73056   13855 python3 57892      58 ros2 
1016147968 | 270476     87 python3 154364     86 rviz2 73056   13855 python3 57892      58 ros2 
1015885824 | 270476     87 python3 154364     86 rviz2 73056   13855 python3 57892      58 ros2 
1016147968 | 270476     87 python3 154364     86 rviz2 73056   13855 python3 57892      58 ros2 
1015885824 | 270476     87 python3 154364     86 rviz2 73056   13855 python3 57892      58 ros2 
1016111104 | 270476     87 python3 154364     86 rviz2 73056   13855 python3 57892      58 ros2 
1016688640 | 270476     87 python3 154364     86 rviz2 73056   13855 python3 57892      58 ros2 
1016836096 | 270476     87 python3 154364     86 rviz2 73056   13855 python3 57892      58 ros2 
1016963072 | 270476     87 python3 154364     86 rviz2 73056   13855 python3 57892      58 ros2 
1017040896 | 270476     87 python3 154364     86 rviz2 73056   13855 python3 57892      58 ros2 
1016614912 | 270476     87 python3 154364     86 rviz2 73056   13855 python3 57892      58 ros2 
1016295424 | 270476     87 python3 154364     86 rviz2 73056   13855 python3 57892      58 ros2 
1016418304 | 270476     87 python3 154364     86 rviz2 73056   13855 python3 57892      58 ros2 
1016934400 | 270476     87 python3 154364     86 rviz2 73056   13855 python3 57892      58 ros2 
1016426496 | 270476     87 python3 154364     86 rviz2 73056   13855 python3 57892      58 ros2 
1015861248 | 270476     87 python3 154364     86 rviz2 73056   13855 python3 57892      58 ros2 
1015898112 | 270476     87 python3 154364     86 rviz2 73056   13855 python3 57892      58 ros2 
1015898112 | 270476     87 python3 154364     86 rviz2 73056   13855 python3 57892      58 ros2 
1016446976 | 270476     87 python3 154364     86 rviz2 73056   13855 python3 57892      58 ros2 
1015926784 | 270476     87 python3 154364     86 rviz2 73056   13855 python3 57892      58 ros2 
1015881728 | 270476     87 python3 154364     86 rviz2 73056   13855 python3 57892      58 ros2 
1016418304 | 270476     87 python3 154364     86 rviz2 73056   13855 python3 57892      58 ros2 
1016197120 | 270476     87 python3 154364     86 rviz2 73056   13855 python3 57892      58 ros2 
1015853056 | 270476     87 python3 154364     86 rviz2 73056   13855 python3 57892      58 ros2 
1016152064 | 270476     87 python3 154364     86 rviz2 73056   13855 python3 57892      58 ros2 
1016410112 | 270476     87 python3 154364     86 rviz2 73056   13855 python3 57892      58 ros2 
1015898112 | 270476     87 python3 154364     86 rviz2 73056   13855 python3 57892      58 ros2 
1016156160 | 270476     87 python3 154364     86 rviz2 73056   13855 python3 57892      58 ros2 
1016156160 | 270476     87 python3 154364     86 rviz2 73056   13855 python3 57892      58 ros2 
1015779328 | 270476     87 python3 154364     86 rviz2 73056   13855 python3 57892      58 ros2 
1015894016 | 270476     87 python3 154364     86 rviz2 73056   13855 python3 57892      58 ros2 
1016418304 | 270476     87 python3 154364     86 rviz2 73056   13855 python3 57892      58 ros2 
1016815616 | 270476     87 python3 154364     86 rviz2 73056   13855 python3 57892      58 ros2 
1016381440 | 270476     87 python3 154364     86 rviz2 73056   13855 python3 57892      58 ros2 
1016614912 | 270476     87 python3 154364     86 rviz2 73056   13855 python3 57892      58 ros2 
1016619008 | 270476     87 python3 154364     86 rviz2 73056   13855 python3 57892      58 ros2 
1016664064 | 270476     87 python3 154364     86 rviz2 73056   13855 python3 57892      58 ros2 
1016381440 | 270476     87 python3 154364     86 rviz2 73056   13855 python3 57892      58 ros2 
1016528896 | 270476     87 python3 154364     86 rviz2 73056   13855 python3 57892      58 ros2 
1015894016 | 270476     87 python3 154364     86 rviz2 73056   13855 python3 57892      58 ros2 
1016414208 | 270476     87 python3 154364     86 rviz2 73056   13855 python3 57892      58 ros2 
1016176640 | 270476     87 python3 154364     86 rviz2 73056   13855 python3 57892      58 ros2 
1016156160 | 270476     87 python3 154364     86 rviz2 73056   13855 python3 57892      58 ros2 
1015894016 | 270476     87 python3 154364     86 rviz2 73056   13855 python3 57892      58 ros2 
1016688640 | 270476     87 python3 154364     86 rviz2 73056   13855 python3 57892      58 ros2 
1016422400 | 270476     87 python3 154364     86 rviz2 73056   13855 python3 57892      58 ros2 
1016709120 | 270476     87 python3 154364     86 rviz2 73056   13855 python3 57892      58 ros2 
1016647680 | 270476     87 python3 154364     86 rviz2 73056   13855 python3 57892      58 ros2 
1016422400 | 270476     87 python3 154364     86 rviz2 73056   13855 python3 57892      58 ros2 
1016086528 | 270476     87 python3 154364     86 rviz2 73056   13855 python3 57892      58 ros2 
1015840768 | 270476     87 python3 154364     86 rviz2 73056   13855 python3 57892      58 ros2 
1016102912 | 270476     87 python3 154364     86 rviz2 73056   13855 python3 57892      58 ros2 
1016152064 | 270476     87 python3 154364     86 rviz2 73056   13855 python3 57892      58 ros2 
1016156160 | 270476     87 python3 154364     86 rviz2 73056   13855 python3 57892      58 ros2 
1016307712 | 270476     87 python3 154364     86 rviz2 73056   13855 python3 57892      58 ros2 
1016201216 | 270476     87 python3 154364     86 rviz2 73056   13855 python3 57892      58 ros2 
1016729600 | 270476     87 python3 154364     86 rviz2 73056   13855 python3 57892      58 ros2 
1016512512 | 270476     87 python3 154364     86 rviz2 73056   13855 python3 57892      58 ros2 
1016426496 | 270476     87 python3 154364     86 rviz2 73056   13855 python3 57892      58 ros2 
1016619008 | 270476     87 python3 154364     86 rviz2 73056   13855 python3 57892      58 ros2 
1016684544 | 270476     87 python3 154364     86 rviz2 73056   13855 python3 57892      58 ros2 
1016520704 | 270476     87 python3 154364     86 rviz2 73056   13855 python3 57892      58 ros2 
1016430592 | 270476     87 python3 154364     86 rviz2 73056   13855 python3 57892      58 ros2 
1016430592 | 270476     87 python3 154364     86 rviz2 73056   13855 python3 57892      58 ros2 
1016160256 | 270476     87 python3 154364     86 rviz2 73056   13855 python3 57892      58 ros2 
1016528896 | 270476     87 python3 154364     86 rviz2 73056   13855 python3 57892      58 ros2 
1016422400 | 270476     87 python3 154364     86 rviz2 73056   13855 python3 57892      58 ros2 
1015910400 | 270476     87 python3 154364     86 rviz2 73056   13855 python3 57892      58 ros2 
1016135680 | 270476     87 python3 154364     86 rviz2 73056   13855 python3 57892      58 ros2 
1016696832 | 270476     87 python3 154364     86 rviz2 73056   13855 python3 57892      58 ros2 
1016958976 | 270476     87 python3 154364     86 rviz2 73056   13855 python3 57892      58 ros2 
1016565760 | 270476     87 python3 154364     86 rviz2 73056   13855 python3 57892      58 ros2 
1016692736 | 270476     87 python3 154364     86 rviz2 73056   13855 python3 57892      58 ros2 
1016422400 | 270476     87 python3 154364     86 rviz2 73056   13855 python3 57892      58 ros2 
1016721408 | 270476     87 python3 154364     86 rviz2 73056   13855 python3 57892      58 ros2 
1016696832 | 270476     87 python3 154364     86 rviz2 73056   13855 python3 57892      58 ros2 
1016954880 | 270476     87 python3 154364     86 rviz2 73056   13855 python3 57892      58 ros2 
1016578048 | 270476     87 python3 154364     86 rviz2 73056   13855 python3 57892      58 ros2 
1016676352 | 270476     87 python3 154364     86 rviz2 73056   13855 python3 57892      58 ros2 
1016135680 | 270476     87 python3 154364     86 rviz2 73056   13855 python3 57892      58 ros2 
1016016896 | 270476     87 python3 154364     86 rviz2 73056   13855 python3 57892      58 ros2 
1016172544 | 270476     87 python3 154364     86 rviz2 73056   13855 python3 57892      58 ros2 
1016537088 | 270476     87 python3 154364     86 rviz2 73056   13855 python3 57892      58 ros2 
1016365056 | 270476     87 python3 154364     86 rviz2 73056   13855 python3 57892      58 ros2 
1016893440 | 270476     87 python3 154364     86 rviz2 73056   13855 python3 57892      58 ros2 
1016434688 | 270476     87 python3 154364     86 rviz2 73056   13855 python3 57892      58 ros2 
1016569856 | 270476     87 python3 154364     86 rviz2 73056   13855 python3 57892      58 ros2 
1016369152 | 270476     87 python3 154364     86 rviz2 73056   13855 python3 57892      58 ros2 
1016430592 | 270476     87 python3 154364     86 rviz2 73056   13855 python3 57892      58 ros2 
1016426496 | 270476     87 python3 154364     86 rviz2 73056   13855 python3 57892      58 ros2 
1016680448 | 270476     87 python3 154364     86 rviz2 73056   13855 python3 57892      58 ros2 
1016164352 | 270476     87 python3 154364     86 rviz2 73056   13855 python3 57892      58 ros2 
1016168448 | 270476     87 python3 154364     86 rviz2 73056   13855 python3 57892      58 ros2 
1016717312 | 270476     87 python3 154364     86 rviz2 73056   13855 python3 57892      58 ros2 
1016750080 | 270476     87 python3 154364     86 rviz2 73056   13855 python3 57892      58 ros2 
1017073664 | 270476     87 python3 154364     86 rviz2 73056   13855 python3 57892      58 ros2 
1016696832 | 270476     87 python3 154364     86 rviz2 73056   13855 python3 57892      58 ros2 
1016844288 | 270476     87 python3 154364     86 rviz2 73056   13855 python3 57892      58 ros2 
1016954880 | 270476     87 python3 154364     86 rviz2 73056   13855 python3 57892      58 ros2 
1017221120 | 270476     87 python3 154364     86 rviz2 73056   13855 python3 57892      58 ros2 
1016954880 | 270476     87 python3 154364     86 rviz2 73056   13855 python3 57892      58 ros2 
1017004032 | 270476     87 python3 154364     86 rviz2 73056   13855 python3 57892      58 ros2 
1015906304 | 270476     87 python3 154364     86 rviz2 73056   13855 python3 57892      58 ros2 
1016352768 | 270476     87 python3 154364     86 rviz2 73056   13855 python3 57892      58 ros2 
1016270848 | 270476     87 python3 154364     86 rviz2 73056   13855 python3 57892      58 ros2 
1016164352 | 270476     87 python3 154364     86 rviz2 73056   13855 python3 57892      58 ros2 
1016168448 | 270476     87 python3 154364     86 rviz2 73056   13855 python3 57892      58 ros2 
1016696832 | 270476     87 python3 154364     86 rviz2 73056   13855 python3 57892      58 ros2 
1016692736 | 270476     87 python3 154364     86 rviz2 73056   13855 python3 57892      58 ros2 
1016434688 | 270476     87 python3 154364     86 rviz2 73056   13855 python3 57892      58 ros2 
1016762368 | 270476     87 python3 154364     86 rviz2 73056   13855 python3 57892      58 ros2 
1017040896 | 270476     87 python3 154364     86 rviz2 73056   13855 python3 57892      58 ros2 
1017016320 | 270476     87 python3 154364     86 rviz2 73056   13855 python3 57892      58 ros2 
1017057280 | 270476     87 python3 154364     86 rviz2 73056   13855 python3 57892      58 ros2 
1016528896 | 270476     87 python3 154364     86 rviz2 73056   13855 python3 57892      58 ros2 
1016782848 | 270476     87 python3 154364     86 rviz2 73056   13855 python3 57892      58 ros2 
1016201216 | 270476     87 python3 154364     86 rviz2 73056   13855 python3 57892      58 ros2 
1015889920 | 270476     87 python3 154364     86 rviz2 73056   13855 python3 57892      58 ros2 
1016041472 | 270476     87 python3 154364     86 rviz2 73056   13855 python3 57892      58 ros2 
1016209408 | 270476     87 python3 154364     86 rviz2 73056   13855 python3 57892      58 ros2 
1016995840 | 270476     87 python3 154364     86 rviz2 73056   13855 python3 57892      58 ros2 
1016983552 | 270476     87 python3 154364     86 rviz2 73056   13855 python3 57892      58 ros2 
1017397248 | 270476     87 python3 154364     86 rviz2 73056   13855 python3 57892      58 ros2 
1017192448 | 270476     87 python3 154364     86 rviz2 73056   13855 python3 57892      58 ros2 
1016729600 | 270476     87 python3 154364     86 rviz2 73056   13855 python3 57892      58 ros2 
1016930304 | 270476     87 python3 154364     86 rviz2 73056   13855 python3 57892      58 ros2 
1016107008 | 270476     87 python3 154364     86 rviz2 73056   13855 python3 57892      58 ros2 
1015922688 | 270476     87 python3 154364     86 rviz2 73056   13855 python3 57892      58 ros2 
1016311808 | 270476     87 python3 154364     86 rviz2 73056   13855 python3 57892      58 ros2 
1016176640 | 270476     87 python3 154364     86 rviz2 73056   13855 python3 57892      58 ros2 
1016025088 | 270476     87 python3 154364     86 rviz2 73056   13855 python3 57892      58 ros2 
1015767040 | 270476     87 python3 154364     86 rviz2 73056   13855 python3 57892      58 ros2 
1016709120 | 270476     87 python3 154364     86 rviz2 73056   13855 python3 57892      58 ros2 
1016700928 | 270476     87 python3 154364     86 rviz2 73056   13855 python3 57892      58 ros2 
1016958976 | 270476     87 python3 154364     86 rviz2 73056   13855 python3 57892      58 ros2 
1016700928 | 270476     87 python3 154364     86 rviz2 73056   13855 python3 57892      58 ros2 
1017307136 | 270476     87 python3 154364     86 rviz2 73056   13855 python3 57892      58 ros2 
1016434688 | 270476     87 python3 154364     86 rviz2 73056   13855 python3 57892      58 ros2 
1016926208 | 270476     87 python3 154364     86 rviz2 73056   13855 python3 57892      58 ros2 
1016958976 | 270476     87 python3 154364     86 rviz2 73056   13855 python3 57892      58 ros2 
1016446976 | 270476     87 python3 154364     86 rviz2 73056   13855 python3 57892      58 ros2 
1016229888 | 270476     87 python3 154364     86 rviz2 73056   13855 python3 57892      58 ros2 
1016365056 | 270476     87 python3 154364     86 rviz2 73056   13855 python3 57892      58 ros2 
1016442880 | 270476     87 python3 154364     86 rviz2 73056   13855 python3 57892      58 ros2 
1015803904 | 270476     87 python3 154364     86 rviz2 73056   13855 python3 57892      58 ros2 
1016442880 | 270476     87 python3 154364     86 rviz2 73056   13855 python3 57892      58 ros2 
1016696832 | 270476     87 python3 154364     86 rviz2 73056   13855 python3 57892      58 ros2 
1016963072 | 270476     87 python3 154364     86 rviz2 73056   13855 python3 57892      58 ros2 
1016741888 | 270476     87 python3 154364     86 rviz2 73056   13855 python3 57892      58 ros2 
1016963072 | 270476     87 python3 154364     86 rviz2 73056   13855 python3 57892      58 ros2 
1016115200 | 270476     87 python3 154364     86 rviz2 73056   13855 python3 57892      58 ros2 
1015980032 | 270476     87 python3 154364     86 rviz2 73056   13855 python3 57892      58 ros2 
1016274944 | 270476     87 python3 154364     86 rviz2 73056   13855 python3 57892      58 ros2 
1016553472 | 270476     87 python3 154364     86 rviz2 73056   13855 python3 57892      58 ros2 
1016201216 | 270476     87 python3 154364     86 rviz2 73056   13855 python3 57892      58 ros2 
1016086528 | 270476     87 python3 154364     86 rviz2 73056   13855 python3 57892      58 ros2 
1016381440 | 270476     87 python3 154364     86 rviz2 73056   13855 python3 57892      58 ros2 
1016696832 | 270476     87 python3 154364     86 rviz2 73056   13855 python3 57892      58 ros2 
1016967168 | 270476     87 python3 154364     86 rviz2 73056   13855 python3 57892      58 ros2 
1016442880 | 270476     87 python3 154364     86 rviz2 73056   13855 python3 57892      58 ros2 
1016942592 | 270476     87 python3 154364     86 rviz2 73056   13855 python3 57892      58 ros2 
1016971264 | 270476     87 python3 154364     86 rviz2 73056   13855 python3 57892      58 ros2 
1016446976 | 270476     87 python3 154364     86 rviz2 73056   13855 python3 57892      58 ros2 
1016717312 | 270476     87 python3 154364     86 rviz2 73056   13855 python3 57892      58 ros2 
1016553472 | 270476     87 python3 154364     86 rviz2 73056   13855 python3 57892      58 ros2 
1016524800 | 270476     87 python3 154364     86 rviz2 73056   13855 python3 57892      58 ros2 
1016475648 | 270476     87 python3 154364     86 rviz2 73056   13855 python3 57892      58 ros2 
1016283136 | 270476     87 python3 154364     86 rviz2 73056   13855 python3 57892      58 ros2 
1016147968 | 270476     87 python3 154364     86 rviz2 73056   13855 python3 57892      58 ros2 
1016291328 | 270476     87 python3 154364     86 rviz2 73056   13855 python3 57892      58 ros2 
1016713216 | 270476     87 python3 154364     86 rviz2 73056   13855 python3 57892      58 ros2 
1016750080 | 270476     87 python3 154364     86 rviz2 73056   13855 python3 57892      58 ros2 
1017237504 | 270476     87 python3 154364     86 rviz2 73056   13855 python3 57892      58 ros2 
1016811520 | 270476     87 python3 154364     86 rviz2 73056   13855 python3 57892      58 ros2 
1016909824 | 270476     87 python3 154364     86 rviz2 73056   13855 python3 57892      58 ros2 
1016381440 | 270476     87 python3 154364     86 rviz2 73056   13855 python3 57892      58 ros2 
1016381440 | 270476     87 python3 154364     86 rviz2 73056   13855 python3 57892      58 ros2 
1016672256 | 270476     87 python3 154364     86 rviz2 73056   13855 python3 57892      58 ros2 
1016451072 | 270476     87 python3 154364     86 rviz2 73056   13855 python3 57892      58 ros2 
1016188928 | 270476     87 python3 154364     86 rviz2 73056   13855 python3 57892      58 ros2 
1016180736 | 270476     87 python3 154364     86 rviz2 73056   13855 python3 57892      58 ros2 
1016094720 | 270476     87 python3 154364     86 rviz2 73056   13855 python3 57892      58 ros2 
1016147968 | 270476     87 python3 154364     86 rviz2 73056   13855 python3 57892      58 ros2 
1016188928 | 270476     87 python3 154364     86 rviz2 73056   13855 python3 57892      58 ros2 
1015812096 | 270476     87 python3 154364     86 rviz2 73056   13855 python3 57892      58 ros2 
1016188928 | 270476     87 python3 154364     86 rviz2 73056   13855 python3 57892      58 ros2 
1015943168 | 270476     87 python3 154364     86 rviz2 73056   13855 python3 57892      58 ros2 
1016344576 | 270476     87 python3 154364     86 rviz2 73056   13855 python3 57892      58 ros2 
1016188928 | 270476     87 python3 154364     86 rviz2 73056   13855 python3 57892      58 ros2 
1015889920 | 270476     87 python3 154364     86 rviz2 73056   13855 python3 57892      58 ros2 
1016016896 | 270476     87 python3 154364     86 rviz2 73056   13855 python3 57892      58 ros2 
1015889920 | 270476     87 python3 154364     86 rviz2 73056   13855 python3 57892      58 ros2 
1016188928 | 270476     87 python3 154364     86 rviz2 73056   13855 python3 57892      58 ros2 
1016188928 | 270476     87 python3 154364     86 rviz2 73056   13855 python3 57892      58 ros2 
1016184832 | 270476     87 python3 154364     86 rviz2 73056   13855 python3 57892      58 ros2 
1016983552 | 270476     87 python3 154364     86 rviz2 73056   13855 python3 57892      58 ros2 
1016459264 | 270476     87 python3 154364     86 rviz2 73056   13855 python3 57892      58 ros2 
1016717312 | 270476     87 python3 154364     86 rviz2 73056   13855 python3 57892      58 ros2 
1016647680 | 270476     87 python3 154364     86 rviz2 73056   13855 python3 57892      58 ros2 
1016750080 | 270476     87 python3 154364     86 rviz2 73056   13855 python3 57892      58 ros2 
1016393728 | 270476     87 python3 154364     86 rviz2 73056   13855 python3 57892      58 ros2 
1016938496 | 270476     87 python3 154364     86 rviz2 73056   13855 python3 57892      58 ros2 
1016983552 | 270476     87 python3 154364     86 rviz2 73056   13855 python3 57892      58 ros2 
1015934976 | 270476     87 python3 154364     86 rviz2 73056   13855 python3 57892      58 ros2 
1016025088 | 270476     87 python3 154364     86 rviz2 73056   13855 python3 57892      58 ros2 
1016459264 | 270476     87 python3 154364     86 rviz2 73056   13855 python3 57892      58 ros2 
1016307712 | 270476     87 python3 154364     86 rviz2 73056   13855 python3 57892      58 ros2 
1016193024 | 270476     87 python3 154364     86 rviz2 73056   13855 python3 57892      58 ros2 
1016389632 | 270476     87 python3 154364     86 rviz2 73056   13855 python3 57892      58 ros2 
1016692736 | 270476     87 python3 154364     86 rviz2 73056   13855 python3 57892      58 ros2 
1017368576 | 270476     87 python3 154364     86 rviz2 73056   13855 python3 57892      58 ros2 
1017151488 | 270476     87 python3 154364     86 rviz2 73056   13855 python3 57892      58 ros2 
1016721408 | 270476     87 python3 154364     86 rviz2 73056   13855 python3 57892      58 ros2 
1016193024 | 270476     87 python3 154364     86 rviz2 73056   13855 python3 57892      58 ros2 
1016786944 | 270476     87 python3 154364     86 rviz2 73056   13855 python3 57892      58 ros2 
1015930880 | 270476     87 python3 154364     86 rviz2 73056   13855 python3 57892      58 ros2 
1015930880 | 270476     87 python3 154364     86 rviz2 73056   13855 python3 57892      58 ros2 
1016193024 | 270476     87 python3 154364     86 rviz2 73056   13855 python3 57892      58 ros2 
1016127488 | 270476     87 python3 154364     86 rviz2 73056   13855 python3 57892      58 ros2 
1016193024 | 270476     87 python3 154364     86 rviz2 73056   13855 python3 57892      58 ros2 
1015930880 | 270476     87 python3 154364     86 rviz2 73056   13855 python3 57892      58 ros2 
1016872960 | 270476     87 python3 154364     86 rviz2 73056   13855 python3 57892      58 ros2 
1016721408 | 270476     87 python3 154364     86 rviz2 73056   13855 python3 57892      58 ros2 
1016737792 | 270476     87 python3 154364     86 rviz2 73056   13855 python3 57892      58 ros2 
1016807424 | 270476     87 python3 154364     86 rviz2 73056   13855 python3 57892      58 ros2 
1016684544 | 270476     87 python3 154364     86 rviz2 73056   13855 python3 57892      58 ros2 
1016807424 | 270476     87 python3 154364     86 rviz2 73056   13855 python3 57892      58 ros2 
1016344576 | 270476     87 python3 154364     86 rviz2 73056   13855 python3 57892      58 ros2 
1016193024 | 270476     87 python3 154364     86 rviz2 73056   13855 python3 57892      58 ros2 
1016455168 | 270476     87 python3 154364     86 rviz2 73056   13855 python3 57892      58 ros2 
1016463360 | 270476     87 python3 154364     86 rviz2 73056   13855 python3 57892      58 ros2 
1016463360 | 270476     87 python3 154364     86 rviz2 73056   13855 python3 57892      58 ros2 
1016131584 | 270476     87 python3 154364     86 rviz2 73056   13855 python3 57892      58 ros2 
1016881152 | 270476     87 python3 154364     86 rviz2 73056   13855 python3 57892      58 ros2 
1016655872 | 270476     87 python3 154364     86 rviz2 73056   13855 python3 57892      58 ros2 
1016717312 | 270476     87 python3 154364     86 rviz2 73056   13855 python3 57892      58 ros2 
1016487936 | 270476     87 python3 154364     86 rviz2 73056   13855 python3 57892      58 ros2 
1016737792 | 270476     87 python3 154364     86 rviz2 73056   13855 python3 57892      58 ros2 
1016463360 | 270476     87 python3 154364     86 rviz2 73056   13855 python3 57892      58 ros2 
1016463360 | 270476     87 python3 154364     86 rviz2 73056   13855 python3 57892      58 ros2 
1016463360 | 270476     87 python3 154364     86 rviz2 73056   13855 python3 57892      58 ros2 
1016999936 | 270476     87 python3 154364     86 rviz2 73056   13855 python3 57892      58 ros2 
1016012800 | 270476     87 python3 154364     86 rviz2 73056   13855 python3 57892      58 ros2 
1016659968 | 270476     87 python3 154364     86 rviz2 73056   13855 python3 57892      58 ros2 
1016131584 | 270476     87 python3 154364     86 rviz2 73056   13855 python3 57892      58 ros2 
1016086528 | 270476     87 python3 154364     86 rviz2 73056   13855 python3 57892      58 ros2 
1016479744 | 270476     87 python3 154364     86 rviz2 73056   13855 python3 57892      58 ros2 
1016987648 | 270476     87 python3 154364     86 rviz2 73056   13855 python3 57892      58 ros2 
1017057280 | 270476     87 python3 154364     86 rviz2 73056   13855 python3 57892      58 ros2 
1016987648 | 270476     87 python3 154364     86 rviz2 73056   13855 python3 57892      58 ros2 
1016725504 | 270476     87 python3 154364     86 rviz2 73056   13855 python3 57892      58 ros2 
1016729600 | 270476     87 python3 154364     86 rviz2 73056   13855 python3 57892      58 ros2 
1016205312 | 270476     87 python3 154364     86 rviz2 73056   13855 python3 57892      58 ros2 
1015939072 | 270476     87 python3 154364     86 rviz2 73056   13855 python3 57892      58 ros2 
1016164352 | 270476     87 python3 154364     86 rviz2 73056   13855 python3 57892      58 ros2 
1016246272 | 270476     87 python3 154364     86 rviz2 73056   13855 python3 57892      58 ros2 
1015939072 | 270476     87 python3 154364     86 rviz2 73056   13855 python3 57892      58 ros2 
1016250368 | 270476     87 python3 154364     86 rviz2 73056   13855 python3 57892      58 ros2 
1016766464 | 270476     87 python3 154364     86 rviz2 73056   13855 python3 57892      58 ros2 
1017253888 | 270476     87 python3 154364     86 rviz2 73056   13855 python3 57892      58 ros2 
1016762368 | 270476     87 python3 154364     86 rviz2 73056   13855 python3 57892      58 ros2 
1017249792 | 270476     87 python3 154364     86 rviz2 73056   13855 python3 57892      58 ros2 
1017200640 | 270476     87 python3 154364     86 rviz2 73056   13855 python3 57892      58 ros2 
1016762368 | 270476     87 python3 154364     86 rviz2 73056   13855 python3 57892      58 ros2 
1016856576 | 270476     87 python3 154364     86 rviz2 73056   13855 python3 57892      58 ros2 
1016557568 | 270476     87 python3 154364     86 rviz2 73056   13855 python3 57892      58 ros2 
1016295424 | 270476     87 python3 154364     86 rviz2 73056   13855 python3 57892      58 ros2 
1015885824 | 270476     87 python3 154364     86 rviz2 73056   13855 python3 57892      58 ros2 
1016594432 | 270476     87 python3 154364     86 rviz2 73056   13855 python3 57892      58 ros2 
1016291328 | 270476     87 python3 154364     86 rviz2 73056   13855 python3 57892      58 ros2 
1016201216 | 270476     87 python3 154364     86 rviz2 73056   13855 python3 57892      58 ros2 
1017270272 | 270476     87 python3 154364     86 rviz2 73056   13855 python3 57892      58 ros2 
976584704 | 270476     87 python3 154364     86 rviz2 73056   13855 python3 57892      58 ros2 
977035264 | 270476     87 python3 154260     86 rviz2 73056   13855 python3 57788      58 ros2 
977354752 | 270476     87 python3 154196     86 rviz2 72952   13855 python3 57788      58 ros2 
976523264 | 270476     87 python3 154196     86 rviz2 72952   13855 python3 57788      58 ros2 
976752640 | 270476     87 python3 154196     86 rviz2 72888   13855 python3 57724      58 ros2 
976490496 | 270476     87 python3 154196     86 rviz2 72888   13855 python3 57724      58 ros2 
976547840 | 270412     87 python3 154196     86 rviz2 72888   13855 python3 57724      58 ros2 
976523264 | 270412     87 python3 154196     86 rviz2 72888   13855 python3 57724      58 ros2 
975351808 | 270412     87 python3 154196     86 rviz2 72888   13855 python3 57724      58 ros2 
975556608 | 270308     87 python3 154196     86 rviz2 72888   13855 python3 57724      58 ros2 
975876096 | 270308     87 python3 154196     86 rviz2 72888   13855 python3 57724      58 ros2 
975867904 | 270308     87 python3 154196     86 rviz2 72888   13855 python3 57724      58 ros2 
976117760 | 270308     87 python3 154196     86 rviz2 72888   13855 python3 57724      58 ros2 
976220160 | 270308     87 python3 154196     86 rviz2 72888   13855 python3 57724      58 ros2 
975937536 | 270308     87 python3 154196     86 rviz2 72888   13855 python3 57724      58 ros2 
976408576 | 270308     87 python3 154196     86 rviz2 72888   13855 python3 57724      58 ros2 
975970304 | 270308     87 python3 154196     86 rviz2 72888   13855 python3 57724      58 ros2 
976224256 | 270308     87 python3 154196     86 rviz2 72888   13855 python3 57724      58 ros2 
975368192 | 270308     87 python3 154196     86 rviz2 72888   13855 python3 57724      58 ros2 
975110144 | 270308     87 python3 154196     86 rviz2 72888   13855 python3 57724      58 ros2 
975646720 | 270308     87 python3 154196     86 rviz2 72888   13855 python3 57724      58 ros2 
975052800 | 270308     87 python3 154196     86 rviz2 72888   13855 python3 57724      58 ros2 
975179776 | 270308     87 python3 154196     86 rviz2 72888   13855 python3 57724      58 ros2 
975433728 | 270308     87 python3 154196     86 rviz2 72888   13855 python3 57724      58 ros2 
975433728 | 270308     87 python3 154196     86 rviz2 72888   13855 python3 57724      58 ros2 
976101376 | 270308     87 python3 154196     86 rviz2 72888   13855 python3 57724      58 ros2 
975872000 | 270308     87 python3 154196     86 rviz2 72888   13855 python3 57724      58 ros2 
975699968 | 270308     87 python3 154196     86 rviz2 72888   13855 python3 57724      58 ros2 
975638528 | 270308     87 python3 154196     86 rviz2 72888   13855 python3 57724      58 ros2 
975896576 | 270308     87 python3 154196     86 rviz2 72888   13855 python3 57724      58 ros2 
975962112 | 270308     87 python3 154196     86 rviz2 72888   13855 python3 57724      58 ros2 
975982592 | 270308     87 python3 154196     86 rviz2 72888   13855 python3 57724      58 ros2 
975998976 | 270308     87 python3 154196     86 rviz2 72888   13855 python3 57724      58 ros2 
976142336 | 270308     87 python3 154196     86 rviz2 72888   13855 python3 57724      58 ros2 
975179776 | 270308     87 python3 154196     86 rviz2 72888   13855 python3 57724      58 ros2 
975437824 | 270308     87 python3 154196     86 rviz2 72888   13855 python3 57724      58 ros2 
975560704 | 270308     87 python3 154196     86 rviz2 72888   13855 python3 57724      58 ros2 
976408576 | 270308     87 python3 154196     86 rviz2 72888   13855 python3 57724      58 ros2 
976261120 | 270308     87 python3 154196     86 rviz2 72888   13855 python3 57724      58 ros2 
975962112 | 270308     87 python3 154196     86 rviz2 72888   13855 python3 57724      58 ros2 
975974400 | 270308     87 python3 154196     86 rviz2 72888   13855 python3 57724      58 ros2 
976011264 | 270308     87 python3 154196     86 rviz2 72888   13855 python3 57724      58 ros2 
975183872 | 270308     87 python3 154196     86 rviz2 72888   13855 python3 57724      58 ros2 
975323136 | 270308     87 python3 154196     86 rviz2 72888   13855 python3 57724      58 ros2 
975585280 | 270308     87 python3 154196     86 rviz2 72888   13855 python3 57724      58 ros2 
975429632 | 270308     87 python3 154196     86 rviz2 72888   13855 python3 57724      58 ros2 
976084992 | 270308     87 python3 154196     86 rviz2 72888   13855 python3 57724      58 ros2 
975175680 | 270308     87 python3 154196     86 rviz2 72888   13855 python3 57724      58 ros2 
975433728 | 270308     87 python3 154196     86 rviz2 72888   13855 python3 57724      58 ros2 
975179776 | 270308     87 python3 154196     86 rviz2 72888   13855 python3 57724      58 ros2 
975699968 | 270308     87 python3 154196     86 rviz2 72888   13855 python3 57724      58 ros2 
975962112 | 270308     87 python3 154196     86 rviz2 72888   13855 python3 57724      58 ros2 
975634432 | 270308     87 python3 154196     86 rviz2 72888   13855 python3 57724      58 ros2 
975904768 | 270308     87 python3 154196     86 rviz2 72888   13855 python3 57724      58 ros2 
975859712 | 270308     87 python3 154196     86 rviz2 72888   13855 python3 57724      58 ros2 
975966208 | 270308     87 python3 154196     86 rviz2 72888   13855 python3 57724      58 ros2 
976519168 | 270308     87 python3 154196     86 rviz2 72888   13855 python3 57724      58 ros2 
975491072 | 270308     87 python3 154196     86 rviz2 72888   13855 python3 57724      58 ros2 
975441920 | 270308     87 python3 154196     86 rviz2 72888   13855 python3 57724      58 ros2 
975233024 | 270308     87 python3 154196     86 rviz2 72888   13855 python3 57724      58 ros2 
975212544 | 270308     87 python3 154196     86 rviz2 72888   13855 python3 57724      58 ros2 
975167488 | 270308     87 python3 154196     86 rviz2 72888   13855 python3 57724      58 ros2 
975167488 | 270308     87 python3 154196     86 rviz2 72888   13855 python3 57724      58 ros2 
975966208 | 270308     87 python3 154196     86 rviz2 72888   13855 python3 57724      58 ros2 
975847424 | 270308     87 python3 154196     86 rviz2 72888   13855 python3 57724      58 ros2 
975966208 | 270308     87 python3 154196     86 rviz2 72888   13855 python3 57724      58 ros2 
975704064 | 270308     87 python3 154196     86 rviz2 72888   13855 python3 57724      58 ros2 
975970304 | 270308     87 python3 154196     86 rviz2 72888   13855 python3 57724      58 ros2 
975818752 | 270308     87 python3 154196     86 rviz2 72888   13855 python3 57724      58 ros2 
975982592 | 270308     87 python3 154196     86 rviz2 72888   13855 python3 57724      58 ros2 
975982592 | 270308     87 python3 154196     86 rviz2 72888   13855 python3 57724      58 ros2 
975306752 | 270308     87 python3 154196     86 rviz2 72888   13855 python3 57724      58 ros2 
975699968 | 270308     87 python3 154196     86 rviz2 72888   13855 python3 57724      58 ros2 
975437824 | 270308     87 python3 154196     86 rviz2 72888   13855 python3 57724      58 ros2 
975179776 | 270308     87 python3 154196     86 rviz2 72888   13855 python3 57724      58 ros2 
975704064 | 270308     87 python3 154196     86 rviz2 72888   13855 python3 57724      58 ros2 
975433728 | 270308     87 python3 154196     86 rviz2 72888   13855 python3 57724      58 ros2 
975568896 | 270308     87 python3 154196     86 rviz2 72888   13855 python3 57724      58 ros2 
975437824 | 270308     87 python3 154196     86 rviz2 72888   13855 python3 57724      58 ros2 
975175680 | 270308     87 python3 154196     86 rviz2 72888   13855 python3 57724      58 ros2 
975183872 | 270308     87 python3 154196     86 rviz2 72888   13855 python3 57724      58 ros2 
975396864 | 270308     87 python3 154196     86 rviz2 72888   13855 python3 57724      58 ros2 
975179776 | 270308     87 python3 154196     86 rviz2 72888   13855 python3 57724      58 ros2 
975450112 | 270308     87 python3 154196     86 rviz2 72888   13855 python3 57724      58 ros2 
975466496 | 270308     87 python3 154196     86 rviz2 72888   13855 python3 57724      58 ros2 
975437824 | 270308     87 python3 154196     86 rviz2 72888   13855 python3 57724      58 ros2 
975208448 | 270308     87 python3 154196     86 rviz2 72888   13855 python3 57724      58 ros2 
975413248 | 270308     87 python3 154196     86 rviz2 72888   13855 python3 57724      58 ros2 
976138240 | 270308     87 python3 154196     86 rviz2 72888   13855 python3 57724      58 ros2 
975970304 | 270308     87 python3 154196     86 rviz2 72888   13855 python3 57724      58 ros2 
975704064 | 270308     87 python3 154196     86 rviz2 72888   13855 python3 57724      58 ros2 
975855616 | 270308     87 python3 154196     86 rviz2 72888   13855 python3 57724      58 ros2 
975970304 | 270308     87 python3 154196     86 rviz2 72888   13855 python3 57724      58 ros2 
975716352 | 270308     87 python3 154196     86 rviz2 72888   13855 python3 57724      58 ros2 
975978496 | 270308     87 python3 154196     86 rviz2 72888   13855 python3 57724      58 ros2 
975380480 | 270308     87 python3 154196     86 rviz2 72888   13855 python3 57724      58 ros2 
975446016 | 270308     87 python3 154196     86 rviz2 72888   13855 python3 57724      58 ros2 
975323136 | 270308     87 python3 154196     86 rviz2 72888   13855 python3 57724      58 ros2 
975478784 | 270308     87 python3 154196     86 rviz2 72888   13855 python3 57724      58 ros2 
975572992 | 270308     87 python3 154196     86 rviz2 72888   13855 python3 57724      58 ros2 
975966208 | 270308     87 python3 154196     86 rviz2 72888   13855 python3 57724      58 ros2 
975970304 | 270308     87 python3 154196     86 rviz2 72888   13855 python3 57724      58 ros2 
975708160 | 270308     87 python3 154196     86 rviz2 72888   13855 python3 57724      58 ros2 
976093184 | 270308     87 python3 154196     86 rviz2 72888   13855 python3 57724      58 ros2 
976236544 | 270308     87 python3 154196     86 rviz2 72888   13855 python3 57724      58 ros2 
975712256 | 270308     87 python3 154196     86 rviz2 72888   13855 python3 57724      58 ros2 
975831040 | 270308     87 python3 154196     86 rviz2 72888   13855 python3 57724      58 ros2 
975708160 | 270308     87 python3 154196     86 rviz2 72888   13855 python3 57724      58 ros2 
975679488 | 270308     87 python3 154196     86 rviz2 72888   13855 python3 57724      58 ros2 
975708160 | 270308     87 python3 154196     86 rviz2 72888   13855 python3 57724      58 ros2 
975122432 | 270308     87 python3 154196     86 rviz2 72888   13855 python3 57724      58 ros2 
975392768 | 270308     87 python3 154196     86 rviz2 72888   13855 python3 57724      58 ros2 
975376384 | 270308     87 python3 154196     86 rviz2 72888   13855 python3 57724      58 ros2 
975802368 | 270308     87 python3 154196     86 rviz2 72888   13855 python3 57724      58 ros2 
975970304 | 270308     87 python3 154196     86 rviz2 72888   13855 python3 57724      58 ros2 
975671296 | 270308     87 python3 154196     86 rviz2 72888   13855 python3 57724      58 ros2 
976007168 | 270308     87 python3 154196     86 rviz2 72888   13855 python3 57724      58 ros2 
975970304 | 270308     87 python3 154196     86 rviz2 72888   13855 python3 57724      58 ros2 
975708160 | 270308     87 python3 154196     86 rviz2 72888   13855 python3 57724      58 ros2 
975417344 | 270308     87 python3 154196     86 rviz2 72888   13855 python3 57724      58 ros2 
975163392 | 270308     87 python3 154196     86 rviz2 72888   13855 python3 57724      58 ros2 
975450112 | 270308     87 python3 154200     86 rviz2 72888   13855 python3 57724      58 ros2 
975450112 | 270308     87 python3 154200     86 rviz2 72888   13855 python3 57724      58 ros2 
975196160 | 270308     87 python3 154200     86 rviz2 72888   13855 python3 57724      58 ros2 
975446016 | 270308     87 python3 154200     86 rviz2 72888   13855 python3 57724      58 ros2 
975417344 | 270308     87 python3 154200     86 rviz2 72888   13855 python3 57724      58 ros2 
975712256 | 270308     87 python3 154200     86 rviz2 72888   13855 python3 57724      58 ros2 
975974400 | 270308     87 python3 154200     86 rviz2 72888   13855 python3 57724      58 ros2 
976244736 | 270308     87 python3 154200     86 rviz2 72888   13855 python3 57724      58 ros2 
975978496 | 270308     87 python3 154200     86 rviz2 72888   13855 python3 57724      58 ros2 
975712256 | 270308     87 python3 154200     86 rviz2 72888   13855 python3 57724      58 ros2 
975740928 | 270308     87 python3 154200     86 rviz2 72888   13855 python3 57724      58 ros2 
975724544 | 270308     87 python3 154200     86 rviz2 72888   13855 python3 57724      58 ros2 
975974400 | 270308     87 python3 154200     86 rviz2 72888   13855 python3 57724      58 ros2 
975147008 | 270308     87 python3 154200     86 rviz2 72888   13855 python3 57724      58 ros2 
975192064 | 270308     87 python3 154200     86 rviz2 72888   13855 python3 57724      58 ros2 
975450112 | 270308     87 python3 154200     86 rviz2 72888   13855 python3 57724      58 ros2 
975450112 | 270308     87 python3 154200     86 rviz2 72888   13855 python3 57724      58 ros2 
975855616 | 270308     87 python3 154200     86 rviz2 72888   13855 python3 57724      58 ros2 
975990784 | 270308     87 python3 154200     86 rviz2 72888   13855 python3 57724      58 ros2 
976281600 | 270308     87 python3 154200     86 rviz2 72888   13855 python3 57724      58 ros2 
975716352 | 270308     87 python3 154200     86 rviz2 72888   13855 python3 57724      58 ros2 
975978496 | 270308     87 python3 154200     86 rviz2 72888   13855 python3 57724      58 ros2 
975130624 | 270308     87 python3 154200     86 rviz2 72888   13855 python3 57724      58 ros2 
975650816 | 270308     87 python3 154200     86 rviz2 72888   13855 python3 57724      58 ros2 
975122432 | 270308     87 python3 154200     86 rviz2 72888   13855 python3 57724      58 ros2 
975200256 | 270308     87 python3 154200     86 rviz2 72888   13855 python3 57724      58 ros2 
975192064 | 270308     87 python3 154200     86 rviz2 72888   13855 python3 57724      58 ros2 
975192064 | 270308     87 python3 154200     86 rviz2 72888   13855 python3 57724      58 ros2 
975241216 | 270308     87 python3 154200     86 rviz2 72888   13855 python3 57724      58 ros2 
975491072 | 270308     87 python3 154200     86 rviz2 72888   13855 python3 57724      58 ros2 
976023552 | 270308     87 python3 154200     86 rviz2 72888   13855 python3 57724      58 ros2 
976289792 | 270308     87 python3 154200     86 rviz2 72888   13855 python3 57724      58 ros2 
975646720 | 270308     87 python3 154200     86 rviz2 72888   13855 python3 57724      58 ros2 
976121856 | 270308     87 python3 154200     86 rviz2 72888   13855 python3 57724      58 ros2 
975986688 | 270308     87 python3 154200     86 rviz2 72888   13855 python3 57724      58 ros2 
975876096 | 270308     87 python3 154200     86 rviz2 72888   13855 python3 57724      58 ros2 
975716352 | 270308     87 python3 154200     86 rviz2 72888   13855 python3 57724      58 ros2 
975454208 | 270308     87 python3 154200     86 rviz2 72888   13855 python3 57724      58 ros2 
975192064 | 270308     87 python3 154200     86 rviz2 72888   13855 python3 57724      58 ros2 
975847424 | 270308     87 python3 154200     86 rviz2 72888   13855 python3 57724      58 ros2 
975613952 | 270308     87 python3 154200     86 rviz2 72888   13855 python3 57724      58 ros2 
975941632 | 270308     87 python3 154200     86 rviz2 72888   13855 python3 57724      58 ros2 
975974400 | 270308     87 python3 154200     86 rviz2 72888   13855 python3 57724      58 ros2 
976052224 | 270308     87 python3 154200     86 rviz2 72888   13855 python3 57724      58 ros2 
976019456 | 270308     87 python3 154200     86 rviz2 72888   13855 python3 57724      58 ros2 
975941632 | 270308     87 python3 154200     86 rviz2 72888   13855 python3 57724      58 ros2 
975978496 | 270308     87 python3 154200     86 rviz2 72888   13855 python3 57724      58 ros2 
975724544 | 270308     87 python3 154200     86 rviz2 72888   13855 python3 57724      58 ros2 
975986688 | 270308     87 python3 154200     86 rviz2 72888   13855 python3 57724      58 ros2 
975671296 | 270308     87 python3 154200     86 rviz2 72888   13855 python3 57724      58 ros2 
975982592 | 270308     87 python3 154200     86 rviz2 72888   13855 python3 57724      58 ros2 
975192064 | 270308     87 python3 154200     86 rviz2 72888   13855 python3 57724      58 ros2 
975761408 | 270308     87 python3 154200     86 rviz2 72888   13855 python3 57724      58 ros2 
975163392 | 270308     87 python3 154200     86 rviz2 72888   13855 python3 57724      58 ros2 
975450112 | 270308     87 python3 154200     86 rviz2 72888   13855 python3 57724      58 ros2 
975716352 | 270308     87 python3 154200     86 rviz2 72888   13855 python3 57724      58 ros2 
975695872 | 270308     87 python3 154200     86 rviz2 72888   13855 python3 57724      58 ros2 
976175104 | 270308     87 python3 154200     86 rviz2 72888   13855 python3 57724      58 ros2 
976363520 | 270308     87 python3 154200     86 rviz2 72888   13855 python3 57724      58 ros2 
975720448 | 270308     87 python3 154200     86 rviz2 72888   13855 python3 57724      58 ros2 
975724544 | 270308     87 python3 154200     86 rviz2 72888   13855 python3 57724      58 ros2 
975745024 | 270308     87 python3 154200     86 rviz2 72888   13855 python3 57724      58 ros2 
975454208 | 270308     87 python3 154200     86 rviz2 72888   13855 python3 57724      58 ros2 
975454208 | 270308     87 python3 154200     86 rviz2 72888   13855 python3 57724      58 ros2 
975720448 | 270308     87 python3 154200     86 rviz2 72888   13855 python3 57724      58 ros2 
975458304 | 270308     87 python3 154200     86 rviz2 72888   13855 python3 57724      58 ros2 
975126528 | 270308     87 python3 154200     86 rviz2 72888   13855 python3 57724      58 ros2 
975196160 | 270308     87 python3 154200     86 rviz2 72888   13855 python3 57724      58 ros2 
975720448 | 270308     87 python3 154200     86 rviz2 72888   13855 python3 57724      58 ros2 
976265216 | 270308     87 python3 154200     86 rviz2 72888   13855 python3 57724      58 ros2 
975826944 | 270308     87 python3 154200     86 rviz2 72888   13855 python3 57724      58 ros2 
975720448 | 270308     87 python3 154200     86 rviz2 72888   13855 python3 57724      58 ros2 
975986688 | 270308     87 python3 154200     86 rviz2 72888   13855 python3 57724      58 ros2 
975986688 | 270308     87 python3 154200     86 rviz2 72888   13855 python3 57724      58 ros2 
975982592 | 270308     87 python3 154200     86 rviz2 72888   13855 python3 57724      58 ros2 
976392192 | 270308     87 python3 154200     86 rviz2 72888   13855 python3 57724      58 ros2 
975724544 | 270308     87 python3 154200     86 rviz2 72888   13855 python3 57724      58 ros2 
975462400 | 270308     87 python3 154200     86 rviz2 72888   13855 python3 57724      58 ros2 
975187968 | 270308     87 python3 154200     86 rviz2 72888   13855 python3 57724      58 ros2 
975196160 | 270308     87 python3 154200     86 rviz2 72888   13855 python3 57724      58 ros2 
975654912 | 270308     87 python3 154200     86 rviz2 72888   13855 python3 57724      58 ros2 
975654912 | 270308     87 python3 154200     86 rviz2 72888   13855 python3 57724      58 ros2 
975921152 | 270308     87 python3 154200     86 rviz2 72888   13855 python3 57724      58 ros2 
975982592 | 270308     87 python3 154200     86 rviz2 72888   13855 python3 57724      58 ros2 
975716352 | 270308     87 python3 154200     86 rviz2 72888   13855 python3 57724      58 ros2 
975720448 | 270308     87 python3 154200     86 rviz2 72888   13855 python3 57724      58 ros2 
976293888 | 270308     87 python3 154200     86 rviz2 72888   13855 python3 57724      58 ros2 
975986688 | 270308     87 python3 154200     86 rviz2 72888   13855 python3 57724      58 ros2 
975720448 | 270308     87 python3 154200     86 rviz2 72888   13855 python3 57724      58 ros2 
975986688 | 270308     87 python3 154200     86 rviz2 72888   13855 python3 57724      58 ros2 
975007744 | 270308     87 python3 154200     86 rviz2 72888   13855 python3 57724      58 ros2 
975392768 | 270308     87 python3 154200     86 rviz2 72888   13855 python3 57724      58 ros2 
975716352 | 270308     87 python3 154200     86 rviz2 72888   13855 python3 57724      58 ros2 
976269312 | 270308     87 python3 154200     86 rviz2 72888   13855 python3 57724      58 ros2 
976302080 | 270308     87 python3 154200     86 rviz2 72888   13855 python3 57724      58 ros2 
975990784 | 270308     87 python3 154200     86 rviz2 72888   13855 python3 57724      58 ros2 
976064512 | 270308     87 python3 154200     86 rviz2 72888   13855 python3 57724      58 ros2 
976138240 | 270308     87 python3 154200     86 rviz2 72888   13855 python3 57724      58 ros2 
976171008 | 270308     87 python3 154200     86 rviz2 72888   13855 python3 57724      58 ros2 
975876096 | 270308     87 python3 154200     86 rviz2 72888   13855 python3 57724      58 ros2 
975458304 | 270308     87 python3 154200     86 rviz2 72888   13855 python3 57724      58 ros2 
975347712 | 270308     87 python3 154200     86 rviz2 72888   13855 python3 57724      58 ros2 
975577088 | 270308     87 python3 154200     86 rviz2 72888   13855 python3 57724      58 ros2 
975511552 | 270308     87 python3 154200     86 rviz2 72888   13855 python3 57724      58 ros2 
975511552 | 270308     87 python3 154200     86 rviz2 72888   13855 python3 57724      58 ros2 
975261696 | 270308     87 python3 154200     86 rviz2 72888   13855 python3 57724      58 ros2 
975777792 | 270308     87 python3 154200     86 rviz2 72888   13855 python3 57724      58 ros2 
976277504 | 270308     87 python3 154200     86 rviz2 72888   13855 python3 57724      58 ros2 
975728640 | 270308     87 python3 154200     86 rviz2 72888   13855 python3 57724      58 ros2 
976084992 | 270308     87 python3 154200     86 rviz2 72888   13855 python3 57724      58 ros2 
975986688 | 270308     87 python3 154200     86 rviz2 72888   13855 python3 57724      58 ros2 
976257024 | 270308     87 python3 154200     86 rviz2 72888   13855 python3 57724      58 ros2 
976158720 | 270308     87 python3 154200     86 rviz2 72888   13855 python3 57724      58 ros2 
976039936 | 270308     87 python3 154200     86 rviz2 72888   13855 python3 57724      58 ros2 
975183872 | 270308     87 python3 154200     86 rviz2 72888   13855 python3 57724      58 ros2 
975233024 | 270308     87 python3 154200     86 rviz2 72888   13855 python3 57724      58 ros2 
975278080 | 270308     87 python3 154200     86 rviz2 72888   13855 python3 57724      58 ros2 
975478784 | 270308     87 python3 154200     86 rviz2 72888   13855 python3 57724      58 ros2 
975257600 | 270308     87 python3 154200     86 rviz2 72888   13855 python3 57724      58 ros2 
975458304 | 270308     87 python3 154200     86 rviz2 72888   13855 python3 57724      58 ros2 
975200256 | 270308     87 python3 154200     86 rviz2 72888   13855 python3 57724      58 ros2 
975724544 | 270308     87 python3 154200     86 rviz2 72888   13855 python3 57724      58 ros2 
975720448 | 270308     87 python3 154200     86 rviz2 72888   13855 python3 57724      58 ros2 
975470592 | 270308     87 python3 154200     86 rviz2 72888   13855 python3 57724      58 ros2 
975142912 | 270308     87 python3 154200     86 rviz2 72888   13855 python3 57724      58 ros2 
975196160 | 270308     87 python3 154200     86 rviz2 72888   13855 python3 57724      58 ros2 
975740928 | 270308     87 python3 154200     86 rviz2 72888   13855 python3 57724      58 ros2 
975478784 | 270308     87 python3 154200     86 rviz2 72888   13855 python3 57724      58 ros2 
975261696 | 270308     87 python3 154200     86 rviz2 72888   13855 python3 57724      58 ros2 
975454208 | 270308     87 python3 154200     86 rviz2 72888   13855 python3 57724      58 ros2 
975200256 | 270308     87 python3 154200     86 rviz2 72888   13855 python3 57724      58 ros2 
975986688 | 270308     87 python3 154200     86 rviz2 72888   13855 python3 57724      58 ros2 
976359424 | 270308     87 python3 154200     86 rviz2 72888   13855 python3 57724      58 ros2 
975888384 | 270308     87 python3 154200     86 rviz2 72888   13855 python3 57724      58 ros2 
975728640 | 270308     87 python3 154200     86 rviz2 72888   13855 python3 57724      58 ros2 
975978496 | 270308     87 python3 154200     86 rviz2 72888   13855 python3 57724      58 ros2 
976027648 | 270308     87 python3 154200     86 rviz2 72888   13855 python3 57724      58 ros2 
975998976 | 270308     87 python3 154200     86 rviz2 72888   13855 python3 57724      58 ros2 
975163392 | 270308     87 python3 154200     86 rviz2 72888   13855 python3 57724      58 ros2 
975130624 | 270308     87 python3 154200     86 rviz2 72888   13855 python3 57724      58 ros2 
975736832 | 270308     87 python3 154200     86 rviz2 72888   13855 python3 57724      58 ros2 
975499264 | 270308     87 python3 154200     86 rviz2 72888   13855 python3 57724      58 ros2 
975749120 | 270308     87 python3 154200     86 rviz2 72888   13855 python3 57724      58 ros2 
975204352 | 270308     87 python3 154200     86 rviz2 72888   13855 python3 57724      58 ros2 
976515072 | 270308     87 python3 154200     86 rviz2 72888   13855 python3 57724      58 ros2 
975724544 | 270308     87 python3 154200     86 rviz2 72888   13855 python3 57724      58 ros2 
975749120 | 270308     87 python3 154200     86 rviz2 72888   13855 python3 57724      58 ros2 
976429056 | 270308     87 python3 154200     86 rviz2 72888   13855 python3 57724      58 ros2 
975663104 | 270308     87 python3 154200     86 rviz2 72888   13855 python3 57724      58 ros2 
975831040 | 270308     87 python3 154200     86 rviz2 72888   13855 python3 57724      58 ros2 
975872000 | 270308     87 python3 154200     86 rviz2 72888   13855 python3 57724      58 ros2 
975732736 | 270308     87 python3 154200     86 rviz2 72888   13855 python3 57724      58 ros2 
976035840 | 270308     87 python3 154200     86 rviz2 72888   13855 python3 57724      58 ros2 
975462400 | 270308     87 python3 154200     86 rviz2 72888   13855 python3 57724      58 ros2 
975855616 | 270308     87 python3 154200     86 rviz2 72888   13855 python3 57724      58 ros2 
975204352 | 270308     87 python3 154200     86 rviz2 72888   13855 python3 57724      58 ros2 
976154624 | 270308     87 python3 154200     86 rviz2 72888   13855 python3 57724      58 ros2 
975728640 | 270308     87 python3 154200     86 rviz2 72888   13855 python3 57724      58 ros2 
976105472 | 270308     87 python3 154200     86 rviz2 72888   13855 python3 57724      58 ros2 
976150528 | 270308     87 python3 154200     86 rviz2 72888   13855 python3 57724      58 ros2 
975990784 | 270308     87 python3 154200     86 rviz2 72888   13855 python3 57724      58 ros2 
975994880 | 270308     87 python3 154200     86 rviz2 72888   13855 python3 57724      58 ros2 
976252928 | 270308     87 python3 154200     86 rviz2 72888   13855 python3 57724      58 ros2 
975462400 | 270308     87 python3 154200     86 rviz2 72888   13855 python3 57724      58 ros2 
975511552 | 270308     87 python3 154200     86 rviz2 72888   13855 python3 57724      58 ros2 
975724544 | 270308     87 python3 154200     86 rviz2 72888   13855 python3 57724      58 ros2 
975462400 | 270308     87 python3 154200     86 rviz2 72888   13855 python3 57724      58 ros2 
975462400 | 270308     87 python3 154200     86 rviz2 72888   13855 python3 57724      58 ros2 
975728640 | 270308     87 python3 154200     86 rviz2 72888   13855 python3 57724      58 ros2 
976515072 | 270308     87 python3 154200     86 rviz2 72888   13855 python3 57724      58 ros2 
975695872 | 270308     87 python3 154200     86 rviz2 72888   13855 python3 57724      58 ros2 
975994880 | 270308     87 python3 154200     86 rviz2 72888   13855 python3 57724      58 ros2 
975843328 | 270308     87 python3 154200     86 rviz2 72888   13855 python3 57724      58 ros2 
976515072 | 270308     87 python3 154200     86 rviz2 72888   13855 python3 57724      58 ros2 
975724544 | 270308     87 python3 154200     86 rviz2 72888   13855 python3 57724      58 ros2 
976117760 | 270308     87 python3 154200     86 rviz2 72888   13855 python3 57724      58 ros2 
975900672 | 270308     87 python3 154200     86 rviz2 72888   13855 python3 57724      58 ros2 
975462400 | 270308     87 python3 154200     86 rviz2 72888   13855 python3 57724      58 ros2 
975540224 | 270308     87 python3 154200     86 rviz2 72888   13855 python3 57724      58 ros2 
975470592 | 270308     87 python3 154200     86 rviz2 72888   13855 python3 57724      58 ros2 
975466496 | 270308     87 python3 154200     86 rviz2 72888   13855 python3 57724      58 ros2 
975462400 | 270308     87 python3 154200     86 rviz2 72888   13855 python3 57724      58 ros2 
975925248 | 270308     87 python3 154200     86 rviz2 72888   13855 python3 57724      58 ros2 
975958016 | 270308     87 python3 154200     86 rviz2 72888   13855 python3 57724      58 ros2 
976252928 | 270308     87 python3 154200     86 rviz2 72888   13855 python3 57724      58 ros2 
975953920 | 270308     87 python3 154200     86 rviz2 72888   13855 python3 57724      58 ros2 
976289792 | 270308     87 python3 154200     86 rviz2 72888   13855 python3 57724      58 ros2 
975466496 | 270308     87 python3 154200     86 rviz2 72888   13855 python3 57724      58 ros2 
975777792 | 270308     87 python3 154200     86 rviz2 72888   13855 python3 57724      58 ros2 
975511552 | 270308     87 python3 154200     86 rviz2 72888   13855 python3 57724      58 ros2 
975212544 | 270308     87 python3 154200     86 rviz2 72888   13855 python3 57724      58 ros2 
975208448 | 270308     87 python3 154200     86 rviz2 72888   13855 python3 57724      58 ros2 
975466496 | 270308     87 python3 154200     86 rviz2 72888   13855 python3 57724      58 ros2 
975204352 | 270308     87 python3 154200     86 rviz2 72888   13855 python3 57724      58 ros2 
975994880 | 270308     87 python3 154200     86 rviz2 72888   13855 python3 57724      58 ros2 
975781888 | 270308     87 python3 154200     86 rviz2 72888   13855 python3 57724      58 ros2 
975994880 | 270308     87 python3 154200     86 rviz2 72888   13855 python3 57724      58 ros2 
975732736 | 270308     87 python3 154200     86 rviz2 72888   13855 python3 57724      58 ros2 
975736832 | 270308     87 python3 154200     86 rviz2 72888   13855 python3 57724      58 ros2 
975994880 | 270308     87 python3 154200     86 rviz2 72888   13855 python3 57724      58 ros2 
976166912 | 270308     87 python3 154200     86 rviz2 72888   13855 python3 57724      58 ros2 
975200256 | 270308     87 python3 154200     86 rviz2 72888   13855 python3 57724      58 ros2 
975495168 | 270308     87 python3 154200     86 rviz2 72888   13855 python3 57724      58 ros2 
975466496 | 270308     87 python3 154200     86 rviz2 72888   13855 python3 57724      58 ros2 
975212544 | 270308     87 python3 154200     86 rviz2 72888   13855 python3 57724      58 ros2 
975745024 | 270308     87 python3 154200     86 rviz2 72888   13855 python3 57724      58 ros2 
975220736 | 270308     87 python3 154200     86 rviz2 72888   13855 python3 57724      58 ros2 
975740928 | 270308     87 python3 154200     86 rviz2 72888   13855 python3 57724      58 ros2 
975749120 | 270308     87 python3 154200     86 rviz2 72888   13855 python3 57724      58 ros2 
975728640 | 270308     87 python3 154200     86 rviz2 72888   13855 python3 57724      58 ros2 
976003072 | 270308     87 python3 154200     86 rviz2 72888   13855 python3 57724      58 ros2 
975736832 | 270308     87 python3 154200     86 rviz2 72888   13855 python3 57724      58 ros2 
975892480 | 270308     87 python3 154200     86 rviz2 72888   13855 python3 57724      58 ros2 
975609856 | 270308     87 python3 154200     86 rviz2 72888   13855 python3 57724      58 ros2 
975998976 | 270308     87 python3 154200     86 rviz2 72888   13855 python3 57724      58 ros2 
975736832 | 270308     87 python3 154200     86 rviz2 72888   13855 python3 57724      58 ros2 
974987264 | 270308     87 python3 154200     86 rviz2 72888   13855 python3 57724      58 ros2 
975466496 | 270308     87 python3 154200     86 rviz2 72888   13855 python3 57724      58 ros2 
975204352 | 270308     87 python3 154200     86 rviz2 72888   13855 python3 57724      58 ros2 
975994880 | 270308     87 python3 154200     86 rviz2 72888   13855 python3 57724      58 ros2 
975994880 | 270308     87 python3 154200     86 rviz2 72888   13855 python3 57724      58 ros2 
975736832 | 270308     87 python3 154200     86 rviz2 72888   13855 python3 57724      58 ros2 
976302080 | 270308     87 python3 154200     86 rviz2 72888   13855 python3 57724      58 ros2 
975728640 | 270308     87 python3 154200     86 rviz2 72888   13855 python3 57724      58 ros2 
975876096 | 270308     87 python3 154200     86 rviz2 72888   13855 python3 57724      58 ros2 
975310848 | 270308     87 python3 154200     86 rviz2 72888   13855 python3 57724      58 ros2 
975085568 | 270308     87 python3 154200     86 rviz2 72888   13855 python3 57724      58 ros2 
975990784 | 270308     87 python3 154200     86 rviz2 72888   13855 python3 57724      58 ros2 
975437824 | 270308     87 python3 154200     86 rviz2 72888   13855 python3 57724      58 ros2 
975482880 | 270308     87 python3 154200     86 rviz2 72888   13855 python3 57724      58 ros2 
975273984 | 270308     87 python3 154200     86 rviz2 72888   13855 python3 57724      58 ros2 
975138816 | 270308     87 python3 154200     86 rviz2 72888   13855 python3 57724      58 ros2 
975986688 | 270308     87 python3 154200     86 rviz2 72888   13855 python3 57724      58 ros2 
975736832 | 270308     87 python3 154200     86 rviz2 72888   13855 python3 57724      58 ros2 
975892480 | 270308     87 python3 154200     86 rviz2 72888   13855 python3 57724      58 ros2 
975740928 | 270308     87 python3 154200     86 rviz2 72888   13855 python3 57724      58 ros2 
976134144 | 270308     87 python3 154200     86 rviz2 72888   13855 python3 57724      58 ros2 
976240640 | 270308     87 python3 154200     86 rviz2 72888   13855 python3 57724      58 ros2 
975962112 | 270308     87 python3 154200     86 rviz2 72888   13855 python3 57724      58 ros2 
975998976 | 270308     87 python3 154200     86 rviz2 72888   13855 python3 57724      58 ros2 
975773696 | 270308     87 python3 154200     86 rviz2 72888   13855 python3 57724      58 ros2 
975740928 | 270308     87 python3 154200     86 rviz2 72888   13855 python3 57724      58 ros2 
975212544 | 270308     87 python3 154200     86 rviz2 72888   13855 python3 57724      58 ros2 
975482880 | 270308     87 python3 154200     86 rviz2 72888   13855 python3 57724      58 ros2 
975089664 | 270308     87 python3 154200     86 rviz2 72888   13855 python3 57724      58 ros2 
975998976 | 270308     87 python3 154200     86 rviz2 72888   13855 python3 57724      58 ros2 
975998976 | 270308     87 python3 154200     86 rviz2 72888   13855 python3 57724      58 ros2 
975958016 | 270308     87 python3 154200     86 rviz2 72888   13855 python3 57724      58 ros2 
975740928 | 270308     87 python3 154200     86 rviz2 72888   13855 python3 57724      58 ros2 
975937536 | 270308     87 python3 154200     86 rviz2 72888   13855 python3 57724      58 ros2 
976003072 | 270308     87 python3 154200     86 rviz2 72888   13855 python3 57724      58 ros2 
976044032 | 270308     87 python3 154200     86 rviz2 72888   13855 python3 57724      58 ros2 
976146432 | 270308     87 python3 154200     86 rviz2 72888   13855 python3 57724      58 ros2 
976416768 | 270308     87 python3 154200     86 rviz2 72888   13855 python3 57724      58 ros2 
975470592 | 270308     87 python3 154200     86 rviz2 72888   13855 python3 57724      58 ros2 
975474688 | 270308     87 python3 154200     86 rviz2 72888   13855 python3 57724      58 ros2 
975732736 | 270308     87 python3 154200     86 rviz2 72888   13855 python3 57724      58 ros2 
975745024 | 270308     87 python3 154200     86 rviz2 72888   13855 python3 57724      58 ros2 
976048128 | 270308     87 python3 154200     86 rviz2 72888   13855 python3 57724      58 ros2 
975745024 | 270308     87 python3 154200     86 rviz2 72888   13855 python3 57724      58 ros2 
976347136 | 270308     87 python3 154200     86 rviz2 72888   13855 python3 57724      58 ros2 
976003072 | 270308     87 python3 154200     86 rviz2 72888   13855 python3 57724      58 ros2 
976150528 | 270308     87 python3 154200     86 rviz2 72888   13855 python3 57724      58 ros2 
976027648 | 270308     87 python3 154200     86 rviz2 72888   13855 python3 57724      58 ros2 
975196160 | 270308     87 python3 154200     86 rviz2 72888   13855 python3 57724      58 ros2 
975278080 | 270308     87 python3 154200     86 rviz2 72888   13855 python3 57724      58 ros2 
975802368 | 270308     87 python3 154200     86 rviz2 72888   13855 python3 57724      58 ros2 
975470592 | 270308     87 python3 154200     86 rviz2 72888   13855 python3 57724      58 ros2 
975470592 | 270308     87 python3 154200     86 rviz2 72888   13855 python3 57724      58 ros2 
975118336 | 270308     87 python3 154200     86 rviz2 72888   13855 python3 57724      58 ros2 
975765504 | 270308     87 python3 154200     86 rviz2 72888   13855 python3 57724      58 ros2 
976007168 | 270308     87 python3 154200     86 rviz2 72888   13855 python3 57724      58 ros2 
976060416 | 270308     87 python3 154200     86 rviz2 72888   13855 python3 57724      58 ros2 
975990784 | 270308     87 python3 154200     86 rviz2 72888   13855 python3 57724      58 ros2 
975937536 | 270308     87 python3 154200     86 rviz2 72888   13855 python3 57724      58 ros2 
976003072 | 270308     87 python3 154200     86 rviz2 72888   13855 python3 57724      58 ros2 
975998976 | 270308     87 python3 154200     86 rviz2 72888   13855 python3 57724      58 ros2 
976003072 | 270308     87 python3 154200     86 rviz2 72888   13855 python3 57724      58 ros2 
975474688 | 270308     87 python3 154200     86 rviz2 72888   13855 python3 57724      58 ros2 
975499264 | 270308     87 python3 154200     86 rviz2 72888   13855 python3 57724      58 ros2 
975552512 | 270308     87 python3 154200     86 rviz2 72888   13855 python3 57724      58 ros2 
975486976 | 270308     87 python3 154200     86 rviz2 72888   13855 python3 57724      58 ros2 
975212544 | 270308     87 python3 154200     86 rviz2 72888   13855 python3 57724      58 ros2 
975519744 | 270308     87 python3 154200     86 rviz2 72888   13855 python3 57724      58 ros2 
975507456 | 270308     87 python3 154200     86 rviz2 72888   13855 python3 57724      58 ros2 
975220736 | 270308     87 python3 154200     86 rviz2 72888   13855 python3 57724      58 ros2 
975474688 | 270308     87 python3 154200     86 rviz2 72888   13855 python3 57724      58 ros2 
975478784 | 270308     87 python3 154200     86 rviz2 72888   13855 python3 57724      58 ros2 
975183872 | 270308     87 python3 154200     86 rviz2 72888   13855 python3 57724      58 ros2 
975409152 | 270308     87 python3 154200     86 rviz2 72888   13855 python3 57724      58 ros2 
975147008 | 270308     87 python3 154200     86 rviz2 72888   13855 python3 57724      58 ros2 
975216640 | 270308     87 python3 154200     86 rviz2 72888   13855 python3 57724      58 ros2 
975499264 | 270308     87 python3 154200     86 rviz2 72888   13855 python3 57724      58 ros2 
975437824 | 270308     87 python3 154200     86 rviz2 72888   13855 python3 57724      58 ros2 
975474688 | 270308     87 python3 154200     86 rviz2 72888   13855 python3 57724      58 ros2 
976003072 | 270308     87 python3 154200     86 rviz2 72888   13855 python3 57724      58 ros2 
976494592 | 270308     87 python3 154200     86 rviz2 72888   13855 python3 57724      58 ros2 
976089088 | 270308     87 python3 154200     86 rviz2 72888   13855 python3 57724      58 ros2 
975937536 | 270308     87 python3 154200     86 rviz2 72888   13855 python3 57724      58 ros2 
976199680 | 270308     87 python3 154200     86 rviz2 72888   13855 python3 57724      58 ros2 
976113664 | 270308     87 python3 154200     86 rviz2 72888   13855 python3 57724      58 ros2 
976416768 | 270308     87 python3 154200     86 rviz2 72888   13855 python3 57724      58 ros2 
975855616 | 270308     87 python3 154200     86 rviz2 72888   13855 python3 57724      58 ros2 
975691776 | 270308     87 python3 154200     86 rviz2 72888   13855 python3 57724      58 ros2 
975781888 | 270308     87 python3 154200     86 rviz2 72888   13855 python3 57724      58 ros2 
975671296 | 270308     87 python3 154200     86 rviz2 72888   13855 python3 57724      58 ros2 
975937536 | 270308     87 python3 154200     86 rviz2 72888   13855 python3 57724      58 ros2 
975728640 | 270308     87 python3 154200     86 rviz2 72888   13855 python3 57724      58 ros2 
976003072 | 270308     87 python3 154200     86 rviz2 72888   13855 python3 57724      58 ros2 
976416768 | 270308     87 python3 154200     86 rviz2 72888   13855 python3 57724      58 ros2 
976228352 | 270308     87 python3 154200     86 rviz2 72888   13855 python3 57724      58 ros2 
976080896 | 270308     87 python3 154200     86 rviz2 72888   13855 python3 57724      58 ros2 
975892480 | 270308     87 python3 154200     86 rviz2 72888   13855 python3 57724      58 ros2 
976302080 | 270308     87 python3 154200     86 rviz2 72888   13855 python3 57724      58 ros2 
976265216 | 270308     87 python3 154200     86 rviz2 72888   13855 python3 57724      58 ros2 
976232448 | 270308     87 python3 154200     86 rviz2 72888   13855 python3 57724      58 ros2 
975917056 | 270308     87 python3 154200     86 rviz2 72888   13855 python3 57724      58 ros2 
975659008 | 270308     87 python3 154200     86 rviz2 72888   13855 python3 57724      58 ros2 
975912960 | 270308     87 python3 154200     86 rviz2 72888   13855 python3 57724      58 ros2 
975478784 | 270308     87 python3 154200     86 rviz2 72888   13855 python3 57724      58 ros2 
975216640 | 270308     87 python3 154200     86 rviz2 72888   13855 python3 57724      58 ros2 
976007168 | 270308     87 python3 154200     86 rviz2 72888   13855 python3 57724      58 ros2 
976158720 | 270308     87 python3 154200     86 rviz2 72888   13855 python3 57724      58 ros2 
975675392 | 270308     87 python3 154200     86 rviz2 72888   13855 python3 57724      58 ros2 
976117760 | 270308     87 python3 154200     86 rviz2 72888   13855 python3 57724      58 ros2 
976449536 | 270308     87 python3 154200     86 rviz2 72888   13855 python3 57724      58 ros2 
975855616 | 270308     87 python3 154200     86 rviz2 72888   13855 python3 57724      58 ros2 
975290368 | 270308     87 python3 154200     86 rviz2 72888   13855 python3 57724      58 ros2 
975323136 | 270308     87 python3 154200     86 rviz2 72888   13855 python3 57724      58 ros2 
975360000 | 270308     87 python3 154200     86 rviz2 72888   13855 python3 57724      58 ros2 
975740928 | 270308     87 python3 154200     86 rviz2 72888   13855 python3 57724      58 ros2 
975650816 | 270308     87 python3 154200     86 rviz2 72888   13855 python3 57724      58 ros2 
975220736 | 270308     87 python3 154200     86 rviz2 72888   13855 python3 57724      58 ros2 
976011264 | 270308     87 python3 154200     86 rviz2 72888   13855 python3 57724      58 ros2 
975749120 | 270308     87 python3 154200     86 rviz2 72888   13855 python3 57724      58 ros2 
975740928 | 270308     87 python3 154200     86 rviz2 72888   13855 python3 57724      58 ros2 
976252928 | 270308     87 python3 154200     86 rviz2 72888   13855 python3 57724      58 ros2 
975892480 | 270308     87 python3 154200     86 rviz2 72888   13855 python3 57724      58 ros2 
976535552 | 270308     87 python3 154200     86 rviz2 72888   13855 python3 57724      58 ros2 
975978496 | 270308     87 python3 154200     86 rviz2 72888   13855 python3 57724      58 ros2 
976011264 | 270308     87 python3 154200     86 rviz2 72888   13855 python3 57724      58 ros2 
975417344 | 270308     87 python3 154200     86 rviz2 72888   13855 python3 57724      58 ros2 
975622144 | 270308     87 python3 154200     86 rviz2 72888   13855 python3 57724      58 ros2 
975704064 | 270308     87 python3 154200     86 rviz2 72888   13855 python3 57724      58 ros2 
975687680 | 270308     87 python3 154200     86 rviz2 72888   13855 python3 57724      58 ros2 
975380480 | 270308     87 python3 154200     86 rviz2 72888   13855 python3 57724      58 ros2 
976465920 | 270308     87 python3 154200     86 rviz2 72888   13855 python3 57724      58 ros2 
976273408 | 270308     87 python3 154200     86 rviz2 72888   13855 python3 57724      58 ros2 
975970304 | 270308     87 python3 154200     86 rviz2 72888   13855 python3 57724      58 ros2 
977002496 | 270308     87 python3 154200     86 rviz2 72888   13855 python3 57724      58 ros2 
976281600 | 270308     87 python3 154200     86 rviz2 72888   13855 python3 57724      58 ros2 
976273408 | 270308     87 python3 154200     86 rviz2 72888   13855 python3 57724      58 ros2 
975917056 | 270308     87 python3 154200     86 rviz2 72888   13855 python3 57724      58 ros2 
976400384 | 270308     87 python3 154200     86 rviz2 72888   13855 python3 57724      58 ros2 
976273408 | 270308     87 python3 154200     86 rviz2 72888   13855 python3 57724      58 ros2 
976060416 | 270308     87 python3 154200     86 rviz2 72888   13855 python3 57724      58 ros2 
975478784 | 270308     87 python3 154200     86 rviz2 72888   13855 python3 57724      58 ros2 
975548416 | 270308     87 python3 154200     86 rviz2 72888   13855 python3 57724      58 ros2 
975458304 | 270308     87 python3 154200     86 rviz2 72888   13855 python3 57724      58 ros2 
976441344 | 270308     87 python3 154200     86 rviz2 72888   13855 python3 57724      58 ros2 
976019456 | 270308     87 python3 154200     86 rviz2 72888   13855 python3 57724      58 ros2 
975953920 | 270308     87 python3 154200     86 rviz2 72888   13855 python3 57724      58 ros2 
976363520 | 270308     87 python3 154200     86 rviz2 72888   13855 python3 57724      58 ros2 
976138240 | 270308     87 python3 154200     86 rviz2 72888   13855 python3 57724      58 ros2 
976150528 | 270308     87 python3 154200     86 rviz2 72888   13855 python3 57724      58 ros2 
975425536 | 270308     87 python3 154200     86 rviz2 72888   13855 python3 57724      58 ros2 
975679488 | 270308     87 python3 154200     86 rviz2 72888   13855 python3 57724      58 ros2 
975486976 | 270308     87 python3 154200     86 rviz2 72888   13855 python3 57724      58 ros2 
975224832 | 270308     87 python3 154200     86 rviz2 72888   13855 python3 57724      58 ros2 
975306752 | 270308     87 python3 154200     86 rviz2 72888   13855 python3 57724      58 ros2 
975667200 | 270308     87 python3 154200     86 rviz2 72888   13855 python3 57724      58 ros2 
976031744 | 270308     87 python3 154200     86 rviz2 72888   13855 python3 57724      58 ros2 
976306176 | 270308     87 python3 154200     86 rviz2 72888   13855 python3 57724      58 ros2 
976003072 | 270308     87 python3 154200     86 rviz2 72888   13855 python3 57724      58 ros2 
975880192 | 270308     87 python3 154200     86 rviz2 72888   13855 python3 57724      58 ros2 
976031744 | 270308     87 python3 154200     86 rviz2 72888   13855 python3 57724      58 ros2 
976011264 | 270308     87 python3 154200     86 rviz2 72888   13855 python3 57724      58 ros2 
976334848 | 270308     87 python3 154200     86 rviz2 72888   13855 python3 57724      58 ros2 
976023552 | 270308     87 python3 154200     86 rviz2 72888   13855 python3 57724      58 ros2 
976199680 | 270308     87 python3 154200     86 rviz2 72888   13855 python3 57724      58 ros2 
975110144 | 270308     87 python3 154200     86 rviz2 72888   13855 python3 57724      58 ros2 
975417344 | 270308     87 python3 154200     86 rviz2 72888   13855 python3 57724      58 ros2 
975151104 | 270308     87 python3 154200     86 rviz2 72888   13855 python3 57724      58 ros2 
975413248 | 270308     87 python3 154200     86 rviz2 72888   13855 python3 57724      58 ros2 
976199680 | 270308     87 python3 154200     86 rviz2 72888   13855 python3 57724      58 ros2 
975753216 | 270308     87 python3 154200     86 rviz2 72888   13855 python3 57724      58 ros2 
975704064 | 270308     87 python3 154200     86 rviz2 72888   13855 python3 57724      58 ros2 
976535552 | 270308     87 python3 154200     86 rviz2 72888   13855 python3 57724      58 ros2 
976011264 | 270308     87 python3 154200     86 rviz2 72888   13855 python3 57724      58 ros2 
975749120 | 270308     87 python3 154200     86 rviz2 72888   13855 python3 57724      58 ros2 
975003648 | 270308     87 python3 154200     86 rviz2 72888   13855 python3 57724      58 ros2 
975290368 | 270308     87 python3 154200     86 rviz2 72888   13855 python3 57724      58 ros2 
975552512 | 270308     87 python3 154200     86 rviz2 72888   13855 python3 57724      58 ros2 
975552512 | 270308     87 python3 154200     86 rviz2 72888   13855 python3 57724      58 ros2 
975552512 | 270308     87 python3 154200     86 rviz2 72888   13855 python3 57724      58 ros2 
975138816 | 270308     87 python3 154200     86 rviz2 72888   13855 python3 57724      58 ros2 
975396864 | 270308     87 python3 154200     86 rviz2 72888   13855 python3 57724      58 ros2 
975818752 | 270308     87 python3 154200     86 rviz2 72888   13855 python3 57724      58 ros2 
976044032 | 270308     87 python3 154200     86 rviz2 72888   13855 python3 57724      58 ros2 
975937536 | 270308     87 python3 154200     86 rviz2 72888   13855 python3 57724      58 ros2 
975757312 | 270308     87 python3 154200     86 rviz2 72888   13855 python3 57724      58 ros2 
976019456 | 270308     87 python3 154200     86 rviz2 72888   13855 python3 57724      58 ros2 
975757312 | 270308     87 python3 154200     86 rviz2 72888   13855 python3 57724      58 ros2 
976019456 | 270308     87 python3 154200     86 rviz2 72888   13855 python3 57724      58 ros2 
975495168 | 270308     87 python3 154200     86 rviz2 72888   13855 python3 57724      58 ros2 
975237120 | 270308     87 python3 154200     86 rviz2 72888   13855 python3 57724      58 ros2 
975491072 | 270308     87 python3 154200     86 rviz2 72888   13855 python3 57724      58 ros2 
975753216 | 270308     87 python3 154200     86 rviz2 72888   13855 python3 57724      58 ros2 
975343616 | 270308     87 python3 154200     86 rviz2 72888   13855 python3 57724      58 ros2 
976019456 | 270308     87 python3 154200     86 rviz2 72888   13855 python3 57724      58 ros2 
975773696 | 270308     87 python3 154200     86 rviz2 72888   13855 python3 57724      58 ros2 
975753216 | 270308     87 python3 154200     86 rviz2 72888   13855 python3 57724      58 ros2 
976400384 | 270308     87 python3 154200     86 rviz2 72888   13855 python3 57724      58 ros2 
975757312 | 270308     87 python3 154200     86 rviz2 72888   13855 python3 57724      58 ros2 
975949824 | 270308     87 python3 154200     86 rviz2 72888   13855 python3 57724      58 ros2 
976060416 | 270308     87 python3 154200     86 rviz2 72888   13855 python3 57724      58 ros2 
976179200 | 270308     87 python3 154200     86 rviz2 72888   13855 python3 57724      58 ros2 
976269312 | 270308     87 python3 154200     86 rviz2 72888   13855 python3 57724      58 ros2 
976265216 | 270308     87 python3 154200     86 rviz2 72888   13855 python3 57724      58 ros2 
975351808 | 270308     87 python3 154200     86 rviz2 72888   13855 python3 57724      58 ros2 
975310848 | 270308     87 python3 154200     86 rviz2 72888   13855 python3 57724      58 ros2 
975724544 | 270308     87 python3 154200     86 rviz2 72888   13855 python3 57724      58 ros2 
976015360 | 270308     87 python3 154200     86 rviz2 72888   13855 python3 57724      58 ros2 
976154624 | 270308     87 python3 154200     86 rviz2 72888   13855 python3 57724      58 ros2 
975949824 | 270308     87 python3 154200     86 rviz2 72888   13855 python3 57724      58 ros2 
976027648 | 270308     87 python3 154200     86 rviz2 72888   13855 python3 57724      58 ros2 
975949824 | 270308     87 python3 154200     86 rviz2 72888   13855 python3 57724      58 ros2 
976048128 | 270308     87 python3 154200     86 rviz2 72888   13855 python3 57724      58 ros2 
975523840 | 270308     87 python3 154200     86 rviz2 72888   13855 python3 57724      58 ros2 
975622144 | 270308     87 python3 154200     86 rviz2 72888   13855 python3 57724      58 ros2 
975486976 | 270308     87 python3 154200     86 rviz2 72888   13855 python3 57724      58 ros2 
975372288 | 270308     87 python3 154200     86 rviz2 72888   13855 python3 57724      58 ros2 
975552512 | 270308     87 python3 154200     86 rviz2 72888   13855 python3 57724      58 ros2 
975601664 | 270308     87 python3 154200     86 rviz2 72888   13855 python3 57724      58 ros2 
975491072 | 270308     87 python3 154200     86 rviz2 72888   13855 python3 57724      58 ros2 
976277504 | 270308     87 python3 154200     86 rviz2 72888   13855 python3 57724      58 ros2 
976429056 | 270308     87 python3 154200     86 rviz2 72888   13855 python3 57724      58 ros2 
976338944 | 270308     87 python3 154200     86 rviz2 72888   13855 python3 57724      58 ros2 
975884288 | 270308     87 python3 154200     86 rviz2 72888   13855 python3 57724      58 ros2 
976642048 | 270308     87 python3 154200     86 rviz2 72888   13855 python3 57724      58 ros2 
976134144 | 270308     87 python3 154200     86 rviz2 72888   13855 python3 57724      58 ros2 
975970304 | 270308     87 python3 154200     86 rviz2 72888   13855 python3 57724      58 ros2 
975958016 | 270308     87 python3 154200     86 rviz2 72888   13855 python3 57724      58 ros2 
976031744 | 270308     87 python3 154200     86 rviz2 72888   13855 python3 57724      58 ros2 
975597568 | 270308     87 python3 154200     86 rviz2 72888   13855 python3 57724      58 ros2 
975593472 | 270308     87 python3 154200     86 rviz2 72888   13855 python3 57724      58 ros2 
975683584 | 270308     87 python3 154200     86 rviz2 72888   13855 python3 57724      58 ros2 
975757312 | 270308     87 python3 154200     86 rviz2 72888   13855 python3 57724      58 ros2 
975781888 | 270308     87 python3 154200     86 rviz2 72888   13855 python3 57724      58 ros2 
975458304 | 270308     87 python3 154200     86 rviz2 72888   13855 python3 57724      58 ros2 
975839232 | 270308     87 python3 154200     86 rviz2 72888   13855 python3 57724      58 ros2 
975958016 | 270308     87 python3 154200     86 rviz2 72888   13855 python3 57724      58 ros2 
975675392 | 270308     87 python3 154200     86 rviz2 72888   13855 python3 57724      58 ros2 
975507456 | 270308     87 python3 154200     86 rviz2 72888   13855 python3 57724      58 ros2 
976019456 | 270308     87 python3 154200     86 rviz2 72888   13855 python3 57724      58 ros2 
975634432 | 270308     87 python3 154200     86 rviz2 72888   13855 python3 57724      58 ros2 
976052224 | 270308     87 python3 154200     86 rviz2 72888   13855 python3 57724      58 ros2 
975446016 | 270308     87 python3 154200     86 rviz2 72888   13855 python3 57724      58 ros2 
975503360 | 270308     87 python3 154200     86 rviz2 72888   13855 python3 57724      58 ros2 
975634432 | 270308     87 python3 154200     86 rviz2 72888   13855 python3 57724      58 ros2 
976019456 | 270308     87 python3 154200     86 rviz2 72888   13855 python3 57724      58 ros2 
976019456 | 270308     87 python3 154200     86 rviz2 72888   13855 python3 57724      58 ros2 
976113664 | 270308     87 python3 154200     86 rviz2 72888   13855 python3 57724      58 ros2 
976019456 | 270308     87 python3 154200     86 rviz2 72888   13855 python3 57724      58 ros2 
976023552 | 270308     87 python3 154200     86 rviz2 72888   13855 python3 57724      58 ros2 
976015360 | 270308     87 python3 154200     86 rviz2 72888   13855 python3 57724      58 ros2 
975962112 | 270308     87 python3 154200     86 rviz2 72888   13855 python3 57724      58 ros2 
975712256 | 270308     87 python3 154200     86 rviz2 72888   13855 python3 57724      58 ros2 
975605760 | 270308     87 python3 154200     86 rviz2 72888   13855 python3 57724      58 ros2 
975495168 | 270308     87 python3 154200     86 rviz2 72888   13855 python3 57724      58 ros2 
975765504 | 270308     87 python3 154200     86 rviz2 72888   13855 python3 57724      58 ros2 
975228928 | 270308     87 python3 154200     86 rviz2 72888   13855 python3 57724      58 ros2 
975368192 | 270308     87 python3 154200     86 rviz2 72888   13855 python3 57724      58 ros2 
976216064 | 270308     87 python3 154200     86 rviz2 72888   13855 python3 57724      58 ros2 
975953920 | 270308     87 python3 154200     86 rviz2 72888   13855 python3 57724      58 ros2 
976322560 | 270308     87 python3 154200     86 rviz2 72888   13855 python3 57724      58 ros2 
976678912 | 270308     87 python3 154200     86 rviz2 72888   13855 python3 57724      58 ros2 
976109568 | 270308     87 python3 154200     86 rviz2 72888   13855 python3 57724      58 ros2 
975810560 | 270308     87 python3 154200     86 rviz2 72888   13855 python3 57724      58 ros2 
976019456 | 270308     87 python3 154200     86 rviz2 72888   13855 python3 57724      58 ros2 
976109568 | 270308     87 python3 154200     86 rviz2 72888   13855 python3 57724      58 ros2 
975671296 | 270308     87 python3 154200     86 rviz2 72888   13855 python3 57724      58 ros2 
975941632 | 270308     87 python3 154200     86 rviz2 72888   13855 python3 57724      58 ros2 
975532032 | 270308     87 python3 154200     86 rviz2 72888   13855 python3 57724      58 ros2 
975642624 | 270308     87 python3 154200     86 rviz2 72888   13855 python3 57724      58 ros2 
976424960 | 270308     87 python3 154200     86 rviz2 72888   13855 python3 57724      58 ros2 
975769600 | 270308     87 python3 154200     86 rviz2 72888   13855 python3 57724      58 ros2 
975851520 | 270308     87 python3 154200     86 rviz2 72888   13855 python3 57724      58 ros2 
976023552 | 270308     87 python3 154200     86 rviz2 72888   13855 python3 57724      58 ros2 
975978496 | 270308     87 python3 154200     86 rviz2 72888   13855 python3 57724      58 ros2 
976404480 | 270308     87 python3 154200     86 rviz2 72888   13855 python3 57724      58 ros2 
975495168 | 270308     87 python3 154200     86 rviz2 72888   13855 python3 57724      58 ros2 
975351808 | 270308     87 python3 154200     86 rviz2 72888   13855 python3 57724      58 ros2 
975966208 | 270308     87 python3 154200     86 rviz2 72888   13855 python3 57724      58 ros2 
975523840 | 270308     87 python3 154200     86 rviz2 72888   13855 python3 57724      58 ros2 
976265216 | 270308     87 python3 154200     86 rviz2 72888   13855 python3 57724      58 ros2 
975708160 | 270308     87 python3 154200     86 rviz2 72888   13855 python3 57724      58 ros2 
976015360 | 270308     87 python3 154200     86 rviz2 72888   13855 python3 57724      58 ros2 
976134144 | 270308     87 python3 154200     86 rviz2 72888   13855 python3 57724      58 ros2 
976011264 | 270308     87 python3 154200     86 rviz2 72888   13855 python3 57724      58 ros2 
975925248 | 270308     87 python3 154200     86 rviz2 72888   13855 python3 57724      58 ros2 
975974400 | 270308     87 python3 154200     86 rviz2 72888   13855 python3 57724      58 ros2 
976023552 | 270308     87 python3 154200     86 rviz2 72888   13855 python3 57724      58 ros2 
976461824 | 270308     87 python3 154200     86 rviz2 72888   13855 python3 57724      58 ros2 
976515072 | 270308     87 python3 154200     86 rviz2 72888   13855 python3 57724      58 ros2 
976297984 | 270308     87 python3 154200     86 rviz2 72888   13855 python3 57724      58 ros2 
975302656 | 270308     87 python3 154200     86 rviz2 72888   13855 python3 57724      58 ros2 
975953920 | 270308     87 python3 154200     86 rviz2 72888   13855 python3 57724      58 ros2 
975745024 | 270308     87 python3 154200     86 rviz2 72888   13855 python3 57724      58 ros2 
975343616 | 270308     87 python3 154200     86 rviz2 72888   13855 python3 57724      58 ros2 
975478784 | 270308     87 python3 154200     86 rviz2 72888   13855 python3 57724      58 ros2 
975761408 | 270308     87 python3 154200     86 rviz2 72888   13855 python3 57724      58 ros2 
976023552 | 270308     87 python3 154200     86 rviz2 72888   13855 python3 57724      58 ros2 
975724544 | 270308     87 python3 154200     86 rviz2 72888   13855 python3 57724      58 ros2 
976203776 | 270308     87 python3 154200     86 rviz2 72888   13855 python3 57724      58 ros2 
975704064 | 270308     87 python3 154200     86 rviz2 72888   13855 python3 57724      58 ros2 
975867904 | 270308     87 python3 154200     86 rviz2 72888   13855 python3 57724      58 ros2 
976039936 | 270308     87 python3 154200     86 rviz2 72888   13855 python3 57724      58 ros2 
976175104 | 270308     87 python3 154200     86 rviz2 72888   13855 python3 57724      58 ros2 
976039936 | 270308     87 python3 154200     86 rviz2 72888   13855 python3 57724      58 ros2 
975536128 | 270308     87 python3 154200     86 rviz2 72888   13855 python3 57724      58 ros2 
975253504 | 270308     87 python3 154200     86 rviz2 72888   13855 python3 57724      58 ros2 
975646720 | 270308     87 python3 154200     86 rviz2 72888   13855 python3 57724      58 ros2 
975814656 | 270308     87 python3 154200     86 rviz2 72888   13855 python3 57724      58 ros2 
976363520 | 270308     87 python3 154200     86 rviz2 72888   13855 python3 57724      58 ros2 
975646720 | 270308     87 python3 154200     86 rviz2 72888   13855 python3 57724      58 ros2 
976023552 | 270308     87 python3 154200     86 rviz2 72888   13855 python3 57724      58 ros2 
975769600 | 270308     87 python3 154200     86 rviz2 72888   13855 python3 57724      58 ros2 
976572416 | 270308     87 python3 154200     86 rviz2 72888   13855 python3 57724      58 ros2 
975933440 | 270308     87 python3 154200     86 rviz2 72888   13855 python3 57724      58 ros2 
975552512 | 270308     87 python3 154200     86 rviz2 72888   13855 python3 57724      58 ros2 
975237120 | 270308     87 python3 154200     86 rviz2 72888   13855 python3 57724      58 ros2 
975273984 | 270308     87 python3 154200     86 rviz2 72888   13855 python3 57724      58 ros2 
975425536 | 270308     87 python3 154200     86 rviz2 72888   13855 python3 57724      58 ros2 
975765504 | 270308     87 python3 154200     86 rviz2 72888   13855 python3 57724      58 ros2 
975503360 | 270308     87 python3 154200     86 rviz2 72888   13855 python3 57724      58 ros2 
976027648 | 270308     87 python3 154200     86 rviz2 72888   13855 python3 57724      58 ros2 
976027648 | 270308     87 python3 154200     86 rviz2 72888   13855 python3 57724      58 ros2 
976224256 | 270308     87 python3 154200     86 rviz2 72888   13855 python3 57724      58 ros2 
975962112 | 270308     87 python3 154200     86 rviz2 72888   13855 python3 57724      58 ros2 
976125952 | 270308     87 python3 154200     86 rviz2 72888   13855 python3 57724      58 ros2 
976326656 | 270308     87 python3 154200     86 rviz2 72888   13855 python3 57724      58 ros2 
976408576 | 270308     87 python3 154200     86 rviz2 72888   13855 python3 57724      58 ros2 
976326656 | 270308     87 python3 154200     86 rviz2 72888   13855 python3 57724      58 ros2 
975511552 | 270308     87 python3 154200     86 rviz2 72888   13855 python3 57724      58 ros2 
975503360 | 270308     87 python3 154200     86 rviz2 72888   13855 python3 57724      58 ros2 
976027648 | 270308     87 python3 154200     86 rviz2 72888   13855 python3 57724      58 ros2 
975798272 | 270308     87 python3 154200     86 rviz2 72888   13855 python3 57724      58 ros2 
975511552 | 270308     87 python3 154200     86 rviz2 72888   13855 python3 57724      58 ros2 
976056320 | 270308     87 python3 154200     86 rviz2 72888   13855 python3 57724      58 ros2 
976097280 | 270308     87 python3 154200     86 rviz2 72888   13855 python3 57724      58 ros2 
976633856 | 270308     87 python3 154200     86 rviz2 72888   13855 python3 57724      58 ros2 
976490496 | 270308     87 python3 154200     86 rviz2 72888   13855 python3 57724      58 ros2 
975835136 | 270308     87 python3 154200     86 rviz2 72888   13855 python3 57724      58 ros2 
975187968 | 270308     87 python3 154200     86 rviz2 72888   13855 python3 57724      58 ros2 
975306752 | 270308     87 python3 154200     86 rviz2 72888   13855 python3 57724      58 ros2 
976121856 | 270308     87 python3 154200     86 rviz2 72888   13855 python3 57724      58 ros2 
975831040 | 270308     87 python3 154200     86 rviz2 72888   13855 python3 57724      58 ros2 
975568896 | 270308     87 python3 154200     86 rviz2 72888   13855 python3 57724      58 ros2 
975843328 | 270308     87 python3 154200     86 rviz2 72888   13855 python3 57724      58 ros2 
975273984 | 270308     87 python3 154200     86 rviz2 72888   13855 python3 57724      58 ros2 
976060416 | 270308     87 python3 154200     86 rviz2 72888   13855 python3 57724      58 ros2 
976441344 | 270308     87 python3 154200     86 rviz2 72888   13855 python3 57724      58 ros2 
975982592 | 270308     87 python3 154200     86 rviz2 72888   13855 python3 57724      58 ros2 
975732736 | 270308     87 python3 154200     86 rviz2 72888   13855 python3 57724      58 ros2 
976740352 | 270308     87 python3 154200     86 rviz2 72888   13855 python3 57724      58 ros2 
976420864 | 270308     87 python3 154200     86 rviz2 72888   13855 python3 57724      58 ros2 
976269312 | 270308     87 python3 154200     86 rviz2 72888   13855 python3 57724      58 ros2 
976039936 | 270308     87 python3 154200     86 rviz2 72888   13855 python3 57724      58 ros2 
975241216 | 270308     87 python3 154200     86 rviz2 72888   13855 python3 57724      58 ros2 
975769600 | 270308     87 python3 154200     86 rviz2 72888   13855 python3 57724      58 ros2 
975560704 | 270308     87 python3 154200     86 rviz2 72888   13855 python3 57724      58 ros2 
975507456 | 270308     87 python3 154200     86 rviz2 72888   13855 python3 57724      58 ros2 
975237120 | 270308     87 python3 154200     86 rviz2 72888   13855 python3 57724      58 ros2 
975941632 | 270308     87 python3 154200     86 rviz2 72888   13855 python3 57724      58 ros2 
976658432 | 270308     87 python3 154200     86 rviz2 72888   13855 python3 57724      58 ros2 
975802368 | 270308     87 python3 154200     86 rviz2 72888   13855 python3 57724      58 ros2 
976539648 | 270308     87 python3 154200     86 rviz2 72888   13855 python3 57724      58 ros2 
976031744 | 270308     87 python3 154200     86 rviz2 72888   13855 python3 57724      58 ros2 
975736832 | 270308     87 python3 154200     86 rviz2 72888   13855 python3 57724      58 ros2 
976080896 | 270308     87 python3 154200     86 rviz2 72888   13855 python3 57724      58 ros2 
976035840 | 270308     87 python3 154200     86 rviz2 72888   13855 python3 57724      58 ros2 
975708160 | 270308     87 python3 154200     86 rviz2 72888   13855 python3 57724      58 ros2 
975507456 | 270308     87 python3 154200     86 rviz2 72888   13855 python3 57724      58 ros2 
975933440 | 270308     87 python3 154200     86 rviz2 72888   13855 python3 57724      58 ros2 
975507456 | 270308     87 python3 154200     86 rviz2 72888   13855 python3 57724      58 ros2 
975712256 | 270308     87 python3 154200     86 rviz2 72888   13855 python3 57724      58 ros2 
976216064 | 270308     87 python3 154200     86 rviz2 72888   13855 python3 57724      58 ros2 
976314368 | 270308     87 python3 154200     86 rviz2 72888   13855 python3 57724      58 ros2 
975777792 | 270308     87 python3 154200     86 rviz2 72888   13855 python3 57724      58 ros2 
976257024 | 270308     87 python3 154200     86 rviz2 72888   13855 python3 57724      58 ros2 
976093184 | 270308     87 python3 154200     86 rviz2 72888   13855 python3 57724      58 ros2 
975917056 | 270308     87 python3 154200     86 rviz2 72888   13855 python3 57724      58 ros2 
975560704 | 270308     87 python3 154200     86 rviz2 72888   13855 python3 57724      58 ros2 
975560704 | 270308     87 python3 154200     86 rviz2 72888   13855 python3 57724      58 ros2 
975622144 | 270308     87 python3 154200     86 rviz2 72888   13855 python3 57724      58 ros2 
975466496 | 270308     87 python3 154200     86 rviz2 72888   13855 python3 57724      58 ros2 
975179776 | 270308     87 python3 154200     86 rviz2 72888   13855 python3 57724      58 ros2 
975175680 | 270308     87 python3 154200     86 rviz2 72888   13855 python3 57724      58 ros2 
975966208 | 270308     87 python3 154200     86 rviz2 72888   13855 python3 57724      58 ros2 
975880192 | 270308     87 python3 154200     86 rviz2 72888   13855 python3 57724      58 ros2 
975876096 | 270308     87 python3 154200     86 rviz2 72888   13855 python3 57724      58 ros2 
975843328 | 270308     87 python3 154200     86 rviz2 72888   13855 python3 57724      58 ros2 
975728640 | 270308     87 python3 154200     86 rviz2 72888   13855 python3 57724      58 ros2 
975654912 | 270308     87 python3 154200     86 rviz2 72888   13855 python3 57724      58 ros2 
975769600 | 270308     87 python3 154200     86 rviz2 72888   13855 python3 57724      58 ros2 
976015360 | 270308     87 python3 154200     86 rviz2 72888   13855 python3 57724      58 ros2 
975138816 | 270308     87 python3 154200     86 rviz2 72888   13855 python3 57724      58 ros2 
975290368 | 270308     87 python3 154200     86 rviz2 72888   13855 python3 57724      58 ros2 
975208448 | 270308     87 python3 154200     86 rviz2 72888   13855 python3 57724      58 ros2 
975126528 | 270308     87 python3 154200     86 rviz2 72888   13855 python3 57724      58 ros2 
975245312 | 270308     87 python3 154200     86 rviz2 72888   13855 python3 57724      58 ros2 
975511552 | 270308     87 python3 154200     86 rviz2 72888   13855 python3 57724      58 ros2 
975204352 | 270308     87 python3 154200     86 rviz2 72888   13855 python3 57724      58 ros2 
975208448 | 270308     87 python3 154200     86 rviz2 72888   13855 python3 57724      58 ros2 
975515648 | 270308     87 python3 154200     86 rviz2 72888   13855 python3 57724      58 ros2 
975319040 | 270308     87 python3 154200     86 rviz2 72888   13855 python3 57724      58 ros2 
975204352 | 270308     87 python3 154200     86 rviz2 72888   13855 python3 57724      58 ros2 
975474688 | 270308     87 python3 154200     86 rviz2 72888   13855 python3 57724      58 ros2 
975126528 | 270308     87 python3 154200     86 rviz2 72888   13855 python3 57724      58 ros2 
975093760 | 270308     87 python3 154200     86 rviz2 72888   13855 python3 57724      58 ros2 
975446016 | 270308     87 python3 154200     86 rviz2 72888   13855 python3 57724      58 ros2 
975118336 | 270308     87 python3 154200     86 rviz2 72888   13855 python3 57724      58 ros2 
975024128 | 270308     87 python3 154200     86 rviz2 72888   13855 python3 57724      58 ros2 
975732736 | 270308     87 python3 154200     86 rviz2 72888   13855 python3 57724      58 ros2 
975663104 | 270308     87 python3 154200     86 rviz2 72888   13855 python3 57724      58 ros2 
975777792 | 270308     87 python3 154200     86 rviz2 72888   13855 python3 57724      58 ros2 
976035840 | 270308     87 python3 154200     86 rviz2 72888   13855 python3 57724      58 ros2 
975998976 | 270308     87 python3 154200     86 rviz2 72888   13855 python3 57724      58 ros2 
975626240 | 270308     87 python3 154200     86 rviz2 72888   13855 python3 57724      58 ros2 
975187968 | 270308     87 python3 154200     86 rviz2 72888   13855 python3 57724      58 ros2 
975183872 | 270308     87 python3 154200     86 rviz2 72888   13855 python3 57724      58 ros2 
975249408 | 270308     87 python3 154200     86 rviz2 72888   13855 python3 57724      58 ros2 
975372288 | 270308     87 python3 154200     86 rviz2 72888   13855 python3 57724      58 ros2 
975249408 | 270308     87 python3 154200     86 rviz2 72888   13855 python3 57724      58 ros2 
975249408 | 270308     87 python3 154200     86 rviz2 72888   13855 python3 57724      58 ros2 
976039936 | 270308     87 python3 154200     86 rviz2 72888   13855 python3 57724      58 ros2 
976048128 | 270308     87 python3 154200     86 rviz2 72888   13855 python3 57724      58 ros2 
975740928 | 270308     87 python3 154200     86 rviz2 72888   13855 python3 57724      58 ros2 
975773696 | 270308     87 python3 154200     86 rviz2 72888   13855 python3 57724      58 ros2 
975626240 | 270308     87 python3 154200     86 rviz2 72888   13855 python3 57724      58 ros2 
975777792 | 270308     87 python3 154200     86 rviz2 72888   13855 python3 57724      58 ros2 
975777792 | 270308     87 python3 154200     86 rviz2 72888   13855 python3 57724      58 ros2 
975777792 | 270308     87 python3 154200     86 rviz2 72888   13855 python3 57724      58 ros2 
975777792 | 270308     87 python3 154200     86 rviz2 72888   13855 python3 57724      58 ros2 
975089664 | 270308     87 python3 154200     86 rviz2 72888   13855 python3 57724      58 ros2 
975220736 | 270308     87 python3 154200     86 rviz2 72888   13855 python3 57724      58 ros2 
975261696 | 270308     87 python3 154200     86 rviz2 72888   13855 python3 57724      58 ros2 
975773696 | 270308     87 python3 154200     86 rviz2 72888   13855 python3 57724      58 ros2 
975777792 | 270308     87 python3 154200     86 rviz2 72888   13855 python3 57724      58 ros2 
976039936 | 270308     87 python3 154200     86 rviz2 72888   13855 python3 57724      58 ros2 
975777792 | 270308     87 python3 154200     86 rviz2 72888   13855 python3 57724      58 ros2 
976093184 | 270308     87 python3 154200     86 rviz2 72888   13855 python3 57724      58 ros2 
975888384 | 270308     87 python3 154200     86 rviz2 72888   13855 python3 57724      58 ros2 
975503360 | 270308     87 python3 154200     86 rviz2 72888   13855 python3 57724      58 ros2 
975847424 | 270308     87 python3 154200     86 rviz2 72888   13855 python3 57724      58 ros2 
975147008 | 270308     87 python3 154200     86 rviz2 72888   13855 python3 57724      58 ros2 
975261696 | 270308     87 python3 154200     86 rviz2 72888   13855 python3 57724      58 ros2 
975269888 | 270308     87 python3 154200     86 rviz2 72888   13855 python3 57724      58 ros2 
975097856 | 270308     87 python3 154200     86 rviz2 72888   13855 python3 57724      58 ros2 
975216640 | 270308     87 python3 154200     86 rviz2 72888   13855 python3 57724      58 ros2 
976056320 | 270308     87 python3 154200     86 rviz2 72888   13855 python3 57724      58 ros2 
976039936 | 270308     87 python3 154200     86 rviz2 72888   13855 python3 57724      58 ros2 
976044032 | 270308     87 python3 154200     86 rviz2 72888   13855 python3 57724      58 ros2 
975597568 | 270308     87 python3 154200     86 rviz2 72888   13855 python3 57724      58 ros2 
975933440 | 270308     87 python3 154200     86 rviz2 72888   13855 python3 57724      58 ros2 
975667200 | 270308     87 python3 154200     86 rviz2 72888   13855 python3 57724      58 ros2 
976056320 | 270308     87 python3 154200     86 rviz2 72888   13855 python3 57724      58 ros2 
975532032 | 270308     87 python3 154200     86 rviz2 72888   13855 python3 57724      58 ros2 
975253504 | 270308     87 python3 154200     86 rviz2 72888   13855 python3 57724      58 ros2 
975101952 | 270308     87 python3 154200     86 rviz2 72888   13855 python3 57724      58 ros2 
975253504 | 270308     87 python3 154200     86 rviz2 72888   13855 python3 57724      58 ros2 
975515648 | 270308     87 python3 154200     86 rviz2 72888   13855 python3 57724      58 ros2 
975233024 | 270308     87 python3 154200     86 rviz2 72888   13855 python3 57724      58 ros2 
976302080 | 270308     87 python3 154200     86 rviz2 72888   13855 python3 57724      58 ros2 
976044032 | 270308     87 python3 154200     86 rviz2 72888   13855 python3 57724      58 ros2 
976044032 | 270308     87 python3 154200     86 rviz2 72888   13855 python3 57724      58 ros2 
976142336 | 270308     87 python3 154200     86 rviz2 72888   13855 python3 57724      58 ros2 
976080896 | 270308     87 python3 154200     86 rviz2 72888   13855 python3 57724      58 ros2 
976564224 | 270308     87 python3 154200     86 rviz2 72888   13855 python3 57724      58 ros2 
976044032 | 270308     87 python3 154200     86 rviz2 72888   13855 python3 57724      58 ros2 
975880192 | 270308     87 python3 154200     86 rviz2 72888   13855 python3 57724      58 ros2 
976494592 | 270308     87 python3 154200     86 rviz2 72888   13855 python3 57724      58 ros2 
975630336 | 270308     87 python3 154200     86 rviz2 72888   13855 python3 57724      58 ros2 
975781888 | 270308     87 python3 154200     86 rviz2 72888   13855 python3 57724      58 ros2 
975532032 | 270308     87 python3 154200     86 rviz2 72888   13855 python3 57724      58 ros2 
976314368 | 270308     87 python3 154200     86 rviz2 72888   13855 python3 57724      58 ros2 
976039936 | 270308     87 python3 154200     86 rviz2 72888   13855 python3 57724      58 ros2 
975712256 | 270308     87 python3 154200     86 rviz2 72888   13855 python3 57724      58 ros2 
975978496 | 270308     87 python3 154200     86 rviz2 72888   13855 python3 57724      58 ros2 
975781888 | 270308     87 python3 154200     86 rviz2 72888   13855 python3 57724      58 ros2 
976150528 | 270308     87 python3 154200     86 rviz2 72888   13855 python3 57724      58 ros2 
975925248 | 270308     87 python3 154200     86 rviz2 72888   13855 python3 57724      58 ros2 
975712256 | 270308     87 python3 154200     86 rviz2 72888   13855 python3 57724      58 ros2 
975601664 | 270308     87 python3 154200     86 rviz2 72888   13855 python3 57724      58 ros2 
975683584 | 270308     87 python3 154200     86 rviz2 72888   13855 python3 57724      58 ros2 
975261696 | 270308     87 python3 154200     86 rviz2 72888   13855 python3 57724      58 ros2 
975450112 | 270308     87 python3 154200     86 rviz2 72888   13855 python3 57724      58 ros2 
975519744 | 270308     87 python3 154200     86 rviz2 72888   13855 python3 57724      58 ros2 
976306176 | 270308     87 python3 154200     86 rviz2 72888   13855 python3 57724      58 ros2 
976048128 | 270308     87 python3 154200     86 rviz2 72888   13855 python3 57724      58 ros2 
976072704 | 270308     87 python3 154200     86 rviz2 72888   13855 python3 57724      58 ros2 
975785984 | 270308     87 python3 154200     86 rviz2 72888   13855 python3 57724      58 ros2 
976519168 | 270308     87 python3 154200     86 rviz2 72888   13855 python3 57724      58 ros2 
975785984 | 270308     87 python3 154200     86 rviz2 72888   13855 python3 57724      58 ros2 
976048128 | 270308     87 python3 154200     86 rviz2 72888   13855 python3 57724      58 ros2 
976310272 | 270308     87 python3 154200     86 rviz2 72888   13855 python3 57724      58 ros2 
975859712 | 270308     87 python3 154200     86 rviz2 72888   13855 python3 57724      58 ros2 
975740928 | 270308     87 python3 154200     86 rviz2 72888   13855 python3 57724      58 ros2 
975581184 | 270308     87 python3 154200     86 rviz2 72888   13855 python3 57724      58 ros2 
975613952 | 270308     87 python3 154200     86 rviz2 72888   13855 python3 57724      58 ros2 
975835136 | 270308     87 python3 154200     86 rviz2 72888   13855 python3 57724      58 ros2 
975683584 | 270308     87 python3 154200     86 rviz2 72888   13855 python3 57724      58 ros2 
975654912 | 270308     87 python3 154200     86 rviz2 72888   13855 python3 57724      58 ros2 
975978496 | 270308     87 python3 154200     86 rviz2 72888   13855 python3 57724      58 ros2 
975822848 | 270308     87 python3 154200     86 rviz2 72888   13855 python3 57724      58 ros2 
976048128 | 270308     87 python3 154200     86 rviz2 72888   13855 python3 57724      58 ros2 
975310848 | 270308     87 python3 154200     86 rviz2 72888   13855 python3 57724      58 ros2 
975257600 | 270308     87 python3 154200     86 rviz2 72888   13855 python3 57724      58 ros2 
975785984 | 270308     87 python3 154200     86 rviz2 72888   13855 python3 57724      58 ros2 
975556608 | 270308     87 python3 154200     86 rviz2 72888   13855 python3 57724      58 ros2 
975519744 | 270308     87 python3 154200     86 rviz2 72888   13855 python3 57724      58 ros2 
975450112 | 270308     87 python3 154200     86 rviz2 72888   13855 python3 57724      58 ros2 
975798272 | 270308     87 python3 154200     86 rviz2 72888   13855 python3 57724      58 ros2 
976093184 | 270308     87 python3 154200     86 rviz2 72888   13855 python3 57724      58 ros2 
976257024 | 270308     87 python3 154200     86 rviz2 72888   13855 python3 57724      58 ros2 
976384000 | 270308     87 python3 154200     86 rviz2 72888   13855 python3 57724      58 ros2 
976424960 | 270308     87 python3 154200     86 rviz2 72888   13855 python3 57724      58 ros2 
976048128 | 270308     87 python3 154200     86 rviz2 72888   13855 python3 57724      58 ros2 
976048128 | 270308     87 python3 154200     86 rviz2 72888   13855 python3 57724      58 ros2 
976113664 | 270308     87 python3 154200     86 rviz2 72888   13855 python3 57724      58 ros2 
975646720 | 270308     87 python3 154200     86 rviz2 72888   13855 python3 57724      58 ros2 
975745024 | 270308     87 python3 154200     86 rviz2 72888   13855 python3 57724      58 ros2 
975781888 | 270308     87 python3 154200     86 rviz2 72888   13855 python3 57724      58 ros2 
975613952 | 270308     87 python3 154200     86 rviz2 72888   13855 python3 57724      58 ros2 
975261696 | 270308     87 python3 154200     86 rviz2 72888   13855 python3 57724      58 ros2 
975519744 | 270308     87 python3 154200     86 rviz2 72888   13855 python3 57724      58 ros2 
976044032 | 270308     87 python3 154200     86 rviz2 72888   13855 python3 57724      58 ros2 
975785984 | 270308     87 python3 154200     86 rviz2 72888   13855 python3 57724      58 ros2 
976048128 | 270308     87 python3 154200     86 rviz2 72888   13855 python3 57724      58 ros2 
976650240 | 270308     87 python3 154200     86 rviz2 72888   13855 python3 57724      58 ros2 
975790080 | 270308     87 python3 154200     86 rviz2 72888   13855 python3 57724      58 ros2 
976134144 | 270308     87 python3 154200     86 rviz2 72888   13855 python3 57724      58 ros2 
976052224 | 270308     87 python3 154200     86 rviz2 72888   13855 python3 57724      58 ros2 
976048128 | 270308     87 python3 154200     86 rviz2 72888   13855 python3 57724      58 ros2 
976257024 | 270308     87 python3 154200     86 rviz2 72888   13855 python3 57724      58 ros2 
975753216 | 270308     87 python3 154200     86 rviz2 72888   13855 python3 57724      58 ros2 
975454208 | 270308     87 python3 154200     86 rviz2 72888   13855 python3 57724      58 ros2 
976035840 | 270308     87 python3 154200     86 rviz2 72888   13855 python3 57724      58 ros2 
975261696 | 270308     87 python3 154200     86 rviz2 72888   13855 python3 57724      58 ros2 
975790080 | 270308     87 python3 154200     86 rviz2 72888   13855 python3 57724      58 ros2 
976052224 | 270308     87 python3 154200     86 rviz2 72888   13855 python3 57724      58 ros2 
976060416 | 270308     87 python3 154200     86 rviz2 72888   13855 python3 57724      58 ros2 
975790080 | 270308     87 python3 154200     86 rviz2 72888   13855 python3 57724      58 ros2 
976052224 | 270308     87 python3 154200     86 rviz2 72888   13855 python3 57724      58 ros2 
975249408 | 270308     87 python3 154200     86 rviz2 72888   13855 python3 57724      58 ros2 
975196160 | 270308     87 python3 154200     86 rviz2 72888   13855 python3 57724      58 ros2 
975777792 | 270308     87 python3 154200     86 rviz2 72888   13855 python3 57724      58 ros2 
975523840 | 270308     87 python3 154200     86 rviz2 72888   13855 python3 57724      58 ros2 
975482880 | 270308     87 python3 154200     86 rviz2 72888   13855 python3 57724      58 ros2 
975261696 | 270308     87 python3 154200     86 rviz2 72888   13855 python3 57724      58 ros2 
975446016 | 270308     87 python3 154200     86 rviz2 72888   13855 python3 57724      58 ros2 
975261696 | 270308     87 python3 154388     86 rviz2 72888   13855 python3 57724      58 ros2 
976052224 | 270308     87 python3 154388     86 rviz2 72888   13855 python3 57724      58 ros2 
976318464 | 270308     87 python3 154388     86 rviz2 72888   13855 python3 57724      58 ros2 
976027648 | 270308     87 python3 154388     86 rviz2 72888   13855 python3 57724      58 ros2 
976048128 | 270308     87 python3 154388     86 rviz2 72888   13855 python3 57724      58 ros2 
976801792 | 270308     87 python3 154388     86 rviz2 72888   13855 python3 57724      58 ros2 
976052224 | 270308     87 python3 154388     86 rviz2 72888   13855 python3 57724      58 ros2 
975826944 | 270308     87 python3 154388     86 rviz2 72888   13855 python3 57724      58 ros2 
975704064 | 270308     87 python3 154388     86 rviz2 72888   13855 python3 57724      58 ros2 
975835136 | 270308     87 python3 154388     86 rviz2 72888   13855 python3 57724      58 ros2 
975257600 | 270308     87 python3 154388     86 rviz2 72888   13855 python3 57724      58 ros2 
975347712 | 270308     87 python3 154388     86 rviz2 72888   13855 python3 57724      58 ros2 
975261696 | 270308     87 python3 154388     86 rviz2 72888   13855 python3 57724      58 ros2 
975294464 | 270308     87 python3 154388     86 rviz2 72888   13855 python3 57724      58 ros2 
975556608 | 270308     87 python3 154388     86 rviz2 72888   13855 python3 57724      58 ros2 
975261696 | 270308     87 python3 154388     86 rviz2 72888   13855 python3 57724      58 ros2 
975491072 | 270308     87 python3 154388     86 rviz2 72888   13855 python3 57724      58 ros2 
975523840 | 270308     87 python3 154388     86 rviz2 72888   13855 python3 57724      58 ros2 
975454208 | 270308     87 python3 154388     86 rviz2 72888   13855 python3 57724      58 ros2 
975708160 | 270308     87 python3 154388     86 rviz2 72888   13855 python3 57724      58 ros2 
975523840 | 270308     87 python3 154388     86 rviz2 72888   13855 python3 57724      58 ros2 
975794176 | 270308     87 python3 154388     86 rviz2 72888   13855 python3 57724      58 ros2 
975527936 | 270308     87 python3 154388     86 rviz2 72888   13855 python3 57724      58 ros2 
975265792 | 270308     87 python3 154388     86 rviz2 72888   13855 python3 57724      58 ros2 
975613952 | 270308     87 python3 154388     86 rviz2 72888   13855 python3 57724      58 ros2 
975294464 | 270308     87 python3 154388     86 rviz2 72888   13855 python3 57724      58 ros2 
975790080 | 270308     87 python3 154388     86 rviz2 72888   13855 python3 57724      58 ros2 
976011264 | 270308     87 python3 154388     86 rviz2 72888   13855 python3 57724      58 ros2 
976252928 | 270308     87 python3 154388     86 rviz2 72888   13855 python3 57724      58 ros2 
976060416 | 270308     87 python3 154388     86 rviz2 72888   13855 python3 57724      58 ros2 
976318464 | 270308     87 python3 154388     86 rviz2 72888   13855 python3 57724      58 ros2 
976318464 | 270308     87 python3 154388     86 rviz2 72888   13855 python3 57724      58 ros2 
975261696 | 270308     87 python3 154388     86 rviz2 72888   13855 python3 57724      58 ros2 
975532032 | 270308     87 python3 154388     86 rviz2 72888   13855 python3 57724      58 ros2 
975937536 | 270308     87 python3 154388     86 rviz2 72888   13855 python3 57724      58 ros2 
975949824 | 270308     87 python3 154388     86 rviz2 72888   13855 python3 57724      58 ros2 
975814656 | 270308     87 python3 154388     86 rviz2 72888   13855 python3 57724      58 ros2 
975302656 | 270308     87 python3 154388     86 rviz2 72888   13855 python3 57724      58 ros2 
975568896 | 270308     87 python3 154388     86 rviz2 72888   13855 python3 57724      58 ros2 
975794176 | 270308     87 python3 154388     86 rviz2 72888   13855 python3 57724      58 ros2 
976060416 | 270308     87 python3 154388     86 rviz2 72888   13855 python3 57724      58 ros2 
975802368 | 270308     87 python3 154388     86 rviz2 72888   13855 python3 57724      58 ros2 
976019456 | 270308     87 python3 154388     86 rviz2 72888   13855 python3 57724      58 ros2 
975794176 | 270308     87 python3 154388     86 rviz2 72888   13855 python3 57724      58 ros2 
975794176 | 270308     87 python3 154388     86 rviz2 72888   13855 python3 57724      58 ros2 
976056320 | 270308     87 python3 154388     86 rviz2 72888   13855 python3 57724      58 ros2 
976060416 | 270308     87 python3 154388     86 rviz2 72888   13855 python3 57724      58 ros2 
975527936 | 270308     87 python3 154388     86 rviz2 72888   13855 python3 57724      58 ros2 
975261696 | 270308     87 python3 154388     86 rviz2 72888   13855 python3 57724      58 ros2 
975265792 | 270308     87 python3 154388     86 rviz2 72888   13855 python3 57724      58 ros2 
975532032 | 270308     87 python3 154388     86 rviz2 72888   13855 python3 57724      58 ros2 
975609856 | 270308     87 python3 154388     86 rviz2 72888   13855 python3 57724      58 ros2 
975724544 | 270308     87 python3 154388     86 rviz2 72888   13855 python3 57724      58 ros2 
976048128 | 270308     87 python3 154388     86 rviz2 72888   13855 python3 57724      58 ros2 
975749120 | 270308     87 python3 154388     86 rviz2 72888   13855 python3 57724      58 ros2 
975634432 | 270308     87 python3 154388     86 rviz2 72888   13855 python3 57724      58 ros2 
975228928 | 270308     87 python3 154388     86 rviz2 72888   13855 python3 57724      58 ros2 
975265792 | 270308     87 python3 154388     86 rviz2 72888   13855 python3 57724      58 ros2 
975228928 | 270308     87 python3 154388     86 rviz2 72888   13855 python3 57724      58 ros2 
975151104 | 270308     87 python3 154388     86 rviz2 72888   13855 python3 57724      58 ros2 
975106048 | 270308     87 python3 154388     86 rviz2 72888   13855 python3 57724      58 ros2 
975249408 | 270308     87 python3 154388     86 rviz2 72888   13855 python3 57724      58 ros2 
975220736 | 270308     87 python3 154388     86 rviz2 72888   13855 python3 57724      58 ros2 
975220736 | 270308     87 python3 154388     86 rviz2 72888   13855 python3 57724      58 ros2 
975753216 | 270308     87 python3 154388     86 rviz2 72888   13855 python3 57724      58 ros2 
975638528 | 270308     87 python3 154388     86 rviz2 72888   13855 python3 57724      58 ros2 
975831040 | 270308     87 python3 154388     86 rviz2 72888   13855 python3 57724      58 ros2 
975642624 | 270308     87 python3 154388     86 rviz2 72888   13855 python3 57724      58 ros2 
976134144 | 270308     87 python3 154388     86 rviz2 72888   13855 python3 57724      58 ros2 
975642624 | 270308     87 python3 154388     86 rviz2 72888   13855 python3 57724      58 ros2 
975138816 | 270308     87 python3 154388     86 rviz2 72888   13855 python3 57724      58 ros2 
975114240 | 270308     87 python3 154388     86 rviz2 72888   13855 python3 57724      58 ros2 
975114240 | 270308     87 python3 154388     86 rviz2 72888   13855 python3 57724      58 ros2 
975224832 | 270308     87 python3 154388     86 rviz2 72888   13855 python3 57724      58 ros2 
975278080 | 270308     87 python3 154388     86 rviz2 72888   13855 python3 57724      58 ros2 
981532672 | 270308     87 python3 154392     86 rviz2 72888   13855 python3 57724      58 ros2 
982097920 | 270308     87 python3 154392     86 rviz2 72888   13855 python3 57724      58 ros2 
982007808 | 270308     87 python3 154392     86 rviz2 72888   13855 python3 57724      58 ros2 
982097920 | 270308     87 python3 154392     86 rviz2 72888   13855 python3 57724      58 ros2 
981942272 | 270308     87 python3 154392     86 rviz2 72888   13855 python3 57724      58 ros2 
982097920 | 270308     87 python3 154392     86 rviz2 72888   13855 python3 57724      58 ros2 
982097920 | 270308     87 python3 154392     86 rviz2 72888   13855 python3 57724      58 ros2 
982360064 | 270308     87 python3 154392     86 rviz2 72888   13855 python3 57724      58 ros2 
982245376 | 270308     87 python3 154392     86 rviz2 72888   13855 python3 57724      58 ros2 
981434368 | 270308     87 python3 154392     86 rviz2 72888   13855 python3 57724      58 ros2 
981504000 | 270308     87 python3 154392     86 rviz2 72888   13855 python3 57724      58 ros2 
981504000 | 270308     87 python3 154392     86 rviz2 72888   13855 python3 57724      58 ros2 
981762048 | 270308     87 python3 154392     86 rviz2 72888   13855 python3 57724      58 ros2 
982290432 | 270308     87 python3 154392     86 rviz2 72888   13855 python3 57724      58 ros2 
982409216 | 270308     87 python3 154392     86 rviz2 72888   13855 python3 57724      58 ros2 
982290432 | 270308     87 python3 154392     86 rviz2 72888   13855 python3 57724      58 ros2 
982188032 | 270308     87 python3 154392     86 rviz2 72888   13855 python3 57724      58 ros2 
982028288 | 270308     87 python3 154392     86 rviz2 72888   13855 python3 57724      58 ros2 
982290432 | 270308     87 python3 154392     86 rviz2 72888   13855 python3 57724      58 ros2 
981762048 | 270308     87 python3 154392     86 rviz2 72888   13855 python3 57724      58 ros2 
981647360 | 270308     87 python3 154392     86 rviz2 72888   13855 python3 57724      58 ros2 
981762048 | 270308     87 python3 154392     86 rviz2 72888   13855 python3 57724      58 ros2 
981762048 | 270308     87 python3 154392     86 rviz2 72888   13855 python3 57724      58 ros2 
981504000 | 270308     87 python3 154392     86 rviz2 72888   13855 python3 57724      58 ros2 
981504000 | 270308     87 python3 154392     86 rviz2 72888   13855 python3 57724      58 ros2 
981504000 | 270308     87 python3 154392     86 rviz2 72888   13855 python3 57724      58 ros2 
982032384 | 270308     87 python3 154392     86 rviz2 72888   13855 python3 57724      58 ros2 
982097920 | 270308     87 python3 154392     86 rviz2 72888   13855 python3 57724      58 ros2 
982097920 | 270308     87 python3 154392     86 rviz2 72888   13855 python3 57724      58 ros2 
982355968 | 270308     87 python3 154392     86 rviz2 72888   13855 python3 57724      58 ros2 
982360064 | 270308     87 python3 154392     86 rviz2 72888   13855 python3 57724      58 ros2 
976056320 | 270308     87 python3 154388     86 rviz2 72888   13855 python3 57724      58 ros2 
976060416 | 270308     87 python3 154388     86 rviz2 72888   13855 python3 57724      58 ros2 
975343616 | 270308     87 python3 154388     86 rviz2 72888   13855 python3 57724      58 ros2 
975044608 | 270308     87 python3 154388     86 rviz2 72888   13855 python3 57724      58 ros2 
975781888 | 270308     87 python3 154388     86 rviz2 72888   13855 python3 57724      58 ros2 
975265792 | 270308     87 python3 154388     86 rviz2 72888   13855 python3 57724      58 ros2 
975683584 | 270308     87 python3 154388     86 rviz2 72888   13855 python3 57724      58 ros2 
975798272 | 270308     87 python3 154388     86 rviz2 72888   13855 python3 57724      58 ros2 
975646720 | 270308     87 python3 154388     86 rviz2 72888   13855 python3 57724      58 ros2 
976056320 | 270308     87 python3 154388     86 rviz2 72888   13855 python3 57724      58 ros2 
976023552 | 270308     87 python3 154388     86 rviz2 72888   13855 python3 57724      58 ros2 
975794176 | 270308     87 python3 154388     86 rviz2 72888   13855 python3 57724      58 ros2 
975572992 | 270308     87 python3 154388     86 rviz2 72888   13855 python3 57724      58 ros2 
975798272 | 270308     87 python3 154388     86 rviz2 72888   13855 python3 57724      58 ros2 
976060416 | 270308     87 python3 154388     86 rviz2 72888   13855 python3 57724      58 ros2 
976060416 | 270308     87 python3 154388     86 rviz2 72888   13855 python3 57724      58 ros2 
976322560 | 270308     87 python3 154388     86 rviz2 72888   13855 python3 57724      58 ros2 
975269888 | 270308     87 python3 154388     86 rviz2 72888   13855 python3 57724      58 ros2 
975269888 | 270308     87 python3 154388     86 rviz2 72888   13855 python3 57724      58 ros2 
975273984 | 270308     87 python3 154388     86 rviz2 72888   13855 python3 57724      58 ros2 
976322560 | 270308     87 python3 154388     86 rviz2 72888   13855 python3 57724      58 ros2 
976060416 | 270308     87 python3 154388     86 rviz2 72888   13855 python3 57724      58 ros2 
976056320 | 270308     87 python3 154388     86 rviz2 72888   13855 python3 57724      58 ros2 
976326656 | 270308     87 python3 154388     86 rviz2 72888   13855 python3 57724      58 ros2 
975798272 | 270308     87 python3 154388     86 rviz2 72888   13855 python3 57724      58 ros2 
976080896 | 270308     87 python3 154388     86 rviz2 72888   13855 python3 57724      58 ros2 
975204352 | 270308     87 python3 154388     86 rviz2 72888   13855 python3 57724      58 ros2 
975724544 | 270308     87 python3 154388     86 rviz2 72888   13855 python3 57724      58 ros2 
975163392 | 270308     87 python3 154388     86 rviz2 72888   13855 python3 57724      58 ros2 
975204352 | 270308     87 python3 154388     86 rviz2 72888   13855 python3 57724      58 ros2 
975532032 | 270308     87 python3 154388     86 rviz2 72888   13855 python3 57724      58 ros2 
975626240 | 270308     87 python3 154388     86 rviz2 72888   13855 python3 57724      58 ros2 
975544320 | 270308     87 python3 154388     86 rviz2 72888   13855 python3 57724      58 ros2 
976322560 | 270308     87 python3 154388     86 rviz2 72888   13855 python3 57724      58 ros2 
976060416 | 270308     87 python3 154388     86 rviz2 72888   13855 python3 57724      58 ros2 
976060416 | 270308     87 python3 154388     86 rviz2 72888   13855 python3 57724      58 ros2 
975728640 | 270308     87 python3 154388     86 rviz2 72888   13855 python3 57724      58 ros2 
975990784 | 270308     87 python3 154388     86 rviz2 72888   13855 python3 57724      58 ros2 
975794176 | 270308     87 python3 154388     86 rviz2 72888   13855 python3 57724      58 ros2 
975798272 | 270308     87 python3 154388     86 rviz2 72888   13855 python3 57724      58 ros2 
975945728 | 270308     87 python3 154388     86 rviz2 72888   13855 python3 57724      58 ros2 
975269888 | 270308     87 python3 154388     86 rviz2 72888   13855 python3 57724      58 ros2 
975273984 | 270308     87 python3 154388     86 rviz2 72888   13855 python3 57724      58 ros2 
975376384 | 270308     87 python3 154388     86 rviz2 72888   13855 python3 57724      58 ros2 
975273984 | 270308     87 python3 154388     86 rviz2 72888   13855 python3 57724      58 ros2 
976068608 | 270308     87 python3 154388     86 rviz2 72888   13855 python3 57724      58 ros2 
975994880 | 270308     87 python3 154388     86 rviz2 72888   13855 python3 57724      58 ros2 
975802368 | 270308     87 python3 154388     86 rviz2 72888   13855 python3 57724      58 ros2 
975810560 | 270308     87 python3 154388     86 rviz2 72888   13855 python3 57724      58 ros2 
975896576 | 270308     87 python3 154388     86 rviz2 72888   13855 python3 57724      58 ros2 
976035840 | 270308     87 python3 154388     86 rviz2 72888   13855 python3 57724      58 ros2 
975273984 | 270308     87 python3 154388     86 rviz2 72888   13855 python3 57724      58 ros2 
975536128 | 270308     87 python3 154388     86 rviz2 72888   13855 python3 57724      58 ros2 
975724544 | 270308     87 python3 154388     86 rviz2 72888   13855 python3 57724      58 ros2 
975536128 | 270308     87 python3 154388     86 rviz2 72888   13855 python3 57724      58 ros2 
975536128 | 270308     87 python3 154388     86 rviz2 72888   13855 python3 57724      58 ros2 
975269888 | 270308     87 python3 154388     86 rviz2 72888   13855 python3 57724      58 ros2 
975282176 | 270308     87 python3 154388     86 rviz2 72888   13855 python3 57724      58 ros2 
975802368 | 270308     87 python3 154388     86 rviz2 72888   13855 python3 57724      58 ros2 
976584704 | 270308     87 python3 154388     86 rviz2 72888   13855 python3 57724      58 ros2 
976420864 | 270308     87 python3 154388     86 rviz2 72888   13855 python3 57724      58 ros2 
976261120 | 270308     87 python3 154388     86 rviz2 72888   13855 python3 57724      58 ros2 
975826944 | 270308     87 python3 154388     86 rviz2 72888   13855 python3 57724      58 ros2 
976080896 | 270308     87 python3 154388     86 rviz2 72888   13855 python3 57724      58 ros2 
975831040 | 270308     87 python3 154388     86 rviz2 72888   13855 python3 57724      58 ros2 
975536128 | 270308     87 python3 154388     86 rviz2 72888   13855 python3 57724      58 ros2 
975400960 | 270308     87 python3 154388     86 rviz2 72888   13855 python3 57724      58 ros2 
975646720 | 270308     87 python3 154388     86 rviz2 72888   13855 python3 57724      58 ros2 
975536128 | 270308     87 python3 154388     86 rviz2 72888   13855 python3 57724      58 ros2 
975273984 | 270308     87 python3 154388     86 rviz2 72888   13855 python3 57724      58 ros2 
975728640 | 270308     87 python3 154388     86 rviz2 72888   13855 python3 57724      58 ros2 
975532032 | 270308     87 python3 154388     86 rviz2 72888   13855 python3 57724      58 ros2 
975536128 | 270308     87 python3 154388     86 rviz2 72888   13855 python3 57724      58 ros2 
975532032 | 270308     87 python3 154388     86 rviz2 72888   13855 python3 57724      58 ros2 
975269888 | 270308     87 python3 154388     86 rviz2 72888   13855 python3 57724      58 ros2 
975269888 | 270308     87 python3 154388     86 rviz2 72888   13855 python3 57724      58 ros2 
975581184 | 270308     87 python3 154388     86 rviz2 72888   13855 python3 57724      58 ros2 
975536128 | 270308     87 python3 154388     86 rviz2 72888   13855 python3 57724      58 ros2 
975536128 | 270308     87 python3 154388     86 rviz2 72888   13855 python3 57724      58 ros2 
975798272 | 270308     87 python3 154388     86 rviz2 72888   13855 python3 57724      58 ros2 
975798272 | 270308     87 python3 154388     86 rviz2 72888   13855 python3 57724      58 ros2 
975622144 | 270308     87 python3 154388     86 rviz2 72888   13855 python3 57724      58 ros2 
975540224 | 270308     87 python3 154388     86 rviz2 72888   13855 python3 57724      58 ros2 
975802368 | 270308     87 python3 154388     86 rviz2 72888   13855 python3 57724      58 ros2 
976064512 | 270308     87 python3 154388     86 rviz2 72888   13855 python3 57724      58 ros2 
976310272 | 270308     87 python3 154388     86 rviz2 72888   13855 python3 57724      58 ros2 
975855616 | 270308     87 python3 154388     86 rviz2 72888   13855 python3 57724      58 ros2 
975802368 | 270308     87 python3 154388     86 rviz2 72888   13855 python3 57724      58 ros2 
975806464 | 270308     87 python3 154388     86 rviz2 72888   13855 python3 57724      58 ros2 
975544320 | 270308     87 python3 154388     86 rviz2 72888   13855 python3 57724      58 ros2 
975282176 | 270308     87 python3 154388     86 rviz2 72888   13855 python3 57724      58 ros2 
975278080 | 270308     87 python3 154388     86 rviz2 72888   13855 python3 57724      58 ros2 
975544320 | 270308     87 python3 154388     86 rviz2 72888   13855 python3 57724      58 ros2 
975278080 | 270308     87 python3 154388     86 rviz2 72888   13855 python3 57724      58 ros2 
975540224 | 270308     87 python3 154388     86 rviz2 72888   13855 python3 57724      58 ros2 
975540224 | 270308     87 python3 154388     86 rviz2 72888   13855 python3 57724      58 ros2 
975691776 | 270308     87 python3 154388     86 rviz2 72888   13855 python3 57724      58 ros2 
975806464 | 270308     87 python3 154388     86 rviz2 72888   13855 python3 57724      58 ros2 
975691776 | 270308     87 python3 154388     86 rviz2 72888   13855 python3 57724      58 ros2 
975806464 | 270308     87 python3 154388     86 rviz2 72888   13855 python3 57724      58 ros2 
975806464 | 270308     87 python3 154388     86 rviz2 72888   13855 python3 57724      58 ros2 
975806464 | 270308     87 python3 154388     86 rviz2 72888   13855 python3 57724      58 ros2 
975802368 | 270308     87 python3 154388     86 rviz2 72888   13855 python3 57724      58 ros2 
975802368 | 270308     87 python3 154388     86 rviz2 72888   13855 python3 57724      58 ros2 
975278080 | 270308     87 python3 154388     86 rviz2 72888   13855 python3 57724      58 ros2 
975278080 | 270308     87 python3 154388     86 rviz2 72888   13855 python3 57724      58 ros2 
975540224 | 270308     87 python3 154388     86 rviz2 72888   13855 python3 57724      58 ros2 
975282176 | 270308     87 python3 154388     86 rviz2 72888   13855 python3 57724      58 ros2 
976076800 | 270308     87 python3 154388     86 rviz2 72888   13855 python3 57724      58 ros2 
975818752 | 270308     87 python3 154388     86 rviz2 72888   13855 python3 57724      58 ros2 
976531456 | 270308     87 python3 154388     86 rviz2 72888   13855 python3 57724      58 ros2 
976072704 | 270308     87 python3 154388     86 rviz2 72888   13855 python3 57724      58 ros2 
975953920 | 270308     87 python3 154388     86 rviz2 72888   13855 python3 57724      58 ros2 
975638528 | 270308     87 python3 154388     86 rviz2 72888   13855 python3 57724      58 ros2 
975540224 | 270308     87 python3 154388     86 rviz2 72888   13855 python3 57724      58 ros2 
975282176 | 270308     87 python3 154388     86 rviz2 72888   13855 python3 57724      58 ros2 
975540224 | 270308     87 python3 154388     86 rviz2 72888   13855 python3 57724      58 ros2 
975536128 | 270308     87 python3 154388     86 rviz2 72888   13855 python3 57724      58 ros2 
975478784 | 270308     87 python3 154388     86 rviz2 72888   13855 python3 57724      58 ros2 
975519744 | 270308     87 python3 154388     86 rviz2 72888   13855 python3 57724      58 ros2 
975998976 | 270308     87 python3 154388     86 rviz2 72888   13855 python3 57724      58 ros2 
976113664 | 270308     87 python3 154388     86 rviz2 72888   13855 python3 57724      58 ros2 
975810560 | 270308     87 python3 154388     86 rviz2 72888   13855 python3 57724      58 ros2 
975802368 | 270308     87 python3 154388     86 rviz2 72888   13855 python3 57724      58 ros2 
976072704 | 270308     87 python3 154388     86 rviz2 72888   13855 python3 57724      58 ros2 
975921152 | 270308     87 python3 154388     86 rviz2 72888   13855 python3 57724      58 ros2 
976154624 | 270308     87 python3 154388     86 rviz2 72888   13855 python3 57724      58 ros2 
976072704 | 270308     87 python3 154388     86 rviz2 72888   13855 python3 57724      58 ros2 
975589376 | 270308     87 python3 154388     86 rviz2 72888   13855 python3 57724      58 ros2 
975667200 | 270308     87 python3 154388     86 rviz2 72888   13855 python3 57724      58 ros2 
975544320 | 270308     87 python3 154388     86 rviz2 72888   13855 python3 57724      58 ros2 
975544320 | 270308     87 python3 154388     86 rviz2 72888   13855 python3 57724      58 ros2 
975278080 | 270308     87 python3 154388     86 rviz2 72888   13855 python3 57724      58 ros2 
975282176 | 270308     87 python3 154388     86 rviz2 72888   13855 python3 57724      58 ros2 
976072704 | 270308     87 python3 154388     86 rviz2 72888   13855 python3 57724      58 ros2 
975810560 | 270308     87 python3 154388     86 rviz2 72888   13855 python3 57724      58 ros2 
976072704 | 270308     87 python3 154388     86 rviz2 72888   13855 python3 57724      58 ros2 
975790080 | 270308     87 python3 154388     86 rviz2 72888   13855 python3 57724      58 ros2 
975810560 | 270308     87 python3 154388     86 rviz2 72888   13855 python3 57724      58 ros2 
976334848 | 270308     87 python3 154388     86 rviz2 72888   13855 python3 57724      58 ros2 
976084992 | 270308     87 python3 154388     86 rviz2 72888   13855 python3 57724      58 ros2 
975822848 | 270308     87 python3 154388     86 rviz2 72888   13855 python3 57724      58 ros2 
975282176 | 270308     87 python3 154388     86 rviz2 72888   13855 python3 57724      58 ros2 
975544320 | 270308     87 python3 154388     86 rviz2 72888   13855 python3 57724      58 ros2 
975605760 | 270308     87 python3 154388     86 rviz2 72888   13855 python3 57724      58 ros2 
975286272 | 270308     87 python3 154388     86 rviz2 72888   13855 python3 57724      58 ros2 
976117760 | 270308     87 python3 154388     86 rviz2 72888   13855 python3 57724      58 ros2 
975904768 | 270308     87 python3 154388     86 rviz2 72888   13855 python3 57724      58 ros2 
976089088 | 270308     87 python3 154388     86 rviz2 72888   13855 python3 57724      58 ros2 
975822848 | 270308     87 python3 154388     86 rviz2 72888   13855 python3 57724      58 ros2 
975810560 | 270308     87 python3 154388     86 rviz2 72888   13855 python3 57724      58 ros2 
975822848 | 270308     87 python3 154388     86 rviz2 72888   13855 python3 57724      58 ros2 
975175680 | 270308     87 python3 154388     86 rviz2 72888   13855 python3 57724      58 ros2 
975478784 | 270308     87 python3 154388     86 rviz2 72888   13855 python3 57724      58 ros2 
975351808 | 270308     87 python3 154388     86 rviz2 72888   13855 python3 57724      58 ros2 
975343616 | 270308     87 python3 154388     86 rviz2 72888   13855 python3 57724      58 ros2 
975196160 | 270308     87 python3 154388     86 rviz2 72888   13855 python3 57724      58 ros2 
975351808 | 270308     87 python3 154388     86 rviz2 72888   13855 python3 57724      58 ros2 
975609856 | 270308     87 python3 154388     86 rviz2 72888   13855 python3 57724      58 ros2 
975880192 | 270308     87 python3 154388     86 rviz2 72888   13855 python3 57724      58 ros2 
976138240 | 270308     87 python3 154388     86 rviz2 72888   13855 python3 57724      58 ros2 
976007168 | 270308     87 python3 154388     86 rviz2 72888   13855 python3 57724      58 ros2 
976334848 | 270308     87 python3 154388     86 rviz2 72888   13855 python3 57724      58 ros2 
976068608 | 270308     87 python3 154388     86 rviz2 72888   13855 python3 57724      58 ros2 
976334848 | 270308     87 python3 154388     86 rviz2 72888   13855 python3 57724      58 ros2 
976105472 | 270308     87 python3 154388     86 rviz2 72888   13855 python3 57724      58 ros2 
975544320 | 270308     87 python3 154388     86 rviz2 72888   13855 python3 57724      58 ros2 
975286272 | 270308     87 python3 154388     86 rviz2 72888   13855 python3 57724      58 ros2 
976027648 | 270308     87 python3 154388     86 rviz2 72888   13855 python3 57724      58 ros2 
975556608 | 270308     87 python3 154388     86 rviz2 72888   13855 python3 57724      58 ros2 
975548416 | 270308     87 python3 154388     86 rviz2 72888   13855 python3 57724      58 ros2 
975818752 | 270308     87 python3 154388     86 rviz2 72888   13855 python3 57724      58 ros2 
976343040 | 270308     87 python3 154388     86 rviz2 72888   13855 python3 57724      58 ros2 
976375808 | 270308     87 python3 154388     86 rviz2 72888   13855 python3 57724      58 ros2 
975814656 | 270308     87 python3 154388     86 rviz2 72888   13855 python3 57724      58 ros2 
976076800 | 270308     87 python3 154388     86 rviz2 72888   13855 python3 57724      58 ros2 
976007168 | 270308     87 python3 154388     86 rviz2 72888   13855 python3 57724      58 ros2 
976007168 | 270308     87 python3 154388     86 rviz2 72888   13855 python3 57724      58 ros2 
976277504 | 270308     87 python3 154388     86 rviz2 72888   13855 python3 57724      58 ros2 
975818752 | 270308     87 python3 154388     86 rviz2 72888   13855 python3 57724      58 ros2 
976203776 | 270308     87 python3 154388     86 rviz2 72888   13855 python3 57724      58 ros2 
975552512 | 270308     87 python3 154388     86 rviz2 72888   13855 python3 57724      58 ros2 
975548416 | 270308     87 python3 154388     86 rviz2 72888   13855 python3 57724      58 ros2 
975548416 | 270308     87 python3 154388     86 rviz2 72888   13855 python3 57724      58 ros2 
976080896 | 270308     87 python3 154388     86 rviz2 72888   13855 python3 57724      58 ros2 
976076800 | 270308     87 python3 154388     86 rviz2 72888   13855 python3 57724      58 ros2 
976007168 | 270308     87 python3 154388     86 rviz2 72888   13855 python3 57724      58 ros2 
976007168 | 270308     87 python3 154388     86 rviz2 72888   13855 python3 57724      58 ros2 
976072704 | 270308     87 python3 154388     86 rviz2 72888   13855 python3 57724      58 ros2 
976076800 | 270308     87 python3 154388     86 rviz2 72888   13855 python3 57724      58 ros2 
975552512 | 270308     87 python3 154388     86 rviz2 72888   13855 python3 57724      58 ros2 
975290368 | 270308     87 python3 154388     86 rviz2 72888   13855 python3 57724      58 ros2 
975552512 | 270308     87 python3 154388     86 rviz2 72888   13855 python3 57724      58 ros2 
975548416 | 270308     87 python3 154388     86 rviz2 72888   13855 python3 57724      58 ros2 
975286272 | 270308     87 python3 154388     86 rviz2 72888   13855 python3 57724      58 ros2 
975101952 | 270308     87 python3 154388     86 rviz2 72888   13855 python3 57724      58 ros2 
975511552 | 270308     87 python3 154388     86 rviz2 72888   13855 python3 57724      58 ros2 
975790080 | 270308     87 python3 154388     86 rviz2 72888   13855 python3 57724      58 ros2 
976166912 | 270308     87 python3 154388     86 rviz2 72888   13855 python3 57724      58 ros2 
976089088 | 270308     87 python3 154388     86 rviz2 72888   13855 python3 57724      58 ros2 
975659008 | 270308     87 python3 154388     86 rviz2 72888   13855 python3 57724      58 ros2 
975659008 | 270308     87 python3 154388     86 rviz2 72888   13855 python3 57724      58 ros2 
975818752 | 270308     87 python3 154388     86 rviz2 72888   13855 python3 57724      58 ros2 
975814656 | 270308     87 python3 154388     86 rviz2 72888   13855 python3 57724      58 ros2 
975814656 | 270308     87 python3 154388     86 rviz2 72888   13855 python3 57724      58 ros2 
975548416 | 270308     87 python3 154388     86 rviz2 72888   13855 python3 57724      58 ros2 
975392768 | 270308     87 python3 154388     86 rviz2 72888   13855 python3 57724      58 ros2 
975413248 | 270308     87 python3 154388     86 rviz2 72888   13855 python3 57724      58 ros2 
975310848 | 270308     87 python3 154388     86 rviz2 72888   13855 python3 57724      58 ros2 
976044032 | 270308     87 python3 154388     86 rviz2 72888   13855 python3 57724      58 ros2 
975986688 | 270308     87 python3 154388     86 rviz2 72888   13855 python3 57724      58 ros2 
976125952 | 270308     87 python3 154388     86 rviz2 72888   13855 python3 57724      58 ros2 
976076800 | 270308     87 python3 154388     86 rviz2 72888   13855 python3 57724      58 ros2 
976076800 | 270308     87 python3 154388     86 rviz2 72888   13855 python3 57724      58 ros2 
975437824 | 270308     87 python3 154388     86 rviz2 72888   13855 python3 57724      58 ros2 
975511552 | 270308     87 python3 154388     86 rviz2 72888   13855 python3 57724      58 ros2 
976076800 | 270308     87 python3 154388     86 rviz2 72888   13855 python3 57724      58 ros2 
975564800 | 270308     87 python3 154388     86 rviz2 72888   13855 python3 57724      58 ros2 
975302656 | 270308     87 python3 154388     86 rviz2 72888   13855 python3 57724      58 ros2 
975446016 | 270308     87 python3 154388     86 rviz2 72888   13855 python3 57724      58 ros2 
975290368 | 270308     87 python3 154388     86 rviz2 72888   13855 python3 57724      58 ros2 
975552512 | 270308     87 python3 154388     86 rviz2 72888   13855 python3 57724      58 ros2 
976080896 | 270308     87 python3 154388     86 rviz2 72888   13855 python3 57724      58 ros2 
976109568 | 270308     87 python3 154388     86 rviz2 72888   13855 python3 57724      58 ros2 
975814656 | 270308     87 python3 154388     86 rviz2 72888   13855 python3 57724      58 ros2 
975814656 | 270308     87 python3 154388     86 rviz2 72888   13855 python3 57724      58 ros2 
975831040 | 270308     87 python3 154388     86 rviz2 72888   13855 python3 57724      58 ros2 
976089088 | 270308     87 python3 154388     86 rviz2 72888   13855 python3 57724      58 ros2 
976089088 | 270308     87 python3 154388     86 rviz2 72888   13855 python3 57724      58 ros2 
975171584 | 270308     87 python3 154388     86 rviz2 72888   13855 python3 57724      58 ros2 
975552512 | 270308     87 python3 154388     86 rviz2 72888   13855 python3 57724      58 ros2 
975552512 | 270308     87 python3 154388     86 rviz2 72888   13855 python3 57724      58 ros2 
975290368 | 270308     87 python3 154388     86 rviz2 72888   13855 python3 57724      58 ros2 
975564800 | 270308     87 python3 154388     86 rviz2 72888   13855 python3 57724      58 ros2 
975585280 | 270308     87 python3 154388     86 rviz2 72888   13855 python3 57724      58 ros2 
975777792 | 270308     87 python3 154388     86 rviz2 72888   13855 python3 57724      58 ros2 
975552512 | 270308     87 python3 154388     86 rviz2 72888   13855 python3 57724      58 ros2 
975290368 | 270308     87 python3 154388     86 rviz2 72888   13855 python3 57724      58 ros2 
975589376 | 270308     87 python3 154388     86 rviz2 72888   13855 python3 57724      58 ros2 
975515648 | 270308     87 python3 154388     86 rviz2 72888   13855 python3 57724      58 ros2 
975560704 | 270308     87 python3 154388     86 rviz2 72888   13855 python3 57724      58 ros2 
975806464 | 270308     87 python3 154388     86 rviz2 72888   13855 python3 57724      58 ros2 
975290368 | 270308     87 python3 154388     86 rviz2 72888   13855 python3 57724      58 ros2 
975486976 | 270308     87 python3 154388     86 rviz2 72888   13855 python3 57724      58 ros2 
975482880 | 270308     87 python3 154388     86 rviz2 72888   13855 python3 57724      58 ros2 
975433728 | 270308     87 python3 154388     86 rviz2 72888   13855 python3 57724      58 ros2 
975552512 | 270308     87 python3 154388     86 rviz2 72888   13855 python3 57724      58 ros2 
975822848 | 270308     87 python3 154388     86 rviz2 72888   13855 python3 57724      58 ros2 
976113664 | 270308     87 python3 154388     86 rviz2 72888   13855 python3 57724      58 ros2 
976080896 | 270308     87 python3 154388     86 rviz2 72888   13855 python3 57724      58 ros2 
975831040 | 270308     87 python3 154388     86 rviz2 72888   13855 python3 57724      58 ros2 
976080896 | 270308     87 python3 154388     86 rviz2 72888   13855 python3 57724      58 ros2 
975814656 | 270308     87 python3 154388     86 rviz2 72888   13855 python3 57724      58 ros2 
975294464 | 270308     87 python3 154388     86 rviz2 72888   13855 python3 57724      58 ros2 
975548416 | 270308     87 python3 154388     86 rviz2 72888   13855 python3 57724      58 ros2 
975560704 | 270308     87 python3 154388     86 rviz2 72888   13855 python3 57724      58 ros2 
975601664 | 270308     87 python3 154388     86 rviz2 72888   13855 python3 57724      58 ros2 
975294464 | 270308     87 python3 154388     86 rviz2 72888   13855 python3 57724      58 ros2 
975294464 | 270308     87 python3 154388     86 rviz2 72888   13855 python3 57724      58 ros2 
975556608 | 270308     87 python3 154388     86 rviz2 72888   13855 python3 57724      58 ros2 
976175104 | 270308     87 python3 154388     86 rviz2 72888   13855 python3 57724      58 ros2 
975794176 | 270308     87 python3 154388     86 rviz2 72888   13855 python3 57724      58 ros2 
976084992 | 270308     87 python3 154388     86 rviz2 72888   13855 python3 57724      58 ros2 
976101376 | 270308     87 python3 154388     86 rviz2 72888   13855 python3 57724      58 ros2 
976502784 | 270308     87 python3 154388     86 rviz2 72888   13855 python3 57724      58 ros2 
975826944 | 270308     87 python3 154388     86 rviz2 72888   13855 python3 57724      58 ros2 
975826944 | 270308     87 python3 154388     86 rviz2 72888   13855 python3 57724      58 ros2 
975454208 | 270308     87 python3 154388     86 rviz2 72888   13855 python3 57724      58 ros2 
975474688 | 270308     87 python3 154388     86 rviz2 72888   13855 python3 57724      58 ros2 
975233024 | 270308     87 python3 154388     86 rviz2 72888   13855 python3 57724      58 ros2 
975491072 | 270308     87 python3 154388     86 rviz2 72888   13855 python3 57724      58 ros2 
975519744 | 270308     87 python3 154388     86 rviz2 72888   13855 python3 57724      58 ros2 
976097280 | 270308     87 python3 154388     86 rviz2 72888   13855 python3 57724      58 ros2 
975822848 | 270308     87 python3 154388     86 rviz2 72888   13855 python3 57724      58 ros2 
975818752 | 270308     87 python3 154388     86 rviz2 72888   13855 python3 57724      58 ros2 
975822848 | 270308     87 python3 154388     86 rviz2 72888   13855 python3 57724      58 ros2 
976093184 | 270308     87 python3 154388     86 rviz2 72888   13855 python3 57724      58 ros2 
976015360 | 270308     87 python3 154388     86 rviz2 72888   13855 python3 57724      58 ros2 
975806464 | 270308     87 python3 154388     86 rviz2 72888   13855 python3 57724      58 ros2 
975826944 | 270308     87 python3 154388     86 rviz2 72888   13855 python3 57724      58 ros2 
975863808 | 270308     87 python3 154388     86 rviz2 72888   13855 python3 57724      58 ros2 
976084992 | 270308     87 python3 154388     86 rviz2 72888   13855 python3 57724      58 ros2 
975560704 | 270308     87 python3 154388     86 rviz2 72888   13855 python3 57724      58 ros2 
975896576 | 270308     87 python3 154388     86 rviz2 72888   13855 python3 57724      58 ros2 
975691776 | 270308     87 python3 154388     86 rviz2 72888   13855 python3 57724      58 ros2 
976384000 | 270308     87 python3 154388     86 rviz2 72888   13855 python3 57724      58 ros2 
975822848 | 270308     87 python3 154388     86 rviz2 72888   13855 python3 57724      58 ros2 
975818752 | 270308     87 python3 154388     86 rviz2 72888   13855 python3 57724      58 ros2 
975831040 | 270308     87 python3 154388     86 rviz2 72888   13855 python3 57724      58 ros2 
975970304 | 270308     87 python3 154388     86 rviz2 72888   13855 python3 57724      58 ros2 
975880192 | 270308     87 python3 154388     86 rviz2 72888   13855 python3 57724      58 ros2 
975560704 | 270308     87 python3 154388     86 rviz2 72888   13855 python3 57724      58 ros2 
975294464 | 270308     87 python3 154388     86 rviz2 72888   13855 python3 57724      58 ros2 
975179776 | 270308     87 python3 154388     86 rviz2 72888   13855 python3 57724      58 ros2 
975556608 | 270308     87 python3 154388     86 rviz2 72888   13855 python3 57724      58 ros2 
975556608 | 270308     87 python3 154388     86 rviz2 72888   13855 python3 57724      58 ros2 
975388672 | 270308     87 python3 154388     86 rviz2 72888   13855 python3 57724      58 ros2 
975302656 | 270308     87 python3 154388     86 rviz2 72888   13855 python3 57724      58 ros2 
976084992 | 270308     87 python3 154388     86 rviz2 72888   13855 python3 57724      58 ros2 
976080896 | 270308     87 python3 154388     86 rviz2 72888   13855 python3 57724      58 ros2 
975790080 | 270308     87 python3 154388     86 rviz2 72888   13855 python3 57724      58 ros2 
975769600 | 270308     87 python3 154388     86 rviz2 72888   13855 python3 57724      58 ros2 
976023552 | 270308     87 python3 154388     86 rviz2 72888   13855 python3 57724      58 ros2 
976023552 | 270308     87 python3 154388     86 rviz2 72888   13855 python3 57724      58 ros2 
976363520 | 270308     87 python3 154388     86 rviz2 72888   13855 python3 57724      58 ros2 
975826944 | 270308     87 python3 154388     86 rviz2 72888   13855 python3 57724      58 ros2 
975560704 | 270308     87 python3 154388     86 rviz2 72888   13855 python3 57724      58 ros2 
975294464 | 270308     87 python3 154388     86 rviz2 72888   13855 python3 57724      58 ros2 
975392768 | 270308     87 python3 154388     86 rviz2 72888   13855 python3 57724      58 ros2 
975634432 | 270308     87 python3 154388     86 rviz2 72888   13855 python3 57724      58 ros2 
976089088 | 270308     87 python3 154388     86 rviz2 72888   13855 python3 57724      58 ros2 
975761408 | 270308     87 python3 154388     86 rviz2 72888   13855 python3 57724      58 ros2 
975896576 | 270308     87 python3 154388     86 rviz2 72888   13855 python3 57724      58 ros2 
976420864 | 270308     87 python3 154388     86 rviz2 72888   13855 python3 57724      58 ros2 
976158720 | 270308     87 python3 154388     86 rviz2 72888   13855 python3 57724      58 ros2 
975896576 | 270308     87 python3 154388     86 rviz2 72888   13855 python3 57724      58 ros2 
975892480 | 270308     87 python3 154388     86 rviz2 72888   13855 python3 57724      58 ros2 
975921152 | 270308     87 python3 154388     86 rviz2 72888   13855 python3 57724      58 ros2 
975364096 | 270308     87 python3 154388     86 rviz2 72888   13855 python3 57724      58 ros2 
975339520 | 270308     87 python3 154388     86 rviz2 72888   13855 python3 57724      58 ros2 
975372288 | 270308     87 python3 154388     86 rviz2 72888   13855 python3 57724      58 ros2 
975568896 | 270308     87 python3 154388     86 rviz2 72888   13855 python3 57724      58 ros2 
975822848 | 270308     87 python3 154388     86 rviz2 72888   13855 python3 57724      58 ros2 
976089088 | 270308     87 python3 154388     86 rviz2 72888   13855 python3 57724      58 ros2 
975671296 | 270308     87 python3 154388     86 rviz2 72888   13855 python3 57724      58 ros2 
975753216 | 270308     87 python3 154388     86 rviz2 72888   13855 python3 57724      58 ros2 
976023552 | 270308     87 python3 154388     86 rviz2 72888   13855 python3 57724      58 ros2 
976019456 | 270308     87 python3 154388     86 rviz2 72888   13855 python3 57724      58 ros2 
976019456 | 270308     87 python3 154388     86 rviz2 72888   13855 python3 57724      58 ros2 
975822848 | 270308     87 python3 154388     86 rviz2 72888   13855 python3 57724      58 ros2 
975298560 | 270308     87 python3 154388     86 rviz2 72888   13855 python3 57724      58 ros2 
975560704 | 270308     87 python3 154388     86 rviz2 72888   13855 python3 57724      58 ros2 
975302656 | 270308     87 python3 154388     86 rviz2 72888   13855 python3 57724      58 ros2 
975822848 | 270308     87 python3 154388     86 rviz2 72888   13855 python3 57724      58 ros2 
975560704 | 270308     87 python3 154388     86 rviz2 72888   13855 python3 57724      58 ros2 
975896576 | 270308     87 python3 154388     86 rviz2 72888   13855 python3 57724      58 ros2 
976019456 | 270308     87 python3 154388     86 rviz2 72888   13855 python3 57724      58 ros2 
976089088 | 270308     87 python3 154388     86 rviz2 72888   13855 python3 57724      58 ros2 
976289792 | 270308     87 python3 154388     86 rviz2 72888   13855 python3 57724      58 ros2 
975831040 | 270308     87 python3 154388     86 rviz2 72888   13855 python3 57724      58 ros2 
976121856 | 270308     87 python3 154388     86 rviz2 72888   13855 python3 57724      58 ros2 
976134144 | 270308     87 python3 154388     86 rviz2 72888   13855 python3 57724      58 ros2 
975831040 | 270308     87 python3 154388     86 rviz2 72888   13855 python3 57724      58 ros2 
975835136 | 270308     87 python3 154388     86 rviz2 72888   13855 python3 57724      58 ros2 
975831040 | 270308     87 python3 154388     86 rviz2 72888   13855 python3 57724      58 ros2 
975544320 | 270308     87 python3 154388     86 rviz2 72888   13855 python3 57724      58 ros2 
975503360 | 270308     87 python3 154388     86 rviz2 72888   13855 python3 57724      58 ros2 
975659008 | 270308     87 python3 154388     86 rviz2 72888   13855 python3 57724      58 ros2 
976216064 | 270308     87 python3 154388     86 rviz2 72888   13855 python3 57724      58 ros2 
975835136 | 270308     87 python3 154388     86 rviz2 72888   13855 python3 57724      58 ros2 
976093184 | 270308     87 python3 154388     86 rviz2 72888   13855 python3 57724      58 ros2 
976056320 | 270308     87 python3 154388     86 rviz2 72888   13855 python3 57724      58 ros2 
976216064 | 270308     87 python3 154388     86 rviz2 72888   13855 python3 57724      58 ros2 
976093184 | 270308     87 python3 154388     86 rviz2 72888   13855 python3 57724      58 ros2 
975306752 | 270308     87 python3 154388     86 rviz2 72888   13855 python3 57724      58 ros2 
975564800 | 270308     87 python3 154388     86 rviz2 72888   13855 python3 57724      58 ros2 
975613952 | 270308     87 python3 154388     86 rviz2 72888   13855 python3 57724      58 ros2 
975818752 | 270308     87 python3 154388     86 rviz2 72888   13855 python3 57724      58 ros2 
975302656 | 270308     87 python3 154388     86 rviz2 72888   13855 python3 57724      58 ros2 
975499264 | 270308     87 python3 154388     86 rviz2 72888   13855 python3 57724      58 ros2 
976031744 | 270308     87 python3 154388     86 rviz2 72888   13855 python3 57724      58 ros2 
976203776 | 270308     87 python3 154388     86 rviz2 72888   13855 python3 57724      58 ros2 
976093184 | 270308     87 python3 154388     86 rviz2 72888   13855 python3 57724      58 ros2 
975831040 | 270308     87 python3 154388     86 rviz2 72888   13855 python3 57724      58 ros2 
975831040 | 270308     87 python3 154388     86 rviz2 72888   13855 python3 57724      58 ros2 
976539648 | 270308     87 python3 154388     86 rviz2 72888   13855 python3 57724      58 ros2 
976355328 | 270308     87 python3 154388     86 rviz2 72888   13855 python3 57724      58 ros2 
976199680 | 270308     87 python3 154388     86 rviz2 72888   13855 python3 57724      58 ros2 
976093184 | 270308     87 python3 154388     86 rviz2 72888   13855 python3 57724      58 ros2 
975638528 | 270308     87 python3 154388     86 rviz2 72888   13855 python3 57724      58 ros2 
975929344 | 270308     87 python3 154388     86 rviz2 72888   13855 python3 57724      58 ros2 
975851520 | 270308     87 python3 154388     86 rviz2 72888   13855 python3 57724      58 ros2 
975683584 | 270308     87 python3 154388     86 rviz2 72888   13855 python3 57724      58 ros2 
975577088 | 270308     87 python3 154388     86 rviz2 72888   13855 python3 57724      58 ros2 
975835136 | 270308     87 python3 154388     86 rviz2 72888   13855 python3 57724      58 ros2 
975994880 | 270308     87 python3 154388     86 rviz2 72888   13855 python3 57724      58 ros2 
975941632 | 270308     87 python3 154388     86 rviz2 72888   13855 python3 57724      58 ros2 
975831040 | 270308     87 python3 154388     86 rviz2 72888   13855 python3 57724      58 ros2 
975716352 | 270308     87 python3 154388     86 rviz2 72888   13855 python3 57724      58 ros2 
976125952 | 270308     87 python3 154388     86 rviz2 72888   13855 python3 57724      58 ros2 
976109568 | 270308     87 python3 154388     86 rviz2 72888   13855 python3 57724      58 ros2 
976142336 | 270308     87 python3 154388     86 rviz2 72888   13855 python3 57724      58 ros2 
975712256 | 270308     87 python3 154388     86 rviz2 72888   13855 python3 57724      58 ros2 
975646720 | 270308     87 python3 154388     86 rviz2 72888   13855 python3 57724      58 ros2 
975691776 | 270308     87 python3 154388     86 rviz2 72888   13855 python3 57724      58 ros2 
975310848 | 270308     87 python3 154388     86 rviz2 72888   13855 python3 57724      58 ros2 
975970304 | 270308     87 python3 154388     86 rviz2 72888   13855 python3 57724      58 ros2 
975921152 | 270308     87 python3 154388     86 rviz2 72888   13855 python3 57724      58 ros2 
976097280 | 270308     87 python3 154388     86 rviz2 72888   13855 python3 57724      58 ros2 
976642048 | 270308     87 python3 154388     86 rviz2 72888   13855 python3 57724      58 ros2 
976097280 | 270308     87 python3 154388     86 rviz2 72888   13855 python3 57724      58 ros2 
976244736 | 270308     87 python3 154388     86 rviz2 72888   13855 python3 57724      58 ros2 
976101376 | 270308     87 python3 154388     86 rviz2 72888   13855 python3 57724      58 ros2 
975241216 | 270308     87 python3 154388     86 rviz2 72888   13855 python3 57724      58 ros2 
975122432 | 270308     87 python3 154388     86 rviz2 72888   13855 python3 57724      58 ros2 
975507456 | 270308     87 python3 154388     86 rviz2 72888   13855 python3 57724      58 ros2 
975532032 | 270308     87 python3 154388     86 rviz2 72888   13855 python3 57724      58 ros2 
975306752 | 270308     87 python3 154388     86 rviz2 72888   13855 python3 57724      58 ros2 
975310848 | 270308     87 python3 154388     86 rviz2 72888   13855 python3 57724      58 ros2 
975515648 | 270308     87 python3 154388     86 rviz2 72888   13855 python3 57724      58 ros2 
975568896 | 270308     87 python3 154388     86 rviz2 72888   13855 python3 57724      58 ros2 
975736832 | 270308     87 python3 154388     86 rviz2 72888   13855 python3 57724      58 ros2 
975568896 | 270308     87 python3 154388     86 rviz2 72888   13855 python3 57724      58 ros2 
975372288 | 270308     87 python3 154388     86 rviz2 72888   13855 python3 57724      58 ros2 
975331328 | 270308     87 python3 154388     86 rviz2 72888   13855 python3 57724      58 ros2 
975310848 | 270308     87 python3 154388     86 rviz2 72888   13855 python3 57724      58 ros2 
975429632 | 270308     87 python3 154388     86 rviz2 72888   13855 python3 57724      58 ros2 
975269888 | 270308     87 python3 154388     86 rviz2 72888   13855 python3 57724      58 ros2 
975572992 | 270308     87 python3 154388     86 rviz2 72888   13855 python3 57724      58 ros2 
975355904 | 270308     87 python3 154388     86 rviz2 72888   13855 python3 57724      58 ros2 
975597568 | 270308     87 python3 154388     86 rviz2 72888   13855 python3 57724      58 ros2 
976310272 | 270308     87 python3 154388     86 rviz2 72888   13855 python3 57724      58 ros2 
976101376 | 270308     87 python3 154388     86 rviz2 72888   13855 python3 57724      58 ros2 
976359424 | 270308     87 python3 154388     86 rviz2 72888   13855 python3 57724      58 ros2 
976113664 | 270308     87 python3 154388     86 rviz2 72888   13855 python3 57724      58 ros2 
976105472 | 270308     87 python3 154388     86 rviz2 72888   13855 python3 57724      58 ros2 
976359424 | 270308     87 python3 154388     86 rviz2 72888   13855 python3 57724      58 ros2 
975200256 | 270308     87 python3 154388     86 rviz2 72888   13855 python3 57724      58 ros2 
975650816 | 270308     87 python3 154388     86 rviz2 72888   13855 python3 57724      58 ros2 
975638528 | 270308     87 python3 154388     86 rviz2 72888   13855 python3 57724      58 ros2 
975470592 | 270308     87 python3 154388     86 rviz2 72888   13855 python3 57724      58 ros2 
975306752 | 270308     87 python3 154388     86 rviz2 72888   13855 python3 57724      58 ros2 
975601664 | 270308     87 python3 154388     86 rviz2 72888   13855 python3 57724      58 ros2 
975839232 | 270308     87 python3 154388     86 rviz2 72888   13855 python3 57724      58 ros2 
975974400 | 270308     87 python3 154388     86 rviz2 72888   13855 python3 57724      58 ros2 
976101376 | 270308     87 python3 154388     86 rviz2 72888   13855 python3 57724      58 ros2 
975831040 | 270308     87 python3 154388     86 rviz2 72888   13855 python3 57724      58 ros2 
975814656 | 270308     87 python3 154388     86 rviz2 72888   13855 python3 57724      58 ros2 
975659008 | 270308     87 python3 154388     86 rviz2 72888   13855 python3 57724      58 ros2 
975839232 | 270308     87 python3 154388     86 rviz2 72888   13855 python3 57724      58 ros2 
975835136 | 270308     87 python3 154388     86 rviz2 72888   13855 python3 57724      58 ros2 
976101376 | 270308     87 python3 154388     86 rviz2 72888   13855 python3 57724      58 ros2 
976003072 | 270308     87 python3 154388     86 rviz2 72888   13855 python3 57724      58 ros2 
975568896 | 270308     87 python3 154388     86 rviz2 72888   13855 python3 57724      58 ros2 
975196160 | 270308     87 python3 154388     86 rviz2 72888   13855 python3 57724      58 ros2 
975273984 | 270308     87 python3 154388     86 rviz2 72888   13855 python3 57724      58 ros2 
975245312 | 270308     87 python3 154388     86 rviz2 72888   13855 python3 57724      58 ros2 
975802368 | 270308     87 python3 154388     86 rviz2 72888   13855 python3 57724      58 ros2 
975839232 | 270308     87 python3 154388     86 rviz2 72888   13855 python3 57724      58 ros2 
976064512 | 270308     87 python3 154388     86 rviz2 72888   13855 python3 57724      58 ros2 
976101376 | 270308     87 python3 154388     86 rviz2 72888   13855 python3 57724      58 ros2 
976064512 | 270308     87 python3 154388     86 rviz2 72888   13855 python3 57724      58 ros2 
975982592 | 270308     87 python3 154388     86 rviz2 72888   13855 python3 57724      58 ros2 
976101376 | 270308     87 python3 154388     86 rviz2 72888   13855 python3 57724      58 ros2 
975720448 | 270308     87 python3 154388     86 rviz2 72888   13855 python3 57724      58 ros2 
975802368 | 270308     87 python3 154388     86 rviz2 72888   13855 python3 57724      58 ros2 
975675392 | 270308     87 python3 154388     86 rviz2 72888   13855 python3 57724      58 ros2 
975413248 | 270308     87 python3 154388     86 rviz2 72888   13855 python3 57724      58 ros2 
975458304 | 270308     87 python3 154388     86 rviz2 72888   13855 python3 57724      58 ros2 
976105472 | 270308     87 python3 154388     86 rviz2 72888   13855 python3 57724      58 ros2 
976076800 | 270308     87 python3 154388     86 rviz2 72888   13855 python3 57724      58 ros2 
975781888 | 270308     87 python3 154388     86 rviz2 72888   13855 python3 57724      58 ros2 
976089088 | 270308     87 python3 154388     86 rviz2 72888   13855 python3 57724      58 ros2 
976039936 | 270308     87 python3 154388     86 rviz2 72888   13855 python3 57724      58 ros2 
976105472 | 270308     87 python3 154388     86 rviz2 72888   13855 python3 57724      58 ros2 
975839232 | 270308     87 python3 154388     86 rviz2 72888   13855 python3 57724      58 ros2 
975884288 | 270308     87 python3 154388     86 rviz2 72888   13855 python3 57724      58 ros2 
975626240 | 270308     87 python3 154388     86 rviz2 72888   13855 python3 57724      58 ros2 
975835136 | 270308     87 python3 154388     86 rviz2 72888   13855 python3 57724      58 ros2 
975368192 | 270308     87 python3 154388     86 rviz2 72888   13855 python3 57724      58 ros2 
975241216 | 270308     87 python3 154388     86 rviz2 72888   13855 python3 57724      58 ros2 
975781888 | 270308     87 python3 154388     86 rviz2 72888   13855 python3 57724      58 ros2 
975839232 | 270308     87 python3 154388     86 rviz2 72888   13855 python3 57724      58 ros2 
975839232 | 270308     87 python3 154388     86 rviz2 72888   13855 python3 57724      58 ros2 
976654336 | 270308     87 python3 154388     86 rviz2 72888   13855 python3 57724      58 ros2 
975839232 | 270308     87 python3 154388     86 rviz2 72888   13855 python3 57724      58 ros2 
975720448 | 270308     87 python3 154388     86 rviz2 72888   13855 python3 57724      58 ros2 
976244736 | 270308     87 python3 154388     86 rviz2 72888   13855 python3 57724      58 ros2 
976113664 | 270308     87 python3 154388     86 rviz2 72888   13855 python3 57724      58 ros2 
976064512 | 270308     87 python3 154388     86 rviz2 72888   13855 python3 57724      58 ros2 
975384576 | 270308     87 python3 154388     86 rviz2 72888   13855 python3 57724      58 ros2 
975384576 | 270308     87 python3 154388     86 rviz2 72888   13855 python3 57724      58 ros2 
975646720 | 270308     87 python3 154388     86 rviz2 72888   13855 python3 57724      58 ros2 
975384576 | 270308     87 python3 154388     86 rviz2 72888   13855 python3 57724      58 ros2 
975384576 | 270308     87 python3 154388     86 rviz2 72888   13855 python3 57724      58 ros2 
976175104 | 270308     87 python3 154388     86 rviz2 72888   13855 python3 57724      58 ros2 
976175104 | 270308     87 python3 154388     86 rviz2 72888   13855 python3 57724      58 ros2 
975912960 | 270308     87 python3 154388     86 rviz2 72888   13855 python3 57724      58 ros2 
975912960 | 270308     87 python3 154388     86 rviz2 72888   13855 python3 57724      58 ros2 
975912960 | 270308     87 python3 154388     86 rviz2 72888   13855 python3 57724      58 ros2 
975310848 | 270308     87 python3 154388     86 rviz2 72888   13855 python3 57724      58 ros2 
975196160 | 270308     87 python3 154388     86 rviz2 72888   13855 python3 57724      58 ros2 
975581184 | 270308     87 python3 154388     86 rviz2 72888   13855 python3 57724      58 ros2 
975581184 | 270308     87 python3 154388     86 rviz2 72888   13855 python3 57724      58 ros2 
975601664 | 270308     87 python3 154388     86 rviz2 72888   13855 python3 57724      58 ros2 
975249408 | 270308     87 python3 154388     86 rviz2 72888   13855 python3 57724      58 ros2 
975511552 | 270308     87 python3 154388     86 rviz2 72888   13855 python3 57724      58 ros2 
975843328 | 270308     87 python3 154388     86 rviz2 72888   13855 python3 57724      58 ros2 
975843328 | 270308     87 python3 154388     86 rviz2 72888   13855 python3 57724      58 ros2 
975843328 | 270308     87 python3 154388     86 rviz2 72888   13855 python3 57724      58 ros2 
976105472 | 270308     87 python3 154388     86 rviz2 72888   13855 python3 57724      58 ros2 
976105472 | 270308     87 python3 154388     86 rviz2 72888   13855 python3 57724      58 ros2 
976105472 | 270308     87 python3 154388     86 rviz2 72888   13855 python3 57724      58 ros2 
975937536 | 270308     87 python3 154388     86 rviz2 72888   13855 python3 57724      58 ros2 
975253504 | 270308     87 python3 154388     86 rviz2 72888   13855 python3 57724      58 ros2 
975577088 | 270308     87 python3 154388     86 rviz2 72888   13855 python3 57724      58 ros2 
975601664 | 270308     87 python3 154388     86 rviz2 72888   13855 python3 57724      58 ros2 
975454208 | 270308     87 python3 154388     86 rviz2 72888   13855 python3 57724      58 ros2 
975740928 | 270308     87 python3 154388     86 rviz2 72888   13855 python3 57724      58 ros2 
975577088 | 270308     87 python3 154388     86 rviz2 72888   13855 python3 57724      58 ros2 
976199680 | 270308     87 python3 154388     86 rviz2 72888   13855 python3 57724      58 ros2 
976105472 | 270308     87 python3 154388     86 rviz2 72888   13855 python3 57724      58 ros2 
975757312 | 270308     87 python3 154388     86 rviz2 72888   13855 python3 57724      58 ros2 
975695872 | 270308     87 python3 154388     86 rviz2 72888   13855 python3 57724      58 ros2 
975892480 | 270308     87 python3 154388     86 rviz2 72888   13855 python3 57724      58 ros2 
976322560 | 270308     87 python3 154388     86 rviz2 72888   13855 python3 57724      58 ros2 
975921152 | 270308     87 python3 154388     86 rviz2 72888   13855 python3 57724      58 ros2 
976539648 | 270308     87 python3 154388     86 rviz2 72888   13855 python3 57724      58 ros2 
975843328 | 270308     87 python3 154388     86 rviz2 72888   13855 python3 57724      58 ros2 
975347712 | 270308     87 python3 154388     86 rviz2 72888   13855 python3 57724      58 ros2 
975351808 | 270308     87 python3 154388     86 rviz2 72888   13855 python3 57724      58 ros2 
975425536 | 270308     87 python3 154388     86 rviz2 72888   13855 python3 57724      58 ros2 
976109568 | 270308     87 python3 154388     86 rviz2 72888   13855 python3 57724      58 ros2 
976371712 | 270308     87 python3 154388     86 rviz2 72888   13855 python3 57724      58 ros2 
976105472 | 270308     87 python3 154388     86 rviz2 72888   13855 python3 57724      58 ros2 
976109568 | 270308     87 python3 154388     86 rviz2 72888   13855 python3 57724      58 ros2 
975851520 | 270308     87 python3 154388     86 rviz2 72888   13855 python3 57724      58 ros2 
976506880 | 270308     87 python3 154388     86 rviz2 72888   13855 python3 57724      58 ros2 
975519744 | 270308     87 python3 154388     86 rviz2 72888   13855 python3 57724      58 ros2 
975253504 | 270308     87 python3 154388     86 rviz2 72888   13855 python3 57724      58 ros2 
975712256 | 270308     87 python3 154388     86 rviz2 72888   13855 python3 57724      58 ros2 
975765504 | 270308     87 python3 154388     86 rviz2 72888   13855 python3 57724      58 ros2 
975581184 | 270308     87 python3 154388     86 rviz2 72888   13855 python3 57724      58 ros2 
975323136 | 270308     87 python3 154388     86 rviz2 72888   13855 python3 57724      58 ros2 
975843328 | 270308     87 python3 154388     86 rviz2 72888   13855 python3 57724      58 ros2 
976392192 | 270308     87 python3 154388     86 rviz2 72888   13855 python3 57724      58 ros2 
976470016 | 270308     87 python3 154388     86 rviz2 72888   13855 python3 57724      58 ros2 
976146432 | 270308     87 python3 154388     86 rviz2 72888   13855 python3 57724      58 ros2 
976109568 | 270308     87 python3 154388     86 rviz2 72888   13855 python3 57724      58 ros2 
976109568 | 270308     87 python3 154388     86 rviz2 72888   13855 python3 57724      58 ros2 
976384000 | 270308     87 python3 154388     86 rviz2 72888   13855 python3 57724      58 ros2 
976199680 | 270308     87 python3 154388     86 rviz2 72888   13855 python3 57724      58 ros2 
975855616 | 270308     87 python3 154388     86 rviz2 72888   13855 python3 57724      58 ros2 
975368192 | 270308     87 python3 154388     86 rviz2 72888   13855 python3 57724      58 ros2 
975683584 | 270308     87 python3 154388     86 rviz2 72888   13855 python3 57724      58 ros2 
975683584 | 270308     87 python3 154388     86 rviz2 72888   13855 python3 57724      58 ros2 
975323136 | 270308     87 python3 154388     86 rviz2 72888   13855 python3 57724      58 ros2 
975581184 | 270308     87 python3 154388     86 rviz2 72888   13855 python3 57724      58 ros2 
976113664 | 270308     87 python3 154388     86 rviz2 72888   13855 python3 57724      58 ros2 
976113664 | 270308     87 python3 154388     86 rviz2 72888   13855 python3 57724      58 ros2 
975851520 | 270308     87 python3 154388     86 rviz2 72888   13855 python3 57724      58 ros2 
976117760 | 270308     87 python3 154388     86 rviz2 72888   13855 python3 57724      58 ros2 
975818752 | 270308     87 python3 154388     86 rviz2 72888   13855 python3 57724      58 ros2 
975843328 | 270308     87 python3 154388     86 rviz2 72888   13855 python3 57724      58 ros2 
976306176 | 270308     87 python3 154388     86 rviz2 72888   13855 python3 57724      58 ros2 
976109568 | 270308     87 python3 154388     86 rviz2 72888   13855 python3 57724      58 ros2 
976273408 | 270308     87 python3 154388     86 rviz2 72888   13855 python3 57724      58 ros2 
975581184 | 270308     87 python3 154388     86 rviz2 72888   13855 python3 57724      58 ros2 
975364096 | 270308     87 python3 154388     86 rviz2 72888   13855 python3 57724      58 ros2 
975626240 | 270308     87 python3 154388     86 rviz2 72888   13855 python3 57724      58 ros2 
975880192 | 270308     87 python3 154388     86 rviz2 72888   13855 python3 57724      58 ros2 
976113664 | 270308     87 python3 154388     86 rviz2 72888   13855 python3 57724      58 ros2 
976044032 | 270308     87 python3 154388     86 rviz2 72888   13855 python3 57724      58 ros2 
976371712 | 270308     87 python3 154388     86 rviz2 72888   13855 python3 57724      58 ros2 
975839232 | 270308     87 python3 154388     86 rviz2 72888   13855 python3 57724      58 ros2 
976592896 | 270308     87 python3 154388     86 rviz2 72888   13855 python3 57724      58 ros2 
976179200 | 270308     87 python3 154388     86 rviz2 72888   13855 python3 57724      58 ros2 
975396864 | 270308     87 python3 154388     86 rviz2 72888   13855 python3 57724      58 ros2 
975736832 | 270308     87 python3 154388     86 rviz2 72888   13855 python3 57724      58 ros2 
975757312 | 270308     87 python3 154388     86 rviz2 72888   13855 python3 57724      58 ros2 
975876096 | 270308     87 python3 154388     86 rviz2 72888   13855 python3 57724      58 ros2 
975585280 | 270308     87 python3 154388     86 rviz2 72888   13855 python3 57724      58 ros2 
975364096 | 270308     87 python3 154388     86 rviz2 72888   13855 python3 57724      58 ros2 
975851520 | 270308     87 python3 154388     86 rviz2 72888   13855 python3 57724      58 ros2 
975847424 | 270308     87 python3 154388     86 rviz2 72888   13855 python3 57724      58 ros2 
975491072 | 270308     87 python3 154388     86 rviz2 72888   13855 python3 57724      58 ros2 
975470592 | 270308     87 python3 154388     86 rviz2 72888   13855 python3 57724      58 ros2 
975503360 | 270308     87 python3 154388     86 rviz2 72888   13855 python3 57724      58 ros2 
975847424 | 270308     87 python3 154388     86 rviz2 72888   13855 python3 57724      58 ros2 
975622144 | 270308     87 python3 154388     86 rviz2 72888   13855 python3 57724      58 ros2 
975609856 | 270308     87 python3 154388     86 rviz2 72888   13855 python3 57724      58 ros2 
975286272 | 270308     87 python3 154388     86 rviz2 72888   13855 python3 57724      58 ros2 
975618048 | 270308     87 python3 154388     86 rviz2 72888   13855 python3 57724      58 ros2 
975974400 | 270308     87 python3 154388     86 rviz2 72888   13855 python3 57724      58 ros2 
975937536 | 270308     87 python3 154388     86 rviz2 72888   13855 python3 57724      58 ros2 
975613952 | 270308     87 python3 154388     86 rviz2 72888   13855 python3 57724      58 ros2 
976048128 | 270308     87 python3 154388     86 rviz2 72888   13855 python3 57724      58 ros2 
975794176 | 270308     87 python3 154388     86 rviz2 72888   13855 python3 57724      58 ros2 
976044032 | 270308     87 python3 154388     86 rviz2 72888   13855 python3 57724      58 ros2 
975847424 | 270308     87 python3 154388     86 rviz2 72888   13855 python3 57724      58 ros2 
975851520 | 270308     87 python3 154388     86 rviz2 72888   13855 python3 57724      58 ros2 
975327232 | 270308     87 python3 154388     86 rviz2 72888   13855 python3 57724      58 ros2 
975593472 | 270308     87 python3 154388     86 rviz2 72888   13855 python3 57724      58 ros2 
975331328 | 270308     87 python3 154388     86 rviz2 72888   13855 python3 57724      58 ros2 
975585280 | 270308     87 python3 154388     86 rviz2 72888   13855 python3 57724      58 ros2 
975552512 | 270308     87 python3 154388     86 rviz2 72888   13855 python3 57724      58 ros2 
975257600 | 270308     87 python3 154388     86 rviz2 72888   13855 python3 57724      58 ros2 
975237120 | 270308     87 python3 154388     86 rviz2 72888   13855 python3 57724      58 ros2 
976228352 | 270308     87 python3 154388     86 rviz2 72888   13855 python3 57724      58 ros2 
975851520 | 270308     87 python3 154388     86 rviz2 72888   13855 python3 57724      58 ros2 
975851520 | 270308     87 python3 154388     86 rviz2 72888   13855 python3 57724      58 ros2 
975851520 | 270308     87 python3 154388     86 rviz2 72888   13855 python3 57724      58 ros2 
976113664 | 270308     87 python3 154388     86 rviz2 72888   13855 python3 57724      58 ros2 
975851520 | 270308     87 python3 154388     86 rviz2 72888   13855 python3 57724      58 ros2 
975851520 | 270308     87 python3 154388     86 rviz2 72888   13855 python3 57724      58 ros2 
976048128 | 270308     87 python3 154388     86 rviz2 72888   13855 python3 57724      58 ros2 
975327232 | 270308     87 python3 154388     86 rviz2 72888   13855 python3 57724      58 ros2 
975327232 | 270308     87 python3 154388     86 rviz2 72888   13855 python3 57724      58 ros2 
975589376 | 270308     87 python3 154388     86 rviz2 72888   13855 python3 57724      58 ros2 
975597568 | 270308     87 python3 154388     86 rviz2 72888   13855 python3 57724      58 ros2 
975589376 | 270308     87 python3 154388     86 rviz2 72888   13855 python3 57724      58 ros2 
975998976 | 270308     87 python3 154388     86 rviz2 72888   13855 python3 57724      58 ros2 
976113664 | 270308     87 python3 154388     86 rviz2 72888   13855 python3 57724      58 ros2 
976117760 | 270308     87 python3 154388     86 rviz2 72888   13855 python3 57724      58 ros2 
975773696 | 270308     87 python3 154388     86 rviz2 72888   13855 python3 57724      58 ros2 
975855616 | 270308     87 python3 154388     86 rviz2 72888   13855 python3 57724      58 ros2 
975937536 | 270308     87 python3 154388     86 rviz2 72888   13855 python3 57724      58 ros2 
975867904 | 270308     87 python3 154388     86 rviz2 72888   13855 python3 57724      58 ros2 
975867904 | 270308     87 python3 154388     86 rviz2 72888   13855 python3 57724      58 ros2 
975859712 | 270308     87 python3 154388     86 rviz2 72888   13855 python3 57724      58 ros2 
975785984 | 270308     87 python3 154388     86 rviz2 72888   13855 python3 57724      58 ros2 
976121856 | 270308     87 python3 154388     86 rviz2 72888   13855 python3 57724      58 ros2 
975560704 | 270308     87 python3 154388     86 rviz2 72888   13855 python3 57724      58 ros2 
975851520 | 270308     87 python3 154388     86 rviz2 72888   13855 python3 57724      58 ros2 
976125952 | 270308     87 python3 154388     86 rviz2 72888   13855 python3 57724      58 ros2 
976117760 | 270308     87 python3 154388     86 rviz2 72888   13855 python3 57724      58 ros2 
976289792 | 270308     87 python3 154388     86 rviz2 72888   13855 python3 57724      58 ros2 
975855616 | 270308     87 python3 154388     86 rviz2 72888   13855 python3 57724      58 ros2 
976121856 | 270308     87 python3 154388     86 rviz2 72888   13855 python3 57724      58 ros2 
976117760 | 270308     87 python3 154388     86 rviz2 72888   13855 python3 57724      58 ros2 
975589376 | 270308     87 python3 154388     86 rviz2 72888   13855 python3 57724      58 ros2 
975327232 | 270308     87 python3 154388     86 rviz2 72888   13855 python3 57724      58 ros2 
975413248 | 270308     87 python3 154388     86 rviz2 72888   13855 python3 57724      58 ros2 
975593472 | 270308     87 python3 154388     86 rviz2 72888   13855 python3 57724      58 ros2 
975335424 | 270308     87 python3 154388     86 rviz2 72888   13855 python3 57724      58 ros2 
975589376 | 270308     87 python3 154388     86 rviz2 72888   13855 python3 57724      58 ros2 
975941632 | 270308     87 python3 154388     86 rviz2 72888   13855 python3 57724      58 ros2 
976117760 | 270308     87 python3 154388     86 rviz2 72888   13855 python3 57724      58 ros2 
975847424 | 270308     87 python3 154388     86 rviz2 72888   13855 python3 57724      58 ros2 
975925248 | 270308     87 python3 154388     86 rviz2 72888   13855 python3 57724      58 ros2 
976224256 | 270308     87 python3 154388     86 rviz2 72888   13855 python3 57724      58 ros2 
975933440 | 270308     87 python3 154388     86 rviz2 72888   13855 python3 57724      58 ros2 
975929344 | 270308     87 python3 154388     86 rviz2 72888   13855 python3 57724      58 ros2 
975925248 | 270308     87 python3 154388     86 rviz2 72888   13855 python3 57724      58 ros2 
975532032 | 270308     87 python3 154388     86 rviz2 72888   13855 python3 57724      58 ros2 
975175680 | 270308     87 python3 154388     86 rviz2 72888   13855 python3 57724      58 ros2 
975261696 | 270308     87 python3 154388     86 rviz2 72888   13855 python3 57724      58 ros2 
975851520 | 270308     87 python3 154388     86 rviz2 72888   13855 python3 57724      58 ros2 
975851520 | 270308     87 python3 154388     86 rviz2 72888   13855 python3 57724      58 ros2 
976117760 | 270308     87 python3 154388     86 rviz2 72888   13855 python3 57724      58 ros2 
976384000 | 270308     87 python3 154388     86 rviz2 72888   13855 python3 57724      58 ros2 
975859712 | 270308     87 python3 154388     86 rviz2 72888   13855 python3 57724      58 ros2 
976130048 | 270308     87 python3 154388     86 rviz2 72888   13855 python3 57724      58 ros2 
976347136 | 270308     87 python3 154388     86 rviz2 72888   13855 python3 57724      58 ros2 
975921152 | 270308     87 python3 154388     86 rviz2 72888   13855 python3 57724      58 ros2 
975863808 | 270308     87 python3 154388     86 rviz2 72888   13855 python3 57724      58 ros2 
976187392 | 270308     87 python3 154388     86 rviz2 72888   13855 python3 57724      58 ros2 
975863808 | 270308     87 python3 154388     86 rviz2 72888   13855 python3 57724      58 ros2 
975888384 | 270308     87 python3 154388     86 rviz2 72888   13855 python3 57724      58 ros2 
975593472 | 270308     87 python3 154388     86 rviz2 72888   13855 python3 57724      58 ros2 
975458304 | 270308     87 python3 154388     86 rviz2 72888   13855 python3 57724      58 ros2 
975654912 | 270308     87 python3 154388     86 rviz2 72888   13855 python3 57724      58 ros2 
976121856 | 270308     87 python3 154388     86 rviz2 72888   13855 python3 57724      58 ros2 
976379904 | 270308     87 python3 154388     86 rviz2 72888   13855 python3 57724      58 ros2 
975863808 | 270308     87 python3 154388     86 rviz2 72888   13855 python3 57724      58 ros2 
976089088 | 270308     87 python3 154388     86 rviz2 72888   13855 python3 57724      58 ros2 
976121856 | 270308     87 python3 154388     86 rviz2 72888   13855 python3 57724      58 ros2 
976125952 | 270308     87 python3 154388     86 rviz2 72888   13855 python3 57724      58 ros2 
975798272 | 270308     87 python3 154388     86 rviz2 72888   13855 python3 57724      58 ros2 
975282176 | 270308     87 python3 154388     86 rviz2 72888   13855 python3 57724      58 ros2 
975527936 | 270308     87 python3 154388     86 rviz2 72888   13855 python3 57724      58 ros2 
975265792 | 270308     87 python3 154388     86 rviz2 72888   13855 python3 57724      58 ros2 
975540224 | 270308     87 python3 154388     86 rviz2 72888   13855 python3 57724      58 ros2 
975331328 | 270308     87 python3 154388     86 rviz2 72888   13855 python3 57724      58 ros2 
976195584 | 270308     87 python3 154388     86 rviz2 72888   13855 python3 57724      58 ros2 
975855616 | 270308     87 python3 154388     86 rviz2 72888   13855 python3 57724      58 ros2 
976121856 | 270308     87 python3 154388     86 rviz2 72888   13855 python3 57724      58 ros2 
976121856 | 270308     87 python3 154388     86 rviz2 72888   13855 python3 57724      58 ros2 
976056320 | 270308     87 python3 154388     86 rviz2 72888   13855 python3 57724      58 ros2 
975798272 | 270308     87 python3 154388     86 rviz2 72888   13855 python3 57724      58 ros2 
976125952 | 270308     87 python3 154388     86 rviz2 72888   13855 python3 57724      58 ros2 
976125952 | 270308     87 python3 154388     86 rviz2 72888   13855 python3 57724      58 ros2 
976121856 | 270308     87 python3 154388     86 rviz2 72888   13855 python3 57724      58 ros2 
975597568 | 270308     87 python3 154388     86 rviz2 72888   13855 python3 57724      58 ros2 
975601664 | 270308     87 python3 154388     86 rviz2 72888   13855 python3 57724      58 ros2 
975716352 | 270308     87 python3 154388     86 rviz2 72888   13855 python3 57724      58 ros2 
975556608 | 270308     87 python3 154388     86 rviz2 72888   13855 python3 57724      58 ros2 
975859712 | 270308     87 python3 154388     86 rviz2 72888   13855 python3 57724      58 ros2 
975794176 | 270308     87 python3 154388     86 rviz2 72888   13855 python3 57724      58 ros2 
975749120 | 270308     87 python3 154388     86 rviz2 72888   13855 python3 57724      58 ros2 
975949824 | 270308     87 python3 154388     86 rviz2 72888   13855 python3 57724      58 ros2 
975859712 | 270308     87 python3 154388     86 rviz2 72888   13855 python3 57724      58 ros2 
975945728 | 270308     87 python3 154388     86 rviz2 72888   13855 python3 57724      58 ros2 
975597568 | 270308     87 python3 154388     86 rviz2 72888   13855 python3 57724      58 ros2 
975339520 | 270308     87 python3 154388     86 rviz2 72888   13855 python3 57724      58 ros2 
975671296 | 270308     87 python3 154388     86 rviz2 72888   13855 python3 57724      58 ros2 
975593472 | 270308     87 python3 154388     86 rviz2 72888   13855 python3 57724      58 ros2 
975486976 | 270308     87 python3 154388     86 rviz2 72888   13855 python3 57724      58 ros2 
975597568 | 270308     87 python3 154388     86 rviz2 72888   13855 python3 57724      58 ros2 
976134144 | 270308     87 python3 154388     86 rviz2 72888   13855 python3 57724      58 ros2 
975863808 | 270308     87 python3 154388     86 rviz2 72888   13855 python3 57724      58 ros2 
975974400 | 270308     87 python3 154388     86 rviz2 72888   13855 python3 57724      58 ros2 
975863808 | 270308     87 python3 154388     86 rviz2 72888   13855 python3 57724      58 ros2 
975872000 | 270308     87 python3 154388     86 rviz2 72888   13855 python3 57724      58 ros2 
975953920 | 270308     87 python3 154388     86 rviz2 72888   13855 python3 57724      58 ros2 
976138240 | 270308     87 python3 154388     86 rviz2 72888   13855 python3 57724      58 ros2 
976125952 | 270308     87 python3 154388     86 rviz2 72888   13855 python3 57724      58 ros2 
975597568 | 270308     87 python3 154388     86 rviz2 72888   13855 python3 57724      58 ros2 
975597568 | 270308     87 python3 154388     86 rviz2 72888   13855 python3 57724      58 ros2 
975777792 | 270308     87 python3 154388     86 rviz2 72888   13855 python3 57724      58 ros2 
975609856 | 270308     87 python3 154388     86 rviz2 72888   13855 python3 57724      58 ros2 
975716352 | 270308     87 python3 154388     86 rviz2 72888   13855 python3 57724      58 ros2 
976056320 | 270308     87 python3 154388     86 rviz2 72888   13855 python3 57724      58 ros2 
976125952 | 270308     87 python3 154388     86 rviz2 72888   13855 python3 57724      58 ros2 
975867904 | 270308     87 python3 154388     86 rviz2 72888   13855 python3 57724      58 ros2 
976130048 | 270308     87 python3 154388     86 rviz2 72888   13855 python3 57724      58 ros2 
975867904 | 270308     87 python3 154388     86 rviz2 72888   13855 python3 57724      58 ros2 
975863808 | 270308     87 python3 154388     86 rviz2 72888   13855 python3 57724      58 ros2 
976388096 | 270308     87 python3 154388     86 rviz2 72888   13855 python3 57724      58 ros2 
975863808 | 270308     87 python3 154388     86 rviz2 72888   13855 python3 57724      58 ros2 
976097280 | 270308     87 python3 154388     86 rviz2 72888   13855 python3 57724      58 ros2 
975863808 | 270308     87 python3 154388     86 rviz2 72888   13855 python3 57724      58 ros2 
975310848 | 270308     87 python3 154388     86 rviz2 72888   13855 python3 57724      58 ros2 
975601664 | 270308     87 python3 154388     86 rviz2 72888   13855 python3 57724      58 ros2 
975339520 | 270308     87 python3 154388     86 rviz2 72888   13855 python3 57724      58 ros2 
976240640 | 270308     87 python3 154388     86 rviz2 72888   13855 python3 57724      58 ros2 
976125952 | 270308     87 python3 154388     86 rviz2 72888   13855 python3 57724      58 ros2 
976236544 | 270308     87 python3 154388     86 rviz2 72888   13855 python3 57724      58 ros2 
976269312 | 270308     87 python3 154388     86 rviz2 72888   13855 python3 57724      58 ros2 
976031744 | 270308     87 python3 154388     86 rviz2 72888   13855 python3 57724      58 ros2 
976130048 | 270308     87 python3 154388     86 rviz2 72888   13855 python3 57724      58 ros2 
975220736 | 270308     87 python3 154388     86 rviz2 72888   13855 python3 57724      58 ros2 
975372288 | 270308     87 python3 154388     86 rviz2 72888   13855 python3 57724      58 ros2 
975695872 | 270308     87 python3 154388     86 rviz2 72888   13855 python3 57724      58 ros2 
975859712 | 270308     87 python3 154388     86 rviz2 72888   13855 python3 57724      58 ros2 
975597568 | 270308     87 python3 154388     86 rviz2 72888   13855 python3 57724      58 ros2 
975343616 | 270308     87 python3 154388     86 rviz2 72888   13855 python3 57724      58 ros2 
975601664 | 270308     87 python3 154388     86 rviz2 72888   13855 python3 57724      58 ros2 
975482880 | 270308     87 python3 154388     86 rviz2 72888   13855 python3 57724      58 ros2 
975609856 | 270308     87 python3 154388     86 rviz2 72888   13855 python3 57724      58 ros2 
975695872 | 270308     87 python3 154388     86 rviz2 72888   13855 python3 57724      58 ros2 
975343616 | 270308     87 python3 154388     86 rviz2 72888   13855 python3 57724      58 ros2 
975605760 | 270308     87 python3 154388     86 rviz2 72888   13855 python3 57724      58 ros2 
975597568 | 270308     87 python3 154388     86 rviz2 72888   13855 python3 57724      58 ros2 
975347712 | 270308     87 python3 154388     86 rviz2 72888   13855 python3 57724      58 ros2 
975392768 | 270308     87 python3 154388     86 rviz2 72888   13855 python3 57724      58 ros2 
975282176 | 270308     87 python3 154388     86 rviz2 72888   13855 python3 57724      58 ros2 
975638528 | 270308     87 python3 154388     86 rviz2 72888   13855 python3 57724      58 ros2 
975343616 | 270308     87 python3 154388     86 rviz2 72888   13855 python3 57724      58 ros2 
975605760 | 270308     87 python3 154388     86 rviz2 72888   13855 python3 57724      58 ros2 
975867904 | 270308     87 python3 154388     86 rviz2 72888   13855 python3 57724      58 ros2 
976130048 | 270308     87 python3 154388     86 rviz2 72888   13855 python3 57724      58 ros2 
976130048 | 270308     87 python3 154388     86 rviz2 72888   13855 python3 57724      58 ros2 
976138240 | 270308     87 python3 154388     86 rviz2 72888   13855 python3 57724      58 ros2 
976375808 | 270308     87 python3 154388     86 rviz2 72888   13855 python3 57724      58 ros2 
976134144 | 270308     87 python3 154388     86 rviz2 72888   13855 python3 57724      58 ros2 
975863808 | 270308     87 python3 154388     86 rviz2 72888   13855 python3 57724      58 ros2 
975343616 | 270308     87 python3 154388     86 rviz2 72888   13855 python3 57724      58 ros2 
975450112 | 270308     87 python3 154388     86 rviz2 72888   13855 python3 57724      58 ros2 
975601664 | 270308     87 python3 154388     86 rviz2 72888   13855 python3 57724      58 ros2 
975273984 | 270308     87 python3 154388     86 rviz2 72888   13855 python3 57724      58 ros2 
975122432 | 270308     87 python3 154388     86 rviz2 72888   13855 python3 57724      58 ros2 
975273984 | 270308     87 python3 154388     86 rviz2 72888   13855 python3 57724      58 ros2 
976064512 | 270308     87 python3 154388     86 rviz2 72888   13855 python3 57724      58 ros2 
976130048 | 270308     87 python3 154388     86 rviz2 72888   13855 python3 57724      58 ros2 
976130048 | 270308     87 python3 154388     86 rviz2 72888   13855 python3 57724      58 ros2 
975867904 | 270308     87 python3 154388     86 rviz2 72888   13855 python3 57724      58 ros2 
975839232 | 270308     87 python3 154388     86 rviz2 72888   13855 python3 57724      58 ros2 
975831040 | 270308     87 python3 154388     86 rviz2 72888   13855 python3 57724      58 ros2 
975872000 | 270308     87 python3 154388     86 rviz2 72888   13855 python3 57724      58 ros2 
975343616 | 270308     87 python3 154388     86 rviz2 72888   13855 python3 57724      58 ros2 
975466496 | 270308     87 python3 154388     86 rviz2 72888   13855 python3 57724      58 ros2 
975601664 | 270308     87 python3 154388     86 rviz2 72888   13855 python3 57724      58 ros2 
975499264 | 270308     87 python3 154388     86 rviz2 72888   13855 python3 57724      58 ros2 
975343616 | 270308     87 python3 154388     86 rviz2 72888   13855 python3 57724      58 ros2 
975601664 | 270308     87 python3 154388     86 rviz2 72888   13855 python3 57724      58 ros2 
976130048 | 270308     87 python3 154388     86 rviz2 72888   13855 python3 57724      58 ros2 
975835136 | 270308     87 python3 154388     86 rviz2 72888   13855 python3 57724      58 ros2 
976134144 | 270308     87 python3 154388     86 rviz2 72888   13855 python3 57724      58 ros2 
975839232 | 270308     87 python3 154388     86 rviz2 72888   13855 python3 57724      58 ros2 
975761408 | 270308     87 python3 154388     86 rviz2 72888   13855 python3 57724      58 ros2 
975872000 | 270308     87 python3 154388     86 rviz2 72888   13855 python3 57724      58 ros2 
975872000 | 270308     87 python3 154388     86 rviz2 72888   13855 python3 57724      58 ros2 
976400384 | 270308     87 python3 154388     86 rviz2 72888   13855 python3 57724      58 ros2 
975347712 | 270308     87 python3 154388     86 rviz2 72888   13855 python3 57724      58 ros2 
975605760 | 270308     87 python3 154388     86 rviz2 72888   13855 python3 57724      58 ros2 
975601664 | 270308     87 python3 154388     86 rviz2 72888   13855 python3 57724      58 ros2 
975339520 | 270308     87 python3 154388     86 rviz2 72888   13855 python3 57724      58 ros2 
976228352 | 270308     87 python3 154388     86 rviz2 72888   13855 python3 57724      58 ros2 
976035840 | 270308     87 python3 154388     86 rviz2 72888   13855 python3 57724      58 ros2 
976228352 | 270308     87 python3 154388     86 rviz2 72888   13855 python3 57724      58 ros2 
975994880 | 270308     87 python3 154388     86 rviz2 72888   13855 python3 57724      58 ros2 
976158720 | 270308     87 python3 154388     86 rviz2 72888   13855 python3 57724      58 ros2 
976142336 | 270308     87 python3 154388     86 rviz2 72888   13855 python3 57724      58 ros2 
975171584 | 270308     87 python3 154388     86 rviz2 72888   13855 python3 57724      58 ros2 
975278080 | 270308     87 python3 154388     86 rviz2 72888   13855 python3 57724      58 ros2 
975802368 | 270308     87 python3 154388     86 rviz2 72888   13855 python3 57724      58 ros2 
975413248 | 270308     87 python3 154388     86 rviz2 72888   13855 python3 57724      58 ros2 
975679488 | 270308     87 python3 154388     86 rviz2 72888   13855 python3 57724      58 ros2 
975384576 | 270308     87 python3 154388     86 rviz2 72888   13855 python3 57724      58 ros2 
975413248 | 270308     87 python3 154388     86 rviz2 72888   13855 python3 57724      58 ros2 
976211968 | 270308     87 python3 154388     86 rviz2 72888   13855 python3 57724      58 ros2 
976203776 | 270308     87 python3 154388     86 rviz2 72888   13855 python3 57724      58 ros2 
975941632 | 270308     87 python3 154388     86 rviz2 72888   13855 python3 57724      58 ros2 
975806464 | 270308     87 python3 154388     86 rviz2 72888   13855 python3 57724      58 ros2 
975945728 | 270308     87 python3 154388     86 rviz2 72888   13855 python3 57724      58 ros2 
976400384 | 270308     87 python3 154388     86 rviz2 72888   13855 python3 57724      58 ros2 
976236544 | 270308     87 python3 154388     86 rviz2 72888   13855 python3 57724      58 ros2 
976326656 | 270308     87 python3 154388     86 rviz2 72888   13855 python3 57724      58 ros2 
975605760 | 270308     87 python3 154388     86 rviz2 72888   13855 python3 57724      58 ros2 
975867904 | 270308     87 python3 154388     86 rviz2 72888   13855 python3 57724      58 ros2 
975605760 | 270308     87 python3 154388     86 rviz2 72888   13855 python3 57724      58 ros2 
976035840 | 270308     87 python3 154388     86 rviz2 72888   13855 python3 57724      58 ros2 
975495168 | 270308     87 python3 154388     86 rviz2 72888   13855 python3 57724      58 ros2 
975872000 | 270308     87 python3 154388     86 rviz2 72888   13855 python3 57724      58 ros2 
975867904 | 270308     87 python3 154388     86 rviz2 72888   13855 python3 57724      58 ros2 
976396288 | 270308     87 python3 154388     86 rviz2 72888   13855 python3 57724      58 ros2 
976158720 | 270308     87 python3 154388     86 rviz2 72888   13855 python3 57724      58 ros2 
976134144 | 270308     87 python3 154388     86 rviz2 72888   13855 python3 57724      58 ros2 
976134144 | 270308     87 python3 154388     86 rviz2 72888   13855 python3 57724      58 ros2 
976171008 | 270308     87 python3 154388     86 rviz2 72888   13855 python3 57724      58 ros2 
976134144 | 270308     87 python3 154388     86 rviz2 72888   13855 python3 57724      58 ros2 
975728640 | 270308     87 python3 154388     86 rviz2 72888   13855 python3 57724      58 ros2 
975347712 | 270308     87 python3 154388     86 rviz2 72888   13855 python3 57724      58 ros2 
975351808 | 270308     87 python3 154388     86 rviz2 72888   13855 python3 57724      58 ros2 
975351808 | 270308     87 python3 154388     86 rviz2 72888   13855 python3 57724      58 ros2 
975880192 | 270308     87 python3 154388     86 rviz2 72888   13855 python3 57724      58 ros2 
975974400 | 270308     87 python3 154388     86 rviz2 72888   13855 python3 57724      58 ros2 
976072704 | 270308     87 python3 154388     86 rviz2 72888   13855 python3 57724      58 ros2 
976072704 | 270308     87 python3 154388     86 rviz2 72888   13855 python3 57724      58 ros2 
975876096 | 270308     87 python3 154388     86 rviz2 72888   13855 python3 57724      58 ros2 
975876096 | 270308     87 python3 154388     86 rviz2 72888   13855 python3 57724      58 ros2 
976404480 | 270308     87 python3 154388     86 rviz2 72888   13855 python3 57724      58 ros2 
975249408 | 270308     87 python3 154388     86 rviz2 72888   13855 python3 57724      58 ros2 
975613952 | 270308     87 python3 154388     86 rviz2 72888   13855 python3 57724      58 ros2 
975863808 | 270308     87 python3 154388     86 rviz2 72888   13855 python3 57724      58 ros2 
975454208 | 270308     87 python3 154388     86 rviz2 72888   13855 python3 57724      58 ros2 
975351808 | 270308     87 python3 154388     86 rviz2 72888   13855 python3 57724      58 ros2 
975556608 | 270308     87 python3 154388     86 rviz2 72888   13855 python3 57724      58 ros2 
976138240 | 270308     87 python3 154388     86 rviz2 72888   13855 python3 57724      58 ros2 
976146432 | 270308     87 python3 154388     86 rviz2 72888   13855 python3 57724      58 ros2 
976232448 | 270308     87 python3 154388     86 rviz2 72888   13855 python3 57724      58 ros2 
975974400 | 270308     87 python3 154388     86 rviz2 72888   13855 python3 57724      58 ros2 
975880192 | 270308     87 python3 154388     86 rviz2 72888   13855 python3 57724      58 ros2 
976142336 | 270308     87 python3 154388     86 rviz2 72888   13855 python3 57724      58 ros2 
975880192 | 270308     87 python3 154388     86 rviz2 72888   13855 python3 57724      58 ros2 
976138240 | 270308     87 python3 154388     86 rviz2 72888   13855 python3 57724      58 ros2 
975544320 | 270308     87 python3 154388     86 rviz2 72888   13855 python3 57724      58 ros2 
975613952 | 270308     87 python3 154388     86 rviz2 72888   13855 python3 57724      58 ros2 
975814656 | 270308     87 python3 154388     86 rviz2 72888   13855 python3 57724      58 ros2 
975351808 | 270308     87 python3 154388     86 rviz2 72888   13855 python3 57724      58 ros2 
975872000 | 270308     87 python3 154388     86 rviz2 72888   13855 python3 57724      58 ros2 
976035840 | 270308     87 python3 154388     86 rviz2 72888   13855 python3 57724      58 ros2 
976039936 | 270308     87 python3 154388     86 rviz2 72888   13855 python3 57724      58 ros2 
976334848 | 270308     87 python3 154388     86 rviz2 72888   13855 python3 57724      58 ros2 
976080896 | 270308     87 python3 154388     86 rviz2 72888   13855 python3 57724      58 ros2 
976117760 | 270308     87 python3 154388     86 rviz2 72888   13855 python3 57724      58 ros2 
975757312 | 270308     87 python3 154388     86 rviz2 72888   13855 python3 57724      58 ros2 
976142336 | 270308     87 python3 154388     86 rviz2 72888   13855 python3 57724      58 ros2 
976297984 | 270308     87 python3 154388     86 rviz2 72888   13855 python3 57724      58 ros2 
975351808 | 270308     87 python3 154388     86 rviz2 72888   13855 python3 57724      58 ros2 
975609856 | 270308     87 python3 154388     86 rviz2 72888   13855 python3 57724      58 ros2 
975609856 | 270308     87 python3 154388     86 rviz2 72888   13855 python3 57724      58 ros2 
975486976 | 270308     87 python3 154388     86 rviz2 72888   13855 python3 57724      58 ros2 
976240640 | 270308     87 python3 154388     86 rviz2 72888   13855 python3 57724      58 ros2 
976240640 | 270308     87 python3 154388     86 rviz2 72888   13855 python3 57724      58 ros2 
976146432 | 270308     87 python3 154388     86 rviz2 72888   13855 python3 57724      58 ros2 
975884288 | 270308     87 python3 154388     86 rviz2 72888   13855 python3 57724      58 ros2 
975908864 | 270308     87 python3 154388     86 rviz2 72888   13855 python3 57724      58 ros2 
976171008 | 270308     87 python3 154388     86 rviz2 72888   13855 python3 57724      58 ros2 
976142336 | 270308     87 python3 154388     86 rviz2 72888   13855 python3 57724      58 ros2 
975884288 | 270308     87 python3 154388     86 rviz2 72888   13855 python3 57724      58 ros2 
975618048 | 270308     87 python3 154388     86 rviz2 72888   13855 python3 57724      58 ros2 
975728640 | 270308     87 python3 154388     86 rviz2 72888   13855 python3 57724      58 ros2 
975851520 | 270308     87 python3 154388     86 rviz2 72888   13855 python3 57724      58 ros2 
975364096 | 270308     87 python3 154388     86 rviz2 72888   13855 python3 57724      58 ros2 
975319040 | 270308     87 python3 154388     86 rviz2 72888   13855 python3 57724      58 ros2 
976150528 | 270308     87 python3 154388     86 rviz2 72888   13855 python3 57724      58 ros2 
976613376 | 270308     87 python3 154388     86 rviz2 72888   13855 python3 57724      58 ros2 
976150528 | 270308     87 python3 154388     86 rviz2 72888   13855 python3 57724      58 ros2 
976146432 | 270308     87 python3 154388     86 rviz2 72888   13855 python3 57724      58 ros2 
976261120 | 270308     87 python3 154388     86 rviz2 72888   13855 python3 57724      58 ros2 
975884288 | 270308     87 python3 154388     86 rviz2 72888   13855 python3 57724      58 ros2 
976142336 | 270308     87 python3 154388     86 rviz2 72888   13855 python3 57724      58 ros2 
975884288 | 270308     87 python3 154388     86 rviz2 72888   13855 python3 57724      58 ros2 
975880192 | 270308     87 python3 154388     86 rviz2 72888   13855 python3 57724      58 ros2 
975339520 | 270308     87 python3 154388     86 rviz2 72888   13855 python3 57724      58 ros2 
975286272 | 270308     87 python3 154388     86 rviz2 72888   13855 python3 57724      58 ros2 
975351808 | 270308     87 python3 154388     86 rviz2 72888   13855 python3 57724      58 ros2 
975613952 | 270308     87 python3 154388     86 rviz2 72888   13855 python3 57724      58 ros2 
976019456 | 270308     87 python3 154388     86 rviz2 72888   13855 python3 57724      58 ros2 
975966208 | 270308     87 python3 154388     86 rviz2 72888   13855 python3 57724      58 ros2 
975978496 | 270308     87 python3 154388     86 rviz2 72888   13855 python3 57724      58 ros2 
976105472 | 270308     87 python3 154388     86 rviz2 72888   13855 python3 57724      58 ros2 
975880192 | 270308     87 python3 154388     86 rviz2 72888   13855 python3 57724      58 ros2 
976109568 | 270308     87 python3 154388     86 rviz2 72888   13855 python3 57724      58 ros2 
975450112 | 270308     87 python3 154388     86 rviz2 72888   13855 python3 57724      58 ros2 
975421440 | 270308     87 python3 154388     86 rviz2 72888   13855 python3 57724      58 ros2 
976142336 | 270308     87 python3 154388     86 rviz2 72888   13855 python3 57724      58 ros2 
975613952 | 270308     87 python3 154388     86 rviz2 72888   13855 python3 57724      58 ros2 
975327232 | 270308     87 python3 154388     86 rviz2 72888   13855 python3 57724      58 ros2 
975618048 | 270308     87 python3 154388     86 rviz2 72888   13855 python3 57724      58 ros2 
975396864 | 270308     87 python3 154388     86 rviz2 72888   13855 python3 57724      58 ros2 
975613952 | 270308     87 python3 154388     86 rviz2 72888   13855 python3 57724      58 ros2 
975622144 | 270308     87 python3 154388     86 rviz2 72888   13855 python3 57724      58 ros2 
975372288 | 270308     87 python3 154388     86 rviz2 72888   13855 python3 57724      58 ros2 
975626240 | 270308     87 python3 154388     86 rviz2 72888   13855 python3 57724      58 ros2 
975794176 | 270308     87 python3 154388     86 rviz2 72888   13855 python3 57724      58 ros2 
975622144 | 270308     87 python3 154388     86 rviz2 72888   13855 python3 57724      58 ros2 
975675392 | 270308     87 python3 154388     86 rviz2 72888   13855 python3 57724      58 ros2 
975626240 | 270308     87 python3 154388     86 rviz2 72888   13855 python3 57724      58 ros2 
975704064 | 270308     87 python3 154388     86 rviz2 72888   13855 python3 57724      58 ros2 
975364096 | 270308     87 python3 154388     86 rviz2 72888   13855 python3 57724      58 ros2 
975917056 | 270308     87 python3 154388     86 rviz2 72888   13855 python3 57724      58 ros2 
975454208 | 270308     87 python3 154388     86 rviz2 72888   13855 python3 57724      58 ros2 
976211968 | 270308     87 python3 154388     86 rviz2 72888   13855 python3 57724      58 ros2 
976150528 | 270308     87 python3 154388     86 rviz2 72888   13855 python3 57724      58 ros2 
976150528 | 270308     87 python3 154388     86 rviz2 72888   13855 python3 57724      58 ros2 
976146432 | 270308     87 python3 154388     86 rviz2 72888   13855 python3 57724      58 ros2 
976150528 | 270308     87 python3 154388     86 rviz2 72888   13855 python3 57724      58 ros2 
975515648 | 270308     87 python3 154388     86 rviz2 72888   13855 python3 57724      58 ros2 
975814656 | 270308     87 python3 154388     86 rviz2 72888   13855 python3 57724      58 ros2 
975618048 | 270308     87 python3 154388     86 rviz2 72888   13855 python3 57724      58 ros2 
976130048 | 270308     87 python3 154388     86 rviz2 72888   13855 python3 57724      58 ros2 
975618048 | 270308     87 python3 154388     86 rviz2 72888   13855 python3 57724      58 ros2 
975360000 | 270308     87 python3 154388     86 rviz2 72888   13855 python3 57724      58 ros2 
975884288 | 270308     87 python3 154388     86 rviz2 72888   13855 python3 57724      58 ros2 
975319040 | 270308     87 python3 154388     86 rviz2 72888   13855 python3 57724      58 ros2 
976150528 | 270308     87 python3 154388     86 rviz2 72888   13855 python3 57724      58 ros2 
976363520 | 270308     87 python3 154388     86 rviz2 72888   13855 python3 57724      58 ros2 
976408576 | 270308     87 python3 154388     86 rviz2 72888   13855 python3 57724      58 ros2 
975896576 | 270308     87 python3 154388     86 rviz2 72888   13855 python3 57724      58 ros2 
976543744 | 270308     87 python3 154388     86 rviz2 72888   13855 python3 57724      58 ros2 
976171008 | 270308     87 python3 154388     86 rviz2 72888   13855 python3 57724      58 ros2 
976269312 | 270308     87 python3 154388     86 rviz2 72888   13855 python3 57724      58 ros2 
975360000 | 270308     87 python3 154388     86 rviz2 72888   13855 python3 57724      58 ros2 
975884288 | 270308     87 python3 154388     86 rviz2 72888   13855 python3 57724      58 ros2 
976023552 | 270308     87 python3 154388     86 rviz2 72888   13855 python3 57724      58 ros2 
975360000 | 270308     87 python3 154388     86 rviz2 72888   13855 python3 57724      58 ros2 
975618048 | 270308     87 python3 154388     86 rviz2 72888   13855 python3 57724      58 ros2 
976187392 | 270308     87 python3 154388     86 rviz2 72888   13855 python3 57724      58 ros2 
976150528 | 270308     87 python3 154388     86 rviz2 72888   13855 python3 57724      58 ros2 
975888384 | 270308     87 python3 154388     86 rviz2 72888   13855 python3 57724      58 ros2 
976371712 | 270308     87 python3 154388     86 rviz2 72888   13855 python3 57724      58 ros2 
975908864 | 270308     87 python3 154388     86 rviz2 72888   13855 python3 57724      58 ros2 
976080896 | 270308     87 python3 154388     86 rviz2 72888   13855 python3 57724      58 ros2 
976175104 | 270308     87 python3 154388     86 rviz2 72888   13855 python3 57724      58 ros2 
976683008 | 270308     87 python3 154388     86 rviz2 72888   13855 python3 57724      58 ros2 
976146432 | 270308     87 python3 154388     86 rviz2 72888   13855 python3 57724      58 ros2 
975839232 | 270308     87 python3 154388     86 rviz2 72888   13855 python3 57724      58 ros2 
975364096 | 270308     87 python3 154388     86 rviz2 72888   13855 python3 57724      58 ros2 
975630336 | 270308     87 python3 154388     86 rviz2 72888   13855 python3 57724      58 ros2 
976003072 | 270308     87 python3 154388     86 rviz2 72888   13855 python3 57724      58 ros2 
976465920 | 270308     87 python3 154388     86 rviz2 72888   13855 python3 57724      58 ros2 
976113664 | 270308     87 python3 154388     86 rviz2 72888   13855 python3 57724      58 ros2 
976699392 | 270308     87 python3 154388     86 rviz2 72888   13855 python3 57724      58 ros2 
975953920 | 270308     87 python3 154388     86 rviz2 72888   13855 python3 57724      58 ros2 
976326656 | 270308     87 python3 154388     86 rviz2 72888   13855 python3 57724      58 ros2 
975925248 | 270308     87 python3 154388     86 rviz2 72888   13855 python3 57724      58 ros2 
975433728 | 270308     87 python3 154388     86 rviz2 72888   13855 python3 57724      58 ros2 
975859712 | 270308     87 python3 154388     86 rviz2 72888   13855 python3 57724      58 ros2 
975851520 | 270308     87 python3 154388     86 rviz2 72888   13855 python3 57724      58 ros2 
975532032 | 270308     87 python3 154388     86 rviz2 72888   13855 python3 57724      58 ros2 
975560704 | 270308     87 python3 154388     86 rviz2 72888   13855 python3 57724      58 ros2 
975622144 | 270308     87 python3 154388     86 rviz2 72888   13855 python3 57724      58 ros2 
975527936 | 270308     87 python3 154388     86 rviz2 72888   13855 python3 57724      58 ros2 
975892480 | 270308     87 python3 154388     86 rviz2 72888   13855 python3 57724      58 ros2 
976416768 | 270308     87 python3 154388     86 rviz2 72888   13855 python3 57724      58 ros2 
975978496 | 270308     87 python3 154388     86 rviz2 72888   13855 python3 57724      58 ros2 
976031744 | 270308     87 python3 154388     86 rviz2 72888   13855 python3 57724      58 ros2 
976183296 | 270308     87 python3 154388     86 rviz2 72888   13855 python3 57724      58 ros2 
976166912 | 270308     87 python3 154388     86 rviz2 72888   13855 python3 57724      58 ros2 
976478208 | 270308     87 python3 154388     86 rviz2 72888   13855 python3 57724      58 ros2 
975360000 | 270308     87 python3 154388     86 rviz2 72888   13855 python3 57724      58 ros2 
975622144 | 270308     87 python3 154388     86 rviz2 72888   13855 python3 57724      58 ros2 
975691776 | 270308     87 python3 154388     86 rviz2 72888   13855 python3 57724      58 ros2 
975994880 | 270308     87 python3 154388     86 rviz2 72888   13855 python3 57724      58 ros2 
975687680 | 270308     87 python3 154388     86 rviz2 72888   13855 python3 57724      58 ros2 
976240640 | 270308     87 python3 154388     86 rviz2 72888   13855 python3 57724      58 ros2 
976396288 | 270308     87 python3 154388     86 rviz2 72888   13855 python3 57724      58 ros2 
976150528 | 270308     87 python3 154388     86 rviz2 72888   13855 python3 57724      58 ros2 
976154624 | 270308     87 python3 154388     86 rviz2 72888   13855 python3 57724      58 ros2 
976416768 | 270308     87 python3 154388     86 rviz2 72888   13855 python3 57724      58 ros2 
976150528 | 270308     87 python3 154388     86 rviz2 72888   13855 python3 57724      58 ros2 
976543744 | 270308     87 python3 154388     86 rviz2 72888   13855 python3 57724      58 ros2 
976117760 | 270308     87 python3 154388     86 rviz2 72888   13855 python3 57724      58 ros2 
975917056 | 270308     87 python3 154388     86 rviz2 72888   13855 python3 57724      58 ros2 
976150528 | 270308     87 python3 154388     86 rviz2 72888   13855 python3 57724      58 ros2 
975613952 | 270308     87 python3 154388     86 rviz2 72888   13855 python3 57724      58 ros2 
975634432 | 270308     87 python3 154388     86 rviz2 72888   13855 python3 57724      58 ros2 
975364096 | 270308     87 python3 154388     86 rviz2 72888   13855 python3 57724      58 ros2 
976568320 | 270308     87 python3 154388     86 rviz2 72888   13855 python3 57724      58 ros2 
976154624 | 270308     87 python3 154388     86 rviz2 72888   13855 python3 57724      58 ros2 
975863808 | 270308     87 python3 154388     86 rviz2 72888   13855 python3 57724      58 ros2 
976154624 | 270308     87 python3 154388     86 rviz2 72888   13855 python3 57724      58 ros2 
976150528 | 270308     87 python3 154388     86 rviz2 72888   13855 python3 57724      58 ros2 
976154624 | 270308     87 python3 154388     86 rviz2 72888   13855 python3 57724      58 ros2 
975630336 | 270308     87 python3 154388     86 rviz2 72888   13855 python3 57724      58 ros2 
975626240 | 270308     87 python3 154388     86 rviz2 72888   13855 python3 57724      58 ros2 
975368192 | 270308     87 python3 154388     86 rviz2 72888   13855 python3 57724      58 ros2 
975781888 | 270308     87 python3 154388     86 rviz2 72888   13855 python3 57724      58 ros2 
975364096 | 270308     87 python3 154388     86 rviz2 72888   13855 python3 57724      58 ros2 
975298560 | 270308     87 python3 154388     86 rviz2 72888   13855 python3 57724      58 ros2 
975142912 | 270308     87 python3 154388     86 rviz2 72888   13855 python3 57724      58 ros2 
975826944 | 270308     87 python3 154388     86 rviz2 72888   13855 python3 57724      58 ros2 
975900672 | 270308     87 python3 154388     86 rviz2 72888   13855 python3 57724      58 ros2 
976154624 | 270308     87 python3 154388     86 rviz2 72888   13855 python3 57724      58 ros2 
975929344 | 270308     87 python3 154388     86 rviz2 72888   13855 python3 57724      58 ros2 
976191488 | 270308     87 python3 154388     86 rviz2 72888   13855 python3 57724      58 ros2 
975896576 | 270308     87 python3 154388     86 rviz2 72888   13855 python3 57724      58 ros2 
975900672 | 270308     87 python3 154388     86 rviz2 72888   13855 python3 57724      58 ros2 
975896576 | 270308     87 python3 154388     86 rviz2 72888   13855 python3 57724      58 ros2 
