=== threads1 ===
1317158912 | 451684    100 python3 274452     99 rviz2 177036     93 joint_state_pub 130696    102 snp_motion_plan 
1317646336 | 451684    100 python3 274452     99 rviz2 177036     93 joint_state_pub 130696    102 snp_motion_plan 
1317146624 | 451684    100 python3 274456     99 rviz2 177036     93 joint_state_pub 130696    102 snp_motion_plan 
1317744640 | 451688    100 python3 274460     99 rviz2 177040     93 joint_state_pub 130696    102 snp_motion_plan 
1317806080 | 451688    100 python3 274460     99 rviz2 177040     93 joint_state_pub 130696    102 snp_motion_plan 
1317765120 | 451688    100 python3 274464     99 rviz2 177040     93 joint_state_pub 130696    102 snp_motion_plan 
1317507072 | 451688    100 python3 274468     99 rviz2 177040     93 joint_state_pub 130696    102 snp_motion_plan 
1317736448 | 451688    100 python3 274472     99 rviz2 177040     93 joint_state_pub 130696    102 snp_motion_plan 
1317380096 | 451688    100 python3 274472     99 rviz2 177040     93 joint_state_pub 130696    102 snp_motion_plan 
1317388288 | 451688    100 python3 274476     99 rviz2 177040     93 joint_state_pub 130696    102 snp_motion_plan 
1325027328 | 451688    100 python3 274480     99 rviz2 177040     93 joint_state_pub 130696    102 snp_motion_plan 
1325080576 | 451688    100 python3 274484     99 rviz2 177044     93 joint_state_pub 130696    102 snp_motion_plan 
1323630592 | 451688    100 python3 274484     99 rviz2 177044     93 joint_state_pub 130696    102 snp_motion_plan 
1325473792 | 451688    100 python3 274488     99 rviz2 177044     93 joint_state_pub 130696    102 snp_motion_plan 
1326071808 | 451688    100 python3 274492     99 rviz2 177044     93 joint_state_pub 130696    102 snp_motion_plan 
1334628352 | 451688    100 python3 274492     99 rviz2 177044     93 joint_state_pub 130696    102 snp_motion_plan 
1353244672 | 451852    100 python3 274684     99 rviz2 177228     93 joint_state_pub 130880    102 snp_motion_plan 
1352982528 | 451852    100 python3 274688     99 rviz2 177228     93 joint_state_pub 130880    102 snp_motion_plan 
1359945728 | 451968    100 python3 274736     99 rviz2 177336     93 joint_state_pub 130928    102 snp_motion_plan 
1358880768 | 451968    100 python3 274740     99 rviz2 177336     93 joint_state_pub 130928    102 snp_motion_plan 
1359650816 | 451968    100 python3 274744     99 rviz2 177340     93 joint_state_pub 130928    102 snp_motion_plan 
1359097856 | 451968    100 python3 274744     99 rviz2 177340     93 joint_state_pub 130928    102 snp_motion_plan 
1359667200 | 451968    100 python3 274744     99 rviz2 177344     93 joint_state_pub 130992    102 snp_motion_plan 
1359540224 | 451968    100 python3 274808     99 rviz2 177344     93 joint_state_pub 130996    102 snp_motion_plan 
1359564800 | 451968    100 python3 274808     99 rviz2 177344     93 joint_state_pub 130996    102 snp_motion_plan 
1360744448 | 451968    100 python3 274808     99 rviz2 177344     93 joint_state_pub 130996    102 snp_motion_plan 
1360220160 | 451968    100 python3 274808     99 rviz2 177344     93 joint_state_pub 130996    102 snp_motion_plan 
1370157056 | 451968    100 python3 274808     99 rviz2 177344     93 joint_state_pub 130996    102 snp_motion_plan 
1381601280 | 451976    100 python3 274812     99 rviz2 177352     93 joint_state_pub 140904    102 snp_motion_plan 
1585373184 | 451976    100 python3 347884    102 snp_motion_plan 274812     99 rviz2 177352     93 joint_state_pub 
1833889792 | 593832    102 snp_motion_plan 451976    100 python3 274812     99 rviz2 177352     93 joint_state_pub 
2085543936 | 834196    102 snp_motion_plan 451976    100 python3 274812     99 rviz2 177352     93 joint_state_pub 
2270871552 | 1025300   102 snp_motion_plan 451924    100 python3 274744     99 rviz2 177312     93 joint_state_pub 
2409152512 | 1154940   102 snp_motion_plan 451800    100 python3 274740     99 rviz2 177284     93 joint_state_pub 
2469060608 | 1275396   102 snp_motion_plan 451516    100 python3 274412     99 rviz2 176956     93 joint_state_pub 
2575867904 | 1426836   102 snp_motion_plan 407524    100 python3 192440     99 rviz2 133092     93 joint_state_pub 
2658545664 | 1623600   102 snp_motion_plan 352052    100 python3 149664     99 rviz2 105984     93 joint_state_pub 
2661056512 | 1853088   102 snp_motion_plan 258496    100 python3 105156     99 rviz2 77800      93 joint_state_pub 
2831818752 | 2023876   102 snp_motion_plan 253704    100 python3 99380      99 rviz2 72340      93 joint_state_pub 
3017543680 | 2204396   102 snp_motion_plan 252648    100 python3 98220      99 rviz2 71064      93 joint_state_pub 
3182739456 | 2359200   102 snp_motion_plan 252020    100 python3 97808      99 rviz2 70500      93 joint_state_pub 
2372317184 | 250700    100 python3 97712      99 rviz2 70292      93 joint_state_pub 53180      58 ros2 
772599808 | 250908    100 python3 98524      99 rviz2 70500      93 joint_state_pub 54152      58 ros2 
782663680 | 250908    100 python3 104476     99 rviz2 71048      93 joint_state_pub 54152      58 ros2 
795918336 | 250908    100 python3 111896     99 rviz2 75640      93 joint_state_pub 54388      58 ros2 
796327936 | 250908    100 python3 111896     99 rviz2 75808      93 joint_state_pub 54388      58 ros2 
799617024 | 250908    100 python3 111896     99 rviz2 75808      93 joint_state_pub 55232      58 ros2 
800604160 | 250908    100 python3 111900     99 rviz2 75936      93 joint_state_pub 55232      58 ros2 
801546240 | 250908    100 python3 111900     99 rviz2 80312      93 joint_state_pub 55232      58 ros2 
810020864 | 250908    100 python3 116180     99 rviz2 80208      93 joint_state_pub 55392      58 ros2 
809734144 | 251084    100 python3 116180     99 rviz2 80208      93 joint_state_pub 55392      58 ros2 
818917376 | 251084    100 python3 116076     99 rviz2 80208      93 joint_state_pub 55460      58 ros2 
818823168 | 251148    100 python3 116076     99 rviz2 81032      93 joint_state_pub 55460      58 ros2 
818851840 | 251148    100 python3 116076     99 rviz2 81032      93 joint_state_pub 55460      58 ros2 
818536448 | 251148    100 python3 116076     99 rviz2 81032      93 joint_state_pub 55460      58 ros2 
818589696 | 251148    100 python3 116076     99 rviz2 81032      93 joint_state_pub 55460      58 ros2 
818577408 | 251148    100 python3 116076     99 rviz2 81032      93 joint_state_pub 55460      58 ros2 
818794496 | 251148    100 python3 116076     99 rviz2 81020      93 joint_state_pub 55460      58 ros2 
819068928 | 251148    100 python3 116076     99 rviz2 81020      93 joint_state_pub 55460      58 ros2 
819060736 | 251148    100 python3 116076     99 rviz2 81020      93 joint_state_pub 55460      58 ros2 
818794496 | 251148    100 python3 116076     99 rviz2 81024      93 joint_state_pub 55460      58 ros2 
818806784 | 251148    100 python3 116076     99 rviz2 81024      93 joint_state_pub 55460      58 ros2 
818769920 | 251148    100 python3 116076     99 rviz2 81028      93 joint_state_pub 55460      58 ros2 
818761728 | 251148    100 python3 116076     99 rviz2 81028      93 joint_state_pub 55468      58 ros2 
818974720 | 251148    100 python3 116076     99 rviz2 81028      93 joint_state_pub 55468      58 ros2 
818999296 | 251148    100 python3 116076     99 rviz2 81028      93 joint_state_pub 55468      58 ros2 
818806784 | 251148    100 python3 116076     99 rviz2 81028      93 joint_state_pub 55468      58 ros2 
818540544 | 251148    100 python3 116076     99 rviz2 81028      93 joint_state_pub 55468      58 ros2 
818749440 | 251148    100 python3 116076     99 rviz2 81028      93 joint_state_pub 55468      58 ros2 
818753536 | 251148    100 python3 116076     99 rviz2 81028      93 joint_state_pub 55468      58 ros2 
818810880 | 251148    100 python3 116076     99 rviz2 81028      93 joint_state_pub 55468      58 ros2 
818753536 | 251148    100 python3 116076     99 rviz2 81028      93 joint_state_pub 55468      58 ros2 
818495488 | 251148    100 python3 116076     99 rviz2 81028      93 joint_state_pub 55468      58 ros2 
818491392 | 252004    100 python3 116076     99 rviz2 81028      93 joint_state_pub 55468      58 ros2 
818774016 | 252004    100 python3 116076     99 rviz2 81028      93 joint_state_pub 55468      58 ros2 
818548736 | 252004    100 python3 116076     99 rviz2 81028      93 joint_state_pub 55468      58 ros2 
818569216 | 252004    100 python3 116076     99 rviz2 81028      93 joint_state_pub 55468      58 ros2 
818544640 | 252004    100 python3 116076     99 rviz2 81028      93 joint_state_pub 55468      58 ros2 
819335168 | 252004    100 python3 116076     99 rviz2 81028      93 joint_state_pub 55468      58 ros2 
818511872 | 252004    100 python3 116076     99 rviz2 81028      93 joint_state_pub 55468      58 ros2 
817864704 | 252004    100 python3 116076     99 rviz2 81028      93 joint_state_pub 55468      58 ros2 
817876992 | 252004    100 python3 116076     99 rviz2 81028      93 joint_state_pub 55468      58 ros2 
818257920 | 252004    100 python3 116076     99 rviz2 81028      93 joint_state_pub 55468      58 ros2 
818249728 | 252004    100 python3 116076     99 rviz2 81028      93 joint_state_pub 55468      58 ros2 
818196480 | 252004    100 python3 116076     99 rviz2 81028      93 joint_state_pub 55468      58 ros2 
818253824 | 252004    100 python3 116076     99 rviz2 81028      93 joint_state_pub 55468      58 ros2 
818458624 | 252004    100 python3 116076     99 rviz2 81028      93 joint_state_pub 55468      58 ros2 
818335744 | 252004    100 python3 116076     99 rviz2 81028      93 joint_state_pub 55468      58 ros2 
818266112 | 252004    100 python3 116076     99 rviz2 81028      93 joint_state_pub 55468      58 ros2 
818061312 | 252004    100 python3 116076     99 rviz2 81028      93 joint_state_pub 55468      58 ros2 
818561024 | 252004    100 python3 116076     99 rviz2 81028      93 joint_state_pub 55468      58 ros2 
818204672 | 252004    100 python3 116076     99 rviz2 81028      93 joint_state_pub 55468      58 ros2 
818126848 | 252004    100 python3 116076     99 rviz2 81028      93 joint_state_pub 55468      58 ros2 
818257920 | 252004    100 python3 116076     99 rviz2 81028      93 joint_state_pub 55468      58 ros2 
818008064 | 252004    100 python3 116076     99 rviz2 81028      93 joint_state_pub 55468      58 ros2 
818077696 | 252004    100 python3 116076     99 rviz2 81028      93 joint_state_pub 55468      58 ros2 
818200576 | 252004    100 python3 116076     99 rviz2 81028      93 joint_state_pub 55468      58 ros2 
818298880 | 252004    100 python3 116076     99 rviz2 81028      93 joint_state_pub 55468      58 ros2 
817905664 | 252004    100 python3 115672     99 rviz2 81032      93 joint_state_pub 55468      58 ros2 
817905664 | 252004    100 python3 115672     99 rviz2 81032      93 joint_state_pub 55468      58 ros2 
818106368 | 252004    100 python3 115672     99 rviz2 81032      93 joint_state_pub 55468      58 ros2 
818241536 | 252004    100 python3 115672     99 rviz2 81032      93 joint_state_pub 55468      58 ros2 
817639424 | 252004    100 python3 115672     99 rviz2 81032      93 joint_state_pub 55468      58 ros2 
817790976 | 252004    100 python3 115672     99 rviz2 81032      93 joint_state_pub 55468      58 ros2 
817848320 | 252004    100 python3 115672     99 rviz2 81032      93 joint_state_pub 55468      58 ros2 
817643520 | 252004    100 python3 115672     99 rviz2 81032      93 joint_state_pub 55468      58 ros2 
818171904 | 252004    100 python3 115672     99 rviz2 81032      93 joint_state_pub 55468      58 ros2 
817844224 | 252004    100 python3 115672     99 rviz2 81032      93 joint_state_pub 55468      58 ros2 
817664000 | 252004    100 python3 115672     99 rviz2 81032      93 joint_state_pub 55468      58 ros2 
817913856 | 252004    100 python3 115672     99 rviz2 81032      93 joint_state_pub 55468      58 ros2 
818003968 | 252004    100 python3 115672     99 rviz2 81032      93 joint_state_pub 55468      58 ros2 
817790976 | 252004    100 python3 115672     99 rviz2 81032      93 joint_state_pub 55468      58 ros2 
817905664 | 252004    100 python3 115672     99 rviz2 81032      93 joint_state_pub 55468      58 ros2 
817848320 | 252004    100 python3 115672     99 rviz2 81032      93 joint_state_pub 55468      58 ros2 
817627136 | 252004    100 python3 115672     99 rviz2 81032      93 joint_state_pub 55468      58 ros2 
817659904 | 252004    100 python3 115672     99 rviz2 81032      93 joint_state_pub 55468      58 ros2 
818167808 | 252004    100 python3 115672     99 rviz2 81032      93 joint_state_pub 55468      58 ros2 
817999872 | 252004    100 python3 115824     99 rviz2 81032      93 joint_state_pub 55468      58 ros2 
817778688 | 252004    100 python3 115824     99 rviz2 81032      93 joint_state_pub 55468      58 ros2 
817876992 | 252004    100 python3 115824     99 rviz2 81032      93 joint_state_pub 55468      58 ros2 
818167808 | 252004    100 python3 115824     99 rviz2 81032      93 joint_state_pub 55468      58 ros2 
818257920 | 252004    100 python3 115824     99 rviz2 81032      93 joint_state_pub 55468      58 ros2 
819470336 | 253884    100 python3 117396     99 rviz2 82856      93 joint_state_pub 57008      58 ros2 
819245056 | 253884    100 python3 117396     99 rviz2 82856      93 joint_state_pub 57008      58 ros2 
819527680 | 253884    100 python3 117396     99 rviz2 82856      93 joint_state_pub 57008      58 ros2 
819318784 | 253884    100 python3 117396     99 rviz2 82856      93 joint_state_pub 57008      58 ros2 
819322880 | 253884    100 python3 117396     99 rviz2 82856      93 joint_state_pub 57008      58 ros2 
819126272 | 253884    100 python3 117396     99 rviz2 82856      93 joint_state_pub 57008      58 ros2 
819253248 | 253884    100 python3 117396     99 rviz2 82856      93 joint_state_pub 57008      58 ros2 
819318784 | 253884    100 python3 117396     99 rviz2 82856      93 joint_state_pub 57008      58 ros2 
819253248 | 253884    100 python3 117396     99 rviz2 82856      93 joint_state_pub 57008      58 ros2 
819048448 | 253884    100 python3 117396     99 rviz2 82856      93 joint_state_pub 57008      58 ros2 
819515392 | 253884    100 python3 117396     99 rviz2 82856      93 joint_state_pub 57008      58 ros2 
819298304 | 253884    100 python3 117396     99 rviz2 82856      93 joint_state_pub 57008      58 ros2 
819089408 | 253884    100 python3 117396     99 rviz2 82856      93 joint_state_pub 57008      58 ros2 
819015680 | 253884    100 python3 117396     99 rviz2 82856      93 joint_state_pub 57008      58 ros2 
818999296 | 253884    100 python3 117396     99 rviz2 82856      93 joint_state_pub 57008      58 ros2 
819007488 | 253884    100 python3 117396     99 rviz2 82856      93 joint_state_pub 57008      58 ros2 
819560448 | 253884    100 python3 117396     99 rviz2 82856      93 joint_state_pub 57008      58 ros2 
818995200 | 253884    100 python3 117396     99 rviz2 82856      93 joint_state_pub 57008      58 ros2 
819261440 | 253884    100 python3 117396     99 rviz2 82856      93 joint_state_pub 57008      58 ros2 
818991104 | 253884    100 python3 117396     99 rviz2 82856      93 joint_state_pub 57008      58 ros2 
818999296 | 253884    100 python3 117396     99 rviz2 82856      93 joint_state_pub 57008      58 ros2 
818999296 | 253884    100 python3 117396     99 rviz2 82856      93 joint_state_pub 57008      58 ros2 
819310592 | 253884    100 python3 117396     99 rviz2 82856      93 joint_state_pub 57008      58 ros2 
819830784 | 253884    100 python3 117396     99 rviz2 82856      93 joint_state_pub 57008      58 ros2 
819515392 | 253884    100 python3 117396     99 rviz2 82856      93 joint_state_pub 57008      58 ros2 
819253248 | 253884    100 python3 117396     99 rviz2 82856      93 joint_state_pub 57008      58 ros2 
819052544 | 253884    100 python3 117396     99 rviz2 82856      93 joint_state_pub 57008      58 ros2 
819257344 | 253884    100 python3 117396     99 rviz2 82856      93 joint_state_pub 57008      58 ros2 
819261440 | 253884    100 python3 117396     99 rviz2 82856      93 joint_state_pub 57008      58 ros2 
819519488 | 253884    100 python3 117396     99 rviz2 82856      93 joint_state_pub 57008      58 ros2 
819257344 | 253884    100 python3 117396     99 rviz2 82856      93 joint_state_pub 57008      58 ros2 
819298304 | 253884    100 python3 117396     99 rviz2 82856      93 joint_state_pub 57008      58 ros2 
819265536 | 253884    100 python3 117396     99 rviz2 82856      93 joint_state_pub 57008      58 ros2 
819265536 | 253884    100 python3 117396     99 rviz2 82856      93 joint_state_pub 57008      58 ros2 
819810304 | 253884    100 python3 117396     99 rviz2 82856      93 joint_state_pub 57008      58 ros2 
819781632 | 253884    100 python3 117396     99 rviz2 82856      93 joint_state_pub 57008      58 ros2 
819527680 | 253884    100 python3 117396     99 rviz2 82856      93 joint_state_pub 57008      58 ros2 
819331072 | 253884    100 python3 117396     99 rviz2 82856      93 joint_state_pub 57008      58 ros2 
819261440 | 253884    100 python3 117396     99 rviz2 82856      93 joint_state_pub 57008      58 ros2 
819003392 | 253884    100 python3 117396     99 rviz2 82856      93 joint_state_pub 57008      58 ros2 
819048448 | 253884    100 python3 117396     99 rviz2 82856      93 joint_state_pub 57008      58 ros2 
819302400 | 253884    100 python3 117396     99 rviz2 82856      93 joint_state_pub 57008      58 ros2 
819302400 | 253884    100 python3 117396     99 rviz2 82856      93 joint_state_pub 57008      58 ros2 
819343360 | 253884    100 python3 117396     99 rviz2 82856      93 joint_state_pub 57008      58 ros2 
819302400 | 253884    100 python3 117396     99 rviz2 82856      93 joint_state_pub 57008      58 ros2 
819085312 | 253884    100 python3 117396     99 rviz2 82856      93 joint_state_pub 57008      58 ros2 
819007488 | 253884    100 python3 117396     99 rviz2 82856      93 joint_state_pub 57008      58 ros2 
819326976 | 253884    100 python3 117396     99 rviz2 82856      93 joint_state_pub 57008      58 ros2 
819277824 | 253884    100 python3 117396     99 rviz2 82856      93 joint_state_pub 57008      58 ros2 
819388416 | 253884    100 python3 117396     99 rviz2 82856      93 joint_state_pub 57008      58 ros2 
819269632 | 253884    100 python3 117396     99 rviz2 82856      93 joint_state_pub 57008      58 ros2 
819265536 | 253884    100 python3 117396     99 rviz2 82856      93 joint_state_pub 57008      58 ros2 
819023872 | 253884    100 python3 117396     99 rviz2 82856      93 joint_state_pub 57008      58 ros2 
819257344 | 253884    100 python3 117396     99 rviz2 82856      93 joint_state_pub 57008      58 ros2 
819531776 | 253884    100 python3 117396     99 rviz2 82856      93 joint_state_pub 57008      58 ros2 
819007488 | 253884    100 python3 117396     99 rviz2 82856      93 joint_state_pub 57008      58 ros2 
819310592 | 253884    100 python3 117396     99 rviz2 82856      93 joint_state_pub 57008      58 ros2 
819171328 | 253884    100 python3 117396     99 rviz2 82856      93 joint_state_pub 57008      58 ros2 
819019776 | 253884    100 python3 117396     99 rviz2 82856      93 joint_state_pub 57008      58 ros2 
819376128 | 253884    100 python3 117396     99 rviz2 82856      93 joint_state_pub 57008      58 ros2 
819232768 | 253884    100 python3 117396     99 rviz2 82856      93 joint_state_pub 57008      58 ros2 
818995200 | 253884    100 python3 117396     99 rviz2 82856      93 joint_state_pub 57008      58 ros2 
819027968 | 253884    100 python3 117396     99 rviz2 82856      93 joint_state_pub 57008      58 ros2 
819085312 | 253884    100 python3 117396     99 rviz2 82856      93 joint_state_pub 57008      58 ros2 
840081408 | 253884    100 python3 133420     99 rviz2 82856      93 joint_state_pub 57008      58 ros2 
855842816 | 254932    100 python3 145924     99 rviz2 83564      93 joint_state_pub 57672      58 ros2 
855982080 | 254932    100 python3 145924     99 rviz2 83564      93 joint_state_pub 57672      58 ros2 
855744512 | 254932    100 python3 145924     99 rviz2 83564      93 joint_state_pub 57672      58 ros2 
855642112 | 254932    100 python3 145948     99 rviz2 83564      93 joint_state_pub 57672      58 ros2 
856207360 | 254932    100 python3 146008     99 rviz2 83564      93 joint_state_pub 57672      58 ros2 
860381184 | 254932    100 python3 149012     99 rviz2 83564      93 joint_state_pub 57672      58 ros2 
860012544 | 254932    100 python3 149028     99 rviz2 83564      93 joint_state_pub 57672      58 ros2 
860323840 | 254932    100 python3 149044     99 rviz2 83564      93 joint_state_pub 57672      58 ros2 
859918336 | 254932    100 python3 149048     99 rviz2 83564      93 joint_state_pub 57672      58 ros2 
860024832 | 254932    100 python3 149060     99 rviz2 83564      93 joint_state_pub 57672      58 ros2 
859955200 | 254932    100 python3 149072     99 rviz2 83564      93 joint_state_pub 57672      58 ros2 
860160000 | 254932    100 python3 149080     99 rviz2 83564      93 joint_state_pub 57672      58 ros2 
860168192 | 254932    100 python3 149092     99 rviz2 83564      93 joint_state_pub 57672      58 ros2 
860409856 | 254932    100 python3 149096     99 rviz2 83564      93 joint_state_pub 57672      58 ros2 
860672000 | 254932    100 python3 149100     99 rviz2 83564      93 joint_state_pub 57672      58 ros2 
860164096 | 254932    100 python3 149104     99 rviz2 83564      93 joint_state_pub 57672      58 ros2 
860471296 | 254932    100 python3 149108     99 rviz2 83564      93 joint_state_pub 57672      58 ros2 
860602368 | 254932    100 python3 149108     99 rviz2 83564      93 joint_state_pub 57672      58 ros2 
860459008 | 254932    100 python3 149108     99 rviz2 83564      93 joint_state_pub 57672      58 ros2 
860274688 | 254932    100 python3 149112     99 rviz2 83564      93 joint_state_pub 57672      58 ros2 
860291072 | 254932    100 python3 149116     99 rviz2 83564      93 joint_state_pub 57672      58 ros2 
860409856 | 254932    100 python3 149116     99 rviz2 83564      93 joint_state_pub 57672      58 ros2 
860569600 | 254932    100 python3 149120     99 rviz2 83564      93 joint_state_pub 57672      58 ros2 
860131328 | 254932    100 python3 149120     99 rviz2 83564      93 joint_state_pub 57672      58 ros2 
860209152 | 254932    100 python3 149124     99 rviz2 83564      93 joint_state_pub 57672      58 ros2 
860205056 | 254932    100 python3 149124     99 rviz2 83564      93 joint_state_pub 57672      58 ros2 
860168192 | 254932    100 python3 149128     99 rviz2 83564      93 joint_state_pub 57672      58 ros2 
860327936 | 254932    100 python3 149128     99 rviz2 83564      93 joint_state_pub 57672      58 ros2 
860450816 | 254932    100 python3 149128     99 rviz2 83564      93 joint_state_pub 57672      58 ros2 
860577792 | 254932    100 python3 149132     99 rviz2 83564      93 joint_state_pub 57672      58 ros2 
860315648 | 254932    100 python3 149132     99 rviz2 83564      93 joint_state_pub 57672      58 ros2 
860626944 | 254932    100 python3 149136     99 rviz2 83564      93 joint_state_pub 57672      58 ros2 
860368896 | 254932    100 python3 149136     99 rviz2 83564      93 joint_state_pub 57672      58 ros2 
860033024 | 254932    100 python3 149136     99 rviz2 83564      93 joint_state_pub 57672      58 ros2 
860258304 | 254932    100 python3 149136     99 rviz2 83564      93 joint_state_pub 57672      58 ros2 
860270592 | 254932    100 python3 149136     99 rviz2 83564      93 joint_state_pub 57672      58 ros2 
860049408 | 254932    100 python3 149140     99 rviz2 83564      93 joint_state_pub 57672      58 ros2 
860344320 | 254932    100 python3 149144     99 rviz2 83564      93 joint_state_pub 57672      58 ros2 
860147712 | 254932    100 python3 149144     99 rviz2 83564      93 joint_state_pub 57672      58 ros2 
860090368 | 254932    100 python3 149144     99 rviz2 83564      93 joint_state_pub 57672      58 ros2 
860409856 | 254932    100 python3 149144     99 rviz2 83564      93 joint_state_pub 57672      58 ros2 
860278784 | 254932    100 python3 149144     99 rviz2 83564      93 joint_state_pub 57672      58 ros2 
860041216 | 254932    100 python3 149144     99 rviz2 83564      93 joint_state_pub 57672      58 ros2 
860479488 | 254932    100 python3 149144     99 rviz2 83564      93 joint_state_pub 57672      58 ros2 
860037120 | 254932    100 python3 149144     99 rviz2 83564      93 joint_state_pub 57672      58 ros2 
860426240 | 254932    100 python3 149148     99 rviz2 83564      93 joint_state_pub 57672      58 ros2 
860205056 | 254932    100 python3 149148     99 rviz2 83564      93 joint_state_pub 57672      58 ros2 
860753920 | 254932    100 python3 149148     99 rviz2 83564      93 joint_state_pub 57672      58 ros2 
860303360 | 254932    100 python3 149148     99 rviz2 83564      93 joint_state_pub 57672      58 ros2 
860753920 | 254932    100 python3 149148     99 rviz2 83564      93 joint_state_pub 57672      58 ros2 
860286976 | 254932    100 python3 149148     99 rviz2 83564      93 joint_state_pub 57672      58 ros2 
860057600 | 254932    100 python3 149148     99 rviz2 83564      93 joint_state_pub 57672      58 ros2 
860028928 | 254932    100 python3 149148     99 rviz2 83564      93 joint_state_pub 57672      58 ros2 
860286976 | 254932    100 python3 149148     99 rviz2 83564      93 joint_state_pub 57672      58 ros2 
860327936 | 254932    100 python3 149148     99 rviz2 83564      93 joint_state_pub 57672      58 ros2 
860413952 | 254932    100 python3 149148     99 rviz2 83564      93 joint_state_pub 57672      58 ros2 
860381184 | 254932    100 python3 149148     99 rviz2 83564      93 joint_state_pub 57672      58 ros2 
860135424 | 254932    100 python3 149148     99 rviz2 83564      93 joint_state_pub 57672      58 ros2 
860217344 | 254932    100 python3 149148     99 rviz2 83564      93 joint_state_pub 57672      58 ros2 
860692480 | 254932    100 python3 149148     99 rviz2 83564      93 joint_state_pub 57672      58 ros2 
860188672 | 254932    100 python3 149148     99 rviz2 83564      93 joint_state_pub 57672      58 ros2 
860266496 | 254932    100 python3 149148     99 rviz2 83564      93 joint_state_pub 57672      58 ros2 
860160000 | 254932    100 python3 149148     99 rviz2 83564      93 joint_state_pub 57672      58 ros2 
860401664 | 254932    100 python3 149148     99 rviz2 83564      93 joint_state_pub 57672      58 ros2 
860061696 | 254932    100 python3 149148     99 rviz2 83564      93 joint_state_pub 57672      58 ros2 
860348416 | 254932    100 python3 149148     99 rviz2 83564      93 joint_state_pub 57672      58 ros2 
859971584 | 254932    100 python3 149148     99 rviz2 83564      93 joint_state_pub 57672      58 ros2 
860229632 | 254932    100 python3 149148     99 rviz2 83564      93 joint_state_pub 57672      58 ros2 
860499968 | 254932    100 python3 149148     99 rviz2 83564      93 joint_state_pub 57672      58 ros2 
860069888 | 254932    100 python3 149148     99 rviz2 83564      93 joint_state_pub 57672      58 ros2 
860250112 | 254932    100 python3 149148     99 rviz2 83564      93 joint_state_pub 57672      58 ros2 
860426240 | 254932    100 python3 149148     99 rviz2 83564      93 joint_state_pub 57672      58 ros2 
860450816 | 254932    100 python3 149148     99 rviz2 83564      93 joint_state_pub 57672      58 ros2 
859983872 | 254932    100 python3 149148     99 rviz2 83564      93 joint_state_pub 57672      58 ros2 
860229632 | 254932    100 python3 149148     99 rviz2 83564      93 joint_state_pub 57672      58 ros2 
860561408 | 254932    100 python3 149148     99 rviz2 83564      93 joint_state_pub 57672      58 ros2 
860078080 | 254932    100 python3 149148     99 rviz2 83564      93 joint_state_pub 57672      58 ros2 
860160000 | 254932    100 python3 149148     99 rviz2 83564      93 joint_state_pub 57672      58 ros2 
860454912 | 254932    100 python3 149148     99 rviz2 83564      93 joint_state_pub 57672      58 ros2 
860225536 | 254932    100 python3 149148     99 rviz2 83564      93 joint_state_pub 57672      58 ros2 
860278784 | 254932    100 python3 149148     99 rviz2 83564      93 joint_state_pub 57672      58 ros2 
860413952 | 254932    100 python3 149148     99 rviz2 83564      93 joint_state_pub 57672      58 ros2 
860274688 | 254932    100 python3 149148     99 rviz2 83564      93 joint_state_pub 57672      58 ros2 
860286976 | 254932    100 python3 149148     99 rviz2 83564      93 joint_state_pub 57672      58 ros2 
860209152 | 254932    100 python3 149148     99 rviz2 83564      93 joint_state_pub 57672      58 ros2 
860086272 | 254932    100 python3 149148     99 rviz2 83564      93 joint_state_pub 57672      58 ros2 
860393472 | 254932    100 python3 149148     99 rviz2 83564      93 joint_state_pub 57672      58 ros2 
860266496 | 254932    100 python3 149148     99 rviz2 83564      93 joint_state_pub 57672      58 ros2 
860299264 | 254932    100 python3 149148     99 rviz2 83564      93 joint_state_pub 57672      58 ros2 
860438528 | 254932    100 python3 149148     99 rviz2 83564      93 joint_state_pub 57672      58 ros2 
860172288 | 254932    100 python3 149152     99 rviz2 83564      93 joint_state_pub 57672      58 ros2 
860258304 | 254932    100 python3 149152     99 rviz2 83564      93 joint_state_pub 57672      58 ros2 
860651520 | 254932    100 python3 149152     99 rviz2 83564      93 joint_state_pub 57672      58 ros2 
860299264 | 254932    100 python3 149152     99 rviz2 83564      93 joint_state_pub 57672      58 ros2 
860106752 | 254932    100 python3 149152     99 rviz2 83564      93 joint_state_pub 57672      58 ros2 
860459008 | 254932    100 python3 149152     99 rviz2 83564      93 joint_state_pub 57672      58 ros2 
860577792 | 254932    100 python3 149152     99 rviz2 83564      93 joint_state_pub 57672      58 ros2 
860844032 | 254932    100 python3 149152     99 rviz2 83564      93 joint_state_pub 57672      58 ros2 
860303360 | 254932    100 python3 149152     99 rviz2 83564      93 joint_state_pub 57672      58 ros2 
860528640 | 254932    100 python3 149152     99 rviz2 83564      93 joint_state_pub 57672      58 ros2 
860348416 | 254932    100 python3 149152     99 rviz2 83564      93 joint_state_pub 57672      58 ros2 
860286976 | 254932    100 python3 149156     99 rviz2 83564      93 joint_state_pub 57672      58 ros2 
860319744 | 254932    100 python3 149156     99 rviz2 83564      93 joint_state_pub 57672      58 ros2 
860585984 | 254932    100 python3 149156     99 rviz2 83564      93 joint_state_pub 57672      58 ros2 
860405760 | 254932    100 python3 149156     99 rviz2 83564      93 joint_state_pub 57672      58 ros2 
860364800 | 254932    100 python3 149156     99 rviz2 83564      93 joint_state_pub 57672      58 ros2 
860536832 | 254932    100 python3 149156     99 rviz2 83564      93 joint_state_pub 57672      58 ros2 
860868608 | 254932    100 python3 149156     99 rviz2 83564      93 joint_state_pub 57672      58 ros2 
860512256 | 254932    100 python3 149156     99 rviz2 83564      93 joint_state_pub 57672      58 ros2 
860602368 | 254932    100 python3 149156     99 rviz2 83564      93 joint_state_pub 57672      58 ros2 
860364800 | 254932    100 python3 149156     99 rviz2 83564      93 joint_state_pub 57672      58 ros2 
860102656 | 254932    100 python3 149156     99 rviz2 83564      93 joint_state_pub 57672      58 ros2 
860196864 | 254932    100 python3 149156     99 rviz2 83564      93 joint_state_pub 57672      58 ros2 
860078080 | 254932    100 python3 149156     99 rviz2 83564      93 joint_state_pub 57672      58 ros2 
860114944 | 254932    100 python3 149156     99 rviz2 83564      93 joint_state_pub 57672      58 ros2 
860655616 | 254932    100 python3 149156     99 rviz2 83564      93 joint_state_pub 57672      58 ros2 
860241920 | 254932    100 python3 149156     99 rviz2 83564      93 joint_state_pub 57672      58 ros2 
860307456 | 254932    100 python3 149156     99 rviz2 83564      93 joint_state_pub 57672      58 ros2 
860303360 | 254932    100 python3 149156     99 rviz2 83564      93 joint_state_pub 57672      58 ros2 
860180480 | 254932    100 python3 149156     99 rviz2 83564      93 joint_state_pub 57672      58 ros2 
860270592 | 254932    100 python3 149156     99 rviz2 83564      93 joint_state_pub 57672      58 ros2 
860049408 | 254932    100 python3 149156     99 rviz2 83564      93 joint_state_pub 57672      58 ros2 
860246016 | 254932    100 python3 149156     99 rviz2 83564      93 joint_state_pub 57672      58 ros2 
859987968 | 254932    100 python3 149156     99 rviz2 83564      93 joint_state_pub 57672      58 ros2 
860131328 | 254932    100 python3 149156     99 rviz2 83564      93 joint_state_pub 57672      58 ros2 
860569600 | 254932    100 python3 149156     99 rviz2 83564      93 joint_state_pub 57672      58 ros2 
860385280 | 254932    100 python3 149156     99 rviz2 83564      93 joint_state_pub 57672      58 ros2 
860135424 | 254932    100 python3 149156     99 rviz2 83564      93 joint_state_pub 57672      58 ros2 
860545024 | 254932    100 python3 149156     99 rviz2 83564      93 joint_state_pub 57672      58 ros2 
860315648 | 254932    100 python3 149156     99 rviz2 83564      93 joint_state_pub 57672      58 ros2 
860356608 | 254932    100 python3 149156     99 rviz2 83564      93 joint_state_pub 57672      58 ros2 
860602368 | 254932    100 python3 149156     99 rviz2 83564      93 joint_state_pub 57672      58 ros2 
860106752 | 254932    100 python3 149156     99 rviz2 83564      93 joint_state_pub 57672      58 ros2 
860266496 | 254932    100 python3 149156     99 rviz2 83564      93 joint_state_pub 57672      58 ros2 
860426240 | 254932    100 python3 149156     99 rviz2 83564      93 joint_state_pub 57672      58 ros2 
860274688 | 254932    100 python3 149224     99 rviz2 83564      93 joint_state_pub 57672      58 ros2 
860405760 | 254932    100 python3 149260     99 rviz2 83564      93 joint_state_pub 57672      58 ros2 
860332032 | 254932    100 python3 149260     99 rviz2 83564      93 joint_state_pub 57672      58 ros2 
860495872 | 254932    100 python3 149272     99 rviz2 83564      93 joint_state_pub 57672      58 ros2 
860340224 | 254932    100 python3 149272     99 rviz2 83564      93 joint_state_pub 57672      58 ros2 
860246016 | 254932    100 python3 149272     99 rviz2 83564      93 joint_state_pub 57672      58 ros2 
860377088 | 254932    100 python3 149272     99 rviz2 83564      93 joint_state_pub 57672      58 ros2 
861102080 | 254932    100 python3 149272     99 rviz2 83564      93 joint_state_pub 57672      58 ros2 
860209152 | 254932    100 python3 149272     99 rviz2 83564      93 joint_state_pub 57672      58 ros2 
860303360 | 254932    100 python3 149276     99 rviz2 83564      93 joint_state_pub 57672      58 ros2 
860708864 | 254932    100 python3 149308     99 rviz2 83564      93 joint_state_pub 57672      58 ros2 
860340224 | 254932    100 python3 149332     99 rviz2 83564      93 joint_state_pub 57672      58 ros2 
860409856 | 254932    100 python3 149336     99 rviz2 83564      93 joint_state_pub 57672      58 ros2 
860311552 | 254932    100 python3 149340     99 rviz2 83564      93 joint_state_pub 57672      58 ros2 
860475392 | 254932    100 python3 149340     99 rviz2 83564      93 joint_state_pub 57672      58 ros2 
860979200 | 254932    100 python3 149368     99 rviz2 83564      93 joint_state_pub 57672      58 ros2 
860995584 | 254932    100 python3 149368     99 rviz2 83564      93 joint_state_pub 57672      58 ros2 
860475392 | 254932    100 python3 149368     99 rviz2 83564      93 joint_state_pub 57672      58 ros2 
860450816 | 254932    100 python3 149452     99 rviz2 83564      93 joint_state_pub 57672      58 ros2 
860975104 | 254932    100 python3 149456     99 rviz2 83564      93 joint_state_pub 57672      58 ros2 
860684288 | 254932    100 python3 149460     99 rviz2 83564      93 joint_state_pub 57672      58 ros2 
860725248 | 254932    100 python3 149460     99 rviz2 83564      93 joint_state_pub 57672      58 ros2 
860663808 | 254932    100 python3 149460     99 rviz2 83564      93 joint_state_pub 57672      58 ros2 
860622848 | 254932    100 python3 149528     99 rviz2 83564      93 joint_state_pub 57672      58 ros2 
860733440 | 254932    100 python3 149528     99 rviz2 83564      93 joint_state_pub 57672      58 ros2 
861048832 | 254932    100 python3 149528     99 rviz2 83564      93 joint_state_pub 57672      58 ros2 
860700672 | 254932    100 python3 149528     99 rviz2 83564      93 joint_state_pub 57672      58 ros2 
861057024 | 254932    100 python3 149528     99 rviz2 83564      93 joint_state_pub 57672      58 ros2 
875978752 | 262436    100 python3 153432     99 rviz2 83572      93 joint_state_pub 57680      58 ros2 
887926784 | 270888    100 python3 153432     99 rviz2 83572      93 joint_state_pub 57680      58 ros2 
893865984 | 269404    100 python3 160232     99 rviz2 83572      93 joint_state_pub 57680      58 ros2 
894185472 | 269404    100 python3 160232     99 rviz2 83572      93 joint_state_pub 57680      58 ros2 
894574592 | 269404    100 python3 160232     99 rviz2 83572      93 joint_state_pub 57680      58 ros2 
894177280 | 269404    100 python3 160232     99 rviz2 83572      93 joint_state_pub 57680      58 ros2 
893915136 | 269404    100 python3 160232     99 rviz2 83572      93 joint_state_pub 57680      58 ros2 
894107648 | 269404    100 python3 160232     99 rviz2 83572      93 joint_state_pub 57680      58 ros2 
894103552 | 269404    100 python3 160232     99 rviz2 83572      93 joint_state_pub 57680      58 ros2 
893898752 | 269404    100 python3 160232     99 rviz2 83572      93 joint_state_pub 57680      58 ros2 
894001152 | 269404    100 python3 160276     99 rviz2 83572      93 joint_state_pub 57680      58 ros2 
894476288 | 269404    100 python3 160276     99 rviz2 83572      93 joint_state_pub 57680      58 ros2 
893968384 | 269404    100 python3 160276     99 rviz2 83572      93 joint_state_pub 57680      58 ros2 
893915136 | 269404    100 python3 160276     99 rviz2 83572      93 joint_state_pub 57680      58 ros2 
895098880 | 269404    100 python3 161100     99 rviz2 83624      93 joint_state_pub 57680      58 ros2 
894935040 | 269404    100 python3 161100     99 rviz2 83624      93 joint_state_pub 57680      58 ros2 
895873024 | 269404    100 python3 161944     99 rviz2 83624      93 joint_state_pub 57680      58 ros2 
895479808 | 269404    100 python3 161944     99 rviz2 83624      93 joint_state_pub 57680      58 ros2 
895635456 | 269404    100 python3 161944     99 rviz2 83624      93 joint_state_pub 57680      58 ros2 
895385600 | 269404    100 python3 161944     99 rviz2 83624      93 joint_state_pub 57680      58 ros2 
895500288 | 269404    100 python3 161944     99 rviz2 83624      93 joint_state_pub 57680      58 ros2 
896167936 | 269404    100 python3 161944     99 rviz2 83624      93 joint_state_pub 57680      58 ros2 
895524864 | 269404    100 python3 161944     99 rviz2 83624      93 joint_state_pub 57680      58 ros2 
895647744 | 269404    100 python3 161944     99 rviz2 83624      93 joint_state_pub 57680      58 ros2 
895873024 | 269404    100 python3 161944     99 rviz2 83624      93 joint_state_pub 57680      58 ros2 
895344640 | 269404    100 python3 161944     99 rviz2 83624      93 joint_state_pub 57680      58 ros2 
895737856 | 269404    100 python3 161944     99 rviz2 83624      93 joint_state_pub 57680      58 ros2 
895385600 | 269404    100 python3 161944     99 rviz2 83624      93 joint_state_pub 57680      58 ros2 
895647744 | 269404    100 python3 161944     99 rviz2 83624      93 joint_state_pub 57680      58 ros2 
895381504 | 269404    100 python3 161944     99 rviz2 83624      93 joint_state_pub 57680      58 ros2 
895385600 | 269404    100 python3 161944     99 rviz2 83624      93 joint_state_pub 57680      58 ros2 
895348736 | 269404    100 python3 161944     99 rviz2 83624      93 joint_state_pub 57680      58 ros2 
895385600 | 269404    100 python3 161944     99 rviz2 83624      93 joint_state_pub 57680      58 ros2 
895385600 | 269404    100 python3 161944     99 rviz2 83624      93 joint_state_pub 57680      58 ros2 
895418368 | 269404    100 python3 161944     99 rviz2 83624      93 joint_state_pub 57680      58 ros2 
895737856 | 269404    100 python3 161944     99 rviz2 83624      93 joint_state_pub 57680      58 ros2 
895381504 | 269404    100 python3 161944     99 rviz2 83624      93 joint_state_pub 57680      58 ros2 
895348736 | 269404    100 python3 161944     99 rviz2 83624      93 joint_state_pub 57680      58 ros2 
895647744 | 269404    100 python3 161944     99 rviz2 83624      93 joint_state_pub 57680      58 ros2 
895389696 | 269404    100 python3 161944     99 rviz2 83624      93 joint_state_pub 57680      58 ros2 
895488000 | 269404    100 python3 161944     99 rviz2 83624      93 joint_state_pub 57680      58 ros2 
895823872 | 269404    100 python3 161944     99 rviz2 83624      93 joint_state_pub 57680      58 ros2 
895651840 | 269404    100 python3 161944     99 rviz2 83624      93 joint_state_pub 57680      58 ros2 
895651840 | 269404    100 python3 161944     99 rviz2 83624      93 joint_state_pub 57680      58 ros2 
895385600 | 269404    100 python3 161944     99 rviz2 83624      93 joint_state_pub 57680      58 ros2 
896172032 | 269404    100 python3 161944     99 rviz2 83624      93 joint_state_pub 57680      58 ros2 
895262720 | 269404    100 python3 161944     99 rviz2 83624      93 joint_state_pub 57680      58 ros2 
895770624 | 269404    100 python3 161944     99 rviz2 83624      93 joint_state_pub 57680      58 ros2 
895930368 | 269404    100 python3 161944     99 rviz2 83624      93 joint_state_pub 57680      58 ros2 
895422464 | 269404    100 python3 161944     99 rviz2 83624      93 joint_state_pub 57680      58 ros2 
895389696 | 269404    100 python3 161944     99 rviz2 83624      93 joint_state_pub 57680      58 ros2 
895651840 | 269404    100 python3 161944     99 rviz2 83624      93 joint_state_pub 57680      58 ros2 
895524864 | 269404    100 python3 161944     99 rviz2 83624      93 joint_state_pub 57680      58 ros2 
895660032 | 269404    100 python3 161944     99 rviz2 83624      93 joint_state_pub 57680      58 ros2 
895963136 | 269404    100 python3 161944     99 rviz2 83624      93 joint_state_pub 57680      58 ros2 
895508480 | 269404    100 python3 161944     99 rviz2 83624      93 joint_state_pub 57680      58 ros2 
895660032 | 269404    100 python3 161944     99 rviz2 83624      93 joint_state_pub 57680      58 ros2 
895770624 | 269404    100 python3 161944     99 rviz2 83624      93 joint_state_pub 57680      58 ros2 
895651840 | 269404    100 python3 161944     99 rviz2 83624      93 joint_state_pub 57680      58 ros2 
895651840 | 269404    100 python3 161944     99 rviz2 83624      93 joint_state_pub 57680      58 ros2 
895700992 | 269404    100 python3 161944     99 rviz2 83624      93 joint_state_pub 57680      58 ros2 
895389696 | 269404    100 python3 161944     99 rviz2 83624      93 joint_state_pub 57680      58 ros2 
895918080 | 269404    100 python3 161944     99 rviz2 83624      93 joint_state_pub 57680      58 ros2 
895655936 | 269404    100 python3 161944     99 rviz2 83624      93 joint_state_pub 57680      58 ros2 
895541248 | 269404    100 python3 161944     99 rviz2 83624      93 joint_state_pub 57680      58 ros2 
896036864 | 269404    100 python3 161944     99 rviz2 83624      93 joint_state_pub 57680      58 ros2 
895393792 | 269404    100 python3 161944     99 rviz2 83624      93 joint_state_pub 57680      58 ros2 
895385600 | 269404    100 python3 161944     99 rviz2 83624      93 joint_state_pub 57680      58 ros2 
895512576 | 269404    100 python3 161944     99 rviz2 83624      93 joint_state_pub 57680      58 ros2 
895868928 | 269404    100 python3 161944     99 rviz2 83624      93 joint_state_pub 57680      58 ros2 
895393792 | 269404    100 python3 161944     99 rviz2 83624      93 joint_state_pub 57680      58 ros2 
895918080 | 269404    100 python3 161944     99 rviz2 83624      93 joint_state_pub 57680      58 ros2 
895692800 | 269404    100 python3 161944     99 rviz2 83624      93 joint_state_pub 57680      58 ros2 
895397888 | 269404    100 python3 161944     99 rviz2 83624      93 joint_state_pub 57680      58 ros2 
895672320 | 269404    100 python3 161944     99 rviz2 83624      93 joint_state_pub 57680      58 ros2 
895934464 | 269404    100 python3 161944     99 rviz2 83624      93 joint_state_pub 57680      58 ros2 
895881216 | 269404    100 python3 161944     99 rviz2 83624      93 joint_state_pub 57680      58 ros2 
895918080 | 269404    100 python3 161944     99 rviz2 83624      93 joint_state_pub 57680      58 ros2 
895918080 | 269404    100 python3 161944     99 rviz2 83624      93 joint_state_pub 57680      58 ros2 
895930368 | 269404    100 python3 161944     99 rviz2 83624      93 joint_state_pub 57680      58 ros2 
895655936 | 269404    100 python3 161944     99 rviz2 83624      93 joint_state_pub 57680      58 ros2 
895922176 | 269404    100 python3 161944     99 rviz2 83624      93 joint_state_pub 57680      58 ros2 
895660032 | 269404    100 python3 161944     99 rviz2 83624      93 joint_state_pub 57680      58 ros2 
895660032 | 269404    100 python3 161944     99 rviz2 83624      93 joint_state_pub 57680      58 ros2 
895393792 | 269404    100 python3 161944     99 rviz2 83624      93 joint_state_pub 57680      58 ros2 
895295488 | 269404    100 python3 161944     99 rviz2 83624      93 joint_state_pub 57680      58 ros2 
895397888 | 269404    100 python3 161944     99 rviz2 83624      93 joint_state_pub 57680      58 ros2 
895410176 | 269404    100 python3 161944     99 rviz2 83624      93 joint_state_pub 57680      58 ros2 
895668224 | 269404    100 python3 161944     99 rviz2 83624      93 joint_state_pub 57680      58 ros2 
895664128 | 269404    100 python3 161944     99 rviz2 83624      93 joint_state_pub 57680      58 ros2 
895795200 | 269404    100 python3 161944     99 rviz2 83624      93 joint_state_pub 57680      58 ros2 
895700992 | 269404    100 python3 161944     99 rviz2 83624      93 joint_state_pub 57680      58 ros2 
895406080 | 269404    100 python3 161944     99 rviz2 83624      93 joint_state_pub 57680      58 ros2 
895926272 | 269404    100 python3 161944     99 rviz2 83624      93 joint_state_pub 57680      58 ros2 
895926272 | 269404    100 python3 161944     99 rviz2 83624      93 joint_state_pub 57680      58 ros2 
895668224 | 269404    100 python3 161944     99 rviz2 83624      93 joint_state_pub 57680      58 ros2 
895926272 | 269404    100 python3 161944     99 rviz2 83624      93 joint_state_pub 57680      58 ros2 
895893504 | 269404    100 python3 161944     99 rviz2 83624      93 joint_state_pub 57680      58 ros2 
895664128 | 269404    100 python3 161944     99 rviz2 83624      93 joint_state_pub 57680      58 ros2 
895533056 | 269404    100 python3 161944     99 rviz2 83624      93 joint_state_pub 57680      58 ros2 
895700992 | 269404    100 python3 161944     99 rviz2 83624      93 joint_state_pub 57680      58 ros2 
895406080 | 269404    100 python3 161944     99 rviz2 83624      93 joint_state_pub 57680      58 ros2 
895680512 | 269404    100 python3 161944     99 rviz2 83624      93 joint_state_pub 57680      58 ros2 
895946752 | 269404    100 python3 161944     99 rviz2 83624      93 joint_state_pub 57680      58 ros2 
895426560 | 269404    100 python3 161944     99 rviz2 83624      93 joint_state_pub 57680      58 ros2 
895713280 | 269404    100 python3 161944     99 rviz2 83624      93 joint_state_pub 57680      58 ros2 
895537152 | 269404    100 python3 161944     99 rviz2 83624      93 joint_state_pub 57680      58 ros2 
895737856 | 269404    100 python3 161944     99 rviz2 83624      93 joint_state_pub 57680      58 ros2 
895930368 | 269404    100 python3 161944     99 rviz2 83624      93 joint_state_pub 57680      58 ros2 
895733760 | 269404    100 python3 161944     99 rviz2 83624      93 joint_state_pub 57680      58 ros2 
895660032 | 269404    100 python3 161944     99 rviz2 83624      93 joint_state_pub 57680      58 ros2 
895688704 | 269404    100 python3 161944     99 rviz2 83624      93 joint_state_pub 57680      58 ros2 
895799296 | 269404    100 python3 161944     99 rviz2 83624      93 joint_state_pub 57680      58 ros2 
895668224 | 269404    100 python3 161944     99 rviz2 83624      93 joint_state_pub 57680      58 ros2 
895275008 | 269404    100 python3 161944     99 rviz2 83624      93 joint_state_pub 57680      58 ros2 
895434752 | 269404    100 python3 161944     99 rviz2 83624      93 joint_state_pub 57680      58 ros2 
895668224 | 269404    100 python3 161944     99 rviz2 83624      93 joint_state_pub 57680      58 ros2 
895930368 | 269404    100 python3 161944     99 rviz2 83624      93 joint_state_pub 57680      58 ros2 
895635456 | 269404    100 python3 161944     99 rviz2 83624      93 joint_state_pub 57680      58 ros2 
895995904 | 269404    100 python3 161944     99 rviz2 83624      93 joint_state_pub 57680      58 ros2 
895795200 | 269404    100 python3 161944     99 rviz2 83624      93 joint_state_pub 57680      58 ros2 
895475712 | 269404    100 python3 161944     99 rviz2 83624      93 joint_state_pub 57680      58 ros2 
895922176 | 269404    100 python3 161944     99 rviz2 83624      93 joint_state_pub 57680      58 ros2 
895410176 | 269404    100 python3 161944     99 rviz2 83624      93 joint_state_pub 57680      58 ros2 
895676416 | 269404    100 python3 161944     99 rviz2 83624      93 joint_state_pub 57680      58 ros2 
895934464 | 269404    100 python3 161944     99 rviz2 83624      93 joint_state_pub 57680      58 ros2 
896229376 | 269404    100 python3 161944     99 rviz2 83624      93 joint_state_pub 57680      58 ros2 
895672320 | 269404    100 python3 161944     99 rviz2 83624      93 joint_state_pub 57680      58 ros2 
895672320 | 269404    100 python3 161944     99 rviz2 83624      93 joint_state_pub 57680      58 ros2 
895414272 | 269404    100 python3 161944     99 rviz2 83624      93 joint_state_pub 57680      58 ros2 
895586304 | 269404    100 python3 161944     99 rviz2 83624      93 joint_state_pub 57680      58 ros2 
895692800 | 269404    100 python3 161944     99 rviz2 83624      93 joint_state_pub 57680      58 ros2 
895942656 | 269404    100 python3 161944     99 rviz2 83624      93 joint_state_pub 57680      58 ros2 
895672320 | 269404    100 python3 161944     99 rviz2 83624      93 joint_state_pub 57680      58 ros2 
895410176 | 269404    100 python3 161944     99 rviz2 83624      93 joint_state_pub 57680      58 ros2 
895414272 | 269404    100 python3 161944     99 rviz2 83624      93 joint_state_pub 57680      58 ros2 
895410176 | 269404    100 python3 161944     99 rviz2 83624      93 joint_state_pub 57680      58 ros2 
895459328 | 269404    100 python3 161944     99 rviz2 83624      93 joint_state_pub 57680      58 ros2 
895684608 | 269404    100 python3 161944     99 rviz2 83624      93 joint_state_pub 57680      58 ros2 
895684608 | 269404    100 python3 161944     99 rviz2 83624      93 joint_state_pub 57680      58 ros2 
895553536 | 269404    100 python3 161944     99 rviz2 83624      93 joint_state_pub 57680      58 ros2 
895410176 | 269404    100 python3 161944     99 rviz2 83624      93 joint_state_pub 57680      58 ros2 
895934464 | 269404    100 python3 161944     99 rviz2 83624      93 joint_state_pub 57680      58 ros2 
895668224 | 269404    100 python3 161944     99 rviz2 83624      93 joint_state_pub 57680      58 ros2 
895934464 | 269404    100 python3 161944     99 rviz2 83624      93 joint_state_pub 57680      58 ros2 
895676416 | 269404    100 python3 161944     99 rviz2 83624      93 joint_state_pub 57680      58 ros2 
895676416 | 269404    100 python3 161944     99 rviz2 83624      93 joint_state_pub 57680      58 ros2 
895414272 | 269404    100 python3 161944     99 rviz2 83624      93 joint_state_pub 57680      58 ros2 
895676416 | 269404    100 python3 161944     99 rviz2 83624      93 joint_state_pub 57680      58 ros2 
895700992 | 269404    100 python3 161944     99 rviz2 83624      93 joint_state_pub 57680      58 ros2 
895676416 | 269404    100 python3 161944     99 rviz2 83624      93 joint_state_pub 57680      58 ros2 
895381504 | 269404    100 python3 161944     99 rviz2 83624      93 joint_state_pub 57680      58 ros2 
895938560 | 269404    100 python3 161944     99 rviz2 83624      93 joint_state_pub 57680      58 ros2 
895553536 | 269404    100 python3 161944     99 rviz2 83624      93 joint_state_pub 57680      58 ros2 
896012288 | 269404    100 python3 161944     99 rviz2 83624      93 joint_state_pub 57680      58 ros2 
895287296 | 269404    100 python3 161944     99 rviz2 83624      93 joint_state_pub 57680      58 ros2 
895680512 | 269404    100 python3 161944     99 rviz2 83624      93 joint_state_pub 57680      58 ros2 
895414272 | 269404    100 python3 161944     99 rviz2 83624      93 joint_state_pub 57680      58 ros2 
895418368 | 269404    100 python3 161944     99 rviz2 83624      93 joint_state_pub 57680      58 ros2 
895987712 | 269404    100 python3 161944     99 rviz2 83624      93 joint_state_pub 57680      58 ros2 
895680512 | 269404    100 python3 161944     99 rviz2 83624      93 joint_state_pub 57680      58 ros2 
895758336 | 269404    100 python3 161944     99 rviz2 83624      93 joint_state_pub 57680      58 ros2 
895684608 | 269404    100 python3 161944     99 rviz2 83624      93 joint_state_pub 57680      58 ros2 
895422464 | 269404    100 python3 161944     99 rviz2 83624      93 joint_state_pub 57680      58 ros2 
895688704 | 269404    100 python3 161944     99 rviz2 83624      93 joint_state_pub 57680      58 ros2 
895688704 | 269404    100 python3 161944     99 rviz2 83624      93 joint_state_pub 57680      58 ros2 
895688704 | 269404    100 python3 161944     99 rviz2 83624      93 joint_state_pub 57680      58 ros2 
895795200 | 269404    100 python3 161944     99 rviz2 83624      93 joint_state_pub 57680      58 ros2 
895807488 | 269404    100 python3 161944     99 rviz2 83624      93 joint_state_pub 57680      58 ros2 
895655936 | 269404    100 python3 161944     99 rviz2 83624      93 joint_state_pub 57680      58 ros2 
895684608 | 269404    100 python3 161944     99 rviz2 83624      93 joint_state_pub 57680      58 ros2 
895418368 | 269404    100 python3 161944     99 rviz2 83624      93 joint_state_pub 57680      58 ros2 
895684608 | 269404    100 python3 161944     99 rviz2 83624      93 joint_state_pub 57680      58 ros2 
895418368 | 269404    100 python3 161944     99 rviz2 83624      93 joint_state_pub 57680      58 ros2 
895680512 | 269404    100 python3 161944     99 rviz2 83624      93 joint_state_pub 57680      58 ros2 
895942656 | 269404    100 python3 161944     99 rviz2 83624      93 joint_state_pub 57680      58 ros2 
895684608 | 269404    100 python3 161944     99 rviz2 83624      93 joint_state_pub 57680      58 ros2 
895680512 | 269404    100 python3 161944     99 rviz2 83624      93 joint_state_pub 57680      58 ros2 
895447040 | 269404    100 python3 161944     99 rviz2 83624      93 joint_state_pub 57680      58 ros2 
895488000 | 269404    100 python3 161944     99 rviz2 83624      93 joint_state_pub 57680      58 ros2 
895676416 | 269404    100 python3 161944     99 rviz2 83624      93 joint_state_pub 57680      58 ros2 
895418368 | 269404    100 python3 161944     99 rviz2 83624      93 joint_state_pub 57680      58 ros2 
895692800 | 269404    100 python3 161944     99 rviz2 83624      93 joint_state_pub 57680      58 ros2 
895393792 | 269404    100 python3 161944     99 rviz2 83624      93 joint_state_pub 57680      58 ros2 
895942656 | 269404    100 python3 161944     99 rviz2 83624      93 joint_state_pub 57680      58 ros2 
896217088 | 269404    100 python3 161944     99 rviz2 83624      93 joint_state_pub 57680      58 ros2 
895578112 | 269404    100 python3 161944     99 rviz2 83624      93 joint_state_pub 57680      58 ros2 
895557632 | 269404    100 python3 161944     99 rviz2 83624      93 joint_state_pub 57680      58 ros2 
895807488 | 269404    100 python3 161944     99 rviz2 83624      93 joint_state_pub 57680      58 ros2 
896204800 | 269404    100 python3 161944     99 rviz2 83624      93 joint_state_pub 57680      58 ros2 
896081920 | 269404    100 python3 161944     99 rviz2 83624      93 joint_state_pub 57680      58 ros2 
895426560 | 269404    100 python3 161944     99 rviz2 83624      93 joint_state_pub 57680      58 ros2 
895410176 | 269404    100 python3 161944     99 rviz2 83624      93 joint_state_pub 57680      58 ros2 
895680512 | 269404    100 python3 161944     99 rviz2 83624      93 joint_state_pub 57680      58 ros2 
895688704 | 269404    100 python3 161944     99 rviz2 83624      93 joint_state_pub 57680      58 ros2 
895434752 | 269404    100 python3 161944     99 rviz2 83624      93 joint_state_pub 57680      58 ros2 
896090112 | 269404    100 python3 161944     99 rviz2 83624      93 joint_state_pub 57680      58 ros2 
895512576 | 269404    100 python3 161944     99 rviz2 83624      93 joint_state_pub 57680      58 ros2 
895258624 | 269404    100 python3 161944     99 rviz2 83624      93 joint_state_pub 57680      58 ros2 
896077824 | 269404    100 python3 161944     99 rviz2 83624      93 joint_state_pub 57680      58 ros2 
896061440 | 269404    100 python3 161944     99 rviz2 83624      93 joint_state_pub 57680      58 ros2 
895684608 | 269404    100 python3 161944     99 rviz2 83624      93 joint_state_pub 57680      58 ros2 
895688704 | 269404    100 python3 161944     99 rviz2 83624      93 joint_state_pub 57680      58 ros2 
895844352 | 269404    100 python3 161944     99 rviz2 83624      93 joint_state_pub 57680      58 ros2 
895950848 | 269404    100 python3 161944     99 rviz2 83624      93 joint_state_pub 57680      58 ros2 
895430656 | 269404    100 python3 161944     99 rviz2 83624      93 joint_state_pub 57680      58 ros2 
895950848 | 269404    100 python3 161944     99 rviz2 83624      93 joint_state_pub 57680      58 ros2 
895950848 | 269404    100 python3 161944     99 rviz2 83624      93 joint_state_pub 57680      58 ros2 
895954944 | 269404    100 python3 161944     99 rviz2 83624      93 joint_state_pub 57680      58 ros2 
895561728 | 269404    100 python3 161944     99 rviz2 83624      93 joint_state_pub 57680      58 ros2 
896069632 | 269404    100 python3 161944     99 rviz2 83624      93 joint_state_pub 57680      58 ros2 
895700992 | 269404    100 python3 161944     99 rviz2 83624      93 joint_state_pub 57680      58 ros2 
895705088 | 269404    100 python3 161944     99 rviz2 83624      93 joint_state_pub 57680      58 ros2 
895746048 | 269404    100 python3 161944     99 rviz2 83624      93 joint_state_pub 57680      58 ros2 
895602688 | 269404    100 python3 161944     99 rviz2 83624      93 joint_state_pub 57680      58 ros2 
895565824 | 269404    100 python3 161944     99 rviz2 83624      93 joint_state_pub 57680      58 ros2 
895807488 | 269404    100 python3 161944     99 rviz2 83624      93 joint_state_pub 57680      58 ros2 
895397888 | 269404    100 python3 161944     99 rviz2 83624      93 joint_state_pub 57680      58 ros2 
895430656 | 269404    100 python3 161944     99 rviz2 83624      93 joint_state_pub 57680      58 ros2 
895688704 | 269404    100 python3 161944     99 rviz2 83624      93 joint_state_pub 57680      58 ros2 
896126976 | 269404    100 python3 161944     99 rviz2 83624      93 joint_state_pub 57680      58 ros2 
895426560 | 269404    100 python3 161944     99 rviz2 83624      93 joint_state_pub 57680      58 ros2 
895442944 | 269404    100 python3 161944     99 rviz2 83624      93 joint_state_pub 57680      58 ros2 
895700992 | 269404    100 python3 161944     99 rviz2 83624      93 joint_state_pub 57680      58 ros2 
896225280 | 269404    100 python3 161944     99 rviz2 83624      93 joint_state_pub 57680      58 ros2 
895684608 | 269404    100 python3 161944     99 rviz2 83624      93 joint_state_pub 57680      58 ros2 
895299584 | 269404    100 python3 161944     99 rviz2 83624      93 joint_state_pub 57680      58 ros2 
895692800 | 269404    100 python3 161944     99 rviz2 83624      93 joint_state_pub 57680      58 ros2 
895725568 | 269404    100 python3 161944     99 rviz2 83624      93 joint_state_pub 57680      58 ros2 
895688704 | 269404    100 python3 161944     99 rviz2 83624      93 joint_state_pub 57680      58 ros2 
895836160 | 269404    100 python3 161944     99 rviz2 83624      93 joint_state_pub 57680      58 ros2 
895426560 | 269404    100 python3 161944     99 rviz2 83624      93 joint_state_pub 57680      58 ros2 
895426560 | 269404    100 python3 161944     99 rviz2 83624      93 joint_state_pub 57680      58 ros2 
895688704 | 269404    100 python3 161944     99 rviz2 83624      93 joint_state_pub 57680      58 ros2 
895950848 | 269404    100 python3 161944     99 rviz2 83624      93 joint_state_pub 57680      58 ros2 
895782912 | 269404    100 python3 161944     99 rviz2 83624      93 joint_state_pub 57680      58 ros2 
895528960 | 269404    100 python3 161944     99 rviz2 83624      93 joint_state_pub 57680      58 ros2 
895643648 | 269404    100 python3 161944     99 rviz2 83624      93 joint_state_pub 57680      58 ros2 
895430656 | 269404    100 python3 161944     99 rviz2 83624      93 joint_state_pub 57680      58 ros2 
895954944 | 269404    100 python3 161944     99 rviz2 83624      93 joint_state_pub 57680      58 ros2 
895569920 | 269404    100 python3 161944     99 rviz2 83624      93 joint_state_pub 57680      58 ros2 
895954944 | 269404    100 python3 161944     99 rviz2 83624      93 joint_state_pub 57680      58 ros2 
895565824 | 269404    100 python3 161944     99 rviz2 83624      93 joint_state_pub 57680      58 ros2 
895696896 | 269404    100 python3 161944     99 rviz2 83624      93 joint_state_pub 57680      58 ros2 
895430656 | 269404    100 python3 161944     99 rviz2 83624      93 joint_state_pub 57680      58 ros2 
896221184 | 269404    100 python3 161944     99 rviz2 83624      93 joint_state_pub 57680      58 ros2 
895688704 | 269404    100 python3 161944     99 rviz2 83624      93 joint_state_pub 57680      58 ros2 
895954944 | 269404    100 python3 161944     99 rviz2 83624      93 joint_state_pub 57680      58 ros2 
895700992 | 269404    100 python3 161944     99 rviz2 83624      93 joint_state_pub 57680      58 ros2 
895438848 | 269404    100 python3 161944     99 rviz2 83624      93 joint_state_pub 57680      58 ros2 
895651840 | 269404    100 python3 161944     99 rviz2 83624      93 joint_state_pub 57680      58 ros2 
895737856 | 269404    100 python3 161944     99 rviz2 83624      93 joint_state_pub 57680      58 ros2 
895799296 | 269404    100 python3 161944     99 rviz2 83624      93 joint_state_pub 57680      58 ros2 
895692800 | 269404    100 python3 161944     99 rviz2 83624      93 joint_state_pub 57680      58 ros2 
895823872 | 269404    100 python3 161944     99 rviz2 83624      93 joint_state_pub 57680      58 ros2 
895426560 | 269404    100 python3 161944     99 rviz2 83624      93 joint_state_pub 57680      58 ros2 
895696896 | 269404    100 python3 161944     99 rviz2 83624      93 joint_state_pub 57680      58 ros2 
895688704 | 269404    100 python3 161944     99 rviz2 83624      93 joint_state_pub 57680      58 ros2 
895430656 | 269404    100 python3 161944     99 rviz2 83624      93 joint_state_pub 57680      58 ros2 
895574016 | 269404    100 python3 161944     99 rviz2 83624      93 joint_state_pub 57680      58 ros2 
895803392 | 269404    100 python3 161944     99 rviz2 83624      93 joint_state_pub 57680      58 ros2 
895741952 | 269404    100 python3 161944     99 rviz2 83624      93 joint_state_pub 57680      58 ros2 
895950848 | 269404    100 python3 161944     99 rviz2 83624      93 joint_state_pub 57680      58 ros2 
895537152 | 269404    100 python3 161944     99 rviz2 83624      93 joint_state_pub 57680      58 ros2 
895561728 | 269404    100 python3 161944     99 rviz2 83624      93 joint_state_pub 57680      58 ros2 
895434752 | 269404    100 python3 161944     99 rviz2 83624      93 joint_state_pub 57680      58 ros2 
895709184 | 269404    100 python3 161944     99 rviz2 83624      93 joint_state_pub 57680      58 ros2 
895811584 | 269404    100 python3 161944     99 rviz2 83624      93 joint_state_pub 57680      58 ros2 
895696896 | 269404    100 python3 161944     99 rviz2 83624      93 joint_state_pub 57680      58 ros2 
895709184 | 269404    100 python3 161944     99 rviz2 83624      93 joint_state_pub 57680      58 ros2 
895700992 | 269404    100 python3 161944     99 rviz2 83624      93 joint_state_pub 57680      58 ros2 
895696896 | 269404    100 python3 161944     99 rviz2 83624      93 joint_state_pub 57680      58 ros2 
895447040 | 269404    100 python3 161944     99 rviz2 83624      93 joint_state_pub 57680      58 ros2 
895533056 | 269404    100 python3 161944     99 rviz2 83624      93 joint_state_pub 57680      58 ros2 
895315968 | 269404    100 python3 161944     99 rviz2 83624      93 joint_state_pub 57680      58 ros2 
895700992 | 269404    100 python3 161944     99 rviz2 83624      93 joint_state_pub 57680      58 ros2 
895963136 | 269404    100 python3 161944     99 rviz2 83624      93 joint_state_pub 57680      58 ros2 
895987712 | 269404    100 python3 161944     99 rviz2 83624      93 joint_state_pub 57680      58 ros2 
895721472 | 269404    100 python3 161944     99 rviz2 83624      93 joint_state_pub 57680      58 ros2 
895434752 | 269404    100 python3 161944     99 rviz2 83624      93 joint_state_pub 57680      58 ros2 
895434752 | 269404    100 python3 161944     99 rviz2 83624      93 joint_state_pub 57680      58 ros2 
895438848 | 269404    100 python3 161944     99 rviz2 83624      93 joint_state_pub 57680      58 ros2 
895442944 | 269404    100 python3 161944     99 rviz2 83624      93 joint_state_pub 57680      58 ros2 
895311872 | 269404    100 python3 161944     99 rviz2 83624      93 joint_state_pub 57680      58 ros2 
895700992 | 269404    100 python3 161944     99 rviz2 83624      93 joint_state_pub 57680      58 ros2 
895369216 | 269404    100 python3 161944     99 rviz2 83624      93 joint_state_pub 57680      58 ros2 
895442944 | 269404    100 python3 161944     99 rviz2 83624      93 joint_state_pub 57680      58 ros2 
895442944 | 269404    100 python3 161944     99 rviz2 83624      93 joint_state_pub 57680      58 ros2 
895963136 | 269404    100 python3 161944     99 rviz2 83624      93 joint_state_pub 57680      58 ros2 
895442944 | 269404    100 python3 161944     99 rviz2 83624      93 joint_state_pub 57680      58 ros2 
895696896 | 269404    100 python3 161944     99 rviz2 83624      93 joint_state_pub 57680      58 ros2 
895438848 | 269404    100 python3 161944     99 rviz2 83624      93 joint_state_pub 57680      58 ros2 
895700992 | 269404    100 python3 161944     99 rviz2 83624      93 joint_state_pub 57680      58 ros2 
895668224 | 269404    100 python3 161944     99 rviz2 83624      93 joint_state_pub 57680      58 ros2 
895746048 | 269404    100 python3 161944     99 rviz2 83624      93 joint_state_pub 57680      58 ros2 
896008192 | 269404    100 python3 161944     99 rviz2 83624      93 joint_state_pub 57680      58 ros2 
895700992 | 269404    100 python3 161944     99 rviz2 83624      93 joint_state_pub 57680      58 ros2 
895823872 | 269404    100 python3 161944     99 rviz2 83624      93 joint_state_pub 57680      58 ros2 
895729664 | 269404    100 python3 161944     99 rviz2 83624      93 joint_state_pub 57680      58 ros2 
895467520 | 269404    100 python3 161944     99 rviz2 83624      93 joint_state_pub 57680      58 ros2 
895758336 | 269404    100 python3 161944     99 rviz2 83624      93 joint_state_pub 57680      58 ros2 
895438848 | 269404    100 python3 161944     99 rviz2 83624      93 joint_state_pub 57680      58 ros2 
895700992 | 269404    100 python3 161944     99 rviz2 83624      93 joint_state_pub 57680      58 ros2 
895700992 | 269404    100 python3 161944     99 rviz2 83624      93 joint_state_pub 57680      58 ros2 
895700992 | 269404    100 python3 161944     99 rviz2 83624      93 joint_state_pub 57680      58 ros2 
896008192 | 269404    100 python3 161944     99 rviz2 83624      93 joint_state_pub 57680      58 ros2 
895504384 | 269404    100 python3 161944     99 rviz2 83624      93 joint_state_pub 57680      58 ros2 
895627264 | 269404    100 python3 161944     99 rviz2 83624      93 joint_state_pub 57680      58 ros2 
895713280 | 269404    100 python3 161944     99 rviz2 83624      93 joint_state_pub 57680      58 ros2 
895746048 | 269404    100 python3 161944     99 rviz2 83624      93 joint_state_pub 57680      58 ros2 
895672320 | 269404    100 python3 161944     99 rviz2 83624      93 joint_state_pub 57680      58 ros2 
895684608 | 269404    100 python3 161944     99 rviz2 83624      93 joint_state_pub 57680      58 ros2 
895438848 | 269404    100 python3 161944     99 rviz2 83624      93 joint_state_pub 57680      58 ros2 
895680512 | 269404    100 python3 161944     99 rviz2 83624      93 joint_state_pub 57680      58 ros2 
895451136 | 269404    100 python3 161944     99 rviz2 83624      93 joint_state_pub 57680      58 ros2 
895455232 | 269404    100 python3 161944     99 rviz2 83624      93 joint_state_pub 57680      58 ros2 
895447040 | 269404    100 python3 161944     99 rviz2 83624      93 joint_state_pub 57680      58 ros2 
895967232 | 269404    100 python3 161944     99 rviz2 83624      93 joint_state_pub 57680      58 ros2 
896253952 | 269404    100 python3 161944     99 rviz2 83624      93 joint_state_pub 57680      58 ros2 
895967232 | 269404    100 python3 161944     99 rviz2 83624      93 joint_state_pub 57680      58 ros2 
895467520 | 269404    100 python3 161944     99 rviz2 83624      93 joint_state_pub 57680      58 ros2 
895442944 | 269404    100 python3 161944     99 rviz2 83624      93 joint_state_pub 57680      58 ros2 
895705088 | 269404    100 python3 161944     99 rviz2 83624      93 joint_state_pub 57680      58 ros2 
895447040 | 269404    100 python3 161944     99 rviz2 83624      93 joint_state_pub 57680      58 ros2 
895442944 | 269404    100 python3 161944     99 rviz2 83624      93 joint_state_pub 57680      58 ros2 
895975424 | 269404    100 python3 161944     99 rviz2 83624      93 joint_state_pub 57680      58 ros2 
895737856 | 269404    100 python3 161944     99 rviz2 83624      93 joint_state_pub 57680      58 ros2 
895975424 | 269404    100 python3 161944     99 rviz2 83624      93 joint_state_pub 57680      58 ros2 
895451136 | 269404    100 python3 161944     99 rviz2 83624      93 joint_state_pub 57680      58 ros2 
895541248 | 269404    100 python3 161944     99 rviz2 83624      93 joint_state_pub 57680      58 ros2 
895410176 | 269404    100 python3 161944     99 rviz2 83624      93 joint_state_pub 57680      58 ros2 
895995904 | 269404    100 python3 161944     99 rviz2 83624      93 joint_state_pub 57680      58 ros2 
895705088 | 269404    100 python3 161944     99 rviz2 83624      93 joint_state_pub 57680      58 ros2 
895447040 | 269404    100 python3 161944     99 rviz2 83624      93 joint_state_pub 57680      58 ros2 
895442944 | 269404    100 python3 161944     99 rviz2 83624      93 joint_state_pub 57680      58 ros2 
895455232 | 269404    100 python3 161944     99 rviz2 83624      93 joint_state_pub 57680      58 ros2 
895971328 | 269404    100 python3 161944     99 rviz2 83624      93 joint_state_pub 57680      58 ros2 
895451136 | 269404    100 python3 161944     99 rviz2 83624      93 joint_state_pub 57680      58 ros2 
895709184 | 269404    100 python3 161944     99 rviz2 83624      93 joint_state_pub 57680      58 ros2 
896004096 | 269404    100 python3 161944     99 rviz2 83624      93 joint_state_pub 57680      58 ros2 
895475712 | 269404    100 python3 161944     99 rviz2 83624      93 joint_state_pub 57680      58 ros2 
895934464 | 269404    100 python3 161944     99 rviz2 83624      93 joint_state_pub 57680      58 ros2 
895971328 | 269404    100 python3 161944     99 rviz2 83624      93 joint_state_pub 57680      58 ros2 
895905792 | 269404    100 python3 161944     99 rviz2 83624      93 joint_state_pub 57680      58 ros2 
895447040 | 269404    100 python3 161944     99 rviz2 83624      93 joint_state_pub 57680      58 ros2 
895938560 | 269404    100 python3 161944     99 rviz2 83624      93 joint_state_pub 57680      58 ros2 
895451136 | 269404    100 python3 161944     99 rviz2 83624      93 joint_state_pub 57680      58 ros2 
895598592 | 269404    100 python3 161944     99 rviz2 83624      93 joint_state_pub 57680      58 ros2 
895447040 | 269404    100 python3 161944     99 rviz2 83624      93 joint_state_pub 57680      58 ros2 
895447040 | 269404    100 python3 161944     99 rviz2 83624      93 joint_state_pub 57680      58 ros2 
895762432 | 269404    100 python3 161944     99 rviz2 83624      93 joint_state_pub 57680      58 ros2 
895762432 | 269404    100 python3 161944     99 rviz2 83624      93 joint_state_pub 57680      58 ros2 
895709184 | 269404    100 python3 161944     99 rviz2 83624      93 joint_state_pub 57680      58 ros2 
895725568 | 269404    100 python3 161944     99 rviz2 83624      93 joint_state_pub 57680      58 ros2 
895447040 | 269404    100 python3 161944     99 rviz2 83624      93 joint_state_pub 57680      58 ros2 
895361024 | 269404    100 python3 161944     99 rviz2 83624      93 joint_state_pub 57680      58 ros2 
895324160 | 269404    100 python3 161944     99 rviz2 83624      93 joint_state_pub 57680      58 ros2 
895287296 | 269404    100 python3 161944     99 rviz2 83624      93 joint_state_pub 57680      58 ros2 
895975424 | 269404    100 python3 161944     99 rviz2 83624      93 joint_state_pub 57680      58 ros2 
895377408 | 269404    100 python3 161944     99 rviz2 83624      93 joint_state_pub 57680      58 ros2 
895451136 | 269404    100 python3 161944     99 rviz2 83624      93 joint_state_pub 57680      58 ros2 
895447040 | 269404    100 python3 161944     99 rviz2 83624      93 joint_state_pub 57680      58 ros2 
895713280 | 269404    100 python3 161944     99 rviz2 83624      93 joint_state_pub 57680      58 ros2 
895512576 | 269404    100 python3 161944     99 rviz2 83624      93 joint_state_pub 57680      58 ros2 
895455232 | 269404    100 python3 161944     99 rviz2 83624      93 joint_state_pub 57680      58 ros2 
895414272 | 269404    100 python3 161944     99 rviz2 83624      93 joint_state_pub 57680      58 ros2 
895422464 | 269404    100 python3 161944     99 rviz2 83624      93 joint_state_pub 57680      58 ros2 
895713280 | 269404    100 python3 161944     99 rviz2 83624      93 joint_state_pub 57680      58 ros2 
895447040 | 269404    100 python3 161944     99 rviz2 83624      93 joint_state_pub 57680      58 ros2 
895451136 | 269404    100 python3 161944     99 rviz2 83624      93 joint_state_pub 57680      58 ros2 
895422464 | 269404    100 python3 161944     99 rviz2 83624      93 joint_state_pub 57680      58 ros2 
895463424 | 269404    100 python3 161944     99 rviz2 83624      93 joint_state_pub 57680      58 ros2 
895733760 | 269404    100 python3 161944     99 rviz2 83624      93 joint_state_pub 57680      58 ros2 
895713280 | 269404    100 python3 161944     99 rviz2 83624      93 joint_state_pub 57680      58 ros2 
895709184 | 269404    100 python3 161944     99 rviz2 83624      93 joint_state_pub 57680      58 ros2 
895283200 | 269404    100 python3 161944     99 rviz2 83624      93 joint_state_pub 57680      58 ros2 
895713280 | 269404    100 python3 161944     99 rviz2 83624      93 joint_state_pub 57680      58 ros2 
895672320 | 269404    100 python3 161944     99 rviz2 83624      93 joint_state_pub 57680      58 ros2 
895455232 | 269404    100 python3 161944     99 rviz2 83624      93 joint_state_pub 57680      58 ros2 
895455232 | 269404    100 python3 161944     99 rviz2 83624      93 joint_state_pub 57680      58 ros2 
895418368 | 269404    100 python3 161944     99 rviz2 83624      93 joint_state_pub 57680      58 ros2 
895483904 | 269404    100 python3 161944     99 rviz2 83624      93 joint_state_pub 57680      58 ros2 
895746048 | 269404    100 python3 161944     99 rviz2 83624      93 joint_state_pub 57680      58 ros2 
895459328 | 269404    100 python3 161944     99 rviz2 83624      93 joint_state_pub 57680      58 ros2 
895418368 | 269404    100 python3 161944     99 rviz2 83624      93 joint_state_pub 57680      58 ros2 
895459328 | 269404    100 python3 161944     99 rviz2 83624      93 joint_state_pub 57680      58 ros2 
895684608 | 269404    100 python3 161944     99 rviz2 83624      93 joint_state_pub 57680      58 ros2 
895545344 | 269404    100 python3 161944     99 rviz2 83624      93 joint_state_pub 57680      58 ros2 
895680512 | 269404    100 python3 161944     99 rviz2 83624      93 joint_state_pub 57680      58 ros2 
895827968 | 269404    100 python3 161944     99 rviz2 83624      93 joint_state_pub 57680      58 ros2 
895717376 | 269404    100 python3 161944     99 rviz2 83624      93 joint_state_pub 57680      58 ros2 
895717376 | 269404    100 python3 161944     99 rviz2 83624      93 joint_state_pub 57680      58 ros2 
895594496 | 269404    100 python3 161944     99 rviz2 83624      93 joint_state_pub 57680      58 ros2 
895717376 | 269404    100 python3 161944     99 rviz2 83624      93 joint_state_pub 57680      58 ros2 
895422464 | 269404    100 python3 161944     99 rviz2 83624      93 joint_state_pub 57680      58 ros2 
895721472 | 269404    100 python3 161944     99 rviz2 83624      93 joint_state_pub 57680      58 ros2 
895455232 | 269404    100 python3 161944     99 rviz2 83624      93 joint_state_pub 57680      58 ros2 
895598592 | 269404    100 python3 161944     99 rviz2 83624      93 joint_state_pub 57680      58 ros2 
895995904 | 269404    100 python3 161944     99 rviz2 83624      93 joint_state_pub 57680      58 ros2 
895725568 | 269404    100 python3 161944     99 rviz2 83624      93 joint_state_pub 57680      58 ros2 
895725568 | 269404    100 python3 161944     99 rviz2 83624      93 joint_state_pub 57680      58 ros2 
895737856 | 269404    100 python3 161944     99 rviz2 83624      93 joint_state_pub 57680      58 ros2 
895733760 | 269404    100 python3 161944     99 rviz2 83624      93 joint_state_pub 57680      58 ros2 
895741952 | 269404    100 python3 161944     99 rviz2 83624      93 joint_state_pub 57680      58 ros2 
896032768 | 269404    100 python3 161944     99 rviz2 83624      93 joint_state_pub 57680      58 ros2 
895991808 | 269404    100 python3 161944     99 rviz2 83624      93 joint_state_pub 57680      58 ros2 
895684608 | 269404    100 python3 161944     99 rviz2 83624      93 joint_state_pub 57680      58 ros2 
895725568 | 269404    100 python3 161944     99 rviz2 83624      93 joint_state_pub 57680      58 ros2 
895651840 | 269404    100 python3 161944     99 rviz2 83624      93 joint_state_pub 57680      58 ros2 
895594496 | 269404    100 python3 161944     99 rviz2 83624      93 joint_state_pub 57680      58 ros2 
895598592 | 269404    100 python3 161944     99 rviz2 83624      93 joint_state_pub 57680      58 ros2 
895684608 | 269404    100 python3 161944     99 rviz2 83624      93 joint_state_pub 57680      58 ros2 
895778816 | 269404    100 python3 161944     99 rviz2 83624      93 joint_state_pub 57680      58 ros2 
895524864 | 269404    100 python3 161944     99 rviz2 83624      93 joint_state_pub 57680      58 ros2 
896208896 | 269404    100 python3 161944     99 rviz2 83624      93 joint_state_pub 57680      58 ros2 
895983616 | 269404    100 python3 161944     99 rviz2 83624      93 joint_state_pub 57680      58 ros2 
895746048 | 269404    100 python3 161944     99 rviz2 83624      93 joint_state_pub 57680      58 ros2 
895725568 | 269404    100 python3 161944     99 rviz2 83624      93 joint_state_pub 57680      58 ros2 
895660032 | 269404    100 python3 161944     99 rviz2 83624      93 joint_state_pub 57680      58 ros2 
895754240 | 269404    100 python3 161944     99 rviz2 83624      93 joint_state_pub 57680      58 ros2 
895504384 | 269404    100 python3 161944     99 rviz2 83624      93 joint_state_pub 57680      58 ros2 
895721472 | 269404    100 python3 161944     99 rviz2 83624      93 joint_state_pub 57680      58 ros2 
895774720 | 269404    100 python3 161944     99 rviz2 83624      93 joint_state_pub 57680      58 ros2 
895987712 | 269404    100 python3 161944     99 rviz2 83624      93 joint_state_pub 57680      58 ros2 
895426560 | 269404    100 python3 161944     99 rviz2 83624      93 joint_state_pub 57680      58 ros2 
895795200 | 269404    100 python3 161944     99 rviz2 83624      93 joint_state_pub 57680      58 ros2 
895594496 | 269404    100 python3 161944     99 rviz2 83624      93 joint_state_pub 57680      58 ros2 
895684608 | 269404    100 python3 161944     99 rviz2 83624      93 joint_state_pub 57680      58 ros2 
896106496 | 269404    100 python3 161944     99 rviz2 83624      93 joint_state_pub 57680      58 ros2 
895721472 | 269404    100 python3 161944     99 rviz2 83624      93 joint_state_pub 57680      58 ros2 
895340544 | 269404    100 python3 161944     99 rviz2 83624      93 joint_state_pub 57680      58 ros2 
895430656 | 269404    100 python3 161944     99 rviz2 83624      93 joint_state_pub 57680      58 ros2 
895721472 | 269404    100 python3 161944     99 rviz2 83624      93 joint_state_pub 57680      58 ros2 
895471616 | 269404    100 python3 161944     99 rviz2 83624      93 joint_state_pub 57680      58 ros2 
895463424 | 269404    100 python3 161944     99 rviz2 83624      93 joint_state_pub 57680      58 ros2 
895725568 | 269404    100 python3 161944     99 rviz2 83624      93 joint_state_pub 57680      58 ros2 
895729664 | 269404    100 python3 161944     99 rviz2 83624      93 joint_state_pub 57680      58 ros2 
895733760 | 269404    100 python3 161944     99 rviz2 83624      93 joint_state_pub 57680      58 ros2 
895602688 | 269404    100 python3 161944     99 rviz2 83624      93 joint_state_pub 57680      58 ros2 
895729664 | 269404    100 python3 161944     99 rviz2 83624      93 joint_state_pub 57680      58 ros2 
895471616 | 269404    100 python3 161944     99 rviz2 83624      93 joint_state_pub 57680      58 ros2 
895729664 | 269404    100 python3 161944     99 rviz2 83624      93 joint_state_pub 57680      58 ros2 
895860736 | 269404    100 python3 161944     99 rviz2 83624      93 joint_state_pub 57680      58 ros2 
895692800 | 269404    100 python3 161944     99 rviz2 83624      93 joint_state_pub 57680      58 ros2 
895582208 | 269404    100 python3 161944     99 rviz2 83624      93 joint_state_pub 57680      58 ros2 
895344640 | 269404    100 python3 161944     99 rviz2 83624      93 joint_state_pub 57680      58 ros2 
895467520 | 269404    100 python3 161944     99 rviz2 83624      93 joint_state_pub 57680      58 ros2 
895741952 | 269404    100 python3 161944     99 rviz2 83624      93 joint_state_pub 57680      58 ros2 
895475712 | 269404    100 python3 161944     99 rviz2 83624      93 joint_state_pub 57680      58 ros2 
895873024 | 269404    100 python3 161944     99 rviz2 83624      93 joint_state_pub 57680      58 ros2 
896016384 | 269404    100 python3 161944     99 rviz2 83624      93 joint_state_pub 57680      58 ros2 
896118784 | 269404    100 python3 161944     99 rviz2 83624      93 joint_state_pub 57680      58 ros2 
895987712 | 269404    100 python3 161944     99 rviz2 83624      93 joint_state_pub 57680      58 ros2 
895823872 | 269404    100 python3 161944     99 rviz2 83624      93 joint_state_pub 57680      58 ros2 
895733760 | 269404    100 python3 161944     99 rviz2 83624      93 joint_state_pub 57680      58 ros2 
895852544 | 269404    100 python3 161944     99 rviz2 83624      93 joint_state_pub 57680      58 ros2 
895995904 | 269404    100 python3 161944     99 rviz2 83624      93 joint_state_pub 57680      58 ros2 
895651840 | 269404    100 python3 161944     99 rviz2 83624      93 joint_state_pub 57680      58 ros2 
896253952 | 269404    100 python3 161944     99 rviz2 83624      93 joint_state_pub 57680      58 ros2 
895987712 | 269404    100 python3 161944     99 rviz2 83624      93 joint_state_pub 57680      58 ros2 
895467520 | 269404    100 python3 161944     99 rviz2 83624      93 joint_state_pub 57680      58 ros2 
895430656 | 269404    100 python3 161944     99 rviz2 83624      93 joint_state_pub 57680      58 ros2 
895795200 | 269404    100 python3 161944     99 rviz2 83624      93 joint_state_pub 57680      58 ros2 
895741952 | 269404    100 python3 161944     99 rviz2 83624      93 joint_state_pub 57680      58 ros2 
895467520 | 269404    100 python3 161944     99 rviz2 83624      93 joint_state_pub 57680      58 ros2 
896016384 | 269404    100 python3 161944     99 rviz2 83624      93 joint_state_pub 57680      58 ros2 
895983616 | 269404    100 python3 161944     99 rviz2 83624      93 joint_state_pub 57680      58 ros2 
895365120 | 269404    100 python3 161944     99 rviz2 83624      93 joint_state_pub 57680      58 ros2 
895836160 | 269404    100 python3 161944     99 rviz2 83624      93 joint_state_pub 57680      58 ros2 
895729664 | 269404    100 python3 161944     99 rviz2 83624      93 joint_state_pub 57680      58 ros2 
895635456 | 269404    100 python3 161944     99 rviz2 83624      93 joint_state_pub 57680      58 ros2 
896081920 | 269404    100 python3 161944     99 rviz2 83624      93 joint_state_pub 57680      58 ros2 
895692800 | 269404    100 python3 161944     99 rviz2 83624      93 joint_state_pub 57680      58 ros2 
895471616 | 269404    100 python3 161944     99 rviz2 83624      93 joint_state_pub 57680      58 ros2 
895700992 | 269404    100 python3 161944     99 rviz2 83624      93 joint_state_pub 57680      58 ros2 
895787008 | 269404    100 python3 161944     99 rviz2 83624      93 joint_state_pub 57680      58 ros2 
895418368 | 269404    100 python3 161944     99 rviz2 83624      93 joint_state_pub 57680      58 ros2 
895913984 | 269404    100 python3 161944     99 rviz2 83624      93 joint_state_pub 57680      58 ros2 
895733760 | 269404    100 python3 161944     99 rviz2 83624      93 joint_state_pub 57680      58 ros2 
895803392 | 269404    100 python3 161944     99 rviz2 83624      93 joint_state_pub 57680      58 ros2 
895455232 | 269404    100 python3 161944     99 rviz2 83624      93 joint_state_pub 57680      58 ros2 
895741952 | 269404    100 python3 161944     99 rviz2 83624      93 joint_state_pub 57680      58 ros2 
895803392 | 269404    100 python3 161944     99 rviz2 83624      93 joint_state_pub 57680      58 ros2 
895434752 | 269404    100 python3 161944     99 rviz2 83624      93 joint_state_pub 57680      58 ros2 
895750144 | 269404    100 python3 161944     99 rviz2 83624      93 joint_state_pub 57680      58 ros2 
896126976 | 269404    100 python3 161944     99 rviz2 83624      93 joint_state_pub 57680      58 ros2 
895889408 | 269404    100 python3 161944     99 rviz2 83624      93 joint_state_pub 57680      58 ros2 
895631360 | 269404    100 python3 161944     99 rviz2 83624      93 joint_state_pub 57680      58 ros2 
895766528 | 269404    100 python3 161944     99 rviz2 83624      93 joint_state_pub 57680      58 ros2 
896172032 | 269404    100 python3 161944     99 rviz2 83624      93 joint_state_pub 57680      58 ros2 
896057344 | 269404    100 python3 161944     99 rviz2 83624      93 joint_state_pub 57680      58 ros2 
895770624 | 269404    100 python3 161944     99 rviz2 83624      93 joint_state_pub 57680      58 ros2 
896282624 | 269404    100 python3 161944     99 rviz2 83624      93 joint_state_pub 57680      58 ros2 
895815680 | 269404    100 python3 161944     99 rviz2 83624      93 joint_state_pub 57680      58 ros2 
896012288 | 269404    100 python3 161944     99 rviz2 83624      93 joint_state_pub 57680      58 ros2 
895799296 | 269404    100 python3 161944     99 rviz2 83624      93 joint_state_pub 57680      58 ros2 
895885312 | 269404    100 python3 161944     99 rviz2 83624      93 joint_state_pub 57680      58 ros2 
896016384 | 269404    100 python3 161944     99 rviz2 83624      93 joint_state_pub 57680      58 ros2 
895770624 | 269404    100 python3 161944     99 rviz2 83624      93 joint_state_pub 57680      58 ros2 
895418368 | 269404    100 python3 161944     99 rviz2 83624      93 joint_state_pub 57680      58 ros2 
895713280 | 269404    100 python3 161944     99 rviz2 83624      93 joint_state_pub 57680      58 ros2 
895475712 | 269404    100 python3 161944     99 rviz2 83624      93 joint_state_pub 57680      58 ros2 
895479808 | 269404    100 python3 161944     99 rviz2 83624      93 joint_state_pub 57680      58 ros2 
896098304 | 269404    100 python3 161944     99 rviz2 83624      93 joint_state_pub 57680      58 ros2 
896270336 | 269404    100 python3 161944     99 rviz2 83624      93 joint_state_pub 57680      58 ros2 
895488000 | 269404    100 python3 161944     99 rviz2 83624      93 joint_state_pub 57680      58 ros2 
896049152 | 269404    100 python3 161944     99 rviz2 83624      93 joint_state_pub 57680      58 ros2 
895524864 | 269404    100 python3 161944     99 rviz2 83624      93 joint_state_pub 57680      58 ros2 
895643648 | 269404    100 python3 161944     99 rviz2 83624      93 joint_state_pub 57680      58 ros2 
896274432 | 269404    100 python3 161944     99 rviz2 83624      93 joint_state_pub 57680      58 ros2 
896024576 | 269404    100 python3 161944     99 rviz2 83624      93 joint_state_pub 57680      58 ros2 
895995904 | 269404    100 python3 161944     99 rviz2 83624      93 joint_state_pub 57680      58 ros2 
895483904 | 269404    100 python3 161944     99 rviz2 83624      93 joint_state_pub 57680      58 ros2 
895746048 | 269404    100 python3 161944     99 rviz2 83624      93 joint_state_pub 57680      58 ros2 
895741952 | 269404    100 python3 161944     99 rviz2 83624      93 joint_state_pub 57680      58 ros2 
895836160 | 269404    100 python3 161944     99 rviz2 83624      93 joint_state_pub 57680      58 ros2 
895963136 | 269404    100 python3 161944     99 rviz2 83624      93 joint_state_pub 57680      58 ros2 
895741952 | 269404    100 python3 161944     99 rviz2 83624      93 joint_state_pub 57680      58 ros2 
895627264 | 269404    100 python3 161944     99 rviz2 83624      93 joint_state_pub 57680      58 ros2 
896167936 | 269404    100 python3 161944     99 rviz2 83624      93 joint_state_pub 57680      58 ros2 
895746048 | 269404    100 python3 161944     99 rviz2 83624      93 joint_state_pub 57680      58 ros2 
895832064 | 269404    100 python3 161944     99 rviz2 83624      93 joint_state_pub 57680      58 ros2 
896266240 | 269404    100 python3 161944     99 rviz2 83624      93 joint_state_pub 57680      58 ros2 
897024000 | 269404    100 python3 161944     99 rviz2 83624      93 joint_state_pub 57680      58 ros2 
913481728 | 269404    100 python3 161944     99 rviz2 83624      93 joint_state_pub 57680      58 ros2 
916656128 | 269404    100 python3 161944     99 rviz2 83624      93 joint_state_pub 57680      58 ros2 
924770304 | 269404    100 python3 161944     99 rviz2 83624      93 joint_state_pub 57680      58 ros2 
934731776 | 269404    100 python3 161944     99 rviz2 83624      93 joint_state_pub 57680      58 ros2 
943083520 | 269404    100 python3 161944     99 rviz2 83624      93 joint_state_pub 57680      58 ros2 
977715200 | 269520    100 python3 162012     99 rviz2 83848      93 joint_state_pub 65060    5754 ros2 
1002622976 | 269520    100 python3 162012     99 rviz2 83848      93 joint_state_pub 72096    5754 ros2 
1022279680 | 270320    100 python3 162540     99 rviz2 84832      93 joint_state_pub 72600    5754 ros2 
1023246336 | 270452    100 python3 162668     99 rviz2 84968      93 joint_state_pub 71356    5754 ros2 
982614016 | 270452    100 python3 162668     99 rviz2 84968      93 joint_state_pub 71092    5775 python3 
984936448 | 270452    100 python3 162668     99 rviz2 84968      93 joint_state_pub 72368    5775 python3 
999333888 | 270452    100 python3 162668     99 rviz2 84968      93 joint_state_pub 72620    5775 python3 
1003671552 | 270452    100 python3 162668     99 rviz2 84968      93 joint_state_pub 72624    5775 python3 
983588864 | 270452    100 python3 162668     99 rviz2 84968      93 joint_state_pub 73104    5775 python3 
983982080 | 270452    100 python3 162668     99 rviz2 84968      93 joint_state_pub 73104    5775 python3 
984006656 | 270452    100 python3 162668     99 rviz2 84968      93 joint_state_pub 73104    5775 python3 
984023040 | 270452    100 python3 162668     99 rviz2 84968      93 joint_state_pub 73108    5775 python3 
983949312 | 270452    100 python3 162668     99 rviz2 84968      93 joint_state_pub 73108    5775 python3 
984342528 | 270452    100 python3 162668     99 rviz2 84968      93 joint_state_pub 73108    5775 python3 
984072192 | 270452    100 python3 162668     99 rviz2 84968      93 joint_state_pub 73108    5775 python3 
984260608 | 270452    100 python3 162668     99 rviz2 84968      93 joint_state_pub 73108    5775 python3 
983793664 | 270452    100 python3 162668     99 rviz2 84968      93 joint_state_pub 73108    5775 python3 
984014848 | 270452    100 python3 162668     99 rviz2 84968      93 joint_state_pub 73108    5775 python3 
984100864 | 270452    100 python3 162668     99 rviz2 84968      93 joint_state_pub 73108    5775 python3 
983945216 | 270452    100 python3 162668     99 rviz2 84968      93 joint_state_pub 73108    5775 python3 
984236032 | 270452    100 python3 162668     99 rviz2 84968      93 joint_state_pub 73108    5775 python3 
983678976 | 270452    100 python3 162668     99 rviz2 84968      93 joint_state_pub 73108    5775 python3 
983982080 | 270452    100 python3 162668     99 rviz2 84968      93 joint_state_pub 73108    5775 python3 
983801856 | 270452    100 python3 162668     99 rviz2 84968      93 joint_state_pub 73108    5775 python3 
983953408 | 270452    100 python3 162668     99 rviz2 84968      93 joint_state_pub 73108    5775 python3 
983953408 | 270452    100 python3 162668     99 rviz2 84968      93 joint_state_pub 73172    5775 python3 
983945216 | 270452    100 python3 162668     99 rviz2 84968      93 joint_state_pub 73172    5775 python3 
983781376 | 270452    100 python3 162668     99 rviz2 84968      93 joint_state_pub 73172    5775 python3 
983687168 | 270452    100 python3 162668     99 rviz2 84968      93 joint_state_pub 73172    5775 python3 
983683072 | 270452    100 python3 162668     99 rviz2 84968      93 joint_state_pub 73172    5775 python3 
983130112 | 270452    100 python3 162668     99 rviz2 84968      93 joint_state_pub 73112    5775 python3 
983564288 | 270452    100 python3 162668     99 rviz2 84968      93 joint_state_pub 73112    5775 python3 
983527424 | 270452    100 python3 162668     99 rviz2 84968      93 joint_state_pub 73112    5775 python3 
983126016 | 270452    100 python3 162668     99 rviz2 84968      93 joint_state_pub 73112    5775 python3 
983130112 | 270452    100 python3 162668     99 rviz2 84968      93 joint_state_pub 73112    5775 python3 
983236608 | 270452    100 python3 162668     99 rviz2 84968      93 joint_state_pub 73112    5775 python3 
983650304 | 270452    100 python3 162668     99 rviz2 84968      93 joint_state_pub 73112    5775 python3 
983396352 | 270452    100 python3 162668     99 rviz2 84968      93 joint_state_pub 73112    5775 python3 
983654400 | 270452    100 python3 162668     99 rviz2 84968      93 joint_state_pub 73112    5775 python3 
983130112 | 270452    100 python3 162668     99 rviz2 84968      93 joint_state_pub 73112    5775 python3 
988094464 | 270452    100 python3 162668     99 rviz2 84968      93 joint_state_pub 73112    5775 python3 
1004843008 | 270452    100 python3 162668     99 rviz2 84968      93 joint_state_pub 73112    5775 python3 
1026195456 | 270452    100 python3 162668     99 rviz2 84968      93 joint_state_pub 73112    5775 python3 
1059794944 | 270452    100 python3 162668     99 rviz2 84968      93 joint_state_pub 73112    5775 python3 
1092571136 | 270452    100 python3 162668     99 rviz2 84968      93 joint_state_pub 73112    5775 python3 
1112154112 | 270452    100 python3 162668     99 rviz2 84968      93 joint_state_pub 73112    5775 python3 
1143205888 | 270452    100 python3 162668     99 rviz2 84968      93 joint_state_pub 73112    5775 python3 
1158402048 | 270452    100 python3 162668     99 rviz2 84968      93 joint_state_pub 73112    5775 python3 
1158721536 | 270452    100 python3 162668     99 rviz2 84968      93 joint_state_pub 73112    5775 python3 
1158365184 | 270452    100 python3 162668     99 rviz2 84968      93 joint_state_pub 73112    5775 python3 
1158676480 | 270452    100 python3 162668     99 rviz2 84968      93 joint_state_pub 73112    5775 python3 
1158778880 | 270452    100 python3 162668     99 rviz2 84968      93 joint_state_pub 73112    5775 python3 
1158402048 | 270452    100 python3 162668     99 rviz2 84968      93 joint_state_pub 73112    5775 python3 
1159090176 | 270452    100 python3 162668     99 rviz2 84968      93 joint_state_pub 73112    5775 python3 
1158594560 | 270452    100 python3 162668     99 rviz2 84968      93 joint_state_pub 73112    5775 python3 
1158885376 | 270452    100 python3 162668     99 rviz2 84968      93 joint_state_pub 73112    5775 python3 
1158447104 | 270452    100 python3 162668     99 rviz2 84968      93 joint_state_pub 73112    5775 python3 
1158709248 | 270452    100 python3 162668     99 rviz2 84968      93 joint_state_pub 73112    5775 python3 
1158664192 | 270452    100 python3 162668     99 rviz2 84968      93 joint_state_pub 73112    5775 python3 
1158402048 | 270452    100 python3 162668     99 rviz2 84968      93 joint_state_pub 73112    5775 python3 
1158668288 | 270452    100 python3 162668     99 rviz2 84968      93 joint_state_pub 73112    5775 python3 
1158930432 | 270452    100 python3 162668     99 rviz2 84968      93 joint_state_pub 73112    5775 python3 
1158406144 | 270452    100 python3 162668     99 rviz2 84968      93 joint_state_pub 73112    5775 python3 
1158455296 | 270452    100 python3 162668     99 rviz2 84968      93 joint_state_pub 73112    5775 python3 
1159069696 | 270452    100 python3 162668     99 rviz2 84968      93 joint_state_pub 73112    5775 python3 
1158905856 | 270452    100 python3 162668     99 rviz2 84968      93 joint_state_pub 73112    5775 python3 
1158823936 | 270452    100 python3 162668     99 rviz2 84968      93 joint_state_pub 73112    5775 python3 
1158668288 | 270452    100 python3 162668     99 rviz2 84968      93 joint_state_pub 73112    5775 python3 
1158504448 | 270452    100 python3 162668     99 rviz2 84968      93 joint_state_pub 73112    5775 python3 
1158385664 | 270452    100 python3 162668     99 rviz2 84968      93 joint_state_pub 73112    5775 python3 
1158733824 | 270452    100 python3 162668     99 rviz2 84968      93 joint_state_pub 73112    5775 python3 
1158668288 | 270452    100 python3 162668     99 rviz2 84968      93 joint_state_pub 73112    5775 python3 
1158676480 | 270452    100 python3 162668     99 rviz2 84968      93 joint_state_pub 73112    5775 python3 
1158406144 | 270452    100 python3 162668     99 rviz2 84968      93 joint_state_pub 73112    5775 python3 
1158696960 | 270452    100 python3 162668     99 rviz2 84968      93 joint_state_pub 73112    5775 python3 
1158664192 | 270452    100 python3 162668     99 rviz2 84968      93 joint_state_pub 73112    5775 python3 
1158799360 | 270452    100 python3 162668     99 rviz2 84968      93 joint_state_pub 73112    5775 python3 
1158660096 | 270452    100 python3 162668     99 rviz2 84968      93 joint_state_pub 73112    5775 python3 
1158930432 | 270452    100 python3 162668     99 rviz2 84968      93 joint_state_pub 73112    5775 python3 
1158836224 | 270452    100 python3 162668     99 rviz2 84968      93 joint_state_pub 73112    5775 python3 
1158275072 | 270452    100 python3 162668     99 rviz2 84968      93 joint_state_pub 73112    5775 python3 
1158443008 | 270452    100 python3 162668     99 rviz2 84968      93 joint_state_pub 73112    5775 python3 
1158705152 | 270452    100 python3 162668     99 rviz2 84968      93 joint_state_pub 73112    5775 python3 
1158795264 | 270452    100 python3 162668     99 rviz2 84968      93 joint_state_pub 73112    5775 python3 
1158553600 | 270452    100 python3 162668     99 rviz2 84968      93 joint_state_pub 73112    5775 python3 
1158750208 | 270452    100 python3 162668     99 rviz2 84968      93 joint_state_pub 73112    5775 python3 
1158651904 | 270452    100 python3 162668     99 rviz2 84968      93 joint_state_pub 73112    5775 python3 
1158717440 | 270452    100 python3 162668     99 rviz2 84968      93 joint_state_pub 73112    5775 python3 
1158750208 | 270452    100 python3 162668     99 rviz2 84968      93 joint_state_pub 73112    5775 python3 
1158688768 | 270452    100 python3 162668     99 rviz2 84968      93 joint_state_pub 73112    5775 python3 
1158643712 | 270452    100 python3 162668     99 rviz2 84968      93 joint_state_pub 73112    5775 python3 
1158918144 | 270452    100 python3 162668     99 rviz2 84968      93 joint_state_pub 73112    5775 python3 
1159200768 | 270452    100 python3 162668     99 rviz2 84968      93 joint_state_pub 73112    5775 python3 
1159000064 | 270452    100 python3 162668     99 rviz2 84968      93 joint_state_pub 73112    5775 python3 
1158860800 | 270452    100 python3 162668     99 rviz2 84968      93 joint_state_pub 73112    5775 python3 
1158930432 | 270452    100 python3 162668     99 rviz2 84968      93 joint_state_pub 73112    5775 python3 
1158938624 | 270452    100 python3 162668     99 rviz2 84968      93 joint_state_pub 73112    5775 python3 
1158410240 | 270452    100 python3 162668     99 rviz2 84968      93 joint_state_pub 73112    5775 python3 
1158418432 | 270452    100 python3 162668     99 rviz2 84968      93 joint_state_pub 73112    5775 python3 
1158680576 | 270452    100 python3 162668     99 rviz2 84968      93 joint_state_pub 73112    5775 python3 
1158291456 | 270452    100 python3 162668     99 rviz2 84968      93 joint_state_pub 73112    5775 python3 
1159200768 | 270452    100 python3 162668     99 rviz2 84968      93 joint_state_pub 73112    5775 python3 
1158787072 | 270452    100 python3 162668     99 rviz2 84968      93 joint_state_pub 73112    5775 python3 
1159041024 | 270452    100 python3 162668     99 rviz2 84968      93 joint_state_pub 73112    5775 python3 
1158868992 | 270452    100 python3 162668     99 rviz2 84968      93 joint_state_pub 73112    5775 python3 
1159438336 | 270452    100 python3 162668     99 rviz2 84968      93 joint_state_pub 73112    5775 python3 
1159811072 | 270452    100 python3 162668     99 rviz2 84968      93 joint_state_pub 73112    5775 python3 
1159176192 | 270452    100 python3 162668     99 rviz2 84968      93 joint_state_pub 73112    5775 python3 
1159397376 | 270452    100 python3 162668     99 rviz2 84968      93 joint_state_pub 73112    5775 python3 
1159397376 | 270452    100 python3 162668     99 rviz2 84968      93 joint_state_pub 73112    5775 python3 
1159434240 | 270452    100 python3 162668     99 rviz2 84968      93 joint_state_pub 73112    5775 python3 
1159557120 | 270452    100 python3 162668     99 rviz2 84968      93 joint_state_pub 73112    5775 python3 
1159475200 | 270452    100 python3 162668     99 rviz2 84968      93 joint_state_pub 73112    5775 python3 
1159307264 | 270452    100 python3 162668     99 rviz2 84968      93 joint_state_pub 73112    5775 python3 
1159606272 | 270452    100 python3 162668     99 rviz2 84968      93 joint_state_pub 73112    5775 python3 
1159491584 | 270452    100 python3 162668     99 rviz2 84968      93 joint_state_pub 73112    5775 python3 
1159278592 | 270452    100 python3 162668     99 rviz2 84968      93 joint_state_pub 73112    5775 python3 
1159790592 | 270452    100 python3 162668     99 rviz2 84968      93 joint_state_pub 73112    5775 python3 
1159397376 | 270452    100 python3 162668     99 rviz2 84968      93 joint_state_pub 73112    5775 python3 
1159462912 | 270452    100 python3 162668     99 rviz2 84968      93 joint_state_pub 73112    5775 python3 
1159057408 | 270452    100 python3 162668     99 rviz2 84968      93 joint_state_pub 73112    5775 python3 
1159499776 | 270452    100 python3 162668     99 rviz2 84968      93 joint_state_pub 73112    5775 python3 
1159274496 | 270452    100 python3 162668     99 rviz2 84968      93 joint_state_pub 73112    5775 python3 
1160003584 | 270452    100 python3 162668     99 rviz2 84968      93 joint_state_pub 73112    5775 python3 
1159499776 | 270452    100 python3 162668     99 rviz2 84968      93 joint_state_pub 73112    5775 python3 
1159520256 | 270452    100 python3 162668     99 rviz2 84968      93 joint_state_pub 73112    5775 python3 
1159241728 | 270452    100 python3 162668     99 rviz2 84968      93 joint_state_pub 73112    5775 python3 
1159458816 | 270452    100 python3 162668     99 rviz2 84968      93 joint_state_pub 73112    5775 python3 
1159671808 | 270452    100 python3 162668     99 rviz2 84968      93 joint_state_pub 73112    5775 python3 
1159725056 | 270452    100 python3 162668     99 rviz2 84968      93 joint_state_pub 73112    5775 python3 
1159761920 | 270452    100 python3 162668     99 rviz2 84968      93 joint_state_pub 73112    5775 python3 
1159258112 | 270452    100 python3 162668     99 rviz2 84968      93 joint_state_pub 73112    5775 python3 
1159507968 | 270452    100 python3 162668     99 rviz2 84968      93 joint_state_pub 73112    5775 python3 
1159512064 | 270452    100 python3 162668     99 rviz2 84968      93 joint_state_pub 73112    5775 python3 
1159532544 | 270452    100 python3 162668     99 rviz2 84968      93 joint_state_pub 73112    5775 python3 
1159499776 | 270452    100 python3 162668     99 rviz2 84968      93 joint_state_pub 73112    5775 python3 
1159110656 | 270452    100 python3 162668     99 rviz2 84968      93 joint_state_pub 73112    5775 python3 
1159237632 | 270452    100 python3 162668     99 rviz2 84968      93 joint_state_pub 73112    5775 python3 
1159471104 | 270452    100 python3 162668     99 rviz2 84968      93 joint_state_pub 73112    5775 python3 
1160699904 | 270452    100 python3 162668     99 rviz2 84968      93 joint_state_pub 73112    5775 python3 
1168363520 | 270452    100 python3 162668     99 rviz2 84968      93 joint_state_pub 73112    5775 python3 
1175130112 | 270452    100 python3 162668     99 rviz2 84968      93 joint_state_pub 73112    5775 python3 
1182679040 | 270452    100 python3 162668     99 rviz2 84968      93 joint_state_pub 73112    5775 python3 
1200455680 | 270452    100 python3 162668     99 rviz2 84968      93 joint_state_pub 73112    5775 python3 
1213526016 | 270452    100 python3 162668     99 rviz2 84968      93 joint_state_pub 73112    5775 python3 
1249423360 | 270452    100 python3 162668     99 rviz2 84968      93 joint_state_pub 73112    5775 python3 
1248329728 | 270452    100 python3 162668     99 rviz2 84968      93 joint_state_pub 73112    5775 python3 
1248591872 | 270452    100 python3 162668     99 rviz2 84968      93 joint_state_pub 73112    5775 python3 
1248591872 | 270452    100 python3 162668     99 rviz2 84968      93 joint_state_pub 73112    5775 python3 
1248854016 | 270452    100 python3 162668     99 rviz2 84968      93 joint_state_pub 73112    5775 python3 
1248591872 | 270452    100 python3 162668     99 rviz2 84968      93 joint_state_pub 73112    5775 python3 
1248751616 | 270452    100 python3 162668     99 rviz2 84968      93 joint_state_pub 73112    5775 python3 
1248329728 | 270452    100 python3 162668     99 rviz2 84968      93 joint_state_pub 73112    5775 python3 
1248698368 | 270452    100 python3 162668     99 rviz2 84968      93 joint_state_pub 73112    5775 python3 
1248337920 | 270452    100 python3 162668     99 rviz2 84968      93 joint_state_pub 73112    5775 python3 
1248329728 | 270452    100 python3 162668     99 rviz2 84968      93 joint_state_pub 73112    5775 python3 
1248653312 | 270452    100 python3 162668     99 rviz2 84968      93 joint_state_pub 73112    5775 python3 
1248563200 | 270452    100 python3 162668     99 rviz2 84968      93 joint_state_pub 73112    5775 python3 
1248854016 | 270452    100 python3 162668     99 rviz2 84968      93 joint_state_pub 73112    5775 python3 
1248378880 | 270452    100 python3 162668     99 rviz2 84968      93 joint_state_pub 73112    5775 python3 
1248735232 | 270452    100 python3 162668     99 rviz2 84968      93 joint_state_pub 73112    5775 python3 
1248604160 | 270452    100 python3 162668     99 rviz2 84968      93 joint_state_pub 73112    5775 python3 
1248583680 | 270452    100 python3 162668     99 rviz2 84968      93 joint_state_pub 73112    5775 python3 
1248325632 | 270452    100 python3 162668     99 rviz2 84968      93 joint_state_pub 73112    5775 python3 
1248595968 | 270452    100 python3 162668     99 rviz2 84968      93 joint_state_pub 73112    5775 python3 
1248927744 | 270452    100 python3 162668     99 rviz2 84968      93 joint_state_pub 73112    5775 python3 
1248325632 | 270452    100 python3 162668     99 rviz2 84968      93 joint_state_pub 73112    5775 python3 
1248555008 | 270452    100 python3 162668     99 rviz2 84968      93 joint_state_pub 73112    5775 python3 
1248325632 | 270452    100 python3 162668     99 rviz2 84968      93 joint_state_pub 73112    5775 python3 
1248329728 | 270452    100 python3 162668     99 rviz2 84968      93 joint_state_pub 73112    5775 python3 
1248907264 | 270452    100 python3 162668     99 rviz2 84968      93 joint_state_pub 73112    5775 python3 
1248718848 | 270452    100 python3 162668     99 rviz2 84968      93 joint_state_pub 73112    5775 python3 
1248337920 | 270452    100 python3 162668     99 rviz2 84968      93 joint_state_pub 73112    5775 python3 
1248587776 | 270452    100 python3 162668     99 rviz2 84968      93 joint_state_pub 73112    5775 python3 
1248595968 | 270452    100 python3 162668     99 rviz2 84968      93 joint_state_pub 73112    5775 python3 
1248600064 | 270452    100 python3 162668     99 rviz2 84968      93 joint_state_pub 73112    5775 python3 
1248591872 | 270452    100 python3 162668     99 rviz2 84968      93 joint_state_pub 73112    5775 python3 
1248595968 | 270452    100 python3 162668     99 rviz2 84968      93 joint_state_pub 73112    5775 python3 
1248333824 | 270452    100 python3 162668     99 rviz2 84968      93 joint_state_pub 73112    5775 python3 
1248342016 | 270452    100 python3 162668     99 rviz2 84968      93 joint_state_pub 73112    5775 python3 
1248342016 | 270452    100 python3 162668     99 rviz2 84968      93 joint_state_pub 73112    5775 python3 
1248333824 | 270452    100 python3 162668     99 rviz2 84968      93 joint_state_pub 73112    5775 python3 
1248333824 | 270452    100 python3 162668     99 rviz2 84968      93 joint_state_pub 73112    5775 python3 
1248858112 | 270452    100 python3 162668     99 rviz2 84968      93 joint_state_pub 73112    5775 python3 
1248337920 | 270452    100 python3 162668     99 rviz2 84968      93 joint_state_pub 73112    5775 python3 
1248600064 | 270452    100 python3 162668     99 rviz2 84968      93 joint_state_pub 73112    5775 python3 
1248866304 | 270452    100 python3 162668     99 rviz2 84968      93 joint_state_pub 73112    5775 python3 
1248538624 | 270452    100 python3 162668     99 rviz2 84968      93 joint_state_pub 73112    5775 python3 
1248505856 | 270452    100 python3 162668     99 rviz2 84968      93 joint_state_pub 73112    5775 python3 
1248550912 | 270452    100 python3 162668     99 rviz2 84968      93 joint_state_pub 73112    5775 python3 
1248358400 | 270452    100 python3 162668     99 rviz2 84968      93 joint_state_pub 73112    5775 python3 
1248354304 | 270452    100 python3 162668     99 rviz2 84968      93 joint_state_pub 73112    5775 python3 
1248542720 | 270452    100 python3 162668     99 rviz2 84968      93 joint_state_pub 73112    5775 python3 
1248600064 | 270452    100 python3 162668     99 rviz2 84968      93 joint_state_pub 73112    5775 python3 
1248608256 | 270452    100 python3 162668     99 rviz2 84968      93 joint_state_pub 73112    5775 python3 
1248710656 | 270452    100 python3 162668     99 rviz2 84968      93 joint_state_pub 73112    5775 python3 
1248862208 | 270452    100 python3 162668     99 rviz2 84968      93 joint_state_pub 73112    5775 python3 
1249001472 | 270452    100 python3 162668     99 rviz2 84968      93 joint_state_pub 73112    5775 python3 
1248698368 | 270452    100 python3 162668     99 rviz2 84968      93 joint_state_pub 73112    5775 python3 
1248337920 | 270452    100 python3 162668     99 rviz2 84968      93 joint_state_pub 73112    5775 python3 
1248874496 | 270452    100 python3 162668     99 rviz2 84968      93 joint_state_pub 73112    5775 python3 
1248616448 | 270452    100 python3 162668     99 rviz2 84968      93 joint_state_pub 73112    5775 python3 
1248870400 | 270452    100 python3 162668     99 rviz2 84968      93 joint_state_pub 73112    5775 python3 
1248448512 | 270452    100 python3 162668     99 rviz2 84968      93 joint_state_pub 73112    5775 python3 
1248600064 | 270452    100 python3 162668     99 rviz2 84968      93 joint_state_pub 73112    5775 python3 
1248604160 | 270452    100 python3 162668     99 rviz2 84968      93 joint_state_pub 73112    5775 python3 
1248346112 | 270452    100 python3 162668     99 rviz2 84968      93 joint_state_pub 73112    5775 python3 
1248735232 | 270452    100 python3 162668     99 rviz2 84968      93 joint_state_pub 73112    5775 python3 
1248354304 | 270452    100 python3 162668     99 rviz2 84968      93 joint_state_pub 73112    5775 python3 
1248354304 | 270452    100 python3 162668     99 rviz2 84968      93 joint_state_pub 73112    5775 python3 
1248477184 | 270452    100 python3 162668     99 rviz2 84968      93 joint_state_pub 73112    5775 python3 
1248509952 | 270452    100 python3 162668     99 rviz2 84968      93 joint_state_pub 73112    5775 python3 
1248608256 | 270452    100 python3 162668     99 rviz2 84968      93 joint_state_pub 73112    5775 python3 
1248608256 | 270452    100 python3 162668     99 rviz2 84968      93 joint_state_pub 73112    5775 python3 
1248927744 | 270452    100 python3 162668     99 rviz2 84968      93 joint_state_pub 73112    5775 python3 
1248350208 | 270452    100 python3 162668     99 rviz2 84968      93 joint_state_pub 73112    5775 python3 
1248616448 | 270452    100 python3 162668     99 rviz2 84968      93 joint_state_pub 73112    5775 python3 
1248743424 | 270452    100 python3 162668     99 rviz2 84968      93 joint_state_pub 73112    5775 python3 
1248608256 | 270452    100 python3 162668     99 rviz2 84968      93 joint_state_pub 73112    5775 python3 
1248796672 | 270452    100 python3 162668     99 rviz2 84968      93 joint_state_pub 73112    5775 python3 
1248608256 | 270452    100 python3 162668     99 rviz2 84968      93 joint_state_pub 73112    5775 python3 
1248346112 | 270452    100 python3 162668     99 rviz2 84968      93 joint_state_pub 73112    5775 python3 
1248874496 | 270452    100 python3 162668     99 rviz2 84968      93 joint_state_pub 73112    5775 python3 
1248706560 | 270452    100 python3 162668     99 rviz2 84968      93 joint_state_pub 73112    5775 python3 
1248518144 | 270452    100 python3 162668     99 rviz2 84968      93 joint_state_pub 73112    5775 python3 
1248698368 | 270452    100 python3 162668     99 rviz2 84968      93 joint_state_pub 73112    5775 python3 
1248747520 | 270452    100 python3 162668     99 rviz2 84968      93 joint_state_pub 73112    5775 python3 
1248612352 | 270452    100 python3 162668     99 rviz2 84968      93 joint_state_pub 73112    5775 python3 
1248313344 | 270452    100 python3 162668     99 rviz2 84968      93 joint_state_pub 73112    5775 python3 
1248346112 | 270452    100 python3 162668     99 rviz2 84968      93 joint_state_pub 73112    5775 python3 
1248600064 | 270452    100 python3 162668     99 rviz2 84968      93 joint_state_pub 73112    5775 python3 
1248608256 | 270452    100 python3 162668     99 rviz2 84968      93 joint_state_pub 73112    5775 python3 
1249267712 | 270452    100 python3 162668     99 rviz2 84968      93 joint_state_pub 73112    5775 python3 
1215741952 | 270452    100 python3 162564     99 rviz2 84864      93 joint_state_pub 73112    5775 python3 
1207427072 | 270452    100 python3 162564     99 rviz2 84864      93 joint_state_pub 73112    5775 python3 
1207185408 | 270452    100 python3 162564     99 rviz2 84864      93 joint_state_pub 73112    5775 python3 
1207283712 | 270452    100 python3 162564     99 rviz2 84864      93 joint_state_pub 73048    5775 python3 
1207255040 | 270388    100 python3 162564     99 rviz2 84864      93 joint_state_pub 73048    5775 python3 
1207357440 | 270388    100 python3 162564     99 rviz2 84864      93 joint_state_pub 73048    5775 python3 
1207607296 | 270388    100 python3 162564     99 rviz2 84800      93 joint_state_pub 72944    5775 python3 
1207173120 | 270388    100 python3 162564     99 rviz2 84800      93 joint_state_pub 72944    5775 python3 
1207152640 | 270388    100 python3 162564     99 rviz2 84800      93 joint_state_pub 72944    5775 python3 
1207357440 | 270388    100 python3 162564     99 rviz2 84800      93 joint_state_pub 72944    5775 python3 
1207238656 | 270388    100 python3 162564     99 rviz2 84800      93 joint_state_pub 72944    5775 python3 
1207234560 | 270284    100 python3 162564     99 rviz2 84800      93 joint_state_pub 72944    5775 python3 
1207595008 | 270284    100 python3 162500     99 rviz2 84800      93 joint_state_pub 72944    5775 python3 
1207214080 | 270284    100 python3 162500     99 rviz2 84800      93 joint_state_pub 72944    5775 python3 
1206816768 | 270284    100 python3 162500     99 rviz2 84800      93 joint_state_pub 72944    5775 python3 
1206542336 | 270284    100 python3 162500     99 rviz2 84800      93 joint_state_pub 72944    5775 python3 
1206800384 | 270284    100 python3 162500     99 rviz2 84800      93 joint_state_pub 72944    5775 python3 
1206841344 | 270284    100 python3 162500     99 rviz2 84800      93 joint_state_pub 72944    5775 python3 
1206886400 | 270284    100 python3 162500     99 rviz2 84800      93 joint_state_pub 72944    5775 python3 
1206632448 | 270284    100 python3 162500     99 rviz2 84800      93 joint_state_pub 72944    5775 python3 
1206460416 | 270284    100 python3 162500     99 rviz2 84800      93 joint_state_pub 72944    5775 python3 
1207066624 | 270284    100 python3 162500     99 rviz2 84800      93 joint_state_pub 72944    5775 python3 
1206804480 | 270284    100 python3 162500     99 rviz2 84800      93 joint_state_pub 72944    5775 python3 
1207074816 | 270284    100 python3 162500     99 rviz2 84800      93 joint_state_pub 72944    5775 python3 
1206812672 | 270284    100 python3 162500     99 rviz2 84800      93 joint_state_pub 72944    5775 python3 
1206550528 | 270284    100 python3 162500     99 rviz2 84800      93 joint_state_pub 72944    5775 python3 
1206865920 | 270284    100 python3 162500     99 rviz2 84800      93 joint_state_pub 72944    5775 python3 
1206648832 | 270284    100 python3 162500     99 rviz2 84800      93 joint_state_pub 72944    5775 python3 
1206583296 | 270284    100 python3 162500     99 rviz2 84800      93 joint_state_pub 72944    5775 python3 
1206546432 | 270284    100 python3 162500     99 rviz2 84800      93 joint_state_pub 72944    5775 python3 
1206521856 | 270284    100 python3 162500     99 rviz2 84800      93 joint_state_pub 72944    5775 python3 
1206804480 | 270284    100 python3 162500     99 rviz2 84800      93 joint_state_pub 72944    5775 python3 
1206808576 | 270284    100 python3 162500     99 rviz2 84800      93 joint_state_pub 72944    5775 python3 
1206599680 | 270284    100 python3 162500     99 rviz2 84800      93 joint_state_pub 72944    5775 python3 
1206976512 | 270284    100 python3 162500     99 rviz2 84800      93 joint_state_pub 72944    5775 python3 
1206943744 | 270284    100 python3 162500     99 rviz2 84800      93 joint_state_pub 72944    5775 python3 
1206808576 | 270284    100 python3 162500     99 rviz2 84800      93 joint_state_pub 72944    5775 python3 
1206816768 | 270284    100 python3 162500     99 rviz2 84800      93 joint_state_pub 72944    5775 python3 
1206804480 | 270284    100 python3 162500     99 rviz2 84800      93 joint_state_pub 72944    5775 python3 
1206853632 | 270284    100 python3 162500     99 rviz2 84800      93 joint_state_pub 72944    5775 python3 
1206665216 | 270284    100 python3 162500     99 rviz2 84800      93 joint_state_pub 72944    5775 python3 
1206837248 | 270284    100 python3 162500     99 rviz2 84800      93 joint_state_pub 72944    5775 python3 
1206546432 | 270284    100 python3 162500     99 rviz2 84800      93 joint_state_pub 72944    5775 python3 
1206816768 | 270284    100 python3 162500     99 rviz2 84800      93 joint_state_pub 72944    5775 python3 
1207070720 | 270284    100 python3 162500     99 rviz2 84800      93 joint_state_pub 72944    5775 python3 
1206755328 | 270284    100 python3 162500     99 rviz2 84800      93 joint_state_pub 72944    5775 python3 
1207021568 | 270284    100 python3 162500     99 rviz2 84800      93 joint_state_pub 72944    5775 python3 
1207078912 | 270284    100 python3 162500     99 rviz2 84800      93 joint_state_pub 72944    5775 python3 
1206550528 | 270284    100 python3 162500     99 rviz2 84800      93 joint_state_pub 72944    5775 python3 
1206595584 | 270284    100 python3 162500     99 rviz2 84800      93 joint_state_pub 72944    5775 python3 
1206939648 | 270284    100 python3 162500     99 rviz2 84800      93 joint_state_pub 72944    5775 python3 
1206861824 | 270284    100 python3 162500     99 rviz2 84800      93 joint_state_pub 72944    5775 python3 
1206808576 | 270284    100 python3 162500     99 rviz2 84800      93 joint_state_pub 72944    5775 python3 
1206554624 | 270284    100 python3 162500     99 rviz2 84800      93 joint_state_pub 72944    5775 python3 
1206816768 | 270284    100 python3 162500     99 rviz2 84800      93 joint_state_pub 72944    5775 python3 
1206714368 | 270284    100 python3 162500     99 rviz2 84800      93 joint_state_pub 72944    5775 python3 
1207410688 | 270284    100 python3 162500     99 rviz2 84800      93 joint_state_pub 72944    5775 python3 
1206812672 | 270284    100 python3 162500     99 rviz2 84800      93 joint_state_pub 72944    5775 python3 
1206513664 | 270284    100 python3 162500     99 rviz2 84800      93 joint_state_pub 72944    5775 python3 
1206812672 | 270284    100 python3 162500     99 rviz2 84800      93 joint_state_pub 72944    5775 python3 
1206824960 | 270284    100 python3 162500     99 rviz2 84800      93 joint_state_pub 72944    5775 python3 
1206554624 | 270284    100 python3 162500     99 rviz2 84800      93 joint_state_pub 72944    5775 python3 
1206812672 | 270284    100 python3 162500     99 rviz2 84800      93 joint_state_pub 72944    5775 python3 
1206427648 | 270284    100 python3 162500     99 rviz2 84800      93 joint_state_pub 72944    5775 python3 
1206550528 | 270284    100 python3 162500     99 rviz2 84800      93 joint_state_pub 72944    5775 python3 
1206816768 | 270284    100 python3 162500     99 rviz2 84800      93 joint_state_pub 72944    5775 python3 
1206816768 | 270284    100 python3 162500     99 rviz2 84800      93 joint_state_pub 72944    5775 python3 
1206550528 | 270284    100 python3 162500     99 rviz2 84800      93 joint_state_pub 72944    5775 python3 
1206427648 | 270284    100 python3 162500     99 rviz2 84800      93 joint_state_pub 72944    5775 python3 
1206550528 | 270284    100 python3 162500     99 rviz2 84800      93 joint_state_pub 72944    5775 python3 
1206513664 | 270284    100 python3 162500     99 rviz2 84800      93 joint_state_pub 72944    5775 python3 
1206599680 | 270284    100 python3 162500     99 rviz2 84800      93 joint_state_pub 72944    5775 python3 
1206603776 | 270284    100 python3 162500     99 rviz2 84800      93 joint_state_pub 72944    5775 python3 
1206861824 | 270284    100 python3 162500     99 rviz2 84800      93 joint_state_pub 72944    5775 python3 
1206812672 | 270284    100 python3 162500     99 rviz2 84800      93 joint_state_pub 72944    5775 python3 
1206812672 | 270284    100 python3 162500     99 rviz2 84800      93 joint_state_pub 72944    5775 python3 
1206665216 | 270284    100 python3 162500     99 rviz2 84800      93 joint_state_pub 72944    5775 python3 
1206812672 | 270284    100 python3 162500     99 rviz2 84800      93 joint_state_pub 72944    5775 python3 
1206550528 | 270284    100 python3 162500     99 rviz2 84800      93 joint_state_pub 72944    5775 python3 
1206550528 | 270284    100 python3 162500     99 rviz2 84800      93 joint_state_pub 72944    5775 python3 
1206820864 | 270284    100 python3 162500     99 rviz2 84800      93 joint_state_pub 72944    5775 python3 
1206816768 | 270284    100 python3 162500     99 rviz2 84800      93 joint_state_pub 72944    5775 python3 
1206857728 | 270284    100 python3 162500     99 rviz2 84800      93 joint_state_pub 72944    5775 python3 
1206947840 | 270284    100 python3 162500     99 rviz2 84800      93 joint_state_pub 72944    5775 python3 
1207050240 | 270284    100 python3 162500     99 rviz2 84800      93 joint_state_pub 72944    5775 python3 
1206874112 | 270284    100 python3 162500     99 rviz2 84800      93 joint_state_pub 72944    5775 python3 
1206550528 | 270284    100 python3 162500     99 rviz2 84800      93 joint_state_pub 72944    5775 python3 
1207255040 | 270284    100 python3 162500     99 rviz2 84800      93 joint_state_pub 72944    5775 python3 
1207373824 | 270284    100 python3 162500     99 rviz2 84800      93 joint_state_pub 72944    5775 python3 
1207517184 | 270284    100 python3 162500     99 rviz2 84800      93 joint_state_pub 72944    5775 python3 
1207123968 | 270284    100 python3 162500     99 rviz2 84800      93 joint_state_pub 72944    5775 python3 
1207029760 | 270284    100 python3 162500     99 rviz2 84800      93 joint_state_pub 72944    5775 python3 
1207259136 | 270284    100 python3 162500     99 rviz2 84800      93 joint_state_pub 72944    5775 python3 
1206996992 | 270284    100 python3 162500     99 rviz2 84800      93 joint_state_pub 72944    5775 python3 
1207259136 | 270284    100 python3 162500     99 rviz2 84800      93 joint_state_pub 72944    5775 python3 
1207275520 | 270284    100 python3 162500     99 rviz2 84800      93 joint_state_pub 72944    5775 python3 
1207025664 | 270284    100 python3 162500     99 rviz2 84800      93 joint_state_pub 72944    5775 python3 
1207291904 | 270284    100 python3 162500     99 rviz2 84800      93 joint_state_pub 72944    5775 python3 
1207214080 | 270284    100 python3 162500     99 rviz2 84800      93 joint_state_pub 72944    5775 python3 
1207263232 | 270284    100 python3 162500     99 rviz2 84800      93 joint_state_pub 72944    5775 python3 
1206996992 | 270284    100 python3 162500     99 rviz2 84800      93 joint_state_pub 72944    5775 python3 
1207058432 | 270284    100 python3 162500     99 rviz2 84800      93 joint_state_pub 72944    5775 python3 
1207271424 | 270284    100 python3 162500     99 rviz2 84800      93 joint_state_pub 72944    5775 python3 
1207279616 | 270284    100 python3 162500     99 rviz2 84800      93 joint_state_pub 72944    5775 python3 
1207521280 | 270284    100 python3 162500     99 rviz2 84800      93 joint_state_pub 72944    5775 python3 
1207070720 | 270284    100 python3 162500     99 rviz2 84800      93 joint_state_pub 72944    5775 python3 
1207140352 | 270284    100 python3 162500     99 rviz2 84800      93 joint_state_pub 72944    5775 python3 
1207259136 | 270284    100 python3 162500     99 rviz2 84800      93 joint_state_pub 72944    5775 python3 
1207005184 | 270284    100 python3 162500     99 rviz2 84800      93 joint_state_pub 72944    5775 python3 
1207537664 | 270284    100 python3 162500     99 rviz2 84800      93 joint_state_pub 72944    5775 python3 
1207783424 | 270284    100 python3 162500     99 rviz2 84800      93 joint_state_pub 72944    5775 python3 
1207484416 | 270284    100 python3 162500     99 rviz2 84800      93 joint_state_pub 72944    5775 python3 
1207037952 | 270284    100 python3 162500     99 rviz2 84800      93 joint_state_pub 72944    5775 python3 
1207468032 | 270284    100 python3 162500     99 rviz2 84800      93 joint_state_pub 72944    5775 python3 
1207402496 | 270284    100 python3 162500     99 rviz2 84800      93 joint_state_pub 72944    5775 python3 
1207136256 | 270284    100 python3 162500     99 rviz2 84800      93 joint_state_pub 72944    5775 python3 
1207164928 | 270284    100 python3 162500     99 rviz2 84800      93 joint_state_pub 72944    5775 python3 
1207312384 | 270284    100 python3 162500     99 rviz2 84800      93 joint_state_pub 72944    5775 python3 
1207390208 | 270284    100 python3 162500     99 rviz2 84800      93 joint_state_pub 72944    5775 python3 
1206996992 | 270284    100 python3 162500     99 rviz2 84800      93 joint_state_pub 72944    5775 python3 
1207271424 | 270284    100 python3 162500     99 rviz2 84800      93 joint_state_pub 72944    5775 python3 
1207218176 | 270284    100 python3 162500     99 rviz2 84800      93 joint_state_pub 72944    5775 python3 
1206960128 | 270284    100 python3 162500     99 rviz2 84800      93 joint_state_pub 72944    5775 python3 
1207001088 | 270284    100 python3 162500     99 rviz2 84800      93 joint_state_pub 72944    5775 python3 
1207259136 | 270284    100 python3 162500     99 rviz2 84800      93 joint_state_pub 72944    5775 python3 
1207136256 | 270284    100 python3 162500     99 rviz2 84800      93 joint_state_pub 72944    5775 python3 
1207029760 | 270284    100 python3 162500     99 rviz2 84800      93 joint_state_pub 72944    5775 python3 
1207255040 | 270284    100 python3 162500     99 rviz2 84800      93 joint_state_pub 72944    5775 python3 
1207259136 | 270284    100 python3 162500     99 rviz2 84800      93 joint_state_pub 72944    5775 python3 
1207033856 | 270284    100 python3 162500     99 rviz2 84800      93 joint_state_pub 72944    5775 python3 
1207234560 | 270284    100 python3 162500     99 rviz2 84800      93 joint_state_pub 72944    5775 python3 
1207582720 | 270284    100 python3 162500     99 rviz2 84800      93 joint_state_pub 72944    5775 python3 
1206980608 | 270284    100 python3 162500     99 rviz2 84800      93 joint_state_pub 72944    5775 python3 
1207287808 | 270284    100 python3 162500     99 rviz2 84800      93 joint_state_pub 72944    5775 python3 
1207328768 | 270284    100 python3 162500     99 rviz2 84800      93 joint_state_pub 72944    5775 python3 
1207037952 | 270284    100 python3 162500     99 rviz2 84800      93 joint_state_pub 72944    5775 python3 
1207005184 | 270284    100 python3 162500     99 rviz2 84800      93 joint_state_pub 72944    5775 python3 
1207275520 | 270284    100 python3 162500     99 rviz2 84800      93 joint_state_pub 72944    5775 python3 
1206915072 | 270284    100 python3 162500     99 rviz2 84800      93 joint_state_pub 72944    5775 python3 
1207263232 | 270284    100 python3 162500     99 rviz2 84800      93 joint_state_pub 72944    5775 python3 
1207259136 | 270284    100 python3 162500     99 rviz2 84800      93 joint_state_pub 72944    5775 python3 
1207001088 | 270284    100 python3 162500     99 rviz2 84800      93 joint_state_pub 72944    5775 python3 
1207263232 | 270284    100 python3 162500     99 rviz2 84800      93 joint_state_pub 72944    5775 python3 
1207119872 | 270284    100 python3 162500     99 rviz2 84800      93 joint_state_pub 72944    5775 python3 
1207611392 | 270284    100 python3 162500     99 rviz2 84800      93 joint_state_pub 72944    5775 python3 
1207001088 | 270284    100 python3 162500     99 rviz2 84800      93 joint_state_pub 72944    5775 python3 
1207062528 | 270284    100 python3 162500     99 rviz2 84800      93 joint_state_pub 72944    5775 python3 
1207156736 | 270284    100 python3 162500     99 rviz2 84800      93 joint_state_pub 72944    5775 python3 
1207365632 | 270284    100 python3 162500     99 rviz2 84800      93 joint_state_pub 72944    5775 python3 
1207316480 | 270284    100 python3 162500     99 rviz2 84800      93 joint_state_pub 72944    5775 python3 
1207140352 | 270284    100 python3 162500     99 rviz2 84800      93 joint_state_pub 72944    5775 python3 
1207554048 | 270284    100 python3 162500     99 rviz2 84800      93 joint_state_pub 72944    5775 python3 
1207300096 | 270284    100 python3 162500     99 rviz2 84800      93 joint_state_pub 72944    5775 python3 
1207123968 | 270284    100 python3 162500     99 rviz2 84800      93 joint_state_pub 72944    5775 python3 
1207017472 | 270284    100 python3 162500     99 rviz2 84800      93 joint_state_pub 72944    5775 python3 
1207287808 | 270284    100 python3 162500     99 rviz2 84800      93 joint_state_pub 72944    5775 python3 
1207754752 | 270284    100 python3 162500     99 rviz2 84800      93 joint_state_pub 72944    5775 python3 
1207271424 | 270284    100 python3 162500     99 rviz2 84800      93 joint_state_pub 72944    5775 python3 
1206882304 | 270284    100 python3 162500     99 rviz2 84800      93 joint_state_pub 72944    5775 python3 
1207259136 | 270284    100 python3 162500     99 rviz2 84800      93 joint_state_pub 72944    5775 python3 
1206870016 | 270284    100 python3 162500     99 rviz2 84800      93 joint_state_pub 72944    5775 python3 
1206996992 | 270284    100 python3 162500     99 rviz2 84800      93 joint_state_pub 72944    5775 python3 
1207078912 | 270284    100 python3 162500     99 rviz2 84800      93 joint_state_pub 72944    5775 python3 
1207398400 | 270284    100 python3 162500     99 rviz2 84800      93 joint_state_pub 72944    5775 python3 
1207353344 | 270284    100 python3 162500     99 rviz2 84800      93 joint_state_pub 72944    5775 python3 
1207422976 | 270284    100 python3 162500     99 rviz2 84800      93 joint_state_pub 72944    5775 python3 
1207513088 | 270284    100 python3 162500     99 rviz2 84800      93 joint_state_pub 72944    5775 python3 
1207001088 | 270284    100 python3 162500     99 rviz2 84800      93 joint_state_pub 72944    5775 python3 
1207001088 | 270284    100 python3 162500     99 rviz2 84800      93 joint_state_pub 72944    5775 python3 
1207267328 | 270284    100 python3 162500     99 rviz2 84800      93 joint_state_pub 72944    5775 python3 
1207316480 | 270284    100 python3 162500     99 rviz2 84800      93 joint_state_pub 72944    5775 python3 
1207005184 | 270284    100 python3 162500     99 rviz2 84800      93 joint_state_pub 72944    5775 python3 
1207529472 | 270284    100 python3 162500     99 rviz2 84800      93 joint_state_pub 72944    5775 python3 
1207529472 | 270284    100 python3 162500     99 rviz2 84800      93 joint_state_pub 72944    5775 python3 
1207263232 | 270284    100 python3 162500     99 rviz2 84800      93 joint_state_pub 72944    5775 python3 
1207283712 | 270284    100 python3 162500     99 rviz2 84800      93 joint_state_pub 72944    5775 python3 
1207304192 | 270284    100 python3 162500     99 rviz2 84800      93 joint_state_pub 72944    5775 python3 
1207279616 | 270284    100 python3 162500     99 rviz2 84800      93 joint_state_pub 72944    5775 python3 
1207271424 | 270284    100 python3 162500     99 rviz2 84800      93 joint_state_pub 72944    5775 python3 
1207549952 | 270284    100 python3 162500     99 rviz2 84800      93 joint_state_pub 72944    5775 python3 
1207005184 | 270284    100 python3 162500     99 rviz2 84800      93 joint_state_pub 72944    5775 python3 
1207005184 | 270284    100 python3 162500     99 rviz2 84800      93 joint_state_pub 72944    5775 python3 
1207279616 | 270284    100 python3 162500     99 rviz2 84800      93 joint_state_pub 72944    5775 python3 
1207271424 | 270284    100 python3 162500     99 rviz2 84800      93 joint_state_pub 72944    5775 python3 
1207148544 | 270284    100 python3 162500     99 rviz2 84800      93 joint_state_pub 72944    5775 python3 
1207283712 | 270284    100 python3 162500     99 rviz2 84800      93 joint_state_pub 72944    5775 python3 
1207267328 | 270284    100 python3 162500     99 rviz2 84800      93 joint_state_pub 72944    5775 python3 
1207267328 | 270284    100 python3 162500     99 rviz2 84800      93 joint_state_pub 72944    5775 python3 
1207013376 | 270284    100 python3 162500     99 rviz2 84800      93 joint_state_pub 72944    5775 python3 
1207218176 | 270284    100 python3 162500     99 rviz2 84800      93 joint_state_pub 72944    5775 python3 
1207218176 | 270284    100 python3 162500     99 rviz2 84800      93 joint_state_pub 72944    5775 python3 
1207353344 | 270284    100 python3 162500     99 rviz2 84800      93 joint_state_pub 72944    5775 python3 
1207361536 | 270284    100 python3 162500     99 rviz2 84800      93 joint_state_pub 72944    5775 python3 
1207271424 | 270284    100 python3 162500     99 rviz2 84800      93 joint_state_pub 72944    5775 python3 
1207676928 | 270284    100 python3 162500     99 rviz2 84800      93 joint_state_pub 72944    5775 python3 
1207443456 | 270284    100 python3 162500     99 rviz2 84800      93 joint_state_pub 72944    5775 python3 
1206956032 | 270284    100 python3 162500     99 rviz2 84800      93 joint_state_pub 72944    5775 python3 
1207181312 | 270284    100 python3 162500     99 rviz2 84800      93 joint_state_pub 72944    5775 python3 
1207459840 | 270284    100 python3 162500     99 rviz2 84800      93 joint_state_pub 72944    5775 python3 
1207287808 | 270284    100 python3 162500     99 rviz2 84800      93 joint_state_pub 72944    5775 python3 
1207500800 | 270284    100 python3 162500     99 rviz2 84800      93 joint_state_pub 72944    5775 python3 
1207275520 | 270284    100 python3 162500     99 rviz2 84800      93 joint_state_pub 72944    5775 python3 
1207332864 | 270284    100 python3 162500     99 rviz2 84800      93 joint_state_pub 72944    5775 python3 
1207042048 | 270284    100 python3 162500     99 rviz2 84800      93 joint_state_pub 72944    5775 python3 
1207033856 | 270284    100 python3 162500     99 rviz2 84800      93 joint_state_pub 72944    5775 python3 
1207341056 | 270284    100 python3 162500     99 rviz2 84800      93 joint_state_pub 72944    5775 python3 
1207070720 | 270284    100 python3 162500     99 rviz2 84800      93 joint_state_pub 72944    5775 python3 
1206861824 | 270284    100 python3 162500     99 rviz2 84800      93 joint_state_pub 72944    5775 python3 
1207123968 | 270284    100 python3 162500     99 rviz2 84800      93 joint_state_pub 72944    5775 python3 
1207635968 | 270284    100 python3 162500     99 rviz2 84800      93 joint_state_pub 72944    5775 python3 
1207181312 | 270284    100 python3 162500     99 rviz2 84800      93 joint_state_pub 72944    5775 python3 
1207083008 | 270284    100 python3 162500     99 rviz2 84800      93 joint_state_pub 72944    5775 python3 
1206743040 | 270284    100 python3 162500     99 rviz2 84800      93 joint_state_pub 72944    5775 python3 
1207123968 | 270284    100 python3 162500     99 rviz2 84800      93 joint_state_pub 72944    5775 python3 
1207148544 | 270284    100 python3 162500     99 rviz2 84800      93 joint_state_pub 72944    5775 python3 
1206861824 | 270284    100 python3 162500     99 rviz2 84800      93 joint_state_pub 72944    5775 python3 
1207128064 | 270284    100 python3 162500     99 rviz2 84800      93 joint_state_pub 72944    5775 python3 
1207123968 | 270284    100 python3 162500     99 rviz2 84800      93 joint_state_pub 72944    5775 python3 
1207279616 | 270284    100 python3 162500     99 rviz2 84800      93 joint_state_pub 72944    5775 python3 
1207066624 | 270284    100 python3 162500     99 rviz2 84800      93 joint_state_pub 72944    5775 python3 
1207443456 | 270284    100 python3 162500     99 rviz2 84800      93 joint_state_pub 72944    5775 python3 
1207394304 | 270284    100 python3 162500     99 rviz2 84800      93 joint_state_pub 72944    5775 python3 
1207119872 | 270284    100 python3 162500     99 rviz2 84800      93 joint_state_pub 72944    5775 python3 
1206988800 | 270284    100 python3 162500     99 rviz2 84800      93 joint_state_pub 72944    5775 python3 
1207091200 | 270284    100 python3 162500     99 rviz2 84800      93 joint_state_pub 72944    5775 python3 
1206861824 | 270284    100 python3 162500     99 rviz2 84800      93 joint_state_pub 72944    5775 python3 
1207185408 | 270284    100 python3 162500     99 rviz2 84800      93 joint_state_pub 72944    5775 python3 
1207123968 | 270284    100 python3 162500     99 rviz2 84800      93 joint_state_pub 72944    5775 python3 
1207123968 | 270284    100 python3 162500     99 rviz2 84800      93 joint_state_pub 72944    5775 python3 
1206857728 | 270284    100 python3 162500     99 rviz2 84800      93 joint_state_pub 72944    5775 python3 
1207095296 | 270284    100 python3 162500     99 rviz2 84800      93 joint_state_pub 72944    5775 python3 
1206861824 | 270284    100 python3 162500     99 rviz2 84800      93 joint_state_pub 72944    5775 python3 
1206865920 | 270284    100 python3 162500     99 rviz2 84800      93 joint_state_pub 72944    5775 python3 
1207123968 | 270284    100 python3 162500     99 rviz2 84800      93 joint_state_pub 72944    5775 python3 
1207390208 | 270284    100 python3 162500     99 rviz2 84800      93 joint_state_pub 72944    5775 python3 
1206870016 | 270284    100 python3 162500     99 rviz2 84800      93 joint_state_pub 72944    5775 python3 
1207177216 | 270284    100 python3 162500     99 rviz2 84800      93 joint_state_pub 72944    5775 python3 
1206861824 | 270284    100 python3 162500     99 rviz2 84800      93 joint_state_pub 72944    5775 python3 
1207123968 | 270284    100 python3 162500     99 rviz2 84800      93 joint_state_pub 72944    5775 python3 
1206870016 | 270284    100 python3 162500     99 rviz2 84800      93 joint_state_pub 72944    5775 python3 
1207070720 | 270284    100 python3 162500     99 rviz2 84800      93 joint_state_pub 72944    5775 python3 
1207373824 | 270284    100 python3 162500     99 rviz2 84800      93 joint_state_pub 72944    5775 python3 
1207283712 | 270284    100 python3 162500     99 rviz2 84800      93 joint_state_pub 72944    5775 python3 
1207435264 | 270284    100 python3 162500     99 rviz2 84800      93 joint_state_pub 72944    5775 python3 
1207144448 | 270284    100 python3 162500     99 rviz2 84800      93 joint_state_pub 72944    5775 python3 
1207193600 | 270284    100 python3 162500     99 rviz2 84800      93 joint_state_pub 72944    5775 python3 
1206861824 | 270284    100 python3 162500     99 rviz2 84800      93 joint_state_pub 72944    5775 python3 
1206972416 | 270284    100 python3 162500     99 rviz2 84800      93 joint_state_pub 72944    5775 python3 
1207263232 | 270284    100 python3 162500     99 rviz2 84800      93 joint_state_pub 72944    5775 python3 
1206984704 | 270284    100 python3 162500     99 rviz2 84800      93 joint_state_pub 72944    5775 python3 
1207103488 | 270284    100 python3 162500     99 rviz2 84800      93 joint_state_pub 72944    5775 python3 
1207128064 | 270284    100 python3 162500     99 rviz2 84800      93 joint_state_pub 72944    5775 python3 
1206943744 | 270284    100 python3 162500     99 rviz2 84800      93 joint_state_pub 72944    5775 python3 
