ply
format ascii 1.0
element vertex 2256
property float x
property float y
property float z
element face 4082
property list uchar int vertex_indices
end_header
0.927701 -0.081500 0.307002
0.937701 -0.095000 0.307002
0.667701 -0.081500 0.307002
0.657701 -0.095000 0.307002
0.667701 0.101500 0.307002
0.657701 0.115000 0.307002
0.927701 0.101500 0.307002
0.937701 0.115000 0.307002
0.912701 -0.058500 0.279702
0.927701 -0.058500 0.279702
0.912701 -0.058500 0.307002
0.897701 -0.058500 0.307002
0.912701 0.078500 0.279702
0.912701 0.078500 0.307002
0.897701 0.078500 0.307002
0.927701 0.078500 0.279702
0.897701 -0.066500 0.307002
0.697701 -0.066500 0.307002
0.697701 -0.058500 0.307002
0.682701 -0.058500 0.307002
0.682701 0.078500 0.307002
0.697701 0.078500 0.307002
0.697701 0.086500 0.307002
0.897701 0.086500 0.307002
0.697701 0.086500 0.279726
0.697701 0.101500 0.279726
0.897701 0.086500 0.279726
0.897701 0.101500 0.279726
0.937701 0.115000 0.317002
0.937701 -0.095000 0.317002
0.657701 0.115000 0.317002
0.657701 -0.095000 0.317002
0.697701 -0.066500 0.279726
0.697701 -0.081500 0.279726
0.897701 -0.081500 0.279726
0.667701 -0.058500 0.279702
0.667701 0.078500 0.279702
0.682701 -0.058500 0.279702
0.682701 0.078500 0.279702
0.897701 -0.066500 0.279726
0.927701 -0.081500 0.307002
0.897701 -0.058500 0.307002
0.897701 -0.081500 0.279726
0.897701 -0.066500 0.279726
0.667701 -0.081500 0.307002
0.697701 -0.058500 0.307002
0.697701 -0.066500 0.279726
0.697701 -0.081500 0.279726
0.667701 0.101500 0.307002
0.697701 0.078500 0.307002
0.697701 0.086500 0.279726
0.697701 0.101500 0.279726
0.927701 0.101500 0.307002
0.897701 0.078500 0.307002
0.897701 0.086500 0.279726
0.897701 0.101500 0.279726
0.932701 -0.088250 0.307002
0.802701 -0.088250 0.307002
0.797701 -0.081500 0.307002
0.797701 -0.095000 0.307002
0.662701 -0.088250 0.307002
0.662701 0.003250 0.307002
0.667701 0.010000 0.307002
0.657701 0.010000 0.307002
0.662701 0.108250 0.307002
0.792701 0.108250 0.307002
0.797701 0.101500 0.307002
0.797701 0.115000 0.307002
0.932701 0.108250 0.307002
0.932701 0.016750 0.307002
0.927701 0.010000 0.307002
0.937701 0.010000 0.307002
0.912701 -0.058500 0.293352
0.905201 -0.058500 0.293352
0.905201 -0.058500 0.307002
0.912701 0.078500 0.293352
0.905201 0.078500 0.307002
0.905201 0.078500 0.293352
0.912701 0.010000 0.307002
0.905201 0.010000 0.307002
0.897701 0.010000 0.307002
0.797701 -0.066500 0.307002
0.797701 -0.062500 0.307002
0.897701 -0.062500 0.307002
0.697701 -0.062500 0.307002
0.797701 -0.058500 0.307002
0.682701 0.010000 0.307002
0.690201 0.010000 0.307002
0.690201 -0.058500 0.307002
0.690201 0.078500 0.307002
0.697701 0.010000 0.307002
0.797701 0.010000 0.307002
0.697701 0.082500 0.307002
0.797701 0.014000 0.307002
0.797701 0.082500 0.307002
0.797701 0.086500 0.307002
0.897701 0.082500 0.307002
0.697701 0.086500 0.293364
0.697701 0.082500 0.293364
0.897701 0.086500 0.293364
0.897701 0.082500 0.293364
0.937701 0.010000 0.317002
0.937701 0.010000 0.312002
0.937701 0.115000 0.312002
0.937701 -0.095000 0.312002
0.797701 0.115000 0.317002
0.797701 0.115000 0.312002
0.657701 0.115000 0.312002
0.657701 0.010000 0.317002
0.657701 0.010000 0.312002
0.657701 -0.095000 0.312002
0.797701 -0.095000 0.317002
0.797701 -0.095000 0.312002
0.797701 0.010000 0.317002
0.697701 -0.066500 0.293364
0.697701 -0.062500 0.293364
0.912701 -0.081500 0.293364
0.812701 -0.081500 0.293364
0.797701 -0.081500 0.279726
0.682701 -0.081500 0.293364
0.667701 -0.070000 0.293352
0.667701 -0.001500 0.293352
0.667701 0.010000 0.279702
0.667701 0.090000 0.293352
0.682701 -0.058500 0.293352
0.690201 -0.058500 0.293352
0.682701 0.078500 0.293352
0.690201 0.078500 0.293352
0.682701 0.101500 0.293364
0.782701 0.101500 0.293364
0.797701 0.101500 0.279726
0.912701 0.101500 0.293364
0.927701 0.090000 0.293352
0.927701 0.021500 0.293352
0.927701 0.010000 0.279702
0.927701 -0.070000 0.293352
0.897701 -0.066500 0.293364
0.897701 -0.062500 0.293364
0.897701 -0.074000 0.279726
0.797701 -0.074000 0.279726
0.797701 -0.066500 0.279726
0.697701 -0.074000 0.279726
0.797701 -0.066500 0.293364
0.682701 0.010000 0.293352
0.682701 0.010000 0.279702
0.675201 0.078500 0.279702
0.675201 0.010000 0.279702
0.675201 -0.058500 0.279702
0.797701 0.086500 0.279726
0.797701 0.086500 0.293364
0.797701 0.094000 0.279726
0.697701 0.094000 0.279726
0.897701 0.094000 0.279726
0.912701 0.010000 0.279702
0.920201 0.010000 0.279702
0.920201 -0.058500 0.279702
0.920201 0.078500 0.279702
0.912701 0.010000 0.293352
0.905201 -0.058500 0.293352
0.897701 -0.074000 0.279726
0.697701 -0.062500 0.293364
0.697701 -0.074000 0.279726
0.697701 0.094000 0.279726
0.690201 0.078500 0.293352
0.897701 0.082500 0.293364
0.897701 0.094000 0.279726
0.930201 -0.084875 0.307002
0.865201 -0.084875 0.307002
0.862701 -0.081500 0.307002
0.935201 -0.091625 0.307002
0.870201 -0.091625 0.307002
0.867701 -0.088250 0.307002
0.800201 -0.084875 0.307002
0.735201 -0.084875 0.307002
0.732701 -0.081500 0.307002
0.732701 -0.088250 0.307002
0.665201 -0.084875 0.307002
0.867701 -0.095000 0.307002
0.800201 -0.091625 0.307002
0.730201 -0.091625 0.307002
0.727701 -0.095000 0.307002
0.660201 -0.091625 0.307002
0.665201 -0.039125 0.307002
0.667701 -0.035750 0.307002
0.660201 -0.045875 0.307002
0.662701 -0.042500 0.307002
0.665201 0.006625 0.307002
0.665201 0.052375 0.307002
0.667701 0.055750 0.307002
0.662701 0.055750 0.307002
0.665201 0.104875 0.307002
0.657701 -0.042500 0.307002
0.660201 0.006625 0.307002
0.660201 0.059125 0.307002
0.657701 0.062500 0.307002
0.660201 0.111625 0.307002
0.730201 0.104875 0.307002
0.732701 0.101500 0.307002
0.725201 0.111625 0.307002
0.727701 0.108250 0.307002
0.795201 0.104875 0.307002
0.860201 0.104875 0.307002
0.862701 0.101500 0.307002
0.862701 0.108250 0.307002
0.930201 0.104875 0.307002
0.727701 0.115000 0.307002
0.795201 0.111625 0.307002
0.865201 0.111625 0.307002
0.867701 0.115000 0.307002
0.935201 0.111625 0.307002
0.930201 0.059125 0.307002
0.927701 0.055750 0.307002
0.935201 0.065875 0.307002
0.932701 0.062500 0.307002
0.930201 0.013375 0.307002
0.930201 -0.032375 0.307002
0.927701 -0.035750 0.307002
0.932701 -0.035750 0.307002
0.937701 0.062500 0.307002
0.935201 0.013375 0.307002
0.935201 -0.039125 0.307002
0.937701 -0.042500 0.307002
0.912701 -0.058500 0.300177
0.908951 -0.058500 0.300177
0.908951 -0.058500 0.307002
0.912701 -0.058500 0.286527
0.908951 -0.058500 0.286527
0.908951 -0.058500 0.293352
0.905201 -0.058500 0.300177
0.901451 -0.058500 0.300177
0.901451 -0.058500 0.307002
0.912701 0.078500 0.286527
0.908951 0.078500 0.293352
0.908951 0.078500 0.286527
0.912701 0.078500 0.300177
0.908951 0.078500 0.307002
0.908951 0.078500 0.300177
0.905201 0.078500 0.300177
0.901451 0.078500 0.307002
0.901451 0.078500 0.300177
0.912701 0.044250 0.307002
0.908951 0.044250 0.307002
0.912701 -0.024250 0.307002
0.908951 -0.024250 0.307002
0.908951 0.010000 0.307002
0.905201 0.044250 0.307002
0.901451 0.044250 0.307002
0.901451 0.010000 0.307002
0.897701 0.044250 0.307002
0.905201 -0.024250 0.307002
0.901451 -0.024250 0.307002
0.897701 -0.024250 0.307002
0.847701 -0.066500 0.307002
0.847701 -0.064500 0.307002
0.897701 -0.064500 0.307002
0.747701 -0.066500 0.307002
0.747701 -0.064500 0.307002
0.797701 -0.064500 0.307002
0.847701 -0.062500 0.307002
0.847701 -0.060500 0.307002
0.897701 -0.060500 0.307002
0.797701 -0.060500 0.307002
0.847701 -0.058500 0.307002
0.697701 -0.064500 0.307002
0.747701 -0.062500 0.307002
0.747701 -0.060500 0.307002
0.697701 -0.060500 0.307002
0.747701 -0.058500 0.307002
0.682701 -0.024250 0.307002
0.686451 -0.024250 0.307002
0.686451 -0.058500 0.307002
0.682701 0.044250 0.307002
0.686451 0.044250 0.307002
0.686451 0.010000 0.307002
0.690201 -0.024250 0.307002
0.693951 -0.024250 0.307002
0.693951 -0.058500 0.307002
0.693951 0.010000 0.307002
0.697701 -0.024250 0.307002
0.686451 0.078500 0.307002
0.690201 0.044250 0.307002
0.693951 0.044250 0.307002
0.693951 0.078500 0.307002
0.697701 0.044250 0.307002
0.747701 -0.024250 0.307002
0.747701 0.044250 0.307002
0.747701 0.010000 0.307002
0.797701 -0.024250 0.307002
0.847701 -0.024250 0.307002
0.797701 0.012000 0.307002
0.847701 -0.022250 0.307002
0.697701 0.080500 0.307002
0.747701 0.046250 0.307002
0.747701 0.048250 0.307002
0.697701 0.084500 0.307002
0.747701 0.050250 0.307002
0.847701 0.012000 0.307002
0.747701 0.084500 0.307002
0.797701 0.048250 0.307002
0.847701 0.046250 0.307002
0.847701 0.080500 0.307002
0.847701 0.082500 0.307002
0.897701 0.080500 0.307002
0.747701 0.086500 0.307002
0.797701 0.084500 0.307002
0.847701 0.084500 0.307002
0.847701 0.086500 0.307002
0.897701 0.084500 0.307002
0.697701 0.086500 0.286545
0.697701 0.084500 0.293364
0.697701 0.084500 0.286545
0.697701 0.086500 0.300183
0.697701 0.084500 0.300183
0.697701 0.082500 0.300183
0.697701 0.080500 0.300183
0.897701 0.082500 0.300183
0.897701 0.080500 0.300183
0.897701 0.086500 0.300183
0.897701 0.084500 0.300183
0.897701 0.084500 0.293364
0.897701 0.086500 0.286545
0.897701 0.084500 0.286545
0.937701 0.062500 0.317002
0.937701 0.062500 0.314502
0.937701 0.115000 0.314502
0.937701 -0.042500 0.317002
0.937701 -0.042500 0.314502
0.937701 0.010000 0.314502
0.937701 0.062500 0.312002
0.937701 0.062500 0.309502
0.937701 0.115000 0.309502
0.937701 0.010000 0.309502
0.937701 -0.095000 0.314502
0.937701 -0.042500 0.312002
0.937701 -0.042500 0.309502
0.937701 -0.095000 0.309502
0.727701 0.115000 0.317002
0.727701 0.115000 0.314502
0.657701 0.115000 0.314502
0.867701 0.115000 0.317002
0.867701 0.115000 0.314502
0.797701 0.115000 0.314502
0.727701 0.115000 0.312002
0.727701 0.115000 0.309502
0.657701 0.115000 0.309502
0.797701 0.115000 0.309502
0.867701 0.115000 0.312002
0.867701 0.115000 0.309502
0.657701 -0.042500 0.317002
0.657701 -0.042500 0.314502
0.657701 -0.095000 0.314502
0.657701 0.062500 0.317002
0.657701 0.062500 0.314502
0.657701 0.010000 0.314502
0.657701 -0.042500 0.312002
0.657701 -0.042500 0.309502
0.657701 -0.095000 0.309502
0.657701 0.010000 0.309502
0.657701 0.062500 0.312002
0.657701 0.062500 0.309502
0.867701 -0.095000 0.317002
0.867701 -0.095000 0.314502
0.727701 -0.095000 0.317002
0.727701 -0.095000 0.314502
0.797701 -0.095000 0.314502
0.867701 -0.095000 0.312002
0.867701 -0.095000 0.309502
0.797701 -0.095000 0.309502
0.727701 -0.095000 0.312002
0.727701 -0.095000 0.309502
0.727701 0.062500 0.317002
0.727701 -0.042500 0.317002
0.727701 0.010000 0.317002
0.797701 0.062500 0.317002
0.867701 0.062500 0.317002
0.867701 0.010000 0.317002
0.797701 -0.042500 0.317002
0.867701 -0.042500 0.317002
0.697701 -0.062500 0.300183
0.697701 -0.060500 0.300183
0.697701 -0.066500 0.300183
0.697701 -0.064500 0.300183
0.697701 -0.064500 0.293364
0.697701 -0.066500 0.286545
0.697701 -0.064500 0.286545
0.905201 -0.081500 0.286545
0.855201 -0.081500 0.286545
0.847701 -0.081500 0.279726
0.920201 -0.081500 0.300183
0.870201 -0.081500 0.300183
0.862701 -0.081500 0.293364
0.805201 -0.081500 0.286545
0.755201 -0.081500 0.286545
0.747701 -0.081500 0.279726
0.747701 -0.081500 0.293364
0.690201 -0.081500 0.286545
0.805201 -0.081500 0.300183
0.740201 -0.081500 0.300183
0.675201 -0.081500 0.300183
0.667701 -0.064250 0.286527
0.667701 -0.030000 0.286527
0.667701 -0.024250 0.279702
0.667701 -0.075750 0.300177
0.667701 -0.041500 0.300177
0.667701 -0.035750 0.293352
0.667701 0.004250 0.286527
0.667701 0.038500 0.286527
0.667701 0.044250 0.279702
0.667701 0.044250 0.293352
0.667701 0.084250 0.286527
0.667701 0.004250 0.300177
0.667701 0.050000 0.300177
0.667701 0.095750 0.300177
0.682701 -0.058500 0.286527
0.686451 -0.058500 0.293352
0.686451 -0.058500 0.286527
0.682701 -0.058500 0.300177
0.686451 -0.058500 0.300177
0.690201 -0.058500 0.300177
0.693951 -0.058500 0.300177
0.682701 0.078500 0.300177
0.686451 0.078500 0.300177
0.682701 0.078500 0.286527
0.686451 0.078500 0.286527
0.686451 0.078500 0.293352
0.690201 0.078500 0.300177
0.693951 0.078500 0.300177
0.690201 0.101500 0.286545
0.740201 0.101500 0.286545
0.747701 0.101500 0.279726
0.675201 0.101500 0.300183
0.725201 0.101500 0.300183
0.732701 0.101500 0.293364
0.790201 0.101500 0.286545
0.840201 0.101500 0.286545
0.847701 0.101500 0.279726
0.847701 0.101500 0.293364
0.905201 0.101500 0.286545
0.790201 0.101500 0.300183
0.855201 0.101500 0.300183
0.920201 0.101500 0.300183
0.927701 0.084250 0.286527
0.927701 0.050000 0.286527
0.927701 0.044250 0.279702
0.927701 0.095750 0.300177
0.927701 0.061500 0.300177
0.927701 0.055750 0.293352
0.927701 0.015750 0.286527
0.927701 -0.018500 0.286527
0.927701 -0.024250 0.279702
0.927701 -0.024250 0.293352
0.927701 -0.064250 0.286527
0.927701 0.015750 0.300177
0.927701 -0.030000 0.300177
0.927701 -0.075750 0.300177
0.897701 -0.066500 0.286545
0.897701 -0.064500 0.293364
0.897701 -0.064500 0.286545
0.897701 -0.066500 0.300183
0.897701 -0.064500 0.300183
0.897701 -0.062500 0.300183
0.897701 -0.060500 0.300183
0.897701 -0.070250 0.279726
0.847701 -0.070250 0.279726
0.847701 -0.066500 0.279726
0.897701 -0.077750 0.279726
0.847701 -0.077750 0.279726
0.847701 -0.074000 0.279726
0.797701 -0.070250 0.279726
0.747701 -0.070250 0.279726
0.747701 -0.066500 0.279726
0.747701 -0.074000 0.279726
0.697701 -0.070250 0.279726
0.797701 -0.077750 0.279726
0.747701 -0.077750 0.279726
0.697701 -0.077750 0.279726
0.747701 -0.066500 0.300183
0.847701 -0.066500 0.300183
0.797701 -0.066500 0.300183
0.747701 -0.066500 0.293364
0.747701 -0.066500 0.286545
0.797701 -0.066500 0.286545
0.847701 -0.066500 0.293364
0.847701 -0.066500 0.286545
0.682701 0.044250 0.286527
0.682701 0.044250 0.279702
0.682701 0.044250 0.300177
0.682701 0.044250 0.293352
0.682701 0.010000 0.286527
0.682701 -0.024250 0.286527
0.682701 -0.024250 0.279702
0.682701 -0.024250 0.293352
0.682701 0.010000 0.300177
0.682701 -0.024250 0.300177
0.671451 0.078500 0.279702
0.671451 0.044250 0.279702
0.678951 0.078500 0.279702
0.678951 0.044250 0.279702
0.675201 0.044250 0.279702
0.671451 0.010000 0.279702
0.671451 -0.024250 0.279702
0.675201 -0.024250 0.279702
0.671451 -0.058500 0.279702
0.678951 0.010000 0.279702
0.678951 -0.024250 0.279702
0.678951 -0.058500 0.279702
0.747701 0.086500 0.279726
0.747701 0.086500 0.286545
0.847701 0.086500 0.279726
0.847701 0.086500 0.286545
0.797701 0.086500 0.286545
0.747701 0.086500 0.293364
0.747701 0.086500 0.300183
0.797701 0.086500 0.300183
0.847701 0.086500 0.293364
0.847701 0.086500 0.300183
0.747701 0.097750 0.279726
0.697701 0.097750 0.279726
0.847701 0.097750 0.279726
0.797701 0.097750 0.279726
0.747701 0.094000 0.279726
0.747701 0.090250 0.279726
0.697701 0.090250 0.279726
0.797701 0.090250 0.279726
0.897701 0.097750 0.279726
0.847701 0.094000 0.279726
0.847701 0.090250 0.279726
0.897701 0.090250 0.279726
0.912701 -0.024250 0.279702
0.916451 -0.024250 0.279702
0.916451 -0.058500 0.279702
0.912701 0.044250 0.279702
0.916451 0.044250 0.279702
0.916451 0.010000 0.279702
0.920201 -0.024250 0.279702
0.923951 -0.024250 0.279702
0.923951 -0.058500 0.279702
0.923951 0.010000 0.279702
0.916451 0.078500 0.279702
0.920201 0.044250 0.279702
0.923951 0.044250 0.279702
0.923951 0.078500 0.279702
0.912701 0.044250 0.300177
0.912701 0.044250 0.286527
0.912701 0.044250 0.293352
0.912701 0.010000 0.300177
0.912701 -0.024250 0.300177
0.912701 -0.024250 0.293352
0.912701 0.010000 0.286527
0.912701 -0.024250 0.286527
0.901451 -0.058500 0.300177
0.901451 -0.058500 0.275002
0.908951 -0.058500 0.286527
0.920201 -0.081500 0.300183
0.927701 -0.075750 0.300177
0.897701 -0.060500 0.300183
0.897701 -0.070250 0.279726
0.897701 -0.077750 0.279726
0.697701 -0.060500 0.282002
0.697701 -0.060500 0.287002
0.697701 -0.060500 0.300183
0.697701 -0.062500 0.280183
0.697701 -0.064500 0.273364
0.697701 -0.064500 0.286545
0.697701 -0.070250 0.279726
0.697701 -0.077750 0.279726
0.675201 -0.081500 0.300183
0.667701 -0.075750 0.300177
0.693951 -0.058500 0.300177
0.697701 0.080500 0.300183
0.697701 0.090250 0.279726
0.697701 0.097750 0.279726
0.667701 0.095750 0.300177
0.693951 0.078500 0.300177
0.693951 0.078500 0.275002
0.686451 0.078500 0.286527
0.675201 0.101500 0.300183
0.901451 0.078500 0.300177
0.897701 0.080500 0.282002
0.897701 0.080500 0.287002
0.897701 0.080500 0.300183
0.897701 0.082500 0.280183
0.897701 0.084500 0.273364
0.897701 0.084500 0.286545
0.897701 0.090250 0.279726
0.897701 0.097750 0.279726
0.920201 0.101500 0.300183
0.927701 0.095750 0.300177
0.928951 -0.083188 0.307002
0.896451 -0.083188 0.307002
0.895201 -0.081500 0.307002
0.931451 -0.086562 0.307002
0.898951 -0.086562 0.307002
0.897701 -0.084875 0.307002
0.863951 -0.083188 0.307002
0.831451 -0.083188 0.307002
0.830201 -0.081500 0.307002
0.933951 -0.089938 0.307002
0.901451 -0.089938 0.307002
0.900201 -0.088250 0.307002
0.936451 -0.093313 0.307002
0.903951 -0.093313 0.307002
0.902701 -0.091625 0.307002
0.868951 -0.089938 0.307002
0.836451 -0.089938 0.307002
0.835201 -0.088250 0.307002
0.798951 -0.083188 0.307002
0.766451 -0.083188 0.307002
0.765201 -0.081500 0.307002
0.801451 -0.086562 0.307002
0.768951 -0.086562 0.307002
0.767701 -0.084875 0.307002
0.733951 -0.083188 0.307002
0.701451 -0.083188 0.307002
0.700201 -0.081500 0.307002
0.866451 -0.086562 0.307002
0.833951 -0.086562 0.307002
0.832701 -0.084875 0.307002
0.700201 -0.084875 0.307002
0.666451 -0.083188 0.307002
0.767701 -0.088250 0.307002
0.733951 -0.086562 0.307002
0.698951 -0.086562 0.307002
0.697701 -0.088250 0.307002
0.663951 -0.086562 0.307002
0.835201 -0.091625 0.307002
0.801451 -0.089938 0.307002
0.902701 -0.095000 0.307002
0.868951 -0.093313 0.307002
0.833951 -0.093313 0.307002
0.832701 -0.095000 0.307002
0.798951 -0.093313 0.307002
0.696451 -0.089938 0.307002
0.695201 -0.091625 0.307002
0.661451 -0.089938 0.307002
0.763951 -0.093313 0.307002
0.762701 -0.095000 0.307002
0.728951 -0.093313 0.307002
0.693951 -0.093313 0.307002
0.692701 -0.095000 0.307002
0.658951 -0.093313 0.307002
0.766451 -0.089938 0.307002
0.765201 -0.091625 0.307002
0.731451 -0.089938 0.307002
0.666451 -0.060312 0.307002
0.667701 -0.058625 0.307002
0.663951 -0.063688 0.307002
0.665201 -0.062000 0.307002
0.666451 -0.037438 0.307002
0.666451 -0.014563 0.307002
0.667701 -0.012875 0.307002
0.661451 -0.067063 0.307002
0.662701 -0.065375 0.307002
0.658951 -0.070437 0.307002
0.660201 -0.068750 0.307002
0.661451 -0.044187 0.307002
0.661451 -0.021313 0.307002
0.662701 -0.019625 0.307002
0.666451 0.008312 0.307002
0.666451 0.031187 0.307002
0.667701 0.032875 0.307002
0.663951 0.004937 0.307002
0.663951 0.027812 0.307002
0.665201 0.029500 0.307002
0.666451 0.054062 0.307002
0.666451 0.076937 0.307002
0.667701 0.078625 0.307002
0.663951 -0.040813 0.307002
0.663951 -0.017937 0.307002
0.665201 -0.016250 0.307002
0.665201 0.078625 0.307002
0.666451 0.103187 0.307002
0.662701 0.029500 0.307002
0.663951 0.054062 0.307002
0.663951 0.080312 0.307002
0.662701 0.082000 0.307002
0.663951 0.106562 0.307002
0.660201 -0.019625 0.307002
0.661451 0.004937 0.307002
0.657701 -0.068750 0.307002
0.658951 -0.044187 0.307002
0.658951 -0.017937 0.307002
0.657701 -0.016250 0.307002
0.658951 0.008313 0.307002
0.661451 0.083687 0.307002
0.660201 0.085375 0.307002
0.661451 0.109937 0.307002
0.658951 0.034562 0.307002
0.657701 0.036250 0.307002
0.658951 0.060812 0.307002
0.658951 0.087062 0.307002
0.657701 0.088750 0.307002
0.658951 0.113312 0.307002
0.661451 0.031187 0.307002
0.660201 0.032875 0.307002
0.661451 0.057437 0.307002
0.698951 0.103187 0.307002
0.700201 0.101500 0.307002
0.696451 0.106562 0.307002
0.697701 0.104875 0.307002
0.731451 0.103187 0.307002
0.763951 0.103187 0.307002
0.765201 0.101500 0.307002
0.693951 0.109937 0.307002
0.695201 0.108250 0.307002
0.691451 0.113312 0.307002
0.692701 0.111625 0.307002
0.726451 0.109937 0.307002
0.758951 0.109937 0.307002
0.760201 0.108250 0.307002
0.796451 0.103187 0.307002
0.828951 0.103187 0.307002
0.830201 0.101500 0.307002
0.793951 0.106562 0.307002
0.826451 0.106562 0.307002
0.827701 0.104875 0.307002
0.861451 0.103187 0.307002
0.893951 0.103187 0.307002
0.895201 0.101500 0.307002
0.728951 0.106562 0.307002
0.761451 0.106562 0.307002
0.762701 0.104875 0.307002
0.895201 0.104875 0.307002
0.928951 0.103187 0.307002
0.827701 0.108250 0.307002
0.861451 0.106562 0.307002
0.896451 0.106562 0.307002
0.897701 0.108250 0.307002
0.931451 0.106562 0.307002
0.760201 0.111625 0.307002
0.793951 0.109937 0.307002
0.692701 0.115000 0.307002
0.726451 0.113312 0.307002
0.761451 0.113312 0.307002
0.762701 0.115000 0.307002
0.796451 0.113312 0.307002
0.898951 0.109937 0.307002
0.900201 0.111625 0.307002
0.933951 0.109937 0.307002
0.831451 0.113312 0.307002
0.832701 0.115000 0.307002
0.866451 0.113312 0.307002
0.901451 0.113312 0.307002
0.902701 0.115000 0.307002
0.936451 0.113312 0.307002
0.828951 0.109937 0.307002
0.830201 0.111625 0.307002
0.863951 0.109937 0.307002
0.928951 0.080312 0.307002
0.927701 0.078625 0.307002
0.931451 0.083687 0.307002
0.930201 0.082000 0.307002
0.928951 0.057437 0.307002
0.928951 0.034562 0.307002
0.927701 0.032875 0.307002
0.933951 0.087062 0.307002
0.932701 0.085375 0.307002
0.936451 0.090437 0.307002
0.935201 0.088750 0.307002
0.933951 0.064187 0.307002
0.933951 0.041312 0.307002
0.932701 0.039625 0.307002
0.928951 0.011687 0.307002
0.928951 -0.011188 0.307002
0.927701 -0.012875 0.307002
0.931451 0.015062 0.307002
0.931451 -0.007813 0.307002
0.930201 -0.009500 0.307002
0.928951 -0.034062 0.307002
0.928951 -0.056938 0.307002
0.927701 -0.058625 0.307002
0.931451 0.060812 0.307002
0.931451 0.037937 0.307002
0.930201 0.036250 0.307002
0.930201 -0.058625 0.307002
0.932701 -0.009500 0.307002
0.931451 -0.034062 0.307002
0.931451 -0.060312 0.307002
0.932701 -0.062000 0.307002
0.935201 0.039625 0.307002
0.933951 0.015062 0.307002
0.937701 0.088750 0.307002
0.936451 0.064187 0.307002
0.936451 0.037937 0.307002
0.937701 0.036250 0.307002
0.936451 0.011687 0.307002
0.933951 -0.063688 0.307002
0.935201 -0.065375 0.307002
0.936451 -0.014563 0.307002
0.937701 -0.016250 0.307002
0.936451 -0.040813 0.307002
0.936451 -0.067063 0.307002
0.937701 -0.068750 0.307002
0.933951 -0.011188 0.307002
0.935201 -0.012875 0.307002
0.933951 -0.037438 0.307002
0.912701 -0.058500 0.303590
0.910826 -0.058500 0.303590
0.910826 -0.058500 0.307002
0.912701 -0.058500 0.296765
0.910826 -0.058500 0.296765
0.910826 -0.058500 0.300177
0.908951 -0.058500 0.303590
0.907076 -0.058500 0.303590
0.907076 -0.058500 0.307002
0.912701 -0.058500 0.289940
0.910826 -0.058500 0.289940
0.910826 -0.058500 0.293352
0.912701 -0.058500 0.283115
0.910826 -0.058500 0.283115
0.910826 -0.058500 0.286527
0.908951 -0.058500 0.289940
0.907076 -0.058500 0.289940
0.907076 -0.058500 0.293352
0.905201 -0.058500 0.303590
0.903326 -0.058500 0.303590
0.903326 -0.058500 0.307002
0.905201 -0.058500 0.296765
0.903326 -0.058500 0.296765
0.903326 -0.058500 0.300177
0.901451 -0.058500 0.303590
0.899576 -0.058500 0.303590
0.899576 -0.058500 0.307002
0.908951 -0.058500 0.296765
0.907076 -0.058500 0.296765
0.907076 -0.058500 0.300177
0.912701 0.078500 0.283115
0.910826 0.078500 0.286527
0.910826 0.078500 0.283115
0.912701 0.078500 0.289940
0.910826 0.078500 0.293352
0.910826 0.078500 0.289940
0.908951 0.078500 0.289940
0.907076 0.078500 0.293352
0.907076 0.078500 0.289940
0.912701 0.078500 0.296765
0.910826 0.078500 0.300177
0.910826 0.078500 0.296765
0.912701 0.078500 0.303590
0.910826 0.078500 0.307002
0.910826 0.078500 0.303590
0.908951 0.078500 0.303590
0.907076 0.078500 0.307002
0.907076 0.078500 0.303590
0.905201 0.078500 0.296765
0.903326 0.078500 0.300177
0.903326 0.078500 0.296765
0.905201 0.078500 0.303590
0.903326 0.078500 0.307002
0.903326 0.078500 0.303590
0.901451 0.078500 0.303590
0.899576 0.078500 0.307002
0.899576 0.078500 0.303590
0.908951 0.078500 0.296765
0.907076 0.078500 0.300177
0.907076 0.078500 0.296765
0.912701 0.061375 0.307002
0.910826 0.061375 0.307002
0.912701 0.027125 0.307002
0.910826 0.027125 0.307002
0.910826 0.044250 0.307002
0.908951 0.061375 0.307002
0.907076 0.061375 0.307002
0.912701 -0.007125 0.307002
0.910826 -0.007125 0.307002
0.910826 0.010000 0.307002
0.912701 -0.041375 0.307002
0.910826 -0.041375 0.307002
0.910826 -0.024250 0.307002
0.908951 -0.007125 0.307002
0.907076 -0.007125 0.307002
0.907076 0.010000 0.307002
0.905201 0.061375 0.307002
0.903326 0.061375 0.307002
0.905201 0.027125 0.307002
0.903326 0.027125 0.307002
0.903326 0.044250 0.307002
0.901451 0.061375 0.307002
0.899576 0.061375 0.307002
0.908951 0.027125 0.307002
0.907076 0.027125 0.307002
0.907076 0.044250 0.307002
0.899576 0.044250 0.307002
0.897701 0.061375 0.307002
0.903326 0.010000 0.307002
0.901451 0.027125 0.307002
0.899576 0.027125 0.307002
0.899576 0.010000 0.307002
0.897701 0.027125 0.307002
0.907076 -0.024250 0.307002
0.905201 -0.007125 0.307002
0.908951 -0.041375 0.307002
0.907076 -0.041375 0.307002
0.905201 -0.041375 0.307002
0.899576 -0.007125 0.307002
0.899576 -0.024250 0.307002
0.897701 -0.007125 0.307002
0.903326 -0.041375 0.307002
0.901451 -0.041375 0.307002
0.899576 -0.041375 0.307002
0.897701 -0.041375 0.307002
0.903326 -0.007125 0.307002
0.903326 -0.024250 0.307002
0.901451 -0.007125 0.307002
0.872701 -0.066500 0.307002
0.872701 -0.065500 0.307002
0.897701 -0.065500 0.307002
0.822701 -0.066500 0.307002
0.822701 -0.065500 0.307002
0.847701 -0.065500 0.307002
0.872701 -0.064500 0.307002
0.872701 -0.063500 0.307002
0.897701 -0.063500 0.307002
0.772701 -0.066500 0.307002
0.772701 -0.065500 0.307002
0.797701 -0.065500 0.307002
0.722701 -0.066500 0.307002
0.722701 -0.065500 0.307002
0.747701 -0.065500 0.307002
0.772701 -0.064500 0.307002
0.772701 -0.063500 0.307002
0.797701 -0.063500 0.307002
0.872701 -0.062500 0.307002
0.872701 -0.061500 0.307002
0.897701 -0.061500 0.307002
0.822701 -0.062500 0.307002
0.822701 -0.061500 0.307002
0.847701 -0.061500 0.307002
0.872701 -0.060500 0.307002
0.872701 -0.059500 0.307002
0.897701 -0.059500 0.307002
0.822701 -0.064500 0.307002
0.822701 -0.063500 0.307002
0.847701 -0.063500 0.307002
0.847701 -0.059500 0.307002
0.872701 -0.058500 0.307002
0.797701 -0.061500 0.307002
0.822701 -0.060500 0.307002
0.822701 -0.059500 0.307002
0.797701 -0.059500 0.307002
0.822701 -0.058500 0.307002
0.747701 -0.063500 0.307002
0.772701 -0.062500 0.307002
0.697701 -0.065500 0.307002
0.722701 -0.064500 0.307002
0.722701 -0.063500 0.307002
0.697701 -0.063500 0.307002
0.722701 -0.062500 0.307002
0.772701 -0.059500 0.307002
0.747701 -0.059500 0.307002
0.772701 -0.058500 0.307002
0.722701 -0.061500 0.307002
0.697701 -0.061500 0.307002
0.722701 -0.060500 0.307002
0.722701 -0.059500 0.307002
0.697701 -0.059500 0.307002
0.722701 -0.058500 0.307002
0.772701 -0.061500 0.307002
0.747701 -0.061500 0.307002
0.772701 -0.060500 0.307002
0.682701 -0.041375 0.307002
0.684576 -0.041375 0.307002
0.684576 -0.058500 0.307002
0.682701 -0.007125 0.307002
0.684576 -0.007125 0.307002
0.684576 -0.024250 0.307002
0.686451 -0.041375 0.307002
0.688326 -0.041375 0.307002
0.688326 -0.058500 0.307002
0.682701 0.027125 0.307002
0.684576 0.027125 0.307002
0.684576 0.010000 0.307002
0.682701 0.061375 0.307002
0.684576 0.061375 0.307002
0.684576 0.044250 0.307002
0.686451 0.027125 0.307002
0.688326 0.027125 0.307002
0.688326 0.010000 0.307002
0.690201 -0.041375 0.307002
0.692076 -0.041375 0.307002
0.692076 -0.058500 0.307002
0.690201 -0.007125 0.307002
0.692076 -0.007125 0.307002
0.692076 -0.024250 0.307002
0.693951 -0.041375 0.307002
0.695826 -0.041375 0.307002
0.695826 -0.058500 0.307002
0.686451 -0.007125 0.307002
0.688326 -0.007125 0.307002
0.688326 -0.024250 0.307002
0.695826 -0.024250 0.307002
0.697701 -0.041375 0.307002
0.692076 0.010000 0.307002
0.693951 -0.007125 0.307002
0.695826 -0.007125 0.307002
0.695826 0.010000 0.307002
0.697701 -0.007125 0.307002
0.688326 0.044250 0.307002
0.690201 0.027125 0.307002
0.684576 0.078500 0.307002
0.686451 0.061375 0.307002
0.688326 0.061375 0.307002
0.688326 0.078500 0.307002
0.690201 0.061375 0.307002
0.695826 0.027125 0.307002
0.695826 0.044250 0.307002
0.697701 0.027125 0.307002
0.692076 0.061375 0.307002
0.692076 0.078500 0.307002
0.693951 0.061375 0.307002
0.695826 0.061375 0.307002
0.695826 0.078500 0.307002
0.697701 0.061375 0.307002
0.692076 0.027125 0.307002
0.692076 0.044250 0.307002
0.693951 0.027125 0.307002
0.722701 -0.041375 0.307002
0.722701 -0.007125 0.307002
0.722701 -0.024250 0.307002
0.747701 -0.041375 0.307002
0.772701 -0.041375 0.307002
0.722701 0.027125 0.307002
0.722701 0.010000 0.307002
0.722701 0.061375 0.307002
0.722701 0.044250 0.307002
0.747701 0.027125 0.307002
0.772701 0.027125 0.307002
0.772701 0.010000 0.307002
0.797701 -0.041375 0.307002
0.822701 -0.041375 0.307002
0.797701 -0.007125 0.307002
0.822701 -0.007125 0.307002
0.822701 -0.024250 0.307002
0.847701 -0.041375 0.307002
0.872701 -0.041375 0.307002
0.747701 -0.007125 0.307002
0.772701 -0.007125 0.307002
0.772701 -0.024250 0.307002
0.847701 -0.023250 0.307002
0.872701 -0.040375 0.307002
0.797701 0.011000 0.307002
0.822701 -0.006125 0.307002
0.822701 -0.005125 0.307002
0.797701 0.013000 0.307002
0.822701 -0.004125 0.307002
0.747701 0.045250 0.307002
0.772701 0.028125 0.307002
0.697701 0.079500 0.307002
0.722701 0.062375 0.307002
0.722701 0.063375 0.307002
0.697701 0.081500 0.307002
0.722701 0.064375 0.307002
0.772701 0.031125 0.307002
0.747701 0.049250 0.307002
0.772701 0.032125 0.307002
0.722701 0.065375 0.307002
0.697701 0.083500 0.307002
0.722701 0.066375 0.307002
0.722701 0.067375 0.307002
0.697701 0.085500 0.307002
0.722701 0.068375 0.307002
0.772701 0.029125 0.307002
0.747701 0.047250 0.307002
0.772701 0.030125 0.307002
0.872701 -0.023250 0.307002
0.822701 0.013000 0.307002
0.847701 -0.005125 0.307002
0.872701 -0.006125 0.307002
0.872701 0.011000 0.307002
0.772701 0.049250 0.307002
0.797701 0.031125 0.307002
0.722701 0.085500 0.307002
0.747701 0.067375 0.307002
0.772701 0.066375 0.307002
0.772701 0.083500 0.307002
0.797701 0.065375 0.307002
0.872701 0.028125 0.307002
0.872701 0.045250 0.307002
0.822701 0.064375 0.307002
0.822701 0.081500 0.307002
0.847701 0.063375 0.307002
0.872701 0.062375 0.307002
0.872701 0.079500 0.307002
0.822701 0.030125 0.307002
0.822701 0.047250 0.307002
0.847701 0.029125 0.307002
0.872701 0.080500 0.307002
0.897701 0.079500 0.307002
0.822701 0.082500 0.307002
0.847701 0.081500 0.307002
0.872701 0.081500 0.307002
0.872701 0.082500 0.307002
0.897701 0.081500 0.307002
0.772701 0.084500 0.307002
0.797701 0.083500 0.307002
0.722701 0.086500 0.307002
0.747701 0.085500 0.307002
0.772701 0.085500 0.307002
0.772701 0.086500 0.307002
0.797701 0.085500 0.307002
0.872701 0.083500 0.307002
0.872701 0.084500 0.307002
0.897701 0.083500 0.307002
0.822701 0.085500 0.307002
0.822701 0.086500 0.307002
0.847701 0.085500 0.307002
0.872701 0.085500 0.307002
0.872701 0.086500 0.307002
0.897701 0.085500 0.307002
0.822701 0.083500 0.307002
0.822701 0.084500 0.307002
0.847701 0.083500 0.307002
0.697701 0.086500 0.283136
0.697701 0.085500 0.286545
0.697701 0.085500 0.283136
0.697701 0.086500 0.289955
0.697701 0.085500 0.293364
0.697701 0.085500 0.289955
0.697701 0.084500 0.289955
0.697701 0.083500 0.293364
0.697701 0.083500 0.289955
0.697701 0.086500 0.296774
0.697701 0.085500 0.300183
0.697701 0.085500 0.296774
0.697701 0.086500 0.303593
0.697701 0.085500 0.303593
0.697701 0.084500 0.303593
0.697701 0.083500 0.303593
0.697701 0.082500 0.296774
0.697701 0.081500 0.300183
0.697701 0.081500 0.296774
0.697701 0.082500 0.303593
0.697701 0.081500 0.303593
0.697701 0.080500 0.303593
0.697701 0.079500 0.303593
0.697701 0.084500 0.296774
0.697701 0.083500 0.300183
0.697701 0.083500 0.296774
0.897701 0.080500 0.303593
0.897701 0.079500 0.303593
0.897701 0.082500 0.303593
0.897701 0.081500 0.303593
0.897701 0.081500 0.300183
0.897701 0.082500 0.296774
0.897701 0.081500 0.296774
0.897701 0.084500 0.303593
0.897701 0.083500 0.303593
0.897701 0.086500 0.303593
0.897701 0.085500 0.303593
0.897701 0.085500 0.300183
0.897701 0.086500 0.296774
0.897701 0.085500 0.296774
0.897701 0.083500 0.293364
0.897701 0.084500 0.289955
0.897701 0.083500 0.289955
0.897701 0.085500 0.293364
0.897701 0.086500 0.289955
0.897701 0.085500 0.289955
0.897701 0.085500 0.286545
0.897701 0.086500 0.283136
0.897701 0.085500 0.283136
0.897701 0.083500 0.300183
0.897701 0.084500 0.296774
0.897701 0.083500 0.296774
0.937701 0.088750 0.317002
0.937701 0.088750 0.315752
0.937701 0.115000 0.315752
0.937701 0.036250 0.317002
0.937701 0.036250 0.315752
0.937701 0.062500 0.315752
0.937701 0.088750 0.314502
0.937701 0.088750 0.313252
0.937701 0.115000 0.313252
0.937701 -0.016250 0.317002
0.937701 -0.016250 0.315752
0.937701 0.010000 0.315752
0.937701 -0.068750 0.317002
0.937701 -0.068750 0.315752
0.937701 -0.042500 0.315752
0.937701 -0.016250 0.314502
0.937701 -0.016250 0.313252
0.937701 0.010000 0.313252
0.937701 0.088750 0.312002
0.937701 0.088750 0.310752
0.937701 0.115000 0.310752
0.937701 0.036250 0.312002
0.937701 0.036250 0.310752
0.937701 0.062500 0.310752
0.937701 0.088750 0.309502
0.937701 0.088750 0.308252
0.937701 0.115000 0.308252
0.937701 0.036250 0.314502
0.937701 0.036250 0.313252
0.937701 0.062500 0.313252
0.937701 0.062500 0.308252
0.937701 0.010000 0.310752
0.937701 0.036250 0.309502
0.937701 0.036250 0.308252
0.937701 0.010000 0.308252
0.937701 -0.042500 0.313252
0.937701 -0.016250 0.312002
0.937701 -0.095000 0.315752
0.937701 -0.068750 0.314502
0.937701 -0.068750 0.313252
0.937701 -0.095000 0.313252
0.937701 -0.068750 0.312002
0.937701 -0.016250 0.308252
0.937701 -0.042500 0.308252
0.937701 -0.068750 0.310752
0.937701 -0.095000 0.310752
0.937701 -0.068750 0.309502
0.937701 -0.068750 0.308252
0.937701 -0.095000 0.308252
0.937701 -0.016250 0.310752
0.937701 -0.042500 0.310752
0.937701 -0.016250 0.309502
0.692701 0.115000 0.317002
0.692701 0.115000 0.315752
0.657701 0.115000 0.315752
0.762701 0.115000 0.317002
0.762701 0.115000 0.315752
0.727701 0.115000 0.315752
0.692701 0.115000 0.314502
0.692701 0.115000 0.313252
0.657701 0.115000 0.313252
0.832701 0.115000 0.317002
0.832701 0.115000 0.315752
0.797701 0.115000 0.315752
0.902701 0.115000 0.317002
0.902701 0.115000 0.315752
0.867701 0.115000 0.315752
0.832701 0.115000 0.314502
0.832701 0.115000 0.313252
0.797701 0.115000 0.313252
0.692701 0.115000 0.312002
0.692701 0.115000 0.310752
0.657701 0.115000 0.310752
0.762701 0.115000 0.312002
0.762701 0.115000 0.310752
0.727701 0.115000 0.310752
0.692701 0.115000 0.309502
0.692701 0.115000 0.308252
0.657701 0.115000 0.308252
0.762701 0.115000 0.314502
0.762701 0.115000 0.313252
0.727701 0.115000 0.313252
0.727701 0.115000 0.308252
0.797701 0.115000 0.310752
0.762701 0.115000 0.309502
0.762701 0.115000 0.308252
0.797701 0.115000 0.308252
0.867701 0.115000 0.313252
0.832701 0.115000 0.312002
0.902701 0.115000 0.314502
0.902701 0.115000 0.313252
0.902701 0.115000 0.312002
0.832701 0.115000 0.308252
0.867701 0.115000 0.308252
0.902701 0.115000 0.310752
0.902701 0.115000 0.309502
0.902701 0.115000 0.308252
0.832701 0.115000 0.310752
0.867701 0.115000 0.310752
0.832701 0.115000 0.309502
0.657701 -0.068750 0.317002
0.657701 -0.068750 0.315752
0.657701 -0.095000 0.315752
0.657701 -0.016250 0.317002
0.657701 -0.016250 0.315752
0.657701 -0.042500 0.315752
0.657701 -0.068750 0.314502
0.657701 -0.068750 0.313252
0.657701 -0.095000 0.313252
0.657701 0.036250 0.317002
0.657701 0.036250 0.315752
0.657701 0.010000 0.315752
0.657701 0.088750 0.317002
0.657701 0.088750 0.315752
0.657701 0.062500 0.315752
0.657701 0.036250 0.314502
0.657701 0.036250 0.313252
0.657701 0.010000 0.313252
0.657701 -0.068750 0.312002
0.657701 -0.068750 0.310752
0.657701 -0.095000 0.310752
0.657701 -0.016250 0.312002
0.657701 -0.016250 0.310752
0.657701 -0.042500 0.310752
0.657701 -0.068750 0.309502
0.657701 -0.068750 0.308252
0.657701 -0.095000 0.308252
0.657701 -0.016250 0.314502
0.657701 -0.016250 0.313252
0.657701 -0.042500 0.313252
0.657701 -0.042500 0.308252
0.657701 0.010000 0.310752
0.657701 -0.016250 0.309502
0.657701 -0.016250 0.308252
0.657701 0.010000 0.308252
0.657701 0.062500 0.313252
0.657701 0.036250 0.312002
0.657701 0.088750 0.314502
0.657701 0.088750 0.313252
0.657701 0.088750 0.312002
0.657701 0.036250 0.308252
0.657701 0.062500 0.308252
0.657701 0.088750 0.310752
0.657701 0.088750 0.309502
0.657701 0.088750 0.308252
0.657701 0.036250 0.310752
0.657701 0.062500 0.310752
0.657701 0.036250 0.309502
0.902701 -0.095000 0.317002
0.902701 -0.095000 0.315752
0.832701 -0.095000 0.317002
0.832701 -0.095000 0.315752
0.867701 -0.095000 0.315752
0.902701 -0.095000 0.314502
0.902701 -0.095000 0.313252
0.762701 -0.095000 0.317002
0.762701 -0.095000 0.315752
0.797701 -0.095000 0.315752
0.692701 -0.095000 0.317002
0.692701 -0.095000 0.315752
0.727701 -0.095000 0.315752
0.762701 -0.095000 0.314502
0.762701 -0.095000 0.313252
0.797701 -0.095000 0.313252
0.902701 -0.095000 0.312002
0.902701 -0.095000 0.310752
0.832701 -0.095000 0.312002
0.832701 -0.095000 0.310752
0.867701 -0.095000 0.310752
0.902701 -0.095000 0.309502
0.902701 -0.095000 0.308252
0.832701 -0.095000 0.314502
0.832701 -0.095000 0.313252
0.867701 -0.095000 0.313252
0.867701 -0.095000 0.308252
0.797701 -0.095000 0.310752
0.832701 -0.095000 0.309502
0.832701 -0.095000 0.308252
0.797701 -0.095000 0.308252
0.727701 -0.095000 0.313252
0.762701 -0.095000 0.312002
0.692701 -0.095000 0.314502
0.692701 -0.095000 0.313252
0.692701 -0.095000 0.312002
0.762701 -0.095000 0.308252
0.727701 -0.095000 0.308252
0.692701 -0.095000 0.310752
0.692701 -0.095000 0.309502
0.692701 -0.095000 0.308252
0.762701 -0.095000 0.310752
0.727701 -0.095000 0.310752
0.762701 -0.095000 0.309502
0.692701 0.088750 0.317002
0.692701 0.036250 0.317002
0.692701 0.062500 0.317002
0.727701 0.088750 0.317002
0.762701 0.088750 0.317002
0.692701 -0.016250 0.317002
0.692701 0.010000 0.317002
0.692701 -0.068750 0.317002
0.692701 -0.042500 0.317002
0.727701 -0.016250 0.317002
0.762701 -0.016250 0.317002
0.762701 0.010000 0.317002
0.797701 0.088750 0.317002
0.832701 0.088750 0.317002
0.797701 0.036250 0.317002
0.832701 0.036250 0.317002
0.832701 0.062500 0.317002
0.867701 0.088750 0.317002
0.902701 0.088750 0.317002
0.727701 0.036250 0.317002
0.762701 0.036250 0.317002
0.762701 0.062500 0.317002
0.902701 0.062500 0.317002
0.832701 0.010000 0.317002
0.867701 0.036250 0.317002
0.902701 0.036250 0.317002
0.902701 0.010000 0.317002
0.762701 -0.042500 0.317002
0.797701 -0.016250 0.317002
0.727701 -0.068750 0.317002
0.762701 -0.068750 0.317002
0.797701 -0.068750 0.317002
0.902701 -0.016250 0.317002
0.902701 -0.042500 0.317002
0.832701 -0.068750 0.317002
0.867701 -0.068750 0.317002
0.902701 -0.068750 0.317002
0.832701 -0.016250 0.317002
0.832701 -0.042500 0.317002
0.867701 -0.016250 0.317002
0.697701 -0.060500 0.303593
0.697701 -0.059500 0.303593
0.697701 -0.062500 0.303593
0.697701 -0.061500 0.303593
0.697701 -0.061500 0.300183
0.697701 -0.062500 0.296774
0.697701 -0.061500 0.296774
0.697701 -0.064500 0.303593
0.697701 -0.063500 0.303593
0.697701 -0.066500 0.303593
0.697701 -0.065500 0.303593
0.697701 -0.065500 0.300183
0.697701 -0.066500 0.296774
0.697701 -0.065500 0.296774
0.697701 -0.063500 0.293364
0.697701 -0.064500 0.289955
0.697701 -0.063500 0.289955
0.697701 -0.065500 0.293364
0.697701 -0.066500 0.289955
0.697701 -0.065500 0.289955
0.697701 -0.065500 0.286545
0.697701 -0.066500 0.283136
0.697701 -0.065500 0.283136
0.697701 -0.063500 0.300183
0.697701 -0.064500 0.296774
0.697701 -0.063500 0.296774
0.901451 -0.081500 0.283136
0.876451 -0.081500 0.283136
0.872701 -0.081500 0.279726
0.908951 -0.081500 0.289955
0.883951 -0.081500 0.289955
0.880201 -0.081500 0.286545
0.851451 -0.081500 0.283136
0.826451 -0.081500 0.283136
0.822701 -0.081500 0.279726
0.916451 -0.081500 0.296774
0.891451 -0.081500 0.296774
0.887701 -0.081500 0.293364
0.923951 -0.081500 0.303593
0.898951 -0.081500 0.303593
0.895201 -0.081500 0.300183
0.866451 -0.081500 0.296774
0.841451 -0.081500 0.296774
0.837701 -0.081500 0.293364
0.801451 -0.081500 0.283136
0.776451 -0.081500 0.283136
0.772701 -0.081500 0.279726
0.808951 -0.081500 0.289955
0.783951 -0.081500 0.289955
0.780201 -0.081500 0.286545
0.751451 -0.081500 0.283136
0.726451 -0.081500 0.283136
0.722701 -0.081500 0.279726
0.858951 -0.081500 0.289955
0.833951 -0.081500 0.289955
0.830201 -0.081500 0.286545
0.722701 -0.081500 0.286545
0.693951 -0.081500 0.283136
0.780201 -0.081500 0.293364
0.751451 -0.081500 0.289955
0.718951 -0.081500 0.289955
0.715201 -0.081500 0.293364
0.686451 -0.081500 0.289955
0.837701 -0.081500 0.300183
0.808951 -0.081500 0.296774
0.866451 -0.081500 0.303593
0.833951 -0.081500 0.303593
0.801451 -0.081500 0.303593
0.711451 -0.081500 0.296774
0.707701 -0.081500 0.300183
0.678951 -0.081500 0.296774
0.768951 -0.081500 0.303593
0.736451 -0.081500 0.303593
0.703951 -0.081500 0.303593
0.671451 -0.081500 0.303593
0.776451 -0.081500 0.296774
0.772701 -0.081500 0.300183
0.743951 -0.081500 0.296774
0.667701 -0.061375 0.283115
0.667701 -0.044250 0.283115
0.667701 -0.041375 0.279702
0.667701 -0.067125 0.289940
0.667701 -0.050000 0.289940
0.667701 -0.047125 0.286527
0.667701 -0.027125 0.283115
0.667701 -0.010000 0.283115
0.667701 -0.007125 0.279702
0.667701 -0.072875 0.296765
0.667701 -0.055750 0.296765
0.667701 -0.052875 0.293352
0.667701 -0.078625 0.303590
0.667701 -0.061500 0.303590
0.667701 -0.058625 0.300177
0.667701 -0.038625 0.296765
0.667701 -0.021500 0.296765
0.667701 -0.018625 0.293352
0.667701 0.007125 0.283115
0.667701 0.024250 0.283115
0.667701 0.027125 0.279702
0.667701 0.001375 0.289940
0.667701 0.018500 0.289940
0.667701 0.021375 0.286527
0.667701 0.041375 0.283115
0.667701 0.058500 0.283115
0.667701 0.061375 0.279702
0.667701 -0.032875 0.289940
0.667701 -0.015750 0.289940
0.667701 -0.012875 0.286527
0.667701 0.061375 0.286527
0.667701 0.081375 0.283115
0.667701 0.021375 0.293352
0.667701 0.041375 0.289940
0.667701 0.064250 0.289940
0.667701 0.067125 0.293352
0.667701 0.087125 0.289940
0.667701 -0.018625 0.300177
0.667701 0.001375 0.296765
0.667701 -0.038625 0.303590
0.667701 -0.015750 0.303590
0.667701 0.007125 0.303590
0.667701 0.070000 0.296765
0.667701 0.072875 0.300177
0.667701 0.092875 0.296765
0.667701 0.030000 0.303590
0.667701 0.052875 0.303590
0.667701 0.075750 0.303590
0.667701 0.098625 0.303590
0.667701 0.024250 0.296765
0.667701 0.027125 0.300177
0.667701 0.047125 0.296765
0.682701 -0.058500 0.283115
0.684576 -0.058500 0.286527
0.684576 -0.058500 0.283115
0.682701 -0.058500 0.289940
0.684576 -0.058500 0.293352
0.684576 -0.058500 0.289940
0.686451 -0.058500 0.289940
0.688326 -0.058500 0.293352
0.688326 -0.058500 0.289940
0.682701 -0.058500 0.296765
0.684576 -0.058500 0.300177
0.684576 -0.058500 0.296765
0.682701 -0.058500 0.303590
0.684576 -0.058500 0.303590
0.686451 -0.058500 0.303590
0.688326 -0.058500 0.303590
0.690201 -0.058500 0.296765
0.692076 -0.058500 0.300177
0.692076 -0.058500 0.296765
0.690201 -0.058500 0.303590
0.692076 -0.058500 0.303590
0.693951 -0.058500 0.303590
0.695826 -0.058500 0.303590
0.686451 -0.058500 0.296765
0.688326 -0.058500 0.300177
0.688326 -0.058500 0.296765
0.682701 0.078500 0.303590
0.684576 0.078500 0.303590
0.682701 0.078500 0.296765
0.684576 0.078500 0.296765
0.684576 0.078500 0.300177
0.686451 0.078500 0.303590
0.688326 0.078500 0.303590
0.682701 0.078500 0.289940
0.684576 0.078500 0.289940
0.684576 0.078500 0.293352
0.682701 0.078500 0.283115
0.684576 0.078500 0.283115
0.684576 0.078500 0.286527
0.686451 0.078500 0.289940
0.688326 0.078500 0.289940
0.688326 0.078500 0.293352
0.690201 0.078500 0.303590
0.692076 0.078500 0.303590
0.690201 0.078500 0.296765
0.692076 0.078500 0.296765
0.692076 0.078500 0.300177
0.693951 0.078500 0.303590
0.695826 0.078500 0.303590
0.686451 0.078500 0.296765
0.688326 0.078500 0.296765
0.688326 0.078500 0.300177
0.693951 0.101500 0.283136
0.718951 0.101500 0.283136
0.722701 0.101500 0.279726
0.686451 0.101500 0.289955
0.711451 0.101500 0.289955
0.715201 0.101500 0.286545
0.743951 0.101500 0.283136
0.768951 0.101500 0.283136
0.772701 0.101500 0.279726
0.678951 0.101500 0.296774
0.703951 0.101500 0.296774
0.707701 0.101500 0.293364
0.671451 0.101500 0.303593
0.696451 0.101500 0.303593
0.700201 0.101500 0.300183
0.728951 0.101500 0.296774
0.753951 0.101500 0.296774
0.757701 0.101500 0.293364
0.793951 0.101500 0.283136
0.818951 0.101500 0.283136
0.822701 0.101500 0.279726
0.786451 0.101500 0.289955
0.811451 0.101500 0.289955
0.815201 0.101500 0.286545
0.843951 0.101500 0.283136
0.868951 0.101500 0.283136
0.872701 0.101500 0.279726
0.736451 0.101500 0.289955
0.761451 0.101500 0.289955
0.765201 0.101500 0.286545
0.872701 0.101500 0.286545
0.901451 0.101500 0.283136
0.815201 0.101500 0.293364
0.843951 0.101500 0.289955
0.876451 0.101500 0.289955
0.880201 0.101500 0.293364
0.908951 0.101500 0.289955
0.757701 0.101500 0.300183
0.786451 0.101500 0.296774
0.728951 0.101500 0.303593
0.761451 0.101500 0.303593
0.793951 0.101500 0.303593
0.883951 0.101500 0.296774
0.887701 0.101500 0.300183
0.916451 0.101500 0.296774
0.826451 0.101500 0.303593
0.858951 0.101500 0.303593
0.891451 0.101500 0.303593
0.923951 0.101500 0.303593
0.818951 0.101500 0.296774
0.822701 0.101500 0.300183
0.851451 0.101500 0.296774
0.927701 0.081375 0.283115
0.927701 0.064250 0.283115
0.927701 0.061375 0.279702
0.927701 0.087125 0.289940
0.927701 0.070000 0.289940
0.927701 0.067125 0.286527
0.927701 0.047125 0.283115
0.927701 0.030000 0.283115
0.927701 0.027125 0.279702
0.927701 0.092875 0.296765
0.927701 0.075750 0.296765
0.927701 0.072875 0.293352
0.927701 0.098625 0.303590
0.927701 0.081500 0.303590
0.927701 0.078625 0.300177
0.927701 0.058625 0.296765
0.927701 0.041500 0.296765
0.927701 0.038625 0.293352
0.927701 0.012875 0.283115
0.927701 -0.004250 0.283115
0.927701 -0.007125 0.279702
0.927701 0.018625 0.289940
0.927701 0.001500 0.289940
0.927701 -0.001375 0.286527
0.927701 -0.021375 0.283115
0.927701 -0.038500 0.283115
0.927701 -0.041375 0.279702
0.927701 0.052875 0.289940
0.927701 0.035750 0.289940
0.927701 0.032875 0.286527
0.927701 -0.041375 0.286527
0.927701 -0.061375 0.283115
0.927701 -0.001375 0.293352
0.927701 -0.021375 0.289940
0.927701 -0.044250 0.289940
0.927701 -0.047125 0.293352
0.927701 -0.067125 0.289940
0.927701 0.038625 0.300177
0.927701 0.018625 0.296765
0.927701 0.058625 0.303590
0.927701 0.035750 0.303590
0.927701 0.012875 0.303590
0.927701 -0.050000 0.296765
0.927701 -0.052875 0.300177
0.927701 -0.072875 0.296765
0.927701 -0.010000 0.303590
0.927701 -0.032875 0.303590
0.927701 -0.055750 0.303590
0.927701 -0.078625 0.303590
0.927701 -0.004250 0.296765
0.927701 -0.007125 0.300177
0.927701 -0.027125 0.296765
0.897701 -0.066500 0.283136
0.897701 -0.065500 0.286545
0.897701 -0.065500 0.283136
0.897701 -0.066500 0.289955
0.897701 -0.065500 0.293364
0.897701 -0.065500 0.289955
0.897701 -0.064500 0.289955
0.897701 -0.063500 0.293364
0.897701 -0.063500 0.289955
0.897701 -0.066500 0.296774
0.897701 -0.065500 0.300183
0.897701 -0.065500 0.296774
0.897701 -0.066500 0.303593
0.897701 -0.065500 0.303593
0.897701 -0.064500 0.303593
0.897701 -0.063500 0.303593
0.897701 -0.062500 0.296774
0.897701 -0.061500 0.300183
0.897701 -0.061500 0.296774
0.897701 -0.062500 0.303593
0.897701 -0.061500 0.303593
0.897701 -0.060500 0.303593
0.897701 -0.059500 0.303593
0.897701 -0.064500 0.296774
0.897701 -0.063500 0.300183
0.897701 -0.063500 0.296774
0.897701 -0.068375 0.279726
0.872701 -0.068375 0.279726
0.872701 -0.066500 0.279726
0.897701 -0.072125 0.279726
0.872701 -0.072125 0.279726
0.872701 -0.070250 0.279726
0.847701 -0.068375 0.279726
0.822701 -0.068375 0.279726
0.822701 -0.066500 0.279726
0.897701 -0.075875 0.279726
0.872701 -0.075875 0.279726
0.872701 -0.074000 0.279726
0.897701 -0.079625 0.279726
0.872701 -0.079625 0.279726
0.872701 -0.077750 0.279726
0.847701 -0.075875 0.279726
0.822701 -0.075875 0.279726
0.822701 -0.074000 0.279726
0.797701 -0.068375 0.279726
0.772701 -0.068375 0.279726
0.772701 -0.066500 0.279726
0.797701 -0.072125 0.279726
0.772701 -0.072125 0.279726
0.772701 -0.070250 0.279726
0.747701 -0.068375 0.279726
0.722701 -0.068375 0.279726
0.722701 -0.066500 0.279726
0.847701 -0.072125 0.279726
0.822701 -0.072125 0.279726
0.822701 -0.070250 0.279726
0.722701 -0.070250 0.279726
0.697701 -0.068375 0.279726
0.772701 -0.074000 0.279726
0.747701 -0.072125 0.279726
0.722701 -0.072125 0.279726
0.722701 -0.074000 0.279726
0.697701 -0.072125 0.279726
0.822701 -0.077750 0.279726
0.797701 -0.075875 0.279726
0.847701 -0.079625 0.279726
0.822701 -0.079625 0.279726
0.797701 -0.079625 0.279726
0.722701 -0.075875 0.279726
0.722701 -0.077750 0.279726
0.697701 -0.075875 0.279726
0.772701 -0.079625 0.279726
0.747701 -0.079625 0.279726
0.722701 -0.079625 0.279726
0.697701 -0.079625 0.279726
0.772701 -0.075875 0.279726
0.772701 -0.077750 0.279726
0.747701 -0.075875 0.279726
0.722701 -0.066500 0.303593
0.772701 -0.066500 0.303593
0.747701 -0.066500 0.303593
0.722701 -0.066500 0.300183
0.722701 -0.066500 0.296774
0.822701 -0.066500 0.303593
0.797701 -0.066500 0.303593
0.872701 -0.066500 0.303593
0.847701 -0.066500 0.303593
0.822701 -0.066500 0.300183
0.822701 -0.066500 0.296774
0.797701 -0.066500 0.296774
0.722701 -0.066500 0.293364
0.722701 -0.066500 0.289955
0.772701 -0.066500 0.293364
0.772701 -0.066500 0.289955
0.747701 -0.066500 0.289955
0.722701 -0.066500 0.286545
0.722701 -0.066500 0.283136
0.772701 -0.066500 0.300183
0.772701 -0.066500 0.296774
0.747701 -0.066500 0.296774
0.747701 -0.066500 0.283136
0.797701 -0.066500 0.289955
0.772701 -0.066500 0.286545
0.772701 -0.066500 0.283136
0.797701 -0.066500 0.283136
0.847701 -0.066500 0.296774
0.822701 -0.066500 0.293364
0.872701 -0.066500 0.300183
0.872701 -0.066500 0.296774
0.872701 -0.066500 0.293364
0.822701 -0.066500 0.283136
0.847701 -0.066500 0.283136
0.872701 -0.066500 0.289955
0.872701 -0.066500 0.286545
0.872701 -0.066500 0.283136
0.822701 -0.066500 0.289955
0.847701 -0.066500 0.289955
0.822701 -0.066500 0.286545
0.682701 0.061375 0.283115
0.682701 0.061375 0.279702
0.682701 0.061375 0.289940
0.682701 0.061375 0.286527
0.682701 0.044250 0.283115
0.682701 0.027125 0.283115
0.682701 0.027125 0.279702
0.682701 0.061375 0.296765
0.682701 0.061375 0.293352
0.682701 0.061375 0.303590
0.682701 0.061375 0.300177
0.682701 0.044250 0.296765
0.682701 0.027125 0.296765
0.682701 0.027125 0.293352
0.682701 0.010000 0.283115
0.682701 -0.007125 0.283115
0.682701 -0.007125 0.279702
0.682701 0.010000 0.289940
0.682701 -0.007125 0.289940
0.682701 -0.007125 0.286527
0.682701 -0.024250 0.283115
0.682701 -0.041375 0.283115
0.682701 -0.041375 0.279702
0.682701 0.044250 0.289940
0.682701 0.027125 0.289940
0.682701 0.027125 0.286527
0.682701 -0.041375 0.286527
0.682701 -0.007125 0.293352
0.682701 -0.024250 0.289940
0.682701 -0.041375 0.289940
0.682701 -0.041375 0.293352
0.682701 0.027125 0.300177
0.682701 0.010000 0.296765
0.682701 0.044250 0.303590
0.682701 0.027125 0.303590
0.682701 0.010000 0.303590
0.682701 -0.041375 0.296765
0.682701 -0.041375 0.300177
0.682701 -0.007125 0.303590
0.682701 -0.024250 0.303590
0.682701 -0.041375 0.303590
0.682701 -0.007125 0.296765
0.682701 -0.007125 0.300177
0.682701 -0.024250 0.296765
0.669576 0.078500 0.279702
0.669576 0.061375 0.279702
0.673326 0.078500 0.279702
0.673326 0.061375 0.279702
0.671451 0.061375 0.279702
0.669576 0.044250 0.279702
0.669576 0.027125 0.279702
0.677076 0.078500 0.279702
0.677076 0.061375 0.279702
0.675201 0.061375 0.279702
0.680826 0.078500 0.279702
0.680826 0.061375 0.279702
0.678951 0.061375 0.279702
0.677076 0.044250 0.279702
0.677076 0.027125 0.279702
0.675201 0.027125 0.279702
0.669576 0.010000 0.279702
0.669576 -0.007125 0.279702
0.673326 0.010000 0.279702
0.673326 -0.007125 0.279702
0.671451 -0.007125 0.279702
0.669576 -0.024250 0.279702
0.669576 -0.041375 0.279702
0.673326 0.044250 0.279702
0.673326 0.027125 0.279702
0.671451 0.027125 0.279702
0.671451 -0.041375 0.279702
0.669576 -0.058500 0.279702
0.675201 -0.007125 0.279702
0.673326 -0.024250 0.279702
0.673326 -0.041375 0.279702
0.675201 -0.041375 0.279702
0.673326 -0.058500 0.279702
0.678951 0.027125 0.279702
0.677076 0.010000 0.279702
0.680826 0.044250 0.279702
0.680826 0.027125 0.279702
0.680826 0.010000 0.279702
0.677076 -0.041375 0.279702
0.678951 -0.041375 0.279702
0.677076 -0.058500 0.279702
0.680826 -0.007125 0.279702
0.680826 -0.024250 0.279702
0.680826 -0.041375 0.279702
0.680826 -0.058500 0.279702
0.677076 -0.007125 0.279702
0.678951 -0.007125 0.279702
0.677076 -0.024250 0.279702
0.722701 0.086500 0.279726
0.722701 0.086500 0.283136
0.772701 0.086500 0.279726
0.772701 0.086500 0.283136
0.747701 0.086500 0.283136
0.722701 0.086500 0.286545
0.722701 0.086500 0.289955
0.822701 0.086500 0.279726
0.822701 0.086500 0.283136
0.797701 0.086500 0.283136
0.872701 0.086500 0.279726
0.872701 0.086500 0.283136
0.847701 0.086500 0.283136
0.822701 0.086500 0.286545
0.822701 0.086500 0.289955
0.797701 0.086500 0.289955
0.722701 0.086500 0.293364
0.722701 0.086500 0.296774
0.772701 0.086500 0.293364
0.772701 0.086500 0.296774
0.747701 0.086500 0.296774
0.722701 0.086500 0.300183
0.722701 0.086500 0.303593
0.772701 0.086500 0.286545
0.772701 0.086500 0.289955
0.747701 0.086500 0.289955
0.747701 0.086500 0.303593
0.797701 0.086500 0.296774
0.772701 0.086500 0.300183
0.772701 0.086500 0.303593
0.797701 0.086500 0.303593
0.847701 0.086500 0.289955
0.822701 0.086500 0.293364
0.872701 0.086500 0.286545
0.872701 0.086500 0.289955
0.872701 0.086500 0.293364
0.822701 0.086500 0.303593
0.847701 0.086500 0.303593
0.872701 0.086500 0.296774
0.872701 0.086500 0.300183
0.872701 0.086500 0.303593
0.822701 0.086500 0.296774
0.847701 0.086500 0.296774
0.822701 0.086500 0.300183
0.722701 0.099625 0.279726
0.697701 0.099625 0.279726
0.772701 0.099625 0.279726
0.747701 0.099625 0.279726
0.722701 0.097750 0.279726
0.722701 0.095875 0.279726
0.697701 0.095875 0.279726
0.822701 0.099625 0.279726
0.797701 0.099625 0.279726
0.872701 0.099625 0.279726
0.847701 0.099625 0.279726
0.822701 0.097750 0.279726
0.822701 0.095875 0.279726
0.797701 0.095875 0.279726
0.722701 0.094000 0.279726
0.722701 0.092125 0.279726
0.697701 0.092125 0.279726
0.772701 0.094000 0.279726
0.772701 0.092125 0.279726
0.747701 0.092125 0.279726
0.722701 0.090250 0.279726
0.722701 0.088375 0.279726
0.697701 0.088375 0.279726
0.772701 0.097750 0.279726
0.772701 0.095875 0.279726
0.747701 0.095875 0.279726
0.747701 0.088375 0.279726
0.797701 0.092125 0.279726
0.772701 0.090250 0.279726
0.772701 0.088375 0.279726
0.797701 0.088375 0.279726
0.847701 0.095875 0.279726
0.822701 0.094000 0.279726
0.897701 0.099625 0.279726
0.872701 0.097750 0.279726
0.872701 0.095875 0.279726
0.897701 0.095875 0.279726
0.872701 0.094000 0.279726
0.822701 0.088375 0.279726
0.847701 0.088375 0.279726
0.872701 0.092125 0.279726
0.897701 0.092125 0.279726
0.872701 0.090250 0.279726
0.872701 0.088375 0.279726
0.897701 0.088375 0.279726
0.822701 0.092125 0.279726
0.847701 0.092125 0.279726
0.822701 0.090250 0.279726
0.912701 -0.041375 0.279702
0.914576 -0.041375 0.279702
0.914576 -0.058500 0.279702
0.912701 -0.007125 0.279702
0.914576 -0.007125 0.279702
0.914576 -0.024250 0.279702
0.916451 -0.041375 0.279702
0.918326 -0.041375 0.279702
0.918326 -0.058500 0.279702
0.912701 0.027125 0.279702
0.914576 0.027125 0.279702
0.914576 0.010000 0.279702
0.912701 0.061375 0.279702
0.914576 0.061375 0.279702
0.914576 0.044250 0.279702
0.916451 0.027125 0.279702
0.918326 0.027125 0.279702
0.918326 0.010000 0.279702
0.920201 -0.041375 0.279702
0.922076 -0.041375 0.279702
0.922076 -0.058500 0.279702
0.920201 -0.007125 0.279702
0.922076 -0.007125 0.279702
0.922076 -0.024250 0.279702
0.923951 -0.041375 0.279702
0.925826 -0.041375 0.279702
0.925826 -0.058500 0.279702
0.916451 -0.007125 0.279702
0.918326 -0.007125 0.279702
0.918326 -0.024250 0.279702
0.925826 -0.024250 0.279702
0.922076 0.010000 0.279702
0.923951 -0.007125 0.279702
0.925826 -0.007125 0.279702
0.925826 0.010000 0.279702
0.918326 0.044250 0.279702
0.920201 0.027125 0.279702
0.914576 0.078500 0.279702
0.916451 0.061375 0.279702
0.918326 0.061375 0.279702
0.918326 0.078500 0.279702
0.920201 0.061375 0.279702
0.925826 0.027125 0.279702
0.925826 0.044250 0.279702
0.922076 0.061375 0.279702
0.922076 0.078500 0.279702
0.923951 0.061375 0.279702
0.925826 0.061375 0.279702
0.925826 0.078500 0.279702
0.922076 0.027125 0.279702
0.922076 0.044250 0.279702
0.923951 0.027125 0.279702
0.912701 0.061375 0.303590
0.912701 0.061375 0.296765
0.912701 0.061375 0.300177
0.912701 0.044250 0.303590
0.912701 0.027125 0.303590
0.912701 0.061375 0.289940
0.912701 0.061375 0.293352
0.912701 0.061375 0.283115
0.912701 0.061375 0.286527
0.912701 0.044250 0.289940
0.912701 0.027125 0.289940
0.912701 0.027125 0.293352
0.912701 0.010000 0.303590
0.912701 -0.007125 0.303590
0.912701 0.010000 0.296765
0.912701 -0.007125 0.296765
0.912701 -0.007125 0.300177
0.912701 -0.024250 0.303590
0.912701 -0.041375 0.303590
0.912701 0.044250 0.296765
0.912701 0.027125 0.296765
0.912701 0.027125 0.300177
0.912701 -0.041375 0.300177
0.912701 -0.007125 0.293352
0.912701 -0.024250 0.296765
0.912701 -0.041375 0.296765
0.912701 -0.041375 0.293352
0.912701 0.027125 0.286527
0.912701 0.010000 0.289940
0.912701 0.044250 0.283115
0.912701 0.027125 0.283115
0.912701 0.010000 0.283115
0.912701 -0.041375 0.289940
0.912701 -0.041375 0.286527
0.912701 -0.007125 0.283115
0.912701 -0.024250 0.283115
0.912701 -0.041375 0.283115
0.912701 -0.007125 0.289940
0.912701 -0.007125 0.286527
0.912701 -0.024250 0.289940
0.899576 -0.058500 0.303590
0.901451 -0.058500 0.287590
0.899576 -0.058500 0.291002
0.903326 -0.058500 0.296765
0.905201 -0.058500 0.280765
0.903326 -0.058500 0.284177
0.903326 -0.058500 0.271590
0.907076 -0.058500 0.289940
0.908951 -0.058500 0.273940
0.907076 -0.058500 0.277352
0.910826 -0.058500 0.283115
0.910826 -0.058500 0.270527
0.897701 -0.058500 0.279502
0.920201 -0.081500 0.272683
0.916451 -0.081500 0.296774
0.923951 -0.081500 0.276093
0.927701 -0.081500 0.279502
0.923951 -0.081500 0.303593
0.927701 -0.072875 0.296765
0.927701 -0.072875 0.272677
0.927701 -0.078625 0.303590
0.927701 -0.078625 0.279502
0.927701 -0.075750 0.276090
0.897701 -0.080875 0.270636
0.897701 -0.059500 0.276093
0.897701 -0.059500 0.303593
0.897701 -0.060500 0.272683
0.897701 -0.061500 0.296774
0.897701 -0.066500 0.273136
0.897701 -0.068375 0.273136
0.897701 -0.068375 0.279726
0.897701 -0.070250 0.273136
0.897701 -0.072125 0.273136
0.897701 -0.072125 0.279726
0.897701 -0.074000 0.273136
0.897701 -0.075875 0.273136
0.897701 -0.075875 0.279726
0.897701 -0.077750 0.273136
0.897701 -0.079625 0.273136
0.897701 -0.079625 0.279726
0.897701 -0.080875 0.273136
0.697701 -0.058500 0.279502
0.697701 -0.059500 0.294502
0.697701 -0.061500 0.272002
0.697701 -0.059500 0.297002
0.697701 -0.060500 0.284502
0.697701 -0.061500 0.274502
0.697701 -0.061500 0.277002
0.697701 -0.061500 0.283593
0.697701 -0.062500 0.273593
0.697701 -0.059500 0.303593
0.697701 -0.060500 0.293593
0.697701 -0.061500 0.290183
0.697701 -0.061500 0.296774
0.697701 -0.062500 0.286774
0.697701 -0.063500 0.283364
0.697701 -0.063500 0.289955
0.697701 -0.064500 0.279955
0.697701 -0.065500 0.276545
0.697701 -0.065500 0.283136
0.697701 -0.066500 0.273136
0.697701 -0.063500 0.270183
0.697701 -0.063500 0.276774
0.697701 -0.067750 0.273136
0.697701 -0.068375 0.279726
0.697701 -0.069625 0.273136
0.697701 -0.071500 0.273136
0.697701 -0.072125 0.279726
0.697701 -0.073375 0.273136
0.697701 -0.075250 0.273136
0.697701 -0.075875 0.279726
0.697701 -0.077125 0.273136
0.697701 -0.079000 0.273136
0.697701 -0.079625 0.279726
0.697701 -0.080875 0.273136
0.697701 -0.080875 0.270636
0.678951 -0.081500 0.296774
0.678951 -0.081500 0.272683
0.671451 -0.081500 0.303593
0.671451 -0.081500 0.279502
0.675201 -0.081500 0.276093
0.667701 -0.081500 0.279502
0.667701 -0.075750 0.272677
0.667701 -0.072875 0.296765
0.667701 -0.078625 0.276090
0.667701 -0.078625 0.303590
0.695826 -0.058500 0.276090
0.695826 -0.058500 0.303590
0.693951 -0.058500 0.272677
0.692076 -0.058500 0.296765
0.697701 0.100875 0.270636
0.697701 0.078500 0.279502
0.697701 0.079500 0.276093
0.697701 0.079500 0.303593
0.697701 0.080500 0.272683
0.697701 0.081500 0.296774
0.697701 0.086500 0.273136
0.697701 0.088375 0.273136
0.697701 0.088375 0.279726
0.697701 0.090250 0.273136
0.697701 0.092125 0.273136
0.697701 0.092125 0.279726
0.697701 0.094000 0.273136
0.697701 0.095875 0.273136
0.697701 0.095875 0.279726
0.697701 0.097750 0.273136
0.697701 0.099625 0.273136
0.697701 0.099625 0.279726
0.697701 0.100875 0.273136
0.667701 0.092875 0.296765
0.667701 0.092875 0.272677
0.667701 0.098625 0.303590
0.667701 0.098625 0.279502
0.667701 0.095750 0.276090
0.667701 0.101500 0.279502
0.695826 0.078500 0.303590
0.693951 0.078500 0.287590
0.695826 0.078500 0.291002
0.692076 0.078500 0.296765
0.690201 0.078500 0.280765
0.692076 0.078500 0.284177
0.692076 0.078500 0.271590
0.688326 0.078500 0.289940
0.686451 0.078500 0.273940
0.688326 0.078500 0.277352
0.684576 0.078500 0.283115
0.684576 0.078500 0.270527
0.675201 0.101500 0.272683
0.678951 0.101500 0.296774
0.671451 0.101500 0.276093
0.671451 0.101500 0.303593
0.897701 0.078500 0.279502
0.899576 0.078500 0.276090
0.899576 0.078500 0.303590
0.901451 0.078500 0.272677
0.903326 0.078500 0.296765
0.897701 0.079500 0.294502
0.897701 0.081500 0.272002
0.897701 0.079500 0.297002
0.897701 0.080500 0.284502
0.897701 0.081500 0.274502
0.897701 0.081500 0.277002
0.897701 0.081500 0.283593
0.897701 0.082500 0.273593
0.897701 0.079500 0.303593
0.897701 0.080500 0.293593
0.897701 0.081500 0.290183
0.897701 0.081500 0.296774
0.897701 0.082500 0.286774
0.897701 0.083500 0.283364
0.897701 0.083500 0.289955
0.897701 0.084500 0.279955
0.897701 0.085500 0.276545
0.897701 0.085500 0.283136
0.897701 0.086500 0.273136
0.897701 0.083500 0.270183
0.897701 0.083500 0.276774
0.897701 0.087750 0.273136
0.897701 0.088375 0.279726
0.897701 0.089625 0.273136
0.897701 0.091500 0.273136
0.897701 0.092125 0.279726
0.897701 0.093375 0.273136
0.897701 0.095250 0.273136
0.897701 0.095875 0.279726
0.897701 0.097125 0.273136
0.897701 0.099000 0.273136
0.897701 0.099625 0.279726
0.897701 0.100875 0.273136
0.897701 0.100875 0.270636
0.916451 0.101500 0.296774
0.916451 0.101500 0.272683
0.923951 0.101500 0.303593
0.923951 0.101500 0.279502
0.920201 0.101500 0.276093
0.927701 0.101500 0.279502
0.927701 0.095750 0.272677
0.927701 0.092875 0.296765
0.927701 0.098625 0.276090
0.927701 0.098625 0.303590
3 0 588 590
3 588 166 589
3 590 589 168
3 588 589 590
3 166 591 593
3 591 56 592
3 593 592 167
3 591 592 593
3 168 594 596
3 594 167 595
3 596 595 58
3 594 595 596
3 166 593 589
3 593 167 594
3 589 594 168
3 593 594 589
3 56 597 599
3 597 169 598
3 599 598 171
3 597 598 599
3 169 600 602
3 600 1 601
3 602 601 170
3 600 601 602
3 171 603 605
3 603 170 604
3 605 604 57
3 603 604 605
3 169 602 598
3 602 170 603
3 598 603 171
3 602 603 598
3 58 606 608
3 606 172 607
3 608 607 174
3 606 607 608
3 172 609 611
3 609 57 610
3 611 610 173
3 609 610 611
3 174 612 614
3 612 173 613
3 614 613 2
3 612 613 614
3 172 611 607
3 611 173 612
3 607 612 174
3 611 612 607
3 56 599 592
3 599 171 615
3 592 615 167
3 599 615 592
3 171 605 616
3 605 57 609
3 616 609 172
3 605 609 616
3 167 617 595
3 617 172 606
3 595 606 58
3 617 606 595
3 171 616 615
3 616 172 617
3 615 617 167
3 616 617 615
3 2 613 619
3 613 173 618
3 619 618 176
3 613 618 619
3 173 610 621
3 610 57 620
3 621 620 175
3 610 620 621
3 176 622 624
3 622 175 623
3 624 623 60
3 622 623 624
3 173 621 618
3 621 175 622
3 618 622 176
3 621 622 618
3 57 604 626
3 604 170 625
3 626 625 178
3 604 625 626
3 170 601 628
3 601 1 627
3 628 627 177
3 601 627 628
3 178 629 631
3 629 177 630
3 631 630 59
3 629 630 631
3 170 628 625
3 628 177 629
3 625 629 178
3 628 629 625
3 60 632 634
3 632 179 633
3 634 633 181
3 632 633 634
3 179 635 637
3 635 59 636
3 637 636 180
3 635 636 637
3 181 638 640
3 638 180 639
3 640 639 3
3 638 639 640
3 179 637 633
3 637 180 638
3 633 638 181
3 637 638 633
3 57 626 620
3 626 178 641
3 620 641 175
3 626 641 620
3 178 631 642
3 631 59 635
3 642 635 179
3 631 635 642
3 175 643 623
3 643 179 632
3 623 632 60
3 643 632 623
3 178 642 641
3 642 179 643
3 641 643 175
3 642 643 641
3 2 619 645
3 619 176 644
3 645 644 183
3 619 644 645
3 176 624 647
3 624 60 646
3 647 646 182
3 624 646 647
3 183 648 650
3 648 182 649
3 650 649 62
3 648 649 650
3 176 647 644
3 647 182 648
3 644 648 183
3 647 648 644
3 60 634 652
3 634 181 651
3 652 651 185
3 634 651 652
3 181 640 654
3 640 3 653
3 654 653 184
3 640 653 654
3 185 655 657
3 655 184 656
3 657 656 61
3 655 656 657
3 181 654 651
3 654 184 655
3 651 655 185
3 654 655 651
3 62 658 660
3 658 186 659
3 660 659 188
3 658 659 660
3 186 661 663
3 661 61 662
3 663 662 187
3 661 662 663
3 188 664 666
3 664 187 665
3 666 665 4
3 664 665 666
3 186 663 659
3 663 187 664
3 659 664 188
3 663 664 659
3 60 652 646
3 652 185 667
3 646 667 182
3 652 667 646
3 185 657 668
3 657 61 661
3 668 661 186
3 657 661 668
3 182 669 649
3 669 186 658
3 649 658 62
3 669 658 649
3 185 668 667
3 668 186 669
3 667 669 182
3 668 669 667
3 4 665 671
3 665 187 670
3 671 670 190
3 665 670 671
3 187 662 673
3 662 61 672
3 673 672 189
3 662 672 673
3 190 674 676
3 674 189 675
3 676 675 64
3 674 675 676
3 187 673 670
3 673 189 674
3 670 674 190
3 673 674 670
3 61 656 678
3 656 184 677
3 678 677 192
3 656 677 678
3 184 653 680
3 653 3 679
3 680 679 191
3 653 679 680
3 192 681 683
3 681 191 682
3 683 682 63
3 681 682 683
3 184 680 677
3 680 191 681
3 677 681 192
3 680 681 677
3 64 684 686
3 684 193 685
3 686 685 195
3 684 685 686
3 193 687 689
3 687 63 688
3 689 688 194
3 687 688 689
3 195 690 692
3 690 194 691
3 692 691 5
3 690 691 692
3 193 689 685
3 689 194 690
3 685 690 195
3 689 690 685
3 61 678 672
3 678 192 693
3 672 693 189
3 678 693 672
3 192 683 694
3 683 63 687
3 694 687 193
3 683 687 694
3 189 695 675
3 695 193 684
3 675 684 64
3 695 684 675
3 192 694 693
3 694 193 695
3 693 695 189
3 694 695 693
3 4 671 697
3 671 190 696
3 697 696 197
3 671 696 697
3 190 676 699
3 676 64 698
3 699 698 196
3 676 698 699
3 197 700 702
3 700 196 701
3 702 701 66
3 700 701 702
3 190 699 696
3 699 196 700
3 696 700 197
3 699 700 696
3 64 686 704
3 686 195 703
3 704 703 199
3 686 703 704
3 195 692 706
3 692 5 705
3 706 705 198
3 692 705 706
3 199 707 709
3 707 198 708
3 709 708 65
3 707 708 709
3 195 706 703
3 706 198 707
3 703 707 199
3 706 707 703
3 66 710 712
3 710 200 711
3 712 711 202
3 710 711 712
3 200 713 715
3 713 65 714
3 715 714 201
3 713 714 715
3 202 716 718
3 716 201 717
3 718 717 6
3 716 717 718
3 200 715 711
3 715 201 716
3 711 716 202
3 715 716 711
3 64 704 698
3 704 199 719
3 698 719 196
3 704 719 698
3 199 709 720
3 709 65 713
3 720 713 200
3 709 713 720
3 196 721 701
3 721 200 710
3 701 710 66
3 721 710 701
3 199 720 719
3 720 200 721
3 719 721 196
3 720 721 719
3 6 717 723
3 717 201 722
3 723 722 204
3 717 722 723
3 201 714 725
3 714 65 724
3 725 724 203
3 714 724 725
3 204 726 728
3 726 203 727
3 728 727 68
3 726 727 728
3 201 725 722
3 725 203 726
3 722 726 204
3 725 726 722
3 65 708 730
3 708 198 729
3 730 729 206
3 708 729 730
3 198 705 732
3 705 5 731
3 732 731 205
3 705 731 732
3 206 733 735
3 733 205 734
3 735 734 67
3 733 734 735
3 198 732 729
3 732 205 733
3 729 733 206
3 732 733 729
3 68 736 738
3 736 207 737
3 738 737 209
3 736 737 738
3 207 739 741
3 739 67 740
3 741 740 208
3 739 740 741
3 209 742 744
3 742 208 743
3 744 743 7
3 742 743 744
3 207 741 737
3 741 208 742
3 737 742 209
3 741 742 737
3 65 730 724
3 730 206 745
3 724 745 203
3 730 745 724
3 206 735 746
3 735 67 739
3 746 739 207
3 735 739 746
3 203 747 727
3 747 207 736
3 727 736 68
3 747 736 727
3 206 746 745
3 746 207 747
3 745 747 203
3 746 747 745
3 6 723 749
3 723 204 748
3 749 748 211
3 723 748 749
3 204 728 751
3 728 68 750
3 751 750 210
3 728 750 751
3 211 752 754
3 752 210 753
3 754 753 70
3 752 753 754
3 204 751 748
3 751 210 752
3 748 752 211
3 751 752 748
3 68 738 756
3 738 209 755
3 756 755 213
3 738 755 756
3 209 744 758
3 744 7 757
3 758 757 212
3 744 757 758
3 213 759 761
3 759 212 760
3 761 760 69
3 759 760 761
3 209 758 755
3 758 212 759
3 755 759 213
3 758 759 755
3 70 762 764
3 762 214 763
3 764 763 216
3 762 763 764
3 214 765 767
3 765 69 766
3 767 766 215
3 765 766 767
3 216 768 770
3 768 215 769
3 770 769 0
3 768 769 770
3 214 767 763
3 767 215 768
3 763 768 216
3 767 768 763
3 68 756 750
3 756 213 771
3 750 771 210
3 756 771 750
3 213 761 772
3 761 69 765
3 772 765 214
3 761 765 772
3 210 773 753
3 773 214 762
3 753 762 70
3 773 762 753
3 213 772 771
3 772 214 773
3 771 773 210
3 772 773 771
3 0 769 588
3 769 215 774
3 588 774 166
3 769 774 588
3 215 766 776
3 766 69 775
3 776 775 217
3 766 775 776
3 166 777 591
3 777 217 778
3 591 778 56
3 777 778 591
3 215 776 774
3 776 217 777
3 774 777 166
3 776 777 774
3 69 760 780
3 760 212 779
3 780 779 219
3 760 779 780
3 212 757 782
3 757 7 781
3 782 781 218
3 757 781 782
3 219 783 785
3 783 218 784
3 785 784 71
3 783 784 785
3 212 782 779
3 782 218 783
3 779 783 219
3 782 783 779
3 56 786 597
3 786 220 787
3 597 787 169
3 786 787 597
3 220 788 790
3 788 71 789
3 790 789 221
3 788 789 790
3 169 791 600
3 791 221 792
3 600 792 1
3 791 792 600
3 220 790 787
3 790 221 791
3 787 791 169
3 790 791 787
3 69 780 775
3 780 219 793
3 775 793 217
3 780 793 775
3 219 785 794
3 785 71 788
3 794 788 220
3 785 788 794
3 217 795 778
3 795 220 786
3 778 786 56
3 795 786 778
3 219 794 793
3 794 220 795
3 793 795 217
3 794 795 793
3 10 796 798
3 796 222 797
3 798 797 224
3 796 797 798
3 222 799 801
3 799 72 800
3 801 800 223
3 799 800 801
3 224 802 804
3 802 223 803
3 804 803 74
3 802 803 804
3 222 801 797
3 801 223 802
3 797 802 224
3 801 802 797
3 72 805 807
3 805 225 806
3 807 806 227
3 805 806 807
3 225 808 810
3 808 8 809
3 810 809 226
3 808 809 810
3 227 811 813
3 811 226 812
3 813 812 73
3 811 812 813
3 225 810 806
3 810 226 811
3 806 811 227
3 810 811 806
3 74 814 816
3 814 228 815
3 816 815 230
3 814 815 816
3 228 817 819
3 817 73 818
3 819 818 229
3 817 818 819
3 230 820 822
3 820 229 821
3 822 821 11
3 820 821 822
3 228 819 815
3 819 229 820
3 815 820 230
3 819 820 815
3 72 807 800
3 807 227 823
3 800 823 223
3 807 823 800
3 227 813 824
3 813 73 817
3 824 817 228
3 813 817 824
3 223 825 803
3 825 228 814
3 803 814 74
3 825 814 803
3 227 824 823
3 824 228 825
3 823 825 223
3 824 825 823
3 12 826 828
3 826 231 827
3 828 827 233
3 826 827 828
3 231 829 831
3 829 75 830
3 831 830 232
3 829 830 831
3 233 832 834
3 832 232 833
3 834 833 77
3 832 833 834
3 231 831 827
3 831 232 832
3 827 832 233
3 831 832 827
3 75 835 837
3 835 234 836
3 837 836 236
3 835 836 837
3 234 838 840
3 838 13 839
3 840 839 235
3 838 839 840
3 236 841 843
3 841 235 842
3 843 842 76
3 841 842 843
3 234 840 836
3 840 235 841
3 836 841 236
3 840 841 836
3 77 844 846
3 844 237 845
3 846 845 239
3 844 845 846
3 237 847 849
3 847 76 848
3 849 848 238
3 847 848 849
3 239 850 852
3 850 238 851
3 852 851 14
3 850 851 852
3 237 849 845
3 849 238 850
3 845 850 239
3 849 850 845
3 75 837 830
3 837 236 853
3 830 853 232
3 837 853 830
3 236 843 854
3 843 76 847
3 854 847 237
3 843 847 854
3 232 855 833
3 855 237 844
3 833 844 77
3 855 844 833
3 236 854 853
3 854 237 855
3 853 855 232
3 854 855 853
3 13 856 839
3 856 240 857
3 839 857 235
3 856 857 839
3 240 858 860
3 858 78 859
3 860 859 241
3 858 859 860
3 235 861 842
3 861 241 862
3 842 862 76
3 861 862 842
3 240 860 857
3 860 241 861
3 857 861 235
3 860 861 857
3 78 863 865
3 863 242 864
3 865 864 244
3 863 864 865
3 242 866 868
3 866 10 867
3 868 867 243
3 866 867 868
3 244 869 871
3 869 243 870
3 871 870 79
3 869 870 871
3 242 868 864
3 868 243 869
3 864 869 244
3 868 869 864
3 76 872 848
3 872 245 873
3 848 873 238
3 872 873 848
3 245 874 876
3 874 79 875
3 876 875 246
3 874 875 876
3 238 877 851
3 877 246 878
3 851 878 14
3 877 878 851
3 245 876 873
3 876 246 877
3 873 877 238
3 876 877 873
3 78 865 859
3 865 244 879
3 859 879 241
3 865 879 859
3 244 871 880
3 871 79 874
3 880 874 245
3 871 874 880
3 241 881 862
3 881 245 872
3 862 872 76
3 881 872 862
3 244 880 879
3 880 245 881
3 879 881 241
3 880 881 879
3 14 878 883
3 878 246 882
3 883 882 248
3 878 882 883
3 246 875 885
3 875 79 884
3 885 884 247
3 875 884 885
3 248 886 888
3 886 247 887
3 888 887 80
3 886 887 888
3 246 885 882
3 885 247 886
3 882 886 248
3 885 886 882
3 79 870 890
3 870 243 889
3 890 889 249
3 870 889 890
3 243 867 891
3 867 10 798
3 891 798 224
3 867 798 891
3 249 892 893
3 892 224 804
3 893 804 74
3 892 804 893
3 243 891 889
3 891 224 892
3 889 892 249
3 891 892 889
3 80 894 896
3 894 250 895
3 896 895 251
3 894 895 896
3 250 897 898
3 897 74 816
3 898 816 230
3 897 816 898
3 251 899 900
3 899 230 822
3 900 822 11
3 899 822 900
3 250 898 895
3 898 230 899
3 895 899 251
3 898 899 895
3 79 890 884
3 890 249 901
3 884 901 247
3 890 901 884
3 249 893 902
3 893 74 897
3 902 897 250
3 893 897 902
3 247 903 887
3 903 250 894
3 887 894 80
3 903 894 887
3 249 902 901
3 902 250 903
3 901 903 247
3 902 903 901
3 16 904 906
3 904 252 905
3 906 905 254
3 904 905 906
3 252 907 909
3 907 81 908
3 909 908 253
3 907 908 909
3 254 910 912
3 910 253 911
3 912 911 83
3 910 911 912
3 252 909 905
3 909 253 910
3 905 910 254
3 909 910 905
3 81 913 915
3 913 255 914
3 915 914 257
3 913 914 915
3 255 916 918
3 916 17 917
3 918 917 256
3 916 917 918
3 257 919 921
3 919 256 920
3 921 920 82
3 919 920 921
3 255 918 914
3 918 256 919
3 914 919 257
3 918 919 914
3 83 922 924
3 922 258 923
3 924 923 260
3 922 923 924
3 258 925 927
3 925 82 926
3 927 926 259
3 925 926 927
3 260 928 930
3 928 259 929
3 930 929 11
3 928 929 930
3 258 927 923
3 927 259 928
3 923 928 260
3 927 928 923
3 81 915 908
3 915 257 931
3 908 931 253
3 915 931 908
3 257 921 932
3 921 82 925
3 932 925 258
3 921 925 932
3 253 933 911
3 933 258 922
3 911 922 83
3 933 922 911
3 257 932 931
3 932 258 933
3 931 933 253
3 932 933 931
3 11 929 935
3 929 259 934
3 935 934 262
3 929 934 935
3 259 926 937
3 926 82 936
3 937 936 261
3 926 936 937
3 262 938 940
3 938 261 939
3 940 939 85
3 938 939 940
3 259 937 934
3 937 261 938
3 934 938 262
3 937 938 934
3 82 920 942
3 920 256 941
3 942 941 264
3 920 941 942
3 256 917 944
3 917 17 943
3 944 943 263
3 917 943 944
3 264 945 947
3 945 263 946
3 947 946 84
3 945 946 947
3 256 944 941
3 944 263 945
3 941 945 264
3 944 945 941
3 85 948 950
3 948 265 949
3 950 949 267
3 948 949 950
3 265 951 953
3 951 84 952
3 953 952 266
3 951 952 953
3 267 954 956
3 954 266 955
3 956 955 18
3 954 955 956
3 265 953 949
3 953 266 954
3 949 954 267
3 953 954 949
3 82 942 936
3 942 264 957
3 936 957 261
3 942 957 936
3 264 947 958
3 947 84 951
3 958 951 265
3 947 951 958
3 261 959 939
3 959 265 948
3 939 948 85
3 959 948 939
3 264 958 957
3 958 265 959
3 957 959 261
3 958 959 957
3 19 960 962
3 960 268 961
3 962 961 270
3 960 961 962
3 268 963 965
3 963 86 964
3 965 964 269
3 963 964 965
3 270 966 968
3 966 269 967
3 968 967 88
3 966 967 968
3 268 965 961
3 965 269 966
3 961 966 270
3 965 966 961
3 86 969 971
3 969 271 970
3 971 970 273
3 969 970 971
3 271 972 974
3 972 20 973
3 974 973 272
3 972 973 974
3 273 975 977
3 975 272 976
3 977 976 87
3 975 976 977
3 271 974 970
3 974 272 975
3 970 975 273
3 974 975 970
3 88 978 980
3 978 274 979
3 980 979 276
3 978 979 980
3 274 981 983
3 981 87 982
3 983 982 275
3 981 982 983
3 276 984 986
3 984 275 985
3 986 985 18
3 984 985 986
3 274 983 979
3 983 275 984
3 979 984 276
3 983 984 979
3 86 971 964
3 971 273 987
3 964 987 269
3 971 987 964
3 273 977 988
3 977 87 981
3 988 981 274
3 977 981 988
3 269 989 967
3 989 274 978
3 967 978 88
3 989 978 967
3 273 988 987
3 988 274 989
3 987 989 269
3 988 989 987
3 18 985 991
3 985 275 990
3 991 990 278
3 985 990 991
3 275 982 993
3 982 87 992
3 993 992 277
3 982 992 993
3 278 994 996
3 994 277 995
3 996 995 90
3 994 995 996
3 275 993 990
3 993 277 994
3 990 994 278
3 993 994 990
3 87 976 998
3 976 272 997
3 998 997 280
3 976 997 998
3 272 973 1000
3 973 20 999
3 1000 999 279
3 973 999 1000
3 280 1001 1003
3 1001 279 1002
3 1003 1002 89
3 1001 1002 1003
3 272 1000 997
3 1000 279 1001
3 997 1001 280
3 1000 1001 997
3 90 1004 1006
3 1004 281 1005
3 1006 1005 283
3 1004 1005 1006
3 281 1007 1009
3 1007 89 1008
3 1009 1008 282
3 1007 1008 1009
3 283 1010 1012
3 1010 282 1011
3 1012 1011 21
3 1010 1011 1012
3 281 1009 1005
3 1009 282 1010
3 1005 1010 283
3 1009 1010 1005
3 87 998 992
3 998 280 1013
3 992 1013 277
3 998 1013 992
3 280 1003 1014
3 1003 89 1007
3 1014 1007 281
3 1003 1007 1014
3 277 1015 995
3 1015 281 1004
3 995 1004 90
3 1015 1004 995
3 280 1014 1013
3 1014 281 1015
3 1013 1015 277
3 1014 1015 1013
3 18 991 956
3 991 278 1016
3 956 1016 267
3 991 1016 956
3 278 996 1018
3 996 90 1017
3 1018 1017 284
3 996 1017 1018
3 267 1019 950
3 1019 284 1020
3 950 1020 85
3 1019 1020 950
3 278 1018 1016
3 1018 284 1019
3 1016 1019 267
3 1018 1019 1016
3 90 1006 1022
3 1006 283 1021
3 1022 1021 286
3 1006 1021 1022
3 283 1012 1024
3 1012 21 1023
3 1024 1023 285
3 1012 1023 1024
3 286 1025 1027
3 1025 285 1026
3 1027 1026 91
3 1025 1026 1027
3 283 1024 1021
3 1024 285 1025
3 1021 1025 286
3 1024 1025 1021
3 85 1028 940
3 1028 287 1029
3 940 1029 262
3 1028 1029 940
3 287 1030 1032
3 1030 91 1031
3 1032 1031 288
3 1030 1031 1032
3 262 1033 935
3 1033 288 1034
3 935 1034 11
3 1033 1034 935
3 287 1032 1029
3 1032 288 1033
3 1029 1033 262
3 1032 1033 1029
3 90 1022 1017
3 1022 286 1035
3 1017 1035 284
3 1022 1035 1017
3 286 1027 1036
3 1027 91 1030
3 1036 1030 287
3 1027 1030 1036
3 284 1037 1020
3 1037 287 1028
3 1020 1028 85
3 1037 1028 1020
3 286 1036 1035
3 1036 287 1037
3 1035 1037 284
3 1036 1037 1035
3 11 1034 1039
3 1034 288 1038
3 1039 1038 290
3 1034 1038 1039
3 288 1031 1041
3 1031 91 1040
3 1041 1040 289
3 1031 1040 1041
3 290 1042 1044
3 1042 289 1043
3 1044 1043 93
3 1042 1043 1044
3 288 1041 1038
3 1041 289 1042
3 1038 1042 290
3 1041 1042 1038
3 91 1026 1046
3 1026 285 1045
3 1046 1045 292
3 1026 1045 1046
3 285 1023 1048
3 1023 21 1047
3 1048 1047 291
3 1023 1047 1048
3 292 1049 1051
3 1049 291 1050
3 1051 1050 92
3 1049 1050 1051
3 285 1048 1045
3 1048 291 1049
3 1045 1049 292
3 1048 1049 1045
3 93 1052 1054
3 1052 293 1053
3 1054 1053 295
3 1052 1053 1054
3 293 1055 1057
3 1055 92 1056
3 1057 1056 294
3 1055 1056 1057
3 295 1058 1060
3 1058 294 1059
3 1060 1059 22
3 1058 1059 1060
3 293 1057 1053
3 1057 294 1058
3 1053 1058 295
3 1057 1058 1053
3 91 1046 1040
3 1046 292 1061
3 1040 1061 289
3 1046 1061 1040
3 292 1051 1062
3 1051 92 1055
3 1062 1055 293
3 1051 1055 1062
3 289 1063 1043
3 1063 293 1052
3 1043 1052 93
3 1063 1052 1043
3 292 1062 1061
3 1062 293 1063
3 1061 1063 289
3 1062 1063 1061
3 11 1039 900
3 1039 290 1064
3 900 1064 251
3 1039 1064 900
3 290 1044 1066
3 1044 93 1065
3 1066 1065 296
3 1044 1065 1066
3 251 1067 896
3 1067 296 1068
3 896 1068 80
3 1067 1068 896
3 290 1066 1064
3 1066 296 1067
3 1064 1067 251
3 1066 1067 1064
3 93 1054 1070
3 1054 295 1069
3 1070 1069 298
3 1054 1069 1070
3 295 1060 1072
3 1060 22 1071
3 1072 1071 297
3 1060 1071 1072
3 298 1073 1075
3 1073 297 1074
3 1075 1074 94
3 1073 1074 1075
3 295 1072 1069
3 1072 297 1073
3 1069 1073 298
3 1072 1073 1069
3 80 1076 888
3 1076 299 1077
3 888 1077 248
3 1076 1077 888
3 299 1078 1080
3 1078 94 1079
3 1080 1079 300
3 1078 1079 1080
3 248 1081 883
3 1081 300 1082
3 883 1082 14
3 1081 1082 883
3 299 1080 1077
3 1080 300 1081
3 1077 1081 248
3 1080 1081 1077
3 93 1070 1065
3 1070 298 1083
3 1065 1083 296
3 1070 1083 1065
3 298 1075 1084
3 1075 94 1078
3 1084 1078 299
3 1075 1078 1084
3 296 1085 1068
3 1085 299 1076
3 1068 1076 80
3 1085 1076 1068
3 298 1084 1083
3 1084 299 1085
3 1083 1085 296
3 1084 1085 1083
3 14 1082 1087
3 1082 300 1086
3 1087 1086 302
3 1082 1086 1087
3 300 1079 1089
3 1079 94 1088
3 1089 1088 301
3 1079 1088 1089
3 302 1090 1092
3 1090 301 1091
3 1092 1091 96
3 1090 1091 1092
3 300 1089 1086
3 1089 301 1090
3 1086 1090 302
3 1089 1090 1086
3 94 1074 1094
3 1074 297 1093
3 1094 1093 304
3 1074 1093 1094
3 297 1071 1096
3 1071 22 1095
3 1096 1095 303
3 1071 1095 1096
3 304 1097 1099
3 1097 303 1098
3 1099 1098 95
3 1097 1098 1099
3 297 1096 1093
3 1096 303 1097
3 1093 1097 304
3 1096 1097 1093
3 96 1100 1102
3 1100 305 1101
3 1102 1101 307
3 1100 1101 1102
3 305 1103 1105
3 1103 95 1104
3 1105 1104 306
3 1103 1104 1105
3 307 1106 1108
3 1106 306 1107
3 1108 1107 23
3 1106 1107 1108
3 305 1105 1101
3 1105 306 1106
3 1101 1106 307
3 1105 1106 1101
3 94 1094 1088
3 1094 304 1109
3 1088 1109 301
3 1094 1109 1088
3 304 1099 1110
3 1099 95 1103
3 1110 1103 305
3 1099 1103 1110
3 301 1111 1091
3 1111 305 1100
3 1091 1100 96
3 1111 1100 1091
3 304 1110 1109
3 1110 305 1111
3 1109 1111 301
3 1110 1111 1109
3 24 1112 1114
3 1112 308 1113
3 1114 1113 310
3 1112 1113 1114
3 308 1115 1117
3 1115 97 1116
3 1117 1116 309
3 1115 1116 1117
3 310 1118 1120
3 1118 309 1119
3 1120 1119 98
3 1118 1119 1120
3 308 1117 1113
3 1117 309 1118
3 1113 1118 310
3 1117 1118 1113
3 97 1121 1123
3 1121 311 1122
3 1123 1122 312
3 1121 1122 1123
3 311 1124 1125
3 1124 22 1059
3 1125 1059 294
3 1124 1059 1125
3 312 1126 1127
3 1126 294 1056
3 1127 1056 92
3 1126 1056 1127
3 311 1125 1122
3 1125 294 1126
3 1122 1126 312
3 1125 1126 1122
3 98 1128 1130
3 1128 313 1129
3 1130 1129 314
3 1128 1129 1130
3 313 1131 1132
3 1131 92 1050
3 1132 1050 291
3 1131 1050 1132
3 314 1133 1134
3 1133 291 1047
3 1134 1047 21
3 1133 1047 1134
3 313 1132 1129
3 1132 291 1133
3 1129 1133 314
3 1132 1133 1129
3 97 1123 1116
3 1123 312 1135
3 1116 1135 309
3 1123 1135 1116
3 312 1127 1136
3 1127 92 1131
3 1136 1131 313
3 1127 1131 1136
3 309 1137 1119
3 1137 313 1128
3 1119 1128 98
3 1137 1128 1119
3 312 1136 1135
3 1136 313 1137
3 1135 1137 309
3 1136 1137 1135
3 14 1087 1139
3 1087 302 1138
3 1139 1138 316
3 1087 1138 1139
3 302 1092 1141
3 1092 96 1140
3 1141 1140 315
3 1092 1140 1141
3 316 1142 1144
3 1142 315 1143
3 1144 1143 100
3 1142 1143 1144
3 302 1141 1138
3 1141 315 1142
3 1138 1142 316
3 1141 1142 1138
3 96 1102 1146
3 1102 307 1145
3 1146 1145 318
3 1102 1145 1146
3 307 1108 1148
3 1108 23 1147
3 1148 1147 317
3 1108 1147 1148
3 318 1149 1151
3 1149 317 1150
3 1151 1150 99
3 1149 1150 1151
3 307 1148 1145
3 1148 317 1149
3 1145 1149 318
3 1148 1149 1145
3 100 1152 1154
3 1152 319 1153
3 1154 1153 321
3 1152 1153 1154
3 319 1155 1157
3 1155 99 1156
3 1157 1156 320
3 1155 1156 1157
3 321 1158 1160
3 1158 320 1159
3 1160 1159 26
3 1158 1159 1160
3 319 1157 1153
3 1157 320 1158
3 1153 1158 321
3 1157 1158 1153
3 96 1146 1140
3 1146 318 1161
3 1140 1161 315
3 1146 1161 1140
3 318 1151 1162
3 1151 99 1155
3 1162 1155 319
3 1151 1155 1162
3 315 1163 1143
3 1163 319 1152
3 1143 1152 100
3 1163 1152 1143
3 318 1162 1161
3 1162 319 1163
3 1161 1163 315
3 1162 1163 1161
3 28 1164 1166
3 1164 322 1165
3 1166 1165 324
3 1164 1165 1166
3 322 1167 1169
3 1167 101 1168
3 1169 1168 323
3 1167 1168 1169
3 324 1170 1172
3 1170 323 1171
3 1172 1171 103
3 1170 1171 1172
3 322 1169 1165
3 1169 323 1170
3 1165 1170 324
3 1169 1170 1165
3 101 1173 1175
3 1173 325 1174
3 1175 1174 327
3 1173 1174 1175
3 325 1176 1178
3 1176 29 1177
3 1178 1177 326
3 1176 1177 1178
3 327 1179 1181
3 1179 326 1180
3 1181 1180 102
3 1179 1180 1181
3 325 1178 1174
3 1178 326 1179
3 1174 1179 327
3 1178 1179 1174
3 103 1182 1184
3 1182 328 1183
3 1184 1183 330
3 1182 1183 1184
3 328 1185 1187
3 1185 102 1186
3 1187 1186 329
3 1185 1186 1187
3 330 1188 1190
3 1188 329 1189
3 1190 1189 7
3 1188 1189 1190
3 328 1187 1183
3 1187 329 1188
3 1183 1188 330
3 1187 1188 1183
3 101 1175 1168
3 1175 327 1191
3 1168 1191 323
3 1175 1191 1168
3 327 1181 1192
3 1181 102 1185
3 1192 1185 328
3 1181 1185 1192
3 323 1193 1171
3 1193 328 1182
3 1171 1182 103
3 1193 1182 1171
3 327 1192 1191
3 1192 328 1193
3 1191 1193 323
3 1192 1193 1191
3 7 1189 781
3 1189 329 1194
3 781 1194 218
3 1189 1194 781
3 329 1186 1196
3 1186 102 1195
3 1196 1195 331
3 1186 1195 1196
3 218 1197 784
3 1197 331 1198
3 784 1198 71
3 1197 1198 784
3 329 1196 1194
3 1196 331 1197
3 1194 1197 218
3 1196 1197 1194
3 102 1180 1200
3 1180 326 1199
3 1200 1199 333
3 1180 1199 1200
3 326 1177 1202
3 1177 29 1201
3 1202 1201 332
3 1177 1201 1202
3 333 1203 1205
3 1203 332 1204
3 1205 1204 104
3 1203 1204 1205
3 326 1202 1199
3 1202 332 1203
3 1199 1203 333
3 1202 1203 1199
3 71 1206 789
3 1206 334 1207
3 789 1207 221
3 1206 1207 789
3 334 1208 1210
3 1208 104 1209
3 1210 1209 335
3 1208 1209 1210
3 221 1211 792
3 1211 335 1212
3 792 1212 1
3 1211 1212 792
3 334 1210 1207
3 1210 335 1211
3 1207 1211 221
3 1210 1211 1207
3 102 1200 1195
3 1200 333 1213
3 1195 1213 331
3 1200 1213 1195
3 333 1205 1214
3 1205 104 1208
3 1214 1208 334
3 1205 1208 1214
3 331 1215 1198
3 1215 334 1206
3 1198 1206 71
3 1215 1206 1198
3 333 1214 1213
3 1214 334 1215
3 1213 1215 331
3 1214 1215 1213
3 30 1216 1218
3 1216 336 1217
3 1218 1217 338
3 1216 1217 1218
3 336 1219 1221
3 1219 105 1220
3 1221 1220 337
3 1219 1220 1221
3 338 1222 1224
3 1222 337 1223
3 1224 1223 107
3 1222 1223 1224
3 336 1221 1217
3 1221 337 1222
3 1217 1222 338
3 1221 1222 1217
3 105 1225 1227
3 1225 339 1226
3 1227 1226 341
3 1225 1226 1227
3 339 1228 1230
3 1228 28 1229
3 1230 1229 340
3 1228 1229 1230
3 341 1231 1233
3 1231 340 1232
3 1233 1232 106
3 1231 1232 1233
3 339 1230 1226
3 1230 340 1231
3 1226 1231 341
3 1230 1231 1226
3 107 1234 1236
3 1234 342 1235
3 1236 1235 344
3 1234 1235 1236
3 342 1237 1239
3 1237 106 1238
3 1239 1238 343
3 1237 1238 1239
3 344 1240 1242
3 1240 343 1241
3 1242 1241 5
3 1240 1241 1242
3 342 1239 1235
3 1239 343 1240
3 1235 1240 344
3 1239 1240 1235
3 105 1227 1220
3 1227 341 1243
3 1220 1243 337
3 1227 1243 1220
3 341 1233 1244
3 1233 106 1237
3 1244 1237 342
3 1233 1237 1244
3 337 1245 1223
3 1245 342 1234
3 1223 1234 107
3 1245 1234 1223
3 341 1244 1243
3 1244 342 1245
3 1243 1245 337
3 1244 1245 1243
3 5 1241 731
3 1241 343 1246
3 731 1246 205
3 1241 1246 731
3 343 1238 1248
3 1238 106 1247
3 1248 1247 345
3 1238 1247 1248
3 205 1249 734
3 1249 345 1250
3 734 1250 67
3 1249 1250 734
3 343 1248 1246
3 1248 345 1249
3 1246 1249 205
3 1248 1249 1246
3 106 1232 1252
3 1232 340 1251
3 1252 1251 346
3 1232 1251 1252
3 340 1229 1253
3 1229 28 1166
3 1253 1166 324
3 1229 1166 1253
3 346 1254 1255
3 1254 324 1172
3 1255 1172 103
3 1254 1172 1255
3 340 1253 1251
3 1253 324 1254
3 1251 1254 346
3 1253 1254 1251
3 67 1256 740
3 1256 347 1257
3 740 1257 208
3 1256 1257 740
3 347 1258 1259
3 1258 103 1184
3 1259 1184 330
3 1258 1184 1259
3 208 1260 743
3 1260 330 1190
3 743 1190 7
3 1260 1190 743
3 347 1259 1257
3 1259 330 1260
3 1257 1260 208
3 1259 1260 1257
3 106 1252 1247
3 1252 346 1261
3 1247 1261 345
3 1252 1261 1247
3 346 1255 1262
3 1255 103 1258
3 1262 1258 347
3 1255 1258 1262
3 345 1263 1250
3 1263 347 1256
3 1250 1256 67
3 1263 1256 1250
3 346 1262 1261
3 1262 347 1263
3 1261 1263 345
3 1262 1263 1261
3 31 1264 1266
3 1264 348 1265
3 1266 1265 350
3 1264 1265 1266
3 348 1267 1269
3 1267 108 1268
3 1269 1268 349
3 1267 1268 1269
3 350 1270 1272
3 1270 349 1271
3 1272 1271 110
3 1270 1271 1272
3 348 1269 1265
3 1269 349 1270
3 1265 1270 350
3 1269 1270 1265
3 108 1273 1275
3 1273 351 1274
3 1275 1274 353
3 1273 1274 1275
3 351 1276 1278
3 1276 30 1277
3 1278 1277 352
3 1276 1277 1278
3 353 1279 1281
3 1279 352 1280
3 1281 1280 109
3 1279 1280 1281
3 351 1278 1274
3 1278 352 1279
3 1274 1279 353
3 1278 1279 1274
3 110 1282 1284
3 1282 354 1283
3 1284 1283 356
3 1282 1283 1284
3 354 1285 1287
3 1285 109 1286
3 1287 1286 355
3 1285 1286 1287
3 356 1288 1290
3 1288 355 1289
3 1290 1289 3
3 1288 1289 1290
3 354 1287 1283
3 1287 355 1288
3 1283 1288 356
3 1287 1288 1283
3 108 1275 1268
3 1275 353 1291
3 1268 1291 349
3 1275 1291 1268
3 353 1281 1292
3 1281 109 1285
3 1292 1285 354
3 1281 1285 1292
3 349 1293 1271
3 1293 354 1282
3 1271 1282 110
3 1293 1282 1271
3 353 1292 1291
3 1292 354 1293
3 1291 1293 349
3 1292 1293 1291
3 3 1289 679
3 1289 355 1294
3 679 1294 191
3 1289 1294 679
3 355 1286 1296
3 1286 109 1295
3 1296 1295 357
3 1286 1295 1296
3 191 1297 682
3 1297 357 1298
3 682 1298 63
3 1297 1298 682
3 355 1296 1294
3 1296 357 1297
3 1294 1297 191
3 1296 1297 1294
3 109 1280 1300
3 1280 352 1299
3 1300 1299 358
3 1280 1299 1300
3 352 1277 1301
3 1277 30 1218
3 1301 1218 338
3 1277 1218 1301
3 358 1302 1303
3 1302 338 1224
3 1303 1224 107
3 1302 1224 1303
3 352 1301 1299
3 1301 338 1302
3 1299 1302 358
3 1301 1302 1299
3 63 1304 688
3 1304 359 1305
3 688 1305 194
3 1304 1305 688
3 359 1306 1307
3 1306 107 1236
3 1307 1236 344
3 1306 1236 1307
3 194 1308 691
3 1308 344 1242
3 691 1242 5
3 1308 1242 691
3 359 1307 1305
3 1307 344 1308
3 1305 1308 194
3 1307 1308 1305
3 109 1300 1295
3 1300 358 1309
3 1295 1309 357
3 1300 1309 1295
3 358 1303 1310
3 1303 107 1306
3 1310 1306 359
3 1303 1306 1310
3 357 1311 1298
3 1311 359 1304
3 1298 1304 63
3 1311 1304 1298
3 358 1310 1309
3 1310 359 1311
3 1309 1311 357
3 1310 1311 1309
3 29 1312 1201
3 1312 360 1313
3 1201 1313 332
3 1312 1313 1201
3 360 1314 1316
3 1314 111 1315
3 1316 1315 361
3 1314 1315 1316
3 332 1317 1204
3 1317 361 1318
3 1204 1318 104
3 1317 1318 1204
3 360 1316 1313
3 1316 361 1317
3 1313 1317 332
3 1316 1317 1313
3 111 1319 1321
3 1319 362 1320
3 1321 1320 364
3 1319 1320 1321
3 362 1322 1324
3 1322 31 1323
3 1324 1323 363
3 1322 1323 1324
3 364 1325 1327
3 1325 363 1326
3 1327 1326 112
3 1325 1326 1327
3 362 1324 1320
3 1324 363 1325
3 1320 1325 364
3 1324 1325 1320
3 104 1328 1209
3 1328 365 1329
3 1209 1329 335
3 1328 1329 1209
3 365 1330 1332
3 1330 112 1331
3 1332 1331 366
3 1330 1331 1332
3 335 1333 1212
3 1333 366 1334
3 1212 1334 1
3 1333 1334 1212
3 365 1332 1329
3 1332 366 1333
3 1329 1333 335
3 1332 1333 1329
3 111 1321 1315
3 1321 364 1335
3 1315 1335 361
3 1321 1335 1315
3 364 1327 1336
3 1327 112 1330
3 1336 1330 365
3 1327 1330 1336
3 361 1337 1318
3 1337 365 1328
3 1318 1328 104
3 1337 1328 1318
3 364 1336 1335
3 1336 365 1337
3 1335 1337 361
3 1336 1337 1335
3 1 1334 627
3 1334 366 1338
3 627 1338 177
3 1334 1338 627
3 366 1331 1340
3 1331 112 1339
3 1340 1339 367
3 1331 1339 1340
3 177 1341 630
3 1341 367 1342
3 630 1342 59
3 1341 1342 630
3 366 1340 1338
3 1340 367 1341
3 1338 1341 177
3 1340 1341 1338
3 112 1326 1344
3 1326 363 1343
3 1344 1343 368
3 1326 1343 1344
3 363 1323 1345
3 1323 31 1266
3 1345 1266 350
3 1323 1266 1345
3 368 1346 1347
3 1346 350 1272
3 1347 1272 110
3 1346 1272 1347
3 363 1345 1343
3 1345 350 1346
3 1343 1346 368
3 1345 1346 1343
3 59 1348 636
3 1348 369 1349
3 636 1349 180
3 1348 1349 636
3 369 1350 1351
3 1350 110 1284
3 1351 1284 356
3 1350 1284 1351
3 180 1352 639
3 1352 356 1290
3 639 1290 3
3 1352 1290 639
3 369 1351 1349
3 1351 356 1352
3 1349 1352 180
3 1351 1352 1349
3 112 1344 1339
3 1344 368 1353
3 1339 1353 367
3 1344 1353 1339
3 368 1347 1354
3 1347 110 1350
3 1354 1350 369
3 1347 1350 1354
3 367 1355 1342
3 1355 369 1348
3 1342 1348 59
3 1355 1348 1342
3 368 1354 1353
3 1354 369 1355
3 1353 1355 367
3 1354 1355 1353
3 30 1276 1216
3 1276 351 1356
3 1216 1356 336
3 1276 1356 1216
3 351 1273 1358
3 1273 108 1357
3 1358 1357 370
3 1273 1357 1358
3 336 1359 1219
3 1359 370 1360
3 1219 1360 105
3 1359 1360 1219
3 351 1358 1356
3 1358 370 1359
3 1356 1359 336
3 1358 1359 1356
3 108 1267 1362
3 1267 348 1361
3 1362 1361 372
3 1267 1361 1362
3 348 1264 1364
3 1264 31 1363
3 1364 1363 371
3 1264 1363 1364
3 372 1365 1367
3 1365 371 1366
3 1367 1366 113
3 1365 1366 1367
3 348 1364 1361
3 1364 371 1365
3 1361 1365 372
3 1364 1365 1361
3 105 1368 1225
3 1368 373 1369
3 1225 1369 339
3 1368 1369 1225
3 373 1370 1372
3 1370 113 1371
3 1372 1371 374
3 1370 1371 1372
3 339 1373 1228
3 1373 374 1374
3 1228 1374 28
3 1373 1374 1228
3 373 1372 1369
3 1372 374 1373
3 1369 1373 339
3 1372 1373 1369
3 108 1362 1357
3 1362 372 1375
3 1357 1375 370
3 1362 1375 1357
3 372 1367 1376
3 1367 113 1370
3 1376 1370 373
3 1367 1370 1376
3 370 1377 1360
3 1377 373 1368
3 1360 1368 105
3 1377 1368 1360
3 372 1376 1375
3 1376 373 1377
3 1375 1377 370
3 1376 1377 1375
3 28 1374 1164
3 1374 374 1378
3 1164 1378 322
3 1374 1378 1164
3 374 1371 1380
3 1371 113 1379
3 1380 1379 375
3 1371 1379 1380
3 322 1381 1167
3 1381 375 1382
3 1167 1382 101
3 1381 1382 1167
3 374 1380 1378
3 1380 375 1381
3 1378 1381 322
3 1380 1381 1378
3 113 1366 1384
3 1366 371 1383
3 1384 1383 376
3 1366 1383 1384
3 371 1363 1385
3 1363 31 1322
3 1385 1322 362
3 1363 1322 1385
3 376 1386 1387
3 1386 362 1319
3 1387 1319 111
3 1386 1319 1387
3 371 1385 1383
3 1385 362 1386
3 1383 1386 376
3 1385 1386 1383
3 101 1388 1173
3 1388 377 1389
3 1173 1389 325
3 1388 1389 1173
3 377 1390 1391
3 1390 111 1314
3 1391 1314 360
3 1390 1314 1391
3 325 1392 1176
3 1392 360 1312
3 1176 1312 29
3 1392 1312 1176
3 377 1391 1389
3 1391 360 1392
3 1389 1392 325
3 1391 1392 1389
3 113 1384 1379
3 1384 376 1393
3 1379 1393 375
3 1384 1393 1379
3 376 1387 1394
3 1387 111 1390
3 1394 1390 377
3 1387 1390 1394
3 375 1395 1382
3 1395 377 1388
3 1382 1388 101
3 1395 1388 1382
3 376 1394 1393
3 1394 377 1395
3 1393 1395 375
3 1394 1395 1393
3 18 955 1397
3 955 266 1396
3 1397 1396 379
3 955 1396 1397
3 266 952 1399
3 952 84 1398
3 1399 1398 378
3 952 1398 1399
3 379 1400 1402
3 1400 378 1401
3 1402 1401 115
3 1400 1401 1402
3 266 1399 1396
3 1399 378 1400
3 1396 1400 379
3 1399 1400 1396
3 84 946 1404
3 946 263 1403
3 1404 1403 381
3 946 1403 1404
3 263 943 1406
3 943 17 1405
3 1406 1405 380
3 943 1405 1406
3 381 1407 1409
3 1407 380 1408
3 1409 1408 114
3 1407 1408 1409
3 263 1406 1403
3 1406 380 1407
3 1403 1407 381
3 1406 1407 1403
3 115 1410 1412
3 1410 382 1411
3 1412 1411 384
3 1410 1411 1412
3 382 1413 1415
3 1413 114 1414
3 1415 1414 383
3 1413 1414 1415
3 384 1416 1418
3 1416 383 1417
3 1418 1417 32
3 1416 1417 1418
3 382 1415 1411
3 1415 383 1416
3 1411 1416 384
3 1415 1416 1411
3 84 1404 1398
3 1404 381 1419
3 1398 1419 378
3 1404 1419 1398
3 381 1409 1420
3 1409 114 1413
3 1420 1413 382
3 1409 1413 1420
3 378 1421 1401
3 1421 382 1410
3 1401 1410 115
3 1421 1410 1401
3 381 1420 1419
3 1420 382 1421
3 1419 1421 378
3 1420 1421 1419
3 34 1422 1424
3 1422 385 1423
3 1424 1423 387
3 1422 1423 1424
3 385 1425 1427
3 1425 116 1426
3 1427 1426 386
3 1425 1426 1427
3 387 1428 1430
3 1428 386 1429
3 1430 1429 118
3 1428 1429 1430
3 385 1427 1423
3 1427 386 1428
3 1423 1428 387
3 1427 1428 1423
3 116 1431 1433
3 1431 388 1432
3 1433 1432 390
3 1431 1432 1433
3 388 1434 1436
3 1434 0 1435
3 1436 1435 389
3 1434 1435 1436
3 390 1437 1439
3 1437 389 1438
3 1439 1438 117
3 1437 1438 1439
3 388 1436 1432
3 1436 389 1437
3 1432 1437 390
3 1436 1437 1432
3 118 1440 1442
3 1440 391 1441
3 1442 1441 393
3 1440 1441 1442
3 391 1443 1445
3 1443 117 1444
3 1445 1444 392
3 1443 1444 1445
3 393 1446 1448
3 1446 392 1447
3 1448 1447 33
3 1446 1447 1448
3 391 1445 1441
3 1445 392 1446
3 1441 1446 393
3 1445 1446 1441
3 116 1433 1426
3 1433 390 1449
3 1426 1449 386
3 1433 1449 1426
3 390 1439 1450
3 1439 117 1443
3 1450 1443 391
3 1439 1443 1450
3 386 1451 1429
3 1451 391 1440
3 1429 1440 118
3 1451 1440 1429
3 390 1450 1449
3 1450 391 1451
3 1449 1451 386
3 1450 1451 1449
3 33 1447 1453
3 1447 392 1452
3 1453 1452 395
3 1447 1452 1453
3 392 1444 1455
3 1444 117 1454
3 1455 1454 394
3 1444 1454 1455
3 395 1456 1458
3 1456 394 1457
3 1458 1457 119
3 1456 1457 1458
3 392 1455 1452
3 1455 394 1456
3 1452 1456 395
3 1455 1456 1452
3 117 1438 1460
3 1438 389 1459
3 1460 1459 396
3 1438 1459 1460
3 389 1435 1461
3 1435 0 590
3 1461 590 168
3 1435 590 1461
3 396 1462 1463
3 1462 168 596
3 1463 596 58
3 1462 596 1463
3 389 1461 1459
3 1461 168 1462
3 1459 1462 396
3 1461 1462 1459
3 119 1464 1466
3 1464 397 1465
3 1466 1465 398
3 1464 1465 1466
3 397 1467 1468
3 1467 58 608
3 1468 608 174
3 1467 608 1468
3 398 1469 1470
3 1469 174 614
3 1470 614 2
3 1469 614 1470
3 397 1468 1465
3 1468 174 1469
3 1465 1469 398
3 1468 1469 1465
3 117 1460 1454
3 1460 396 1471
3 1454 1471 394
3 1460 1471 1454
3 396 1463 1472
3 1463 58 1467
3 1472 1467 397
3 1463 1467 1472
3 394 1473 1457
3 1473 397 1464
3 1457 1464 119
3 1473 1464 1457
3 396 1472 1471
3 1472 397 1473
3 1471 1473 394
3 1472 1473 1471
3 35 1474 1476
3 1474 399 1475
3 1476 1475 401
3 1474 1475 1476
3 399 1477 1479
3 1477 120 1478
3 1479 1478 400
3 1477 1478 1479
3 401 1480 1482
3 1480 400 1481
3 1482 1481 122
3 1480 1481 1482
3 399 1479 1475
3 1479 400 1480
3 1475 1480 401
3 1479 1480 1475
3 120 1483 1485
3 1483 402 1484
3 1485 1484 404
3 1483 1484 1485
3 402 1486 1488
3 1486 2 1487
3 1488 1487 403
3 1486 1487 1488
3 404 1489 1491
3 1489 403 1490
3 1491 1490 121
3 1489 1490 1491
3 402 1488 1484
3 1488 403 1489
3 1484 1489 404
3 1488 1489 1484
3 122 1492 1494
3 1492 405 1493
3 1494 1493 407
3 1492 1493 1494
3 405 1495 1497
3 1495 121 1496
3 1497 1496 406
3 1495 1496 1497
3 407 1498 1500
3 1498 406 1499
3 1500 1499 36
3 1498 1499 1500
3 405 1497 1493
3 1497 406 1498
3 1493 1498 407
3 1497 1498 1493
3 120 1485 1478
3 1485 404 1501
3 1478 1501 400
3 1485 1501 1478
3 404 1491 1502
3 1491 121 1495
3 1502 1495 405
3 1491 1495 1502
3 400 1503 1481
3 1503 405 1492
3 1481 1492 122
3 1503 1492 1481
3 404 1502 1501
3 1502 405 1503
3 1501 1503 400
3 1502 1503 1501
3 36 1499 1505
3 1499 406 1504
3 1505 1504 409
3 1499 1504 1505
3 406 1496 1507
3 1496 121 1506
3 1507 1506 408
3 1496 1506 1507
3 409 1508 1510
3 1508 408 1509
3 1510 1509 123
3 1508 1509 1510
3 406 1507 1504
3 1507 408 1508
3 1504 1508 409
3 1507 1508 1504
3 121 1490 1512
3 1490 403 1511
3 1512 1511 410
3 1490 1511 1512
3 403 1487 1513
3 1487 2 645
3 1513 645 183
3 1487 645 1513
3 410 1514 1515
3 1514 183 650
3 1515 650 62
3 1514 650 1515
3 403 1513 1511
3 1513 183 1514
3 1511 1514 410
3 1513 1514 1511
3 123 1516 1518
3 1516 411 1517
3 1518 1517 412
3 1516 1517 1518
3 411 1519 1520
3 1519 62 660
3 1520 660 188
3 1519 660 1520
3 412 1521 1522
3 1521 188 666
3 1522 666 4
3 1521 666 1522
3 411 1520 1517
3 1520 188 1521
3 1517 1521 412
3 1520 1521 1517
3 121 1512 1506
3 1512 410 1523
3 1506 1523 408
3 1512 1523 1506
3 410 1515 1524
3 1515 62 1519
3 1524 1519 411
3 1515 1519 1524
3 408 1525 1509
3 1525 411 1516
3 1509 1516 123
3 1525 1516 1509
3 410 1524 1523
3 1524 411 1525
3 1523 1525 408
3 1524 1525 1523
3 37 1526 1528
3 1526 413 1527
3 1528 1527 415
3 1526 1527 1528
3 413 1529 1531
3 1529 124 1530
3 1531 1530 414
3 1529 1530 1531
3 415 1532 1534
3 1532 414 1533
3 1534 1533 125
3 1532 1533 1534
3 413 1531 1527
3 1531 414 1532
3 1527 1532 415
3 1531 1532 1527
3 124 1535 1537
3 1535 416 1536
3 1537 1536 417
3 1535 1536 1537
3 416 1538 1539
3 1538 19 962
3 1539 962 270
3 1538 962 1539
3 417 1540 1541
3 1540 270 968
3 1541 968 88
3 1540 968 1541
3 416 1539 1536
3 1539 270 1540
3 1536 1540 417
3 1539 1540 1536
3 125 1542 1544
3 1542 418 1543
3 1544 1543 419
3 1542 1543 1544
3 418 1545 1546
3 1545 88 980
3 1546 980 276
3 1545 980 1546
3 419 1547 1548
3 1547 276 986
3 1548 986 18
3 1547 986 1548
3 418 1546 1543
3 1546 276 1547
3 1543 1547 419
3 1546 1547 1543
3 124 1537 1530
3 1537 417 1549
3 1530 1549 414
3 1537 1549 1530
3 417 1541 1550
3 1541 88 1545
3 1550 1545 418
3 1541 1545 1550
3 414 1551 1533
3 1551 418 1542
3 1533 1542 125
3 1551 1542 1533
3 417 1550 1549
3 1550 418 1551
3 1549 1551 414
3 1550 1551 1549
3 20 1552 999
3 1552 420 1553
3 999 1553 279
3 1552 1553 999
3 420 1554 1556
3 1554 126 1555
3 1556 1555 421
3 1554 1555 1556
3 279 1557 1002
3 1557 421 1558
3 1002 1558 89
3 1557 1558 1002
3 420 1556 1553
3 1556 421 1557
3 1553 1557 279
3 1556 1557 1553
3 126 1559 1561
3 1559 422 1560
3 1561 1560 424
3 1559 1560 1561
3 422 1562 1564
3 1562 38 1563
3 1564 1563 423
3 1562 1563 1564
3 424 1565 1567
3 1565 423 1566
3 1567 1566 127
3 1565 1566 1567
3 422 1564 1560
3 1564 423 1565
3 1560 1565 424
3 1564 1565 1560
3 89 1568 1008
3 1568 425 1569
3 1008 1569 282
3 1568 1569 1008
3 425 1570 1572
3 1570 127 1571
3 1572 1571 426
3 1570 1571 1572
3 282 1573 1011
3 1573 426 1574
3 1011 1574 21
3 1573 1574 1011
3 425 1572 1569
3 1572 426 1573
3 1569 1573 282
3 1572 1573 1569
3 126 1561 1555
3 1561 424 1575
3 1555 1575 421
3 1561 1575 1555
3 424 1567 1576
3 1567 127 1570
3 1576 1570 425
3 1567 1570 1576
3 421 1577 1558
3 1577 425 1568
3 1558 1568 89
3 1577 1568 1558
3 424 1576 1575
3 1576 425 1577
3 1575 1577 421
3 1576 1577 1575
3 25 1578 1580
3 1578 427 1579
3 1580 1579 429
3 1578 1579 1580
3 427 1581 1583
3 1581 128 1582
3 1583 1582 428
3 1581 1582 1583
3 429 1584 1586
3 1584 428 1585
3 1586 1585 130
3 1584 1585 1586
3 427 1583 1579
3 1583 428 1584
3 1579 1584 429
3 1583 1584 1579
3 128 1587 1589
3 1587 430 1588
3 1589 1588 432
3 1587 1588 1589
3 430 1590 1592
3 1590 4 1591
3 1592 1591 431
3 1590 1591 1592
3 432 1593 1595
3 1593 431 1594
3 1595 1594 129
3 1593 1594 1595
3 430 1592 1588
3 1592 431 1593
3 1588 1593 432
3 1592 1593 1588
3 130 1596 1598
3 1596 433 1597
3 1598 1597 435
3 1596 1597 1598
3 433 1599 1601
3 1599 129 1600
3 1601 1600 434
3 1599 1600 1601
3 435 1602 1604
3 1602 434 1603
3 1604 1603 27
3 1602 1603 1604
3 433 1601 1597
3 1601 434 1602
3 1597 1602 435
3 1601 1602 1597
3 128 1589 1582
3 1589 432 1605
3 1582 1605 428
3 1589 1605 1582
3 432 1595 1606
3 1595 129 1599
3 1606 1599 433
3 1595 1599 1606
3 428 1607 1585
3 1607 433 1596
3 1585 1596 130
3 1607 1596 1585
3 432 1606 1605
3 1606 433 1607
3 1605 1607 428
3 1606 1607 1605
3 27 1603 1609
3 1603 434 1608
3 1609 1608 437
3 1603 1608 1609
3 434 1600 1611
3 1600 129 1610
3 1611 1610 436
3 1600 1610 1611
3 437 1612 1614
3 1612 436 1613
3 1614 1613 131
3 1612 1613 1614
3 434 1611 1608
3 1611 436 1612
3 1608 1612 437
3 1611 1612 1608
3 129 1594 1616
3 1594 431 1615
3 1616 1615 438
3 1594 1615 1616
3 431 1591 1617
3 1591 4 697
3 1617 697 197
3 1591 697 1617
3 438 1618 1619
3 1618 197 702
3 1619 702 66
3 1618 702 1619
3 431 1617 1615
3 1617 197 1618
3 1615 1618 438
3 1617 1618 1615
3 131 1620 1622
3 1620 439 1621
3 1622 1621 440
3 1620 1621 1622
3 439 1623 1624
3 1623 66 712
3 1624 712 202
3 1623 712 1624
3 440 1625 1626
3 1625 202 718
3 1626 718 6
3 1625 718 1626
3 439 1624 1621
3 1624 202 1625
3 1621 1625 440
3 1624 1625 1621
3 129 1616 1610
3 1616 438 1627
3 1610 1627 436
3 1616 1627 1610
3 438 1619 1628
3 1619 66 1623
3 1628 1623 439
3 1619 1623 1628
3 436 1629 1613
3 1629 439 1620
3 1613 1620 131
3 1629 1620 1613
3 438 1628 1627
3 1628 439 1629
3 1627 1629 436
3 1628 1629 1627
3 15 1630 1632
3 1630 441 1631
3 1632 1631 443
3 1630 1631 1632
3 441 1633 1635
3 1633 132 1634
3 1635 1634 442
3 1633 1634 1635
3 443 1636 1638
3 1636 442 1637
3 1638 1637 134
3 1636 1637 1638
3 441 1635 1631
3 1635 442 1636
3 1631 1636 443
3 1635 1636 1631
3 132 1639 1641
3 1639 444 1640
3 1641 1640 446
3 1639 1640 1641
3 444 1642 1644
3 1642 6 1643
3 1644 1643 445
3 1642 1643 1644
3 446 1645 1647
3 1645 445 1646
3 1647 1646 133
3 1645 1646 1647
3 444 1644 1640
3 1644 445 1645
3 1640 1645 446
3 1644 1645 1640
3 134 1648 1650
3 1648 447 1649
3 1650 1649 449
3 1648 1649 1650
3 447 1651 1653
3 1651 133 1652
3 1653 1652 448
3 1651 1652 1653
3 449 1654 1656
3 1654 448 1655
3 1656 1655 9
3 1654 1655 1656
3 447 1653 1649
3 1653 448 1654
3 1649 1654 449
3 1653 1654 1649
3 132 1641 1634
3 1641 446 1657
3 1634 1657 442
3 1641 1657 1634
3 446 1647 1658
3 1647 133 1651
3 1658 1651 447
3 1647 1651 1658
3 442 1659 1637
3 1659 447 1648
3 1637 1648 134
3 1659 1648 1637
3 446 1658 1657
3 1658 447 1659
3 1657 1659 442
3 1658 1659 1657
3 9 1655 1661
3 1655 448 1660
3 1661 1660 451
3 1655 1660 1661
3 448 1652 1663
3 1652 133 1662
3 1663 1662 450
3 1652 1662 1663
3 451 1664 1666
3 1664 450 1665
3 1666 1665 135
3 1664 1665 1666
3 448 1663 1660
3 1663 450 1664
3 1660 1664 451
3 1663 1664 1660
3 133 1646 1668
3 1646 445 1667
3 1668 1667 452
3 1646 1667 1668
3 445 1643 1669
3 1643 6 749
3 1669 749 211
3 1643 749 1669
3 452 1670 1671
3 1670 211 754
3 1671 754 70
3 1670 754 1671
3 445 1669 1667
3 1669 211 1670
3 1667 1670 452
3 1669 1670 1667
3 135 1672 1674
3 1672 453 1673
3 1674 1673 454
3 1672 1673 1674
3 453 1675 1676
3 1675 70 764
3 1676 764 216
3 1675 764 1676
3 454 1677 1678
3 1677 216 770
3 1678 770 0
3 1677 770 1678
3 453 1676 1673
3 1676 216 1677
3 1673 1677 454
3 1676 1677 1673
3 133 1668 1662
3 1668 452 1679
3 1662 1679 450
3 1668 1679 1662
3 452 1671 1680
3 1671 70 1675
3 1680 1675 453
3 1671 1675 1680
3 450 1681 1665
3 1681 453 1672
3 1665 1672 135
3 1681 1672 1665
3 452 1680 1679
3 1680 453 1681
3 1679 1681 450
3 1680 1681 1679
3 39 1682 1684
3 1682 455 1683
3 1684 1683 457
3 1682 1683 1684
3 455 1685 1687
3 1685 136 1686
3 1687 1686 456
3 1685 1686 1687
3 457 1688 1690
3 1688 456 1689
3 1690 1689 137
3 1688 1689 1690
3 455 1687 1683
3 1687 456 1688
3 1683 1688 457
3 1687 1688 1683
3 136 1691 1693
3 1691 458 1692
3 1693 1692 459
3 1691 1692 1693
3 458 1694 1695
3 1694 16 906
3 1695 906 254
3 1694 906 1695
3 459 1696 1697
3 1696 254 912
3 1697 912 83
3 1696 912 1697
3 458 1695 1692
3 1695 254 1696
3 1692 1696 459
3 1695 1696 1692
3 137 1698 1700
3 1698 460 1699
3 1700 1699 461
3 1698 1699 1700
3 460 1701 1702
3 1701 83 924
3 1702 924 260
3 1701 924 1702
3 461 1703 1704
3 1703 260 930
3 1704 930 11
3 1703 930 1704
3 460 1702 1699
3 1702 260 1703
3 1699 1703 461
3 1702 1703 1699
3 136 1693 1686
3 1693 459 1705
3 1686 1705 456
3 1693 1705 1686
3 459 1697 1706
3 1697 83 1701
3 1706 1701 460
3 1697 1701 1706
3 456 1707 1689
3 1707 460 1698
3 1689 1698 137
3 1707 1698 1689
3 459 1706 1705
3 1706 460 1707
3 1705 1707 456
3 1706 1707 1705
3 39 1708 1710
3 1708 462 1709
3 1710 1709 464
3 1708 1709 1710
3 462 1711 1713
3 1711 138 1712
3 1713 1712 463
3 1711 1712 1713
3 464 1714 1716
3 1714 463 1715
3 1716 1715 140
3 1714 1715 1716
3 462 1713 1709
3 1713 463 1714
3 1709 1714 464
3 1713 1714 1709
3 138 1717 1719
3 1717 465 1718
3 1719 1718 467
3 1717 1718 1719
3 465 1720 1722
3 1720 34 1721
3 1722 1721 466
3 1720 1721 1722
3 467 1723 1725
3 1723 466 1724
3 1725 1724 139
3 1723 1724 1725
3 465 1722 1718
3 1722 466 1723
3 1718 1723 467
3 1722 1723 1718
3 140 1726 1728
3 1726 468 1727
3 1728 1727 470
3 1726 1727 1728
3 468 1729 1731
3 1729 139 1730
3 1731 1730 469
3 1729 1730 1731
3 470 1732 1734
3 1732 469 1733
3 1734 1733 32
3 1732 1733 1734
3 468 1731 1727
3 1731 469 1732
3 1727 1732 470
3 1731 1732 1727
3 138 1719 1712
3 1719 467 1735
3 1712 1735 463
3 1719 1735 1712
3 467 1725 1736
3 1725 139 1729
3 1736 1729 468
3 1725 1729 1736
3 463 1737 1715
3 1737 468 1726
3 1715 1726 140
3 1737 1726 1715
3 467 1736 1735
3 1736 468 1737
3 1735 1737 463
3 1736 1737 1735
3 32 1733 1739
3 1733 469 1738
3 1739 1738 472
3 1733 1738 1739
3 469 1730 1741
3 1730 139 1740
3 1741 1740 471
3 1730 1740 1741
3 472 1742 1744
3 1742 471 1743
3 1744 1743 141
3 1742 1743 1744
3 469 1741 1738
3 1741 471 1742
3 1738 1742 472
3 1741 1742 1738
3 139 1724 1746
3 1724 466 1745
3 1746 1745 473
3 1724 1745 1746
3 466 1721 1747
3 1721 34 1424
3 1747 1424 387
3 1721 1424 1747
3 473 1748 1749
3 1748 387 1430
3 1749 1430 118
3 1748 1430 1749
3 466 1747 1745
3 1747 387 1748
3 1745 1748 473
3 1747 1748 1745
3 141 1750 1752
3 1750 474 1751
3 1752 1751 475
3 1750 1751 1752
3 474 1753 1754
3 1753 118 1442
3 1754 1442 393
3 1753 1442 1754
3 475 1755 1756
3 1755 393 1448
3 1756 1448 33
3 1755 1448 1756
3 474 1754 1751
3 1754 393 1755
3 1751 1755 475
3 1754 1755 1751
3 139 1746 1740
3 1746 473 1757
3 1740 1757 471
3 1746 1757 1740
3 473 1749 1758
3 1749 118 1753
3 1758 1753 474
3 1749 1753 1758
3 471 1759 1743
3 1759 474 1750
3 1743 1750 141
3 1759 1750 1743
3 473 1758 1757
3 1758 474 1759
3 1757 1759 471
3 1758 1759 1757
3 17 916 1405
3 916 255 1760
3 1405 1760 380
3 916 1760 1405
3 255 913 1762
3 913 81 1761
3 1762 1761 476
3 913 1761 1762
3 380 1763 1408
3 1763 476 1764
3 1408 1764 114
3 1763 1764 1408
3 255 1762 1760
3 1762 476 1763
3 1760 1763 380
3 1762 1763 1760
3 81 907 1766
3 907 252 1765
3 1766 1765 478
3 907 1765 1766
3 252 904 1768
3 904 16 1767
3 1768 1767 477
3 904 1767 1768
3 478 1769 1771
3 1769 477 1770
3 1771 1770 142
3 1769 1770 1771
3 252 1768 1765
3 1768 477 1769
3 1765 1769 478
3 1768 1769 1765
3 114 1772 1414
3 1772 479 1773
3 1414 1773 383
3 1772 1773 1414
3 479 1774 1776
3 1774 142 1775
3 1776 1775 480
3 1774 1775 1776
3 383 1777 1417
3 1777 480 1778
3 1417 1778 32
3 1777 1778 1417
3 479 1776 1773
3 1776 480 1777
3 1773 1777 383
3 1776 1777 1773
3 81 1766 1761
3 1766 478 1779
3 1761 1779 476
3 1766 1779 1761
3 478 1771 1780
3 1771 142 1774
3 1780 1774 479
3 1771 1774 1780
3 476 1781 1764
3 1781 479 1772
3 1764 1772 114
3 1781 1772 1764
3 478 1780 1779
3 1780 479 1781
3 1779 1781 476
3 1780 1781 1779
3 32 1778 1734
3 1778 480 1782
3 1734 1782 470
3 1778 1782 1734
3 480 1775 1784
3 1775 142 1783
3 1784 1783 481
3 1775 1783 1784
3 470 1785 1728
3 1785 481 1786
3 1728 1786 140
3 1785 1786 1728
3 480 1784 1782
3 1784 481 1785
3 1782 1785 470
3 1784 1785 1782
3 142 1770 1788
3 1770 477 1787
3 1788 1787 482
3 1770 1787 1788
3 477 1767 1789
3 1767 16 1694
3 1789 1694 458
3 1767 1694 1789
3 482 1790 1791
3 1790 458 1691
3 1791 1691 136
3 1790 1691 1791
3 477 1789 1787
3 1789 458 1790
3 1787 1790 482
3 1789 1790 1787
3 140 1792 1716
3 1792 483 1793
3 1716 1793 464
3 1792 1793 1716
3 483 1794 1795
3 1794 136 1685
3 1795 1685 455
3 1794 1685 1795
3 464 1796 1710
3 1796 455 1682
3 1710 1682 39
3 1796 1682 1710
3 483 1795 1793
3 1795 455 1796
3 1793 1796 464
3 1795 1796 1793
3 142 1788 1783
3 1788 482 1797
3 1783 1797 481
3 1788 1797 1783
3 482 1791 1798
3 1791 136 1794
3 1798 1794 483
3 1791 1794 1798
3 481 1799 1786
3 1799 483 1792
3 1786 1792 140
3 1799 1792 1786
3 482 1798 1797
3 1798 483 1799
3 1797 1799 481
3 1798 1799 1797
3 38 1562 1801
3 1562 422 1800
3 1801 1800 485
3 1562 1800 1801
3 422 1559 1803
3 1559 126 1802
3 1803 1802 484
3 1559 1802 1803
3 485 1804 1806
3 1804 484 1805
3 1806 1805 144
3 1804 1805 1806
3 422 1803 1800
3 1803 484 1804
3 1800 1804 485
3 1803 1804 1800
3 126 1554 1808
3 1554 420 1807
3 1808 1807 487
3 1554 1807 1808
3 420 1552 1810
3 1552 20 1809
3 1810 1809 486
3 1552 1809 1810
3 487 1811 1813
3 1811 486 1812
3 1813 1812 143
3 1811 1812 1813
3 420 1810 1807
3 1810 486 1811
3 1807 1811 487
3 1810 1811 1807
3 144 1814 1816
3 1814 488 1815
3 1816 1815 490
3 1814 1815 1816
3 488 1817 1819
3 1817 143 1818
3 1819 1818 489
3 1817 1818 1819
3 490 1820 1822
3 1820 489 1821
3 1822 1821 37
3 1820 1821 1822
3 488 1819 1815
3 1819 489 1820
3 1815 1820 490
3 1819 1820 1815
3 126 1808 1802
3 1808 487 1823
3 1802 1823 484
3 1808 1823 1802
3 487 1813 1824
3 1813 143 1817
3 1824 1817 488
3 1813 1817 1824
3 484 1825 1805
3 1825 488 1814
3 1805 1814 144
3 1825 1814 1805
3 487 1824 1823
3 1824 488 1825
3 1823 1825 484
3 1824 1825 1823
3 37 1821 1526
3 1821 489 1826
3 1526 1826 413
3 1821 1826 1526
3 489 1818 1828
3 1818 143 1827
3 1828 1827 491
3 1818 1827 1828
3 413 1829 1529
3 1829 491 1830
3 1529 1830 124
3 1829 1830 1529
3 489 1828 1826
3 1828 491 1829
3 1826 1829 413
3 1828 1829 1826
3 143 1812 1832
3 1812 486 1831
3 1832 1831 492
3 1812 1831 1832
3 486 1809 1833
3 1809 20 972
3 1833 972 271
3 1809 972 1833
3 492 1834 1835
3 1834 271 969
3 1835 969 86
3 1834 969 1835
3 486 1833 1831
3 1833 271 1834
3 1831 1834 492
3 1833 1834 1831
3 124 1836 1535
3 1836 493 1837
3 1535 1837 416
3 1836 1837 1535
3 493 1838 1839
3 1838 86 963
3 1839 963 268
3 1838 963 1839
3 416 1840 1538
3 1840 268 960
3 1538 960 19
3 1840 960 1538
3 493 1839 1837
3 1839 268 1840
3 1837 1840 416
3 1839 1840 1837
3 143 1832 1827
3 1832 492 1841
3 1827 1841 491
3 1832 1841 1827
3 492 1835 1842
3 1835 86 1838
3 1842 1838 493
3 1835 1838 1842
3 491 1843 1830
3 1843 493 1836
3 1830 1836 124
3 1843 1836 1830
3 492 1842 1841
3 1842 493 1843
3 1841 1843 491
3 1842 1843 1841
3 36 1844 1500
3 1844 494 1845
3 1500 1845 407
3 1844 1845 1500
3 494 1846 1848
3 1846 145 1847
3 1848 1847 495
3 1846 1847 1848
3 407 1849 1494
3 1849 495 1850
3 1494 1850 122
3 1849 1850 1494
3 494 1848 1845
3 1848 495 1849
3 1845 1849 407
3 1848 1849 1845
3 145 1851 1853
3 1851 496 1852
3 1853 1852 498
3 1851 1852 1853
3 496 1854 1856
3 1854 38 1855
3 1856 1855 497
3 1854 1855 1856
3 498 1857 1859
3 1857 497 1858
3 1859 1858 146
3 1857 1858 1859
3 496 1856 1852
3 1856 497 1857
3 1852 1857 498
3 1856 1857 1852
3 122 1860 1482
3 1860 499 1861
3 1482 1861 401
3 1860 1861 1482
3 499 1862 1864
3 1862 146 1863
3 1864 1863 500
3 1862 1863 1864
3 401 1865 1476
3 1865 500 1866
3 1476 1866 35
3 1865 1866 1476
3 499 1864 1861
3 1864 500 1865
3 1861 1865 401
3 1864 1865 1861
3 145 1853 1847
3 1853 498 1867
3 1847 1867 495
3 1853 1867 1847
3 498 1859 1868
3 1859 146 1862
3 1868 1862 499
3 1859 1862 1868
3 495 1869 1850
3 1869 499 1860
3 1850 1860 122
3 1869 1860 1850
3 498 1868 1867
3 1868 499 1869
3 1867 1869 495
3 1868 1869 1867
3 35 1866 1871
3 1866 500 1870
3 1871 1870 502
3 1866 1870 1871
3 500 1863 1873
3 1863 146 1872
3 1873 1872 501
3 1863 1872 1873
3 502 1874 1876
3 1874 501 1875
3 1876 1875 147
3 1874 1875 1876
3 500 1873 1870
3 1873 501 1874
3 1870 1874 502
3 1873 1874 1870
3 146 1858 1878
3 1858 497 1877
3 1878 1877 503
3 1858 1877 1878
3 497 1855 1879
3 1855 38 1801
3 1879 1801 485
3 1855 1801 1879
3 503 1880 1881
3 1880 485 1806
3 1881 1806 144
3 1880 1806 1881
3 497 1879 1877
3 1879 485 1880
3 1877 1880 503
3 1879 1880 1877
3 147 1882 1884
3 1882 504 1883
3 1884 1883 505
3 1882 1883 1884
3 504 1885 1886
3 1885 144 1816
3 1886 1816 490
3 1885 1816 1886
3 505 1887 1888
3 1887 490 1822
3 1888 1822 37
3 1887 1822 1888
3 504 1886 1883
3 1886 490 1887
3 1883 1887 505
3 1886 1887 1883
3 146 1878 1872
3 1878 503 1889
3 1872 1889 501
3 1878 1889 1872
3 503 1881 1890
3 1881 144 1885
3 1890 1885 504
3 1881 1885 1890
3 501 1891 1875
3 1891 504 1882
3 1875 1882 147
3 1891 1882 1875
3 503 1890 1889
3 1890 504 1891
3 1889 1891 501
3 1890 1891 1889
3 24 1892 1112
3 1892 506 1893
3 1112 1893 308
3 1892 1893 1112
3 506 1894 1896
3 1894 148 1895
3 1896 1895 507
3 1894 1895 1896
3 308 1897 1115
3 1897 507 1898
3 1115 1898 97
3 1897 1898 1115
3 506 1896 1893
3 1896 507 1897
3 1893 1897 308
3 1896 1897 1893
3 148 1899 1901
3 1899 508 1900
3 1901 1900 510
3 1899 1900 1901
3 508 1902 1904
3 1902 26 1903
3 1904 1903 509
3 1902 1903 1904
3 510 1905 1907
3 1905 509 1906
3 1907 1906 149
3 1905 1906 1907
3 508 1904 1900
3 1904 509 1905
3 1900 1905 510
3 1904 1905 1900
3 97 1908 1121
3 1908 511 1909
3 1121 1909 311
3 1908 1909 1121
3 511 1910 1912
3 1910 149 1911
3 1912 1911 512
3 1910 1911 1912
3 311 1913 1124
3 1913 512 1914
3 1124 1914 22
3 1913 1914 1124
3 511 1912 1909
3 1912 512 1913
3 1909 1913 311
3 1912 1913 1909
3 148 1901 1895
3 1901 510 1915
3 1895 1915 507
3 1901 1915 1895
3 510 1907 1916
3 1907 149 1910
3 1916 1910 511
3 1907 1910 1916
3 507 1917 1898
3 1917 511 1908
3 1898 1908 97
3 1917 1908 1898
3 510 1916 1915
3 1916 511 1917
3 1915 1917 507
3 1916 1917 1915
3 22 1914 1095
3 1914 512 1918
3 1095 1918 303
3 1914 1918 1095
3 512 1911 1920
3 1911 149 1919
3 1920 1919 513
3 1911 1919 1920
3 303 1921 1098
3 1921 513 1922
3 1098 1922 95
3 1921 1922 1098
3 512 1920 1918
3 1920 513 1921
3 1918 1921 303
3 1920 1921 1918
3 149 1906 1924
3 1906 509 1923
3 1924 1923 514
3 1906 1923 1924
3 509 1903 1925
3 1903 26 1159
3 1925 1159 320
3 1903 1159 1925
3 514 1926 1927
3 1926 320 1156
3 1927 1156 99
3 1926 1156 1927
3 509 1925 1923
3 1925 320 1926
3 1923 1926 514
3 1925 1926 1923
3 95 1928 1104
3 1928 515 1929
3 1104 1929 306
3 1928 1929 1104
3 515 1930 1931
3 1930 99 1150
3 1931 1150 317
3 1930 1150 1931
3 306 1932 1107
3 1932 317 1147
3 1107 1147 23
3 1932 1147 1107
3 515 1931 1929
3 1931 317 1932
3 1929 1932 306
3 1931 1932 1929
3 149 1924 1919
3 1924 514 1933
3 1919 1933 513
3 1924 1933 1919
3 514 1927 1934
3 1927 99 1930
3 1934 1930 515
3 1927 1930 1934
3 513 1935 1922
3 1935 515 1928
3 1922 1928 95
3 1935 1928 1922
3 514 1934 1933
3 1934 515 1935
3 1933 1935 513
3 1934 1935 1933
3 25 1580 1937
3 1580 429 1936
3 1937 1936 517
3 1580 1936 1937
3 429 1586 1939
3 1586 130 1938
3 1939 1938 516
3 1586 1938 1939
3 517 1940 1942
3 1940 516 1941
3 1942 1941 151
3 1940 1941 1942
3 429 1939 1936
3 1939 516 1940
3 1936 1940 517
3 1939 1940 1936
3 130 1598 1944
3 1598 435 1943
3 1944 1943 519
3 1598 1943 1944
3 435 1604 1946
3 1604 27 1945
3 1946 1945 518
3 1604 1945 1946
3 519 1947 1949
3 1947 518 1948
3 1949 1948 150
3 1947 1948 1949
3 435 1946 1943
3 1946 518 1947
3 1943 1947 519
3 1946 1947 1943
3 151 1950 1952
3 1950 520 1951
3 1952 1951 522
3 1950 1951 1952
3 520 1953 1955
3 1953 150 1954
3 1955 1954 521
3 1953 1954 1955
3 522 1956 1958
3 1956 521 1957
3 1958 1957 24
3 1956 1957 1958
3 520 1955 1951
3 1955 521 1956
3 1951 1956 522
3 1955 1956 1951
3 130 1944 1938
3 1944 519 1959
3 1938 1959 516
3 1944 1959 1938
3 519 1949 1960
3 1949 150 1953
3 1960 1953 520
3 1949 1953 1960
3 516 1961 1941
3 1961 520 1950
3 1941 1950 151
3 1961 1950 1941
3 519 1960 1959
3 1960 520 1961
3 1959 1961 516
3 1960 1961 1959
3 24 1957 1892
3 1957 521 1962
3 1892 1962 506
3 1957 1962 1892
3 521 1954 1964
3 1954 150 1963
3 1964 1963 523
3 1954 1963 1964
3 506 1965 1894
3 1965 523 1966
3 1894 1966 148
3 1965 1966 1894
3 521 1964 1962
3 1964 523 1965
3 1962 1965 506
3 1964 1965 1962
3 150 1948 1968
3 1948 518 1967
3 1968 1967 525
3 1948 1967 1968
3 518 1945 1970
3 1945 27 1969
3 1970 1969 524
3 1945 1969 1970
3 525 1971 1973
3 1971 524 1972
3 1973 1972 152
3 1971 1972 1973
3 518 1970 1967
3 1970 524 1971
3 1967 1971 525
3 1970 1971 1967
3 148 1974 1899
3 1974 526 1975
3 1899 1975 508
3 1974 1975 1899
3 526 1976 1978
3 1976 152 1977
3 1978 1977 527
3 1976 1977 1978
3 508 1979 1902
3 1979 527 1980
3 1902 1980 26
3 1979 1980 1902
3 526 1978 1975
3 1978 527 1979
3 1975 1979 508
3 1978 1979 1975
3 150 1968 1963
3 1968 525 1981
3 1963 1981 523
3 1968 1981 1963
3 525 1973 1982
3 1973 152 1976
3 1982 1976 526
3 1973 1976 1982
3 523 1983 1966
3 1983 526 1974
3 1966 1974 148
3 1983 1974 1966
3 525 1982 1981
3 1982 526 1983
3 1981 1983 523
3 1982 1983 1981
3 8 1984 1986
3 1984 528 1985
3 1986 1985 530
3 1984 1985 1986
3 528 1987 1989
3 1987 153 1988
3 1989 1988 529
3 1987 1988 1989
3 530 1990 1992
3 1990 529 1991
3 1992 1991 155
3 1990 1991 1992
3 528 1989 1985
3 1989 529 1990
3 1985 1990 530
3 1989 1990 1985
3 153 1993 1995
3 1993 531 1994
3 1995 1994 533
3 1993 1994 1995
3 531 1996 1998
3 1996 12 1997
3 1998 1997 532
3 1996 1997 1998
3 533 1999 2001
3 1999 532 2000
3 2001 2000 154
3 1999 2000 2001
3 531 1998 1994
3 1998 532 1999
3 1994 1999 533
3 1998 1999 1994
3 155 2002 2004
3 2002 534 2003
3 2004 2003 536
3 2002 2003 2004
3 534 2005 2007
3 2005 154 2006
3 2007 2006 535
3 2005 2006 2007
3 536 2008 2010
3 2008 535 2009
3 2010 2009 9
3 2008 2009 2010
3 534 2007 2003
3 2007 535 2008
3 2003 2008 536
3 2007 2008 2003
3 153 1995 1988
3 1995 533 2011
3 1988 2011 529
3 1995 2011 1988
3 533 2001 2012
3 2001 154 2005
3 2012 2005 534
3 2001 2005 2012
3 529 2013 1991
3 2013 534 2002
3 1991 2002 155
3 2013 2002 1991
3 533 2012 2011
3 2012 534 2013
3 2011 2013 529
3 2012 2013 2011
3 9 2009 1656
3 2009 535 2014
3 1656 2014 449
3 2009 2014 1656
3 535 2006 2016
3 2006 154 2015
3 2016 2015 537
3 2006 2015 2016
3 449 2017 1650
3 2017 537 2018
3 1650 2018 134
3 2017 2018 1650
3 535 2016 2014
3 2016 537 2017
3 2014 2017 449
3 2016 2017 2014
3 154 2000 2020
3 2000 532 2019
3 2020 2019 539
3 2000 2019 2020
3 532 1997 2022
3 1997 12 2021
3 2022 2021 538
3 1997 2021 2022
3 539 2023 2025
3 2023 538 2024
3 2025 2024 156
3 2023 2024 2025
3 532 2022 2019
3 2022 538 2023
3 2019 2023 539
3 2022 2023 2019
3 134 2026 1638
3 2026 540 2027
3 1638 2027 443
3 2026 2027 1638
3 540 2028 2030
3 2028 156 2029
3 2030 2029 541
3 2028 2029 2030
3 443 2031 1632
3 2031 541 2032
3 1632 2032 15
3 2031 2032 1632
3 540 2030 2027
3 2030 541 2031
3 2027 2031 443
3 2030 2031 2027
3 154 2020 2015
3 2020 539 2033
3 2015 2033 537
3 2020 2033 2015
3 539 2025 2034
3 2025 156 2028
3 2034 2028 540
3 2025 2028 2034
3 537 2035 2018
3 2035 540 2026
3 2018 2026 134
3 2035 2026 2018
3 539 2034 2033
3 2034 540 2035
3 2033 2035 537
3 2034 2035 2033
3 13 838 856
3 838 234 2036
3 856 2036 240
3 838 2036 856
3 234 835 2038
3 835 75 2037
3 2038 2037 542
3 835 2037 2038
3 240 2039 858
3 2039 542 2040
3 858 2040 78
3 2039 2040 858
3 234 2038 2036
3 2038 542 2039
3 2036 2039 240
3 2038 2039 2036
3 75 829 2042
3 829 231 2041
3 2042 2041 544
3 829 2041 2042
3 231 826 2044
3 826 12 2043
3 2044 2043 543
3 826 2043 2044
3 544 2045 2047
3 2045 543 2046
3 2047 2046 157
3 2045 2046 2047
3 231 2044 2041
3 2044 543 2045
3 2041 2045 544
3 2044 2045 2041
3 78 2048 863
3 2048 545 2049
3 863 2049 242
3 2048 2049 863
3 545 2050 2052
3 2050 157 2051
3 2052 2051 546
3 2050 2051 2052
3 242 2053 866
3 2053 546 2054
3 866 2054 10
3 2053 2054 866
3 545 2052 2049
3 2052 546 2053
3 2049 2053 242
3 2052 2053 2049
3 75 2042 2037
3 2042 544 2055
3 2037 2055 542
3 2042 2055 2037
3 544 2047 2056
3 2047 157 2050
3 2056 2050 545
3 2047 2050 2056
3 542 2057 2040
3 2057 545 2048
3 2040 2048 78
3 2057 2048 2040
3 544 2056 2055
3 2056 545 2057
3 2055 2057 542
3 2056 2057 2055
3 10 2054 796
3 2054 546 2058
3 796 2058 222
3 2054 2058 796
3 546 2051 2060
3 2051 157 2059
3 2060 2059 547
3 2051 2059 2060
3 222 2061 799
3 2061 547 2062
3 799 2062 72
3 2061 2062 799
3 546 2060 2058
3 2060 547 2061
3 2058 2061 222
3 2060 2061 2058
3 157 2046 2064
3 2046 543 2063
3 2064 2063 548
3 2046 2063 2064
3 543 2043 2065
3 2043 12 1996
3 2065 1996 531
3 2043 1996 2065
3 548 2066 2067
3 2066 531 1993
3 2067 1993 153
3 2066 1993 2067
3 543 2065 2063
3 2065 531 2066
3 2063 2066 548
3 2065 2066 2063
3 72 2068 805
3 2068 549 2069
3 805 2069 225
3 2068 2069 805
3 549 2070 2071
3 2070 153 1987
3 2071 1987 528
3 2070 1987 2071
3 225 2072 808
3 2072 528 1984
3 808 1984 8
3 2072 1984 808
3 549 2071 2069
3 2071 528 2072
3 2069 2072 225
3 2071 2072 2069
3 157 2064 2059
3 2064 548 2073
3 2059 2073 547
3 2064 2073 2059
3 548 2067 2074
3 2067 153 2070
3 2074 2070 549
3 2067 2070 2074
3 547 2075 2062
3 2075 549 2068
3 2062 2068 72
3 2075 2068 2062
3 548 2074 2073
3 2074 549 2075
3 2073 2075 547
3 2074 2075 2073
3 41 2076 2078
3 2076 550 2077
3 2078 2077 551
3 2076 2077 2078
3 550 2079 2081
3 2079 158 2080
3 2079 2080 2081
3 550 2081 2077
3 2077 2082 551
3 2081 2082 2077
3 158 2083 2085
3 2083 552 2084
3 2083 2084 2085
3 552 2086 2087
3 552 2087 2084
3 158 2085 2080
3 41 2078 2088
3 2090 2089 553
3 553 2091 2093
3 2093 2092 40
3 2091 2092 2093
3 2089 2091 553
3 2094 554 2095
3 554 2096 2098
3 2096 40 2097
3 2096 2097 2098
3 554 2098 2095
3 2097 40 2092
3 41 2088 2101
3 2101 2100 555
3 2088 2100 2101
3 555 2102 2103
3 2100 2102 555
3 43 2104 2106
3 2106 2105 556
3 2104 2105 2106
3 556 2107 2109
3 2109 2108 159
3 2107 2108 2109
3 2105 2107 556
3 159 2110 2112
3 2112 2111 557
3 2110 2111 2112
3 557 2113 2115
3 2115 2114 42
3 2113 2114 2115
3 2111 2113 557
3 2108 2110 159
3 42 2114 2116
3 42 2116 2099
3 2118 2117 45
3 558 2118 2121
3 2118 45 2120
3 2121 2120 559
3 2118 2120 2121
3 2122 559 2123
3 558 2121 2119
3 2121 559 2122
3 2121 2122 2119
3 2123 559 2124
3 2125 2124 561
3 2123 2124 2125
3 559 2120 2127
3 2120 45 2126
3 2127 2126 560
3 2120 2126 2127
3 561 2128 2130
3 2128 560 2129
3 2130 2129 160
3 2128 2129 2130
3 559 2127 2124
3 2127 560 2128
3 2124 2128 561
3 2127 2128 2124
3 562 2131 2133
3 2131 160 2132
3 2133 2132 563
3 2131 2132 2133
3 2134 563 2135
3 2136 2135 46
3 2134 2135 2136
3 2133 563 2134
3 2125 561 2137
3 561 2130 2138
3 2130 160 2131
3 2138 2131 562
3 2130 2131 2138
3 561 2138 2137
3 2136 46 2139
3 2139 46 2140
3 2141 2140 564
3 2139 2140 2141
3 2142 564 2143
3 2144 2143 161
3 2142 2143 2144
3 2141 564 2142
3 2145 161 2146
3 2147 2146 565
3 2145 2146 2147
3 2148 565 2149
3 2150 2149 47
3 2148 2149 2150
3 2147 565 2148
3 2144 161 2145
3 2150 47 2151
3 2152 566 2153
3 566 2154 2156
3 2154 44 2155
3 2154 2155 2156
3 566 2156 2153
3 2155 44 2157
3 2159 2158 567
3 567 2160 2161
3 2161 2157 44
3 2160 2157 2161
3 2158 2160 567
3 45 2117 2163
3 2163 2162 568
3 2117 2162 2163
3 568 2164 2165
3 2162 2164 568
3 49 2167 2169
3 2169 2168 569
3 2167 2168 2169
3 569 2170 2171
3 2168 2170 569
3 50 2172 2174
3 2174 2173 570
3 2172 2173 2174
3 570 2175 2177
3 2177 2176 162
3 2175 2176 2177
3 2173 2175 570
3 162 2178 2180
3 2180 2179 571
3 2178 2179 2180
3 571 2181 2183
3 2183 2182 51
3 2181 2182 2183
3 2179 2181 571
3 2176 2178 162
3 51 2182 2184
3 51 2184 2166
3 2185 572 2186
3 572 2187 2189
3 2187 48 2188
3 2187 2188 2189
3 572 2189 2186
3 2188 48 2190
3 49 2191 2193
3 2191 573 2192
3 2193 2192 574
3 2191 2192 2193
3 573 2194 2196
3 2194 163 2195
3 2194 2195 2196
3 573 2196 2192
3 2192 2197 574
3 2196 2197 2192
3 163 2198 2200
3 2198 575 2199
3 2198 2199 2200
3 575 2201 2202
3 575 2202 2199
3 163 2200 2195
3 49 2193 2167
3 2204 2203 576
3 576 2205 2206
3 2206 2190 48
3 2205 2190 2206
3 2203 2205 576
3 53 2207 2209
3 2209 2208 577
3 2207 2208 2209
3 577 2210 2211
3 2208 2210 577
3 2212 2207 53
3 578 2212 2215
3 2212 53 2214
3 2215 2214 579
3 2212 2214 2215
3 2216 579 2217
3 578 2215 2213
3 2215 579 2216
3 2215 2216 2213
3 2217 579 2218
3 2219 2218 581
3 2217 2218 2219
3 579 2214 2221
3 2214 53 2220
3 2221 2220 580
3 2214 2220 2221
3 581 2222 2224
3 2222 580 2223
3 2224 2223 164
3 2222 2223 2224
3 579 2221 2218
3 2221 580 2222
3 2218 2222 581
3 2221 2222 2218
3 582 2225 2227
3 2225 164 2226
3 2227 2226 583
3 2225 2226 2227
3 2228 583 2229
3 2230 2229 54
3 2228 2229 2230
3 2227 583 2228
3 2219 581 2231
3 581 2224 2232
3 2224 164 2225
3 2232 2225 582
3 2224 2225 2232
3 581 2232 2231
3 2230 54 2233
3 2233 54 2234
3 2235 2234 584
3 2233 2234 2235
3 2236 584 2237
3 2238 2237 165
3 2236 2237 2238
3 2235 584 2236
3 2239 165 2240
3 2241 2240 585
3 2239 2240 2241
3 2242 585 2243
3 2244 2243 55
3 2242 2243 2244
3 2241 585 2242
3 2238 165 2239
3 2244 55 2245
3 2246 586 2247
3 586 2248 2250
3 2248 52 2249
3 2248 2249 2250
3 586 2250 2247
3 2249 52 2251
3 2253 2252 587
3 587 2254 2255
3 2255 2251 52
3 2254 2251 2255
3 2252 2254 587
